Time_Stamp,Input__NewOrder,Output__MAG1 Completed,Output__MAG2 Completed,Output__ReWork Completed,Emission,Grid
480.0,78.0,42.0,26.0,5.0,2867.19,3819.35
480.0,67.0,31.0,25.0,9.0,2642.93,3659.43
480.0,80.0,35.0,31.0,9.0,2922.42,4267.24
480.0,75.0,26.0,34.0,7.0,2295.09,3769.11
480.0,76.0,26.0,38.0,10.0,2723.5,4187.14
480.0,78.0,42.0,26.0,5.0,2867.19,3819.35
480.0,67.0,31.0,25.0,9.0,2642.93,3659.43
480.0,80.0,35.0,31.0,9.0,2922.42,4267.24
480.0,75.0,26.0,34.0,7.0,2295.09,3769.11
480.0,76.0,26.0,38.0,10.0,2723.5,4187.14
480.0,85.0,40.0,31.0,5.0,2873.73,4117.97
480.0,78.0,39.0,28.0,5.0,2707.67,3886.0
480.0,75.0,39.0,28.0,3.0,2609.06,3658.16
480.0,86.0,34.0,33.0,6.0,2675.18,3967.83
480.0,73.0,32.0,27.0,8.0,2519.03,3792.89
480.0,80.0,0.0,54.0,6.0,1370.04,3730.37
480.0,74.0,1.0,48.0,10.0,1552.52,3848.58
480.0,79.0,0.0,51.0,8.0,1397.4,3687.46
480.0,73.0,0.0,60.0,2.0,1197.44,3519.26
480.0,77.0,0.0,50.0,9.0,1469.34,3822.78
480.0,86.0,46.0,10.0,5.0,2744.09,3273.3
480.0,77.0,44.0,15.0,5.0,2735.59,3481.09
480.0,81.0,41.0,16.0,8.0,2920.84,3644.91
480.0,71.0,45.0,16.0,3.0,2639.7,3269.16
480.0,78.0,44.0,18.0,6.0,2943.07,3681.37
480.0,78.0,10.0,36.0,7.0,1540.3,3243.89
480.0,71.0,10.0,34.0,7.0,1545.05,3206.58
480.0,82.0,12.0,30.0,9.0,1637.95,3217.23
480.0,73.0,10.0,42.0,4.0,1527.31,3309.22
480.0,69.0,9.0,36.0,8.0,1569.84,3287.46
480.0,72.0,39.0,17.0,4.0,2491.68,3109.35
480.0,72.0,34.0,22.0,4.0,2333.04,3177.1
480.0,76.0,36.0,12.0,3.0,2132.13,2596.89
480.0,74.0,34.0,16.0,5.0,2265.26,2974.6
480.0,80.0,39.0,23.0,3.0,2482.01,3336.86
480.0,74.0,45.0,8.0,5.0,2658.65,3065.46
480.0,66.0,45.0,4.0,4.0,2516.32,2731.75
480.0,78.0,43.0,9.0,4.0,2538.46,2951.66
480.0,92.0,45.0,14.0,4.0,2719.77,3292.56
480.0,69.0,45.0,8.0,7.0,2854.78,3309.84
480.0,83.0,12.0,38.0,6.0,1670.9,3251.9
480.0,86.0,17.0,37.0,4.0,1769.81,3237.7
480.0,82.0,22.0,22.0,6.0,1835.4,2937.87
480.0,78.0,8.0,37.0,12.0,1824.63,3609.96
480.0,77.0,13.0,35.0,8.0,1782.73,3320.05
480.0,79.0,45.0,14.0,2.0,2549.02,2995.77
480.0,69.0,38.0,16.0,5.0,2530.43,3057.07
480.0,81.0,38.0,18.0,7.0,2716.94,3352.04
480.0,78.0,47.0,13.0,1.0,2560.67,2919.34
480.0,74.0,35.0,24.0,3.0,2334.97,3233.51
480.0,73.0,29.0,18.0,4.0,1979.43,2743.9
480.0,74.0,29.0,17.0,2.0,1832.5,2528.08
480.0,83.0,26.0,16.0,6.0,1961.7,2692.3
480.0,68.0,27.0,16.0,7.0,2236.6,2889.93
480.0,67.0,29.0,17.0,2.0,1827.43,2538.12
480.0,79.0,4.0,51.0,9.0,1726.95,4008.16
480.0,77.0,5.0,47.0,13.0,1926.06,4135.72
480.0,73.0,7.0,43.0,14.0,2009.75,4097.68
480.0,75.0,6.0,55.0,8.0,1769.54,4029.0
480.0,71.0,8.0,51.0,7.0,1715.19,3854.92
480.0,72.0,46.0,8.0,1.0,2422.9,2602.56
480.0,82.0,42.0,16.0,6.0,2765.84,3392.1
480.0,78.0,42.0,4.0,7.0,2609.16,2811.94
480.0,79.0,39.0,13.0,5.0,2544.95,2999.05
480.0,74.0,47.0,12.0,2.0,2613.82,3009.29
480.0,77.0,37.0,22.0,1.0,2268.89,3148.0
480.0,77.0,46.0,17.0,3.0,2705.35,3421.43
480.0,79.0,40.0,15.0,9.0,2834.74,3696.77
480.0,77.0,42.0,23.0,5.0,2776.96,3723.84
480.0,69.0,43.0,22.0,2.0,2605.33,3465.14
480.0,82.0,10.0,52.0,10.0,2097.43,4385.68
480.0,72.0,11.0,49.0,7.0,1902.28,3961.19
480.0,69.0,18.0,44.0,5.0,2058.15,3822.26
480.0,76.0,9.0,51.0,6.0,1707.6,3887.64
480.0,77.0,14.0,46.0,9.0,2093.72,4114.09
480.0,78.0,2.0,49.0,12.0,1683.29,4042.15
480.0,67.0,2.0,49.0,10.0,1576.21,3818.09
480.0,78.0,1.0,52.0,8.0,1493.35,3786.62
480.0,82.0,2.0,54.0,7.0,1485.91,3850.02
480.0,81.0,1.0,57.0,3.0,1265.29,3591.99
480.0,82.0,20.0,32.0,2.0,1697.22,2991.55
480.0,74.0,17.0,33.0,5.0,1718.98,3116.25
480.0,86.0,20.0,22.0,7.0,1850.01,2901.21
480.0,75.0,16.0,34.0,5.0,1681.38,3199.55
480.0,69.0,15.0,36.0,5.0,1653.85,3205.4
480.0,78.0,27.0,20.0,7.0,2189.53,3028.16
480.0,78.0,27.0,20.0,5.0,1962.74,2868.03
480.0,73.0,25.0,20.0,5.0,1894.69,2889.8
480.0,75.0,23.0,24.0,4.0,1827.2,2876.88
480.0,70.0,25.0,26.0,2.0,1801.3,2832.42
480.0,81.0,21.0,41.0,1.0,1801.5,3369.66
480.0,82.0,12.0,38.0,10.0,1837.25,3688.76
480.0,85.0,16.0,37.0,5.0,1729.82,3358.16
480.0,73.0,14.0,41.0,8.0,1914.73,3808.71
480.0,67.0,11.0,47.0,5.0,1668.13,3697.56
480.0,79.0,36.0,25.0,8.0,2728.53,3824.33
480.0,75.0,33.0,30.0,6.0,2624.67,3735.41
480.0,72.0,27.0,31.0,7.0,2358.09,3690.29
480.0,77.0,40.0,29.0,3.0,2649.11,3715.86
480.0,71.0,42.0,22.0,6.0,2773.23,3704.21
480.0,82.0,35.0,30.0,9.0,2895.33,4187.32
480.0,65.0,26.0,29.0,7.0,2203.75,3536.04
480.0,91.0,35.0,34.0,11.0,3059.89,4481.54
480.0,83.0,33.0,38.0,6.0,2688.96,4170.54
480.0,74.0,31.0,36.0,6.0,2547.23,3997.19
480.0,83.0,8.0,49.0,14.0,2210.08,4557.65
480.0,70.0,9.0,52.0,7.0,1854.72,4091.62
480.0,72.0,12.0,46.0,13.0,2238.31,4355.31
480.0,75.0,10.0,54.0,3.0,1668.92,3793.13
480.0,87.0,9.0,54.0,6.0,1757.7,4092.49
480.0,71.0,32.0,32.0,4.0,2418.87,3757.3
480.0,69.0,31.0,27.0,5.0,2278.02,3576.02
480.0,83.0,29.0,39.0,9.0,2714.23,4428.7
480.0,86.0,30.0,44.0,4.0,2484.35,4278.34
480.0,72.0,17.0,43.0,10.0,2259.08,4164.72
480.0,74.0,5.0,47.0,6.0,1429.26,3419.32
480.0,76.0,1.0,45.0,7.0,1268.23,3210.41
480.0,89.0,4.0,43.0,5.0,1259.75,3072.74
480.0,80.0,4.0,44.0,9.0,1520.77,3533.98
480.0,80.0,2.0,44.0,7.0,1337.26,3252.56
480.0,81.0,5.0,47.0,9.0,1643.42,3816.9
480.0,68.0,7.0,47.0,11.0,1826.62,4018.8
480.0,79.0,7.0,50.0,8.0,1717.03,3919.69
480.0,75.0,5.0,52.0,7.0,1589.7,3843.99
480.0,70.0,3.0,51.0,9.0,1633.01,3891.64
480.0,73.0,45.0,15.0,6.0,2839.45,3506.13
480.0,73.0,39.0,18.0,10.0,2906.7,3730.44
480.0,72.0,43.0,17.0,8.0,2923.29,3682.88
480.0,80.0,46.0,19.0,0.0,2578.43,3228.88
480.0,68.0,39.0,13.0,9.0,2720.49,3479.3
480.0,89.0,10.0,51.0,9.0,2063.92,4332.71
480.0,70.0,10.0,49.0,4.0,1603.6,3659.13
480.0,79.0,11.0,49.0,9.0,2034.57,4086.21
480.0,92.0,6.0,50.0,11.0,1900.9,4197.74
480.0,84.0,13.0,48.0,9.0,2078.14,4333.87
480.0,87.0,46.0,15.0,2.0,2628.24,3189.51
480.0,81.0,44.0,11.0,4.0,2705.9,3227.38
480.0,72.0,42.0,13.0,6.0,2704.09,3228.19
480.0,73.0,45.0,14.0,2.0,2606.83,3103.76
480.0,76.0,43.0,13.0,6.0,2785.19,3325.12
480.0,87.0,43.0,26.0,8.0,3099.29,4189.14
480.0,77.0,34.0,28.0,7.0,2703.38,3838.11
480.0,86.0,39.0,26.0,8.0,2935.24,4067.38
480.0,87.0,39.0,32.0,7.0,2898.22,4278.23
480.0,76.0,27.0,33.0,10.0,2555.54,4046.89
480.0,80.0,3.0,49.0,12.0,1729.24,4065.29
480.0,70.0,4.0,50.0,8.0,1570.2,3778.27
480.0,79.0,1.0,44.0,14.0,1723.76,3989.48
480.0,85.0,3.0,54.0,6.0,1462.63,3786.87
480.0,81.0,2.0,52.0,8.0,1504.68,3799.4
480.0,87.0,44.0,18.0,2.0,2670.93,3301.06
480.0,69.0,38.0,20.0,5.0,2529.44,3355.1
480.0,74.0,43.0,17.0,7.0,2864.61,3591.1
480.0,77.0,41.0,20.0,5.0,2695.78,3512.71
480.0,72.0,44.0,18.0,2.0,2602.14,3289.47
480.0,75.0,47.0,3.0,4.0,2577.47,2725.52
480.0,65.0,44.0,3.0,2.0,2422.92,2460.67
480.0,77.0,42.0,7.0,5.0,2555.61,2878.47
480.0,76.0,47.0,6.0,4.0,2643.52,2871.54
480.0,79.0,48.0,7.0,2.0,2543.59,2848.87
480.0,79.0,42.0,18.0,4.0,2647.87,3336.03
480.0,64.0,35.0,21.0,5.0,2363.51,3291.97
480.0,74.0,44.0,19.0,6.0,2854.86,3651.05
480.0,76.0,38.0,28.0,4.0,2627.96,3616.17
480.0,73.0,45.0,21.0,3.0,2765.7,3557.19
480.0,81.0,18.0,47.0,9.0,2275.97,4336.72
480.0,73.0,22.0,39.0,8.0,2307.5,4059.72
480.0,77.0,19.0,38.0,15.0,2568.4,4406.71
480.0,86.0,22.0,45.0,9.0,2453.32,4353.09
480.0,67.0,15.0,39.0,11.0,2122.52,3965.7
480.0,85.0,45.0,7.0,2.0,2466.7,2560.24
480.0,82.0,41.0,9.0,6.0,2622.1,2874.71
480.0,81.0,43.0,3.0,3.0,2319.67,2389.22
480.0,91.0,45.0,7.0,1.0,2384.24,2466.49
480.0,77.0,45.0,3.0,4.0,2543.97,2583.84
480.0,74.0,44.0,14.0,3.0,2634.61,3070.75
480.0,77.0,42.0,14.0,3.0,2497.86,2973.42
480.0,86.0,35.0,15.0,8.0,2593.49,3194.4
480.0,79.0,45.0,12.0,4.0,2683.02,3050.58
480.0,82.0,44.0,12.0,5.0,2702.19,3167.31
480.0,92.0,45.0,18.0,4.0,2781.71,3478.53
480.0,73.0,40.0,23.0,6.0,2788.76,3725.92
480.0,69.0,38.0,21.0,6.0,2733.2,3506.12
480.0,74.0,40.0,19.0,6.0,2772.3,3480.38
480.0,76.0,39.0,22.0,6.0,2692.16,3596.8
480.0,71.0,0.0,56.0,5.0,1316.28,3598.83
480.0,67.0,1.0,46.0,12.0,1580.68,3750.74
480.0,79.0,0.0,48.0,9.0,1472.09,3708.34
480.0,80.0,1.0,54.0,8.0,1486.09,3795.81
480.0,78.0,1.0,53.0,6.0,1367.5,3623.23
480.0,68.0,30.0,27.0,5.0,2278.92,3403.66
480.0,62.0,28.0,26.0,5.0,2129.96,3292.16
480.0,78.0,27.0,32.0,9.0,2546.23,3958.57
480.0,91.0,42.0,28.0,3.0,2768.53,3853.02
480.0,73.0,27.0,28.0,10.0,2456.06,3877.44
480.0,83.0,45.0,4.0,3.0,2516.74,2549.51
480.0,72.0,41.0,6.0,4.0,2452.31,2598.55
480.0,80.0,41.0,5.0,4.0,2393.4,2484.21
480.0,82.0,46.0,8.0,4.0,2678.28,2964.32
480.0,71.0,46.0,2.0,1.0,2377.5,2354.2
480.0,79.0,42.0,6.0,4.0,2456.45,2568.56
480.0,84.0,44.0,3.0,2.0,2368.72,2304.84
480.0,73.0,43.0,3.0,2.0,2248.39,2241.08
480.0,74.0,44.0,7.0,4.0,2546.7,2706.99
480.0,66.0,45.0,4.0,4.0,2540.64,2544.01
480.0,80.0,45.0,3.0,5.0,2587.88,2580.6
480.0,71.0,44.0,1.0,4.0,2428.16,2364.32
480.0,87.0,44.0,3.0,3.0,2425.98,2407.17
480.0,75.0,43.0,1.0,4.0,2563.38,2474.61
480.0,75.0,48.0,4.0,1.0,2420.32,2451.42
480.0,83.0,17.0,47.0,9.0,2236.88,4337.15
480.0,67.0,12.0,40.0,10.0,1984.01,3861.76
480.0,73.0,18.0,37.0,14.0,2398.97,4306.4
480.0,97.0,12.0,53.0,6.0,1916.9,4078.45
480.0,69.0,12.0,46.0,8.0,1883.94,3933.88
480.0,75.0,34.0,22.0,8.0,2561.31,3590.75
480.0,69.0,36.0,24.0,4.0,2473.25,3497.17
480.0,77.0,28.0,30.0,5.0,2207.91,3444.57
480.0,80.0,34.0,27.0,5.0,2443.44,3568.1
480.0,79.0,30.0,28.0,9.0,2535.21,3932.65
480.0,71.0,13.0,36.0,6.0,1695.62,3341.9
480.0,84.0,8.0,41.0,5.0,1420.37,3294.48
480.0,83.0,15.0,26.0,9.0,1764.52,3210.36
480.0,73.0,19.0,32.0,5.0,1820.51,3386.84
480.0,73.0,6.0,39.0,9.0,1571.7,3569.55
480.0,83.0,9.0,35.0,7.0,1474.04,3108.74
480.0,75.0,6.0,38.0,5.0,1278.49,2946.96
480.0,76.0,7.0,34.0,7.0,1365.58,2958.49
480.0,88.0,7.0,40.0,5.0,1407.16,3163.45
480.0,70.0,7.0,39.0,4.0,1279.55,2905.47
480.0,74.0,33.0,27.0,5.0,2435.41,3622.3
480.0,66.0,25.0,31.0,6.0,2209.91,3488.0
480.0,79.0,33.0,27.0,8.0,2597.16,3872.45
480.0,73.0,33.0,34.0,3.0,2393.14,3781.95
480.0,80.0,25.0,35.0,9.0,2354.45,4022.74
480.0,72.0,2.0,51.0,8.0,1479.09,3675.85
480.0,64.0,7.0,47.0,7.0,1630.23,3672.01
480.0,71.0,4.0,49.0,9.0,1605.68,3777.88
480.0,76.0,3.0,52.0,7.0,1511.67,3740.61
480.0,74.0,2.0,50.0,10.0,1585.13,3871.36
480.0,79.0,12.0,45.0,12.0,2263.18,4352.07
480.0,72.0,11.0,44.0,12.0,2097.47,4178.59
480.0,83.0,18.0,33.0,15.0,2428.79,4295.81
480.0,88.0,16.0,47.0,11.0,2287.06,4431.31
480.0,79.0,11.0,46.0,11.0,2080.38,4226.66
480.0,90.0,20.0,46.0,9.0,2305.81,4386.53
480.0,77.0,23.0,41.0,8.0,2371.4,4140.21
480.0,79.0,19.0,39.0,7.0,2073.53,3773.41
480.0,82.0,11.0,46.0,7.0,1797.2,3807.25
480.0,76.0,19.0,43.0,10.0,2304.01,4276.9
480.0,71.0,28.0,33.0,8.0,2442.85,4031.92
480.0,72.0,24.0,33.0,9.0,2290.45,3937.9
480.0,80.0,31.0,34.0,12.0,2870.56,4524.37
480.0,96.0,29.0,46.0,8.0,2790.63,4686.7
480.0,71.0,17.0,45.0,6.0,2064.47,3924.72
480.0,81.0,31.0,33.0,13.0,2956.11,4480.85
480.0,68.0,28.0,28.0,8.0,2399.0,3746.14
480.0,88.0,34.0,41.0,6.0,2868.52,4431.27
480.0,72.0,27.0,32.0,9.0,2438.13,3945.09
480.0,76.0,21.0,44.0,8.0,2397.42,4239.67
480.0,92.0,39.0,33.0,12.0,3311.24,4814.99
480.0,73.0,28.0,29.0,8.0,2480.48,3828.95
480.0,84.0,37.0,31.0,11.0,3017.78,4531.94
480.0,73.0,24.0,34.0,11.0,2533.79,4083.91
480.0,69.0,25.0,33.0,6.0,2226.77,3615.32
480.0,75.0,44.0,10.0,6.0,2744.11,3239.79
480.0,71.0,43.0,8.0,5.0,2639.22,3009.86
480.0,77.0,40.0,11.0,7.0,2698.15,3150.29
480.0,72.0,44.0,13.0,3.0,2630.0,3112.77
480.0,73.0,45.0,18.0,3.0,2709.99,3439.41
480.0,91.0,11.0,49.0,10.0,2076.29,4373.34
480.0,68.0,5.0,48.0,11.0,1756.92,3997.01
480.0,75.0,9.0,41.0,17.0,2246.39,4403.7
480.0,71.0,7.0,54.0,5.0,1600.44,3809.86
480.0,78.0,9.0,49.0,11.0,1974.97,4254.69
480.0,76.0,21.0,37.0,3.0,1872.07,3443.87
480.0,76.0,24.0,36.0,10.0,2462.83,4131.2
480.0,79.0,23.0,25.0,6.0,1950.43,3259.44
480.0,74.0,22.0,35.0,5.0,2046.05,3570.6
480.0,72.0,15.0,38.0,5.0,1749.11,3551.51
480.0,81.0,45.0,2.0,3.0,2482.78,2512.24
480.0,77.0,42.0,0.0,4.0,2419.41,2393.07
480.0,77.0,44.0,1.0,3.0,2385.9,2379.13
480.0,81.0,46.0,4.0,3.0,2531.28,2657.35
480.0,84.0,45.0,1.0,3.0,2439.35,2452.23
480.0,74.0,42.0,19.0,3.0,2612.46,3349.03
480.0,76.0,41.0,22.0,5.0,2829.88,3654.71
480.0,70.0,39.0,16.0,9.0,2894.93,3649.62
480.0,88.0,45.0,17.0,3.0,2708.68,3326.63
480.0,75.0,43.0,17.0,5.0,2731.93,3421.92
480.0,78.0,7.0,45.0,9.0,1689.92,3692.42
480.0,75.0,5.0,44.0,8.0,1497.42,3381.25
480.0,74.0,12.0,36.0,10.0,1841.97,3552.68
480.0,85.0,5.0,45.0,8.0,1527.84,3498.8
480.0,75.0,8.0,48.0,4.0,1496.23,3427.79
480.0,75.0,12.0,41.0,5.0,1680.9,3454.35
480.0,72.0,11.0,37.0,4.0,1484.12,3089.36
480.0,81.0,15.0,28.0,8.0,1714.59,3186.72
480.0,83.0,9.0,42.0,6.0,1566.54,3374.47
480.0,78.0,9.0,44.0,5.0,1554.5,3428.44
480.0,72.0,41.0,13.0,6.0,2693.58,3229.63
480.0,74.0,40.0,11.0,4.0,2479.56,2880.25
480.0,84.0,42.0,11.0,5.0,2617.7,3006.11
480.0,79.0,45.0,11.0,3.0,2608.71,2980.45
480.0,76.0,46.0,11.0,3.0,2635.55,2999.45
480.0,76.0,44.0,18.0,4.0,2759.01,3357.9
480.0,64.0,42.0,16.0,3.0,2544.23,3075.13
480.0,82.0,41.0,11.0,7.0,2728.52,3178.34
480.0,89.0,45.0,19.0,4.0,2809.33,3472.63
480.0,88.0,44.0,19.0,3.0,2715.57,3390.41
480.0,74.0,44.0,5.0,4.0,2526.29,2656.51
480.0,83.0,43.0,7.0,7.0,2715.01,3074.93
480.0,85.0,45.0,6.0,3.0,2496.6,2802.66
480.0,90.0,42.0,15.0,6.0,2796.22,3307.74
480.0,66.0,48.0,8.0,0.0,2441.92,2626.87
480.0,96.0,43.0,36.0,8.0,3309.07,4717.04
480.0,72.0,33.0,27.0,11.0,2824.4,4093.76
480.0,85.0,34.0,38.0,9.0,2964.3,4548.23
480.0,94.0,39.0,39.0,6.0,3007.16,4478.56
480.0,69.0,29.0,32.0,4.0,2257.19,3600.6
480.0,84.0,2.0,41.0,8.0,1302.22,3180.99
480.0,78.0,2.0,44.0,9.0,1417.21,3420.0
480.0,79.0,5.0,31.0,11.0,1446.99,3079.24
480.0,75.0,2.0,49.0,2.0,1121.46,3007.22
480.0,79.0,1.0,49.0,1.0,1004.49,2869.63
480.0,79.0,10.0,49.0,7.0,1836.93,3990.11
480.0,67.0,8.0,46.0,8.0,1699.98,3730.13
480.0,82.0,7.0,44.0,13.0,1945.46,4089.68
480.0,78.0,4.0,53.0,8.0,1646.68,3892.46
480.0,74.0,3.0,47.0,12.0,1691.62,3914.97
480.0,79.0,44.0,16.0,5.0,2782.69,3420.38
480.0,75.0,43.0,12.0,7.0,2801.84,3305.06
480.0,79.0,44.0,14.0,5.0,2707.12,3301.57
480.0,63.0,44.0,7.0,3.0,2507.01,2684.79
480.0,81.0,46.0,20.0,2.0,2699.9,3474.51
480.0,82.0,9.0,46.0,16.0,2293.67,4501.23
480.0,67.0,16.0,43.0,5.0,1856.6,3612.89
480.0,72.0,19.0,31.0,11.0,2182.09,3739.33
480.0,72.0,19.0,49.0,3.0,1962.44,3891.08
480.0,76.0,19.0,46.0,5.0,2030.12,3939.09
480.0,80.0,2.0,41.0,5.0,1131.13,3071.66
480.0,74.0,3.0,43.0,3.0,1100.29,3008.93
480.0,83.0,2.0,40.0,9.0,1373.59,3318.35
480.0,79.0,2.0,45.0,9.0,1450.29,3580.16
480.0,71.0,1.0,43.0,6.0,1175.6,3176.22
480.0,80.0,38.0,30.0,8.0,2922.18,4226.65
480.0,63.0,28.0,26.0,4.0,2113.81,3247.76
480.0,84.0,33.0,34.0,14.0,3206.42,4742.5
480.0,82.0,34.0,37.0,4.0,2581.36,4050.56
480.0,65.0,28.0,27.0,6.0,2199.02,3476.78
480.0,76.0,44.0,3.0,4.0,2543.58,2530.78
480.0,73.0,44.0,3.0,3.0,2409.43,2423.06
480.0,86.0,43.0,2.0,3.0,2392.88,2362.73
480.0,80.0,47.0,2.0,2.0,2455.9,2374.18
480.0,76.0,42.0,1.0,5.0,2497.6,2396.23
480.0,86.0,36.0,27.0,11.0,3137.09,4250.42
480.0,72.0,36.0,17.0,9.0,2756.64,3477.56
480.0,78.0,43.0,13.0,6.0,2730.01,3298.74
480.0,88.0,36.0,32.0,6.0,2706.92,4006.18
480.0,67.0,32.0,21.0,9.0,2575.27,3678.01
480.0,72.0,19.0,41.0,8.0,2298.82,4010.85
480.0,66.0,22.0,36.0,6.0,2069.5,3628.95
480.0,87.0,36.0,33.0,13.0,3134.41,4658.92
480.0,85.0,34.0,37.0,7.0,2863.17,4349.82
480.0,73.0,23.0,37.0,11.0,2523.13,4192.95
480.0,78.0,43.0,17.0,7.0,2842.12,3587.11
480.0,75.0,41.0,13.0,8.0,2782.21,3384.67
480.0,73.0,42.0,14.0,9.0,2887.85,3525.57
480.0,81.0,44.0,20.0,6.0,2975.08,3722.42
480.0,75.0,42.0,20.0,7.0,2893.01,3685.53
480.0,92.0,29.0,50.0,5.0,2620.83,4568.65
480.0,77.0,18.0,46.0,7.0,2134.01,4132.37
480.0,83.0,25.0,42.0,11.0,2593.61,4513.41
480.0,77.0,22.0,44.0,4.0,2102.89,3914.29
480.0,71.0,18.0,46.0,6.0,2042.87,4018.46
480.0,69.0,33.0,26.0,7.0,2542.27,3665.67
480.0,71.0,31.0,31.0,4.0,2353.41,3571.48
480.0,78.0,37.0,27.0,10.0,2992.85,4103.58
480.0,90.0,34.0,36.0,10.0,2932.55,4512.96
480.0,76.0,38.0,28.0,6.0,2761.68,3916.91
480.0,76.0,3.0,52.0,9.0,1609.31,3919.39
480.0,64.0,2.0,50.0,9.0,1573.65,3785.72
480.0,80.0,4.0,50.0,9.0,1646.95,3928.41
480.0,75.0,2.0,55.0,8.0,1582.49,3914.29
480.0,80.0,6.0,56.0,4.0,1538.33,3826.72
480.0,87.0,8.0,42.0,9.0,1765.0,3626.03
480.0,73.0,6.0,51.0,8.0,1674.75,3777.0
480.0,78.0,6.0,43.0,12.0,1758.05,3719.38
480.0,80.0,7.0,48.0,7.0,1607.2,3566.28
480.0,76.0,6.0,49.0,6.0,1526.05,3545.1
480.0,78.0,2.0,48.0,7.0,1417.71,3555.79
480.0,86.0,4.0,48.0,9.0,1582.73,3805.49
480.0,85.0,2.0,44.0,14.0,1828.7,3988.98
480.0,81.0,1.0,57.0,5.0,1366.76,3687.53
480.0,74.0,1.0,53.0,5.0,1306.77,3539.71
480.0,86.0,37.0,21.0,9.0,2767.77,3717.41
480.0,67.0,25.0,25.0,4.0,1966.06,2984.27
480.0,77.0,27.0,23.0,8.0,2197.8,3308.61
480.0,79.0,35.0,28.0,4.0,2483.39,3487.97
480.0,63.0,24.0,27.0,6.0,2016.86,3231.29
480.0,68.0,31.0,20.0,5.0,2223.94,3096.07
480.0,78.0,32.0,26.0,5.0,2392.78,3450.07
480.0,76.0,32.0,18.0,5.0,2160.98,3011.31
480.0,80.0,37.0,22.0,5.0,2525.26,3468.09
480.0,70.0,28.0,22.0,7.0,2263.03,3308.25
480.0,78.0,43.0,17.0,6.0,2823.52,3539.39
480.0,78.0,43.0,18.0,4.0,2680.64,3420.41
480.0,75.0,43.0,16.0,7.0,2832.92,3502.58
480.0,72.0,44.0,17.0,4.0,2705.7,3317.41
480.0,76.0,41.0,18.0,8.0,2905.83,3680.23
480.0,69.0,46.0,3.0,3.0,2524.98,2592.44
480.0,71.0,41.0,8.0,7.0,2693.04,2960.46
480.0,80.0,43.0,6.0,5.0,2544.19,2831.66
480.0,75.0,46.0,5.0,5.0,2666.18,2849.45
480.0,77.0,46.0,4.0,3.0,2510.63,2645.4
480.0,84.0,40.0,25.0,8.0,2995.1,4043.01
480.0,72.0,36.0,17.0,9.0,2756.64,3477.55
480.0,85.0,39.0,22.0,6.0,2716.56,3635.95
480.0,77.0,37.0,27.0,3.0,2444.95,3562.44
480.0,73.0,35.0,29.0,5.0,2548.72,3783.43
480.0,71.0,15.0,42.0,6.0,1920.97,3697.61
480.0,73.0,18.0,45.0,6.0,2026.21,3940.81
480.0,89.0,20.0,45.0,8.0,2241.8,4212.02
480.0,72.0,21.0,38.0,7.0,2150.05,3767.29
480.0,70.0,16.0,43.0,7.0,1990.81,3843.98
480.0,62.0,35.0,16.0,1.0,2050.83,2639.5
480.0,72.0,26.0,19.0,8.0,2216.79,3032.0
480.0,73.0,31.0,14.0,6.0,2202.51,2894.4
480.0,74.0,27.0,20.0,7.0,2232.58,3122.75
480.0,63.0,28.0,21.0,7.0,2193.23,3204.77
480.0,87.0,45.0,6.0,3.0,2553.23,2662.08
480.0,68.0,44.0,8.0,1.0,2322.16,2550.77
480.0,85.0,39.0,4.0,6.0,2430.2,2571.87
480.0,77.0,46.0,5.0,4.0,2653.89,2781.1
480.0,74.0,47.0,6.0,2.0,2491.48,2644.7
480.0,80.0,6.0,46.0,11.0,1816.5,3995.73
480.0,76.0,9.0,49.0,8.0,1791.42,3978.53
480.0,85.0,7.0,48.0,11.0,1900.44,4062.39
480.0,71.0,4.0,55.0,5.0,1509.94,3734.85
480.0,78.0,7.0,55.0,5.0,1624.84,3898.06
480.0,73.0,29.0,18.0,4.0,1979.43,2748.92
480.0,74.0,29.0,17.0,2.0,1832.5,2535.97
480.0,83.0,26.0,16.0,6.0,1961.7,2697.32
480.0,68.0,27.0,16.0,7.0,2236.6,2896.38
480.0,67.0,29.0,17.0,2.0,1827.43,2545.3
480.0,79.0,37.0,28.0,2.0,2408.98,3479.77
480.0,74.0,33.0,31.0,5.0,2524.73,3772.53
480.0,71.0,39.0,22.0,7.0,2737.59,3730.12
480.0,80.0,34.0,29.0,4.0,2514.34,3658.57
480.0,73.0,40.0,26.0,5.0,2717.52,3829.7
480.0,88.0,46.0,25.0,6.0,3013.42,4106.5
480.0,68.0,30.0,27.0,8.0,2447.42,3675.34
480.0,74.0,37.0,23.0,10.0,2865.95,3908.81
480.0,82.0,43.0,21.0,6.0,2873.38,3677.83
480.0,71.0,40.0,23.0,5.0,2616.91,3629.86
480.0,95.0,6.0,45.0,16.0,2039.92,4464.53
480.0,79.0,6.0,51.0,8.0,1686.11,3987.03
480.0,80.0,7.0,50.0,9.0,1770.59,4067.3
480.0,88.0,6.0,53.0,8.0,1717.07,4048.39
480.0,71.0,6.0,54.0,4.0,1527.21,3727.15
480.0,75.0,0.0,51.0,9.0,1488.32,3711.63
480.0,77.0,3.0,49.0,11.0,1713.09,3974.71
480.0,79.0,1.0,48.0,10.0,1529.3,3715.2
480.0,82.0,1.0,56.0,5.0,1348.85,3623.46
480.0,73.0,1.0,49.0,11.0,1576.91,3849.8
480.0,78.0,20.0,48.0,4.0,2063.38,3971.12
480.0,69.0,14.0,42.0,10.0,2041.76,3957.65
480.0,80.0,28.0,37.0,11.0,2828.46,4483.39
480.0,70.0,15.0,47.0,5.0,1899.26,3807.93
480.0,78.0,19.0,49.0,7.0,2233.86,4234.59
480.0,87.0,0.0,54.0,7.0,1394.43,3750.82
480.0,72.0,0.0,48.0,11.0,1510.3,3754.41
480.0,75.0,1.0,47.0,12.0,1668.42,3892.68
480.0,73.0,0.0,55.0,5.0,1276.67,3506.92
480.0,70.0,0.0,49.0,11.0,1529.97,3760.44
480.0,71.0,42.0,5.0,3.0,2389.41,2401.76
480.0,78.0,43.0,4.0,4.0,2463.43,2447.67
480.0,82.0,40.0,4.0,5.0,2423.39,2448.04
480.0,70.0,46.0,4.0,2.0,2470.96,2448.64
480.0,70.0,44.0,5.0,4.0,2565.09,2619.97
480.0,84.0,37.0,23.0,9.0,2777.37,3939.74
480.0,77.0,30.0,29.0,5.0,2344.03,3544.44
480.0,75.0,34.0,29.0,6.0,2594.01,3799.95
480.0,79.0,32.0,33.0,4.0,2435.56,3748.95
480.0,68.0,27.0,26.0,11.0,2514.01,3851.42
480.0,72.0,44.0,5.0,4.0,2526.29,2650.3
480.0,76.0,44.0,8.0,4.0,2569.92,2811.89
480.0,82.0,42.0,8.0,8.0,2733.17,3127.34
480.0,87.0,45.0,6.0,5.0,2632.95,2872.2
480.0,69.0,46.0,7.0,3.0,2564.31,2748.76
480.0,78.0,15.0,46.0,11.0,2217.82,4338.44
480.0,69.0,11.0,46.0,10.0,1963.78,4067.11
480.0,78.0,14.0,50.0,8.0,2137.2,4175.93
480.0,81.0,15.0,44.0,10.0,2129.08,4146.41
480.0,74.0,11.0,45.0,9.0,1868.63,3948.42
480.0,80.0,2.0,41.0,5.0,1131.13,3071.14
480.0,74.0,3.0,43.0,3.0,1100.29,3008.43
480.0,83.0,2.0,40.0,9.0,1373.59,3317.95
480.0,79.0,2.0,45.0,9.0,1450.29,3579.85
480.0,71.0,1.0,43.0,6.0,1175.6,3175.77
480.0,78.0,42.0,11.0,7.0,2822.36,3335.78
480.0,68.0,40.0,17.0,3.0,2481.79,3134.68
480.0,76.0,42.0,9.0,7.0,2693.31,3171.86
480.0,91.0,43.0,13.0,5.0,2694.12,3214.96
480.0,75.0,47.0,6.0,3.0,2561.06,2798.22
480.0,77.0,13.0,36.0,8.0,1739.08,3407.97
480.0,82.0,20.0,38.0,5.0,2030.27,3617.42
480.0,81.0,25.0,23.0,4.0,1868.27,2879.59
480.0,78.0,19.0,34.0,8.0,1974.99,3524.4
480.0,73.0,12.0,40.0,3.0,1468.33,3091.58
480.0,72.0,36.0,23.0,2.0,2379.07,3283.44
480.0,76.0,35.0,30.0,6.0,2685.19,3864.68
480.0,79.0,43.0,26.0,4.0,2784.4,3774.47
480.0,78.0,44.0,25.0,1.0,2648.85,3517.96
480.0,71.0,38.0,21.0,9.0,2831.57,3732.62
480.0,87.0,46.0,28.0,3.0,2928.99,4038.28
480.0,68.0,28.0,28.0,8.0,2362.88,3678.28
480.0,79.0,44.0,15.0,6.0,2789.17,3503.64
480.0,79.0,43.0,19.0,7.0,2884.83,3719.36
480.0,86.0,44.0,33.0,3.0,2910.37,4130.38
480.0,85.0,9.0,47.0,9.0,1831.66,3991.43
480.0,71.0,11.0,44.0,12.0,2026.26,4123.98
480.0,86.0,6.0,47.0,11.0,1855.19,4055.94
480.0,75.0,5.0,52.0,7.0,1589.7,3824.61
480.0,70.0,3.0,51.0,9.0,1633.01,3877.11
480.0,83.0,22.0,35.0,7.0,2110.55,3744.4
480.0,76.0,23.0,35.0,4.0,2103.8,3530.06
480.0,81.0,26.0,25.0,11.0,2435.95,3745.44
480.0,85.0,27.0,34.0,1.0,2002.53,3335.74
480.0,72.0,18.0,43.0,8.0,2200.68,4036.96
480.0,69.0,22.0,33.0,9.0,2292.88,3925.14
480.0,68.0,17.0,47.0,1.0,1728.25,3545.26
480.0,77.0,22.0,41.0,8.0,2346.01,4084.45
480.0,84.0,26.0,39.0,7.0,2403.95,4133.04
480.0,75.0,21.0,44.0,6.0,2151.24,4088.49
480.0,81.0,36.0,27.0,10.0,3023.58,4258.66
480.0,73.0,37.0,18.0,7.0,2676.66,3417.87
480.0,78.0,43.0,13.0,6.0,2730.01,3299.72
480.0,84.0,39.0,24.0,6.0,2747.92,3711.92
480.0,67.0,32.0,21.0,9.0,2575.27,3676.53
480.0,81.0,10.0,49.0,8.0,1837.8,4018.1
480.0,73.0,8.0,49.0,8.0,1797.73,4031.36
480.0,81.0,16.0,49.0,8.0,2115.62,4226.2
480.0,84.0,5.0,53.0,8.0,1695.95,3955.78
480.0,72.0,4.0,47.0,12.0,1740.59,3987.07
480.0,85.0,45.0,15.0,4.0,2755.21,3322.3
480.0,75.0,45.0,21.0,1.0,2603.28,3371.9
480.0,82.0,41.0,9.0,8.0,2737.35,3234.06
480.0,77.0,46.0,9.0,3.0,2579.28,2953.88
480.0,75.0,47.0,11.0,4.0,2712.83,3195.19
480.0,83.0,41.0,24.0,4.0,2710.76,3637.23
480.0,78.0,39.0,28.0,5.0,2707.67,3840.24
480.0,75.0,39.0,28.0,3.0,2609.06,3627.68
480.0,78.0,38.0,28.0,7.0,2829.03,3889.63
480.0,74.0,38.0,24.0,8.0,2731.63,3890.93
480.0,83.0,46.0,16.0,5.0,2836.14,3505.92
480.0,70.0,38.0,17.0,6.0,2563.53,3313.47
480.0,80.0,43.0,21.0,7.0,2930.25,3797.09
480.0,74.0,44.0,14.0,4.0,2647.08,3205.25
480.0,76.0,44.0,26.0,3.0,2814.18,3731.43
480.0,66.0,43.0,7.0,4.0,2499.97,2679.49
480.0,75.0,44.0,7.0,4.0,2507.74,2746.66
480.0,85.0,41.0,7.0,3.0,2380.54,2554.25
480.0,81.0,45.0,8.0,4.0,2643.31,2810.66
480.0,65.0,44.0,5.0,4.0,2557.34,2636.16
480.0,67.0,30.0,19.0,4.0,2017.57,2855.02
480.0,74.0,27.0,29.0,4.0,2090.52,3233.98
480.0,71.0,36.0,18.0,5.0,2367.46,3140.92
480.0,91.0,33.0,23.0,4.0,2300.04,3218.22
480.0,77.0,28.0,31.0,5.0,2286.17,3569.29
480.0,92.0,12.0,48.0,12.0,2239.54,4456.02
480.0,72.0,13.0,45.0,9.0,2051.46,3955.32
480.0,69.0,16.0,33.0,11.0,2057.13,3748.82
480.0,93.0,25.0,43.0,5.0,2309.17,4051.53
480.0,80.0,12.0,50.0,10.0,2129.41,4291.01
480.0,82.0,3.0,51.0,9.0,1604.58,3794.71
480.0,76.0,4.0,51.0,9.0,1620.95,3759.05
480.0,78.0,0.0,43.0,15.0,1654.74,3790.0
480.0,77.0,4.0,52.0,6.0,1483.52,3625.52
480.0,76.0,3.0,51.0,7.0,1471.65,3616.02
480.0,77.0,30.0,32.0,7.0,2648.85,3996.28
480.0,75.0,30.0,31.0,10.0,2738.78,4135.46
480.0,78.0,31.0,32.0,10.0,2677.68,4269.32
480.0,93.0,35.0,36.0,11.0,3015.13,4671.45
480.0,69.0,25.0,33.0,6.0,2226.77,3608.42
480.0,72.0,30.0,18.0,8.0,2331.57,3197.83
480.0,72.0,34.0,22.0,4.0,2333.04,3181.56
480.0,72.0,32.0,16.0,2.0,1928.91,2591.75
480.0,80.0,29.0,20.0,6.0,2246.27,3050.14
480.0,73.0,36.0,18.0,5.0,2430.73,3139.09
480.0,80.0,46.0,2.0,5.0,2599.15,2689.92
480.0,65.0,44.0,3.0,2.0,2422.92,2446.67
480.0,82.0,45.0,7.0,4.0,2538.84,2925.44
480.0,79.0,44.0,5.0,6.0,2690.25,2861.51
480.0,84.0,48.0,8.0,2.0,2562.02,2901.27
480.0,75.0,0.0,52.0,9.0,1478.5,3774.27
480.0,67.0,1.0,45.0,13.0,1619.97,3780.76
480.0,79.0,0.0,48.0,9.0,1472.09,3701.03
480.0,81.0,1.0,51.0,11.0,1607.84,3892.64
480.0,78.0,1.0,53.0,6.0,1367.5,3616.74
480.0,72.0,28.0,32.0,9.0,2494.49,3952.29
480.0,66.0,22.0,35.0,6.0,2122.51,3587.86
480.0,67.0,30.0,25.0,10.0,2534.9,3810.41
480.0,78.0,31.0,32.0,5.0,2435.28,3716.53
480.0,69.0,26.0,32.0,6.0,2173.11,3628.08
480.0,76.0,19.0,32.0,4.0,1780.15,3097.37
480.0,77.0,19.0,29.0,7.0,1967.65,3187.7
480.0,76.0,19.0,22.0,8.0,1877.89,2908.39
480.0,80.0,13.0,37.0,5.0,1666.05,3175.66
480.0,75.0,23.0,32.0,3.0,1878.64,3173.96
480.0,81.0,46.0,17.0,4.0,2780.87,3503.01
480.0,80.0,39.0,22.0,7.0,2774.67,3774.12
480.0,78.0,43.0,14.0,7.0,2797.65,3433.56
480.0,77.0,41.0,20.0,5.0,2695.78,3512.72
480.0,72.0,44.0,19.0,2.0,2617.62,3327.47
480.0,85.0,6.0,43.0,9.0,1633.08,3520.76
480.0,71.0,4.0,49.0,7.0,1487.28,3502.14
480.0,76.0,13.0,42.0,5.0,1681.45,3451.03
480.0,82.0,1.0,54.0,7.0,1430.75,3623.86
480.0,80.0,8.0,50.0,5.0,1582.79,3608.37
480.0,80.0,3.0,49.0,12.0,1729.24,4075.67
480.0,70.0,4.0,50.0,8.0,1570.2,3789.85
480.0,79.0,1.0,44.0,14.0,1723.76,3996.84
480.0,85.0,3.0,54.0,6.0,1462.63,3798.55
480.0,81.0,2.0,52.0,8.0,1504.68,3812.89
480.0,72.0,46.0,8.0,1.0,2422.9,2603.35
480.0,77.0,40.0,15.0,7.0,2772.71,3323.12
480.0,78.0,42.0,4.0,7.0,2609.16,2812.07
480.0,79.0,39.0,13.0,5.0,2544.95,2999.39
480.0,74.0,47.0,12.0,2.0,2613.82,3010.97
480.0,82.0,45.0,16.0,4.0,2748.61,3390.76
480.0,83.0,37.0,21.0,10.0,2922.66,3908.54
480.0,78.0,42.0,16.0,6.0,2764.93,3486.95
480.0,82.0,42.0,20.0,5.0,2820.61,3517.54
480.0,70.0,43.0,13.0,6.0,2691.94,3353.51
480.0,73.0,24.0,27.0,10.0,2365.5,3590.06
480.0,71.0,26.0,33.0,7.0,2293.96,3730.4
480.0,85.0,27.0,29.0,7.0,2236.79,3632.57
480.0,66.0,25.0,31.0,4.0,2013.04,3341.6
480.0,80.0,24.0,42.0,4.0,2241.83,3987.34
480.0,77.0,46.0,2.0,3.0,2504.54,2537.73
480.0,75.0,43.0,4.0,4.0,2480.66,2624.51
480.0,76.0,42.0,0.0,4.0,2400.79,2346.15
480.0,96.0,44.0,4.0,4.0,2563.8,2686.44
480.0,77.0,45.0,3.0,4.0,2523.6,2629.13
480.0,82.0,23.0,35.0,7.0,2187.19,3785.11
480.0,69.0,27.0,29.0,9.0,2395.26,3784.94
480.0,77.0,31.0,29.0,7.0,2503.24,3831.99
480.0,77.0,26.0,33.0,8.0,2378.01,3948.33
480.0,85.0,28.0,37.0,4.0,2240.79,3781.74
480.0,75.0,24.0,32.0,2.0,1843.34,3124.43
480.0,75.0,38.0,21.0,4.0,2495.03,3362.86
480.0,78.0,35.0,24.0,5.0,2479.15,3429.28
480.0,88.0,29.0,30.0,7.0,2437.2,3717.89
480.0,75.0,31.0,31.0,8.0,2591.89,3977.52
480.0,75.0,44.0,12.0,5.0,2717.03,3110.55
480.0,74.0,39.0,8.0,5.0,2440.75,2615.71
480.0,73.0,30.0,18.0,4.0,1978.22,2824.6
480.0,84.0,43.0,11.0,3.0,2527.0,2848.64
480.0,73.0,39.0,18.0,3.0,2393.97,3052.92
480.0,80.0,15.0,40.0,11.0,2078.56,4028.69
480.0,71.0,16.0,43.0,10.0,2146.97,4084.2
480.0,86.0,23.0,42.0,7.0,2329.65,4068.29
480.0,65.0,13.0,44.0,6.0,1807.52,3704.26
480.0,80.0,21.0,45.0,5.0,2107.26,3979.44
480.0,76.0,7.0,40.0,9.0,1593.59,3469.7
480.0,67.0,5.0,45.0,4.0,1321.77,3116.73
480.0,77.0,7.0,33.0,7.0,1429.1,3018.76
480.0,72.0,8.0,43.0,7.0,1566.92,3428.13
480.0,64.0,7.0,47.0,1.0,1236.68,3014.43
480.0,76.0,24.0,42.0,6.0,2297.01,4060.23
480.0,83.0,19.0,48.0,12.0,2526.16,4683.1
480.0,79.0,22.0,43.0,13.0,2739.14,4573.95
480.0,71.0,17.0,47.0,4.0,1900.02,3835.59
480.0,71.0,22.0,39.0,6.0,2135.43,3856.91
480.0,75.0,47.0,11.0,2.0,2571.91,3050.38
480.0,73.0,46.0,11.0,1.0,2487.48,2887.61
480.0,83.0,45.0,8.0,3.0,2498.05,2914.93
480.0,70.0,45.0,9.0,2.0,2501.76,2817.15
480.0,79.0,46.0,11.0,2.0,2579.19,2986.13
480.0,82.0,20.0,37.0,13.0,2449.21,4359.89
480.0,73.0,31.0,33.0,2.0,2217.29,3522.1
480.0,79.0,23.0,38.0,11.0,2430.38,4296.53
480.0,84.0,21.0,41.0,7.0,2265.83,4094.86
480.0,75.0,19.0,43.0,6.0,2066.17,3955.68
480.0,87.0,45.0,7.0,2.0,2466.7,2554.76
480.0,82.0,41.0,9.0,6.0,2622.1,2875.41
480.0,81.0,43.0,3.0,3.0,2319.67,2389.65
480.0,91.0,45.0,7.0,1.0,2395.2,2497.94
480.0,74.0,45.0,2.0,5.0,2554.31,2525.65
480.0,81.0,26.0,41.0,7.0,2434.24,4264.76
480.0,80.0,36.0,32.0,8.0,2858.34,4247.89
480.0,83.0,34.0,38.0,8.0,2837.38,4426.12
480.0,81.0,33.0,32.0,5.0,2508.43,3869.15
480.0,84.0,31.0,38.0,11.0,2903.07,4624.27
480.0,79.0,4.0,47.0,10.0,1676.53,3794.69
480.0,74.0,11.0,50.0,6.0,1796.76,3905.55
480.0,72.0,10.0,42.0,12.0,1940.99,3967.01
480.0,96.0,7.0,54.0,6.0,1708.27,3992.41
480.0,65.0,7.0,44.0,8.0,1661.0,3650.89
480.0,73.0,42.0,1.0,5.0,2440.23,2353.48
480.0,75.0,43.0,2.0,4.0,2432.33,2345.05
480.0,87.0,43.0,0.0,4.0,2413.56,2255.33
480.0,71.0,46.0,1.0,2.0,2407.05,2229.83
480.0,81.0,46.0,2.0,0.0,2263.24,2150.21
480.0,72.0,32.0,26.0,10.0,2649.93,4072.54
480.0,71.0,31.0,31.0,3.0,2263.15,3529.69
480.0,89.0,34.0,33.0,15.0,3208.07,4784.77
480.0,84.0,31.0,33.0,9.0,2716.8,4149.46
480.0,75.0,31.0,35.0,5.0,2562.6,3969.37
480.0,76.0,44.0,3.0,4.0,2543.58,2540.56
480.0,76.0,45.0,1.0,2.0,2329.35,2259.43
480.0,88.0,42.0,1.0,5.0,2455.52,2397.41
480.0,77.0,44.0,5.0,6.0,2685.95,2824.68
480.0,76.0,42.0,1.0,5.0,2497.6,2408.39
480.0,80.0,31.0,24.0,7.0,2412.62,3471.99
480.0,79.0,40.0,21.0,6.0,2774.15,3609.56
480.0,73.0,25.0,22.0,11.0,2426.49,3508.74
480.0,86.0,29.0,29.0,6.0,2296.14,3589.35
480.0,65.0,23.0,24.0,6.0,2048.68,3121.37
480.0,78.0,11.0,47.0,10.0,1967.59,4133.49
480.0,64.0,15.0,40.0,6.0,1845.87,3529.97
480.0,77.0,21.0,41.0,9.0,2278.73,4165.16
480.0,85.0,17.0,49.0,7.0,2111.89,4198.29
480.0,68.0,12.0,45.0,8.0,1885.72,3899.83
480.0,78.0,43.0,17.0,7.0,2842.12,3586.55
480.0,75.0,41.0,13.0,8.0,2782.21,3384.02
480.0,73.0,42.0,14.0,9.0,2887.85,3524.19
480.0,81.0,44.0,20.0,6.0,2975.08,3721.64
480.0,75.0,42.0,20.0,7.0,2893.01,3684.92
480.0,87.0,3.0,47.0,12.0,1814.18,3919.72
480.0,82.0,7.0,47.0,12.0,1922.91,4007.65
480.0,90.0,6.0,40.0,15.0,1917.72,3936.33
480.0,81.0,4.0,48.0,7.0,1504.01,3506.53
480.0,70.0,5.0,51.0,2.0,1285.27,3215.09
480.0,81.0,2.0,51.0,8.0,1505.13,3722.4
480.0,71.0,6.0,47.0,7.0,1543.87,3595.18
480.0,73.0,3.0,45.0,13.0,1723.68,3940.05
480.0,74.0,3.0,52.0,9.0,1604.66,3862.59
480.0,69.0,2.0,53.0,5.0,1356.19,3563.26
480.0,87.0,46.0,15.0,2.0,2628.24,3215.01
480.0,81.0,44.0,11.0,4.0,2705.9,3261.38
480.0,84.0,44.0,16.0,4.0,2680.84,3337.65
480.0,73.0,45.0,14.0,2.0,2606.83,3129.26
480.0,76.0,43.0,13.0,6.0,2785.19,3376.13
480.0,72.0,39.0,24.0,3.0,2565.14,3426.61
480.0,72.0,35.0,19.0,8.0,2641.83,3450.61
480.0,77.0,39.0,16.0,7.0,2724.04,3417.83
480.0,88.0,43.0,14.0,8.0,2879.49,3534.76
480.0,74.0,43.0,19.0,6.0,2847.69,3658.18
480.0,75.0,45.0,16.0,4.0,2754.0,3417.79
480.0,66.0,46.0,8.0,2.0,2490.61,2762.9
480.0,74.0,42.0,14.0,5.0,2668.81,3237.15
480.0,72.0,46.0,12.0,5.0,2804.99,3313.72
480.0,72.0,47.0,12.0,2.0,2610.32,3032.72
480.0,73.0,45.0,4.0,4.0,2575.85,2746.5
480.0,75.0,41.0,5.0,5.0,2487.03,2690.38
480.0,76.0,42.0,3.0,5.0,2468.32,2676.45
480.0,71.0,42.0,6.0,3.0,2491.81,2683.4
480.0,72.0,46.0,10.0,3.0,2622.52,2947.78
480.0,88.0,37.0,33.0,9.0,2954.61,4410.75
480.0,70.0,29.0,29.0,9.0,2527.26,3929.05
480.0,82.0,41.0,30.0,7.0,3019.44,4234.39
480.0,90.0,37.0,29.0,9.0,2909.47,4322.18
480.0,73.0,36.0,31.0,4.0,2546.45,3854.23
480.0,77.0,5.0,38.0,6.0,1282.66,3179.74
480.0,76.0,7.0,39.0,6.0,1424.18,3338.05
480.0,79.0,14.0,26.0,9.0,1710.25,3224.87
480.0,73.0,19.0,32.0,5.0,1820.51,3386.67
480.0,68.0,8.0,39.0,4.0,1376.12,3125.1
480.0,74.0,45.0,8.0,5.0,2658.65,3084.23
480.0,66.0,45.0,4.0,4.0,2516.32,2748.06
480.0,78.0,43.0,9.0,4.0,2538.46,2971.78
480.0,77.0,47.0,10.0,2.0,2564.49,2944.93
480.0,66.0,47.0,11.0,5.0,2762.24,3311.9
480.0,83.0,4.0,53.0,7.0,1604.66,3976.14
480.0,72.0,4.0,47.0,11.0,1683.71,3930.71
480.0,73.0,3.0,50.0,10.0,1663.76,3947.57
480.0,76.0,2.0,54.0,6.0,1415.79,3722.9
480.0,76.0,0.0,51.0,9.0,1447.86,3730.7
480.0,79.0,5.0,42.0,5.0,1294.54,3093.28
480.0,78.0,2.0,43.0,8.0,1330.61,3236.54
480.0,77.0,5.0,32.0,10.0,1405.33,3029.78
480.0,72.0,3.0,48.0,2.0,1131.05,2995.63
480.0,74.0,0.0,47.0,4.0,1082.72,2979.51
480.0,82.0,9.0,46.0,16.0,2293.67,4502.87
480.0,75.0,13.0,49.0,6.0,1893.83,3957.65
480.0,72.0,19.0,31.0,11.0,2182.09,3742.37
480.0,72.0,19.0,49.0,3.0,1962.44,3892.8
480.0,76.0,19.0,46.0,5.0,2030.12,3941.48
480.0,87.0,46.0,6.0,2.0,2466.35,2570.65
480.0,84.0,44.0,6.0,3.0,2464.2,2525.41
480.0,89.0,38.0,4.0,6.0,2404.74,2439.24
480.0,88.0,43.0,7.0,5.0,2651.62,2763.87
480.0,73.0,44.0,6.0,2.0,2463.16,2508.89
480.0,77.0,9.0,53.0,6.0,1753.3,3991.59
480.0,73.0,7.0,47.0,12.0,1894.76,4190.16
480.0,86.0,7.0,50.0,10.0,1856.82,4155.75
480.0,88.0,6.0,53.0,8.0,1717.07,4038.53
480.0,89.0,7.0,50.0,9.0,1806.1,4141.34
480.0,76.0,44.0,3.0,4.0,2543.58,2567.38
480.0,73.0,44.0,3.0,3.0,2409.43,2445.58
480.0,86.0,43.0,2.0,3.0,2392.88,2387.68
480.0,80.0,47.0,2.0,2.0,2455.9,2392.89
480.0,76.0,43.0,0.0,5.0,2479.05,2389.98
480.0,87.0,45.0,6.0,3.0,2553.23,2627.43
480.0,68.0,43.0,8.0,2.0,2357.49,2540.24
480.0,85.0,39.0,4.0,6.0,2430.2,2528.21
480.0,84.0,46.0,10.0,3.0,2640.88,2870.65
480.0,74.0,47.0,6.0,2.0,2491.48,2618.68
480.0,79.0,10.0,49.0,7.0,1836.93,3991.92
480.0,70.0,6.0,49.0,9.0,1705.49,3879.66
480.0,81.0,11.0,49.0,8.0,1873.75,4027.61
480.0,81.0,5.0,54.0,7.0,1656.05,3910.48
480.0,76.0,8.0,53.0,7.0,1840.59,4060.64
480.0,91.0,4.0,49.0,12.0,1781.66,4177.39
480.0,75.0,4.0,50.0,10.0,1725.28,4005.06
480.0,81.0,3.0,44.0,15.0,1820.78,4130.49
480.0,83.0,2.0,59.0,3.0,1332.49,3678.7
480.0,70.0,1.0,51.0,8.0,1487.82,3790.19
480.0,75.0,47.0,3.0,4.0,2577.47,2726.54
480.0,65.0,44.0,3.0,2.0,2422.92,2461.33
480.0,77.0,42.0,7.0,5.0,2555.61,2881.18
480.0,79.0,44.0,5.0,6.0,2690.25,2879.92
480.0,79.0,48.0,7.0,2.0,2543.59,2849.69
480.0,76.0,0.0,51.0,8.0,1396.45,3645.4
480.0,71.0,1.0,46.0,12.0,1575.25,3752.36
480.0,79.0,0.0,48.0,9.0,1472.09,3702.6
480.0,97.0,0.0,51.0,11.0,1559.89,3897.54
480.0,70.0,0.0,52.0,7.0,1399.56,3637.45
480.0,85.0,32.0,32.0,9.0,2653.7,4121.6
480.0,73.0,36.0,25.0,5.0,2593.88,3639.66
480.0,75.0,35.0,26.0,8.0,2805.89,3922.65
480.0,76.0,37.0,27.0,5.0,2614.8,3789.72
480.0,71.0,29.0,31.0,6.0,2393.82,3774.96
480.0,62.0,33.0,17.0,5.0,2280.94,2900.78
480.0,72.0,44.0,11.0,2.0,2471.48,2718.8
480.0,79.0,34.0,14.0,4.0,2140.29,2647.04
480.0,76.0,38.0,12.0,4.0,2288.23,2779.14
480.0,70.0,29.0,20.0,4.0,2038.75,2843.65
480.0,78.0,35.0,32.0,4.0,2582.71,3745.78
480.0,77.0,34.0,28.0,7.0,2703.38,3801.09
480.0,91.0,43.0,25.0,8.0,3061.64,4102.5
480.0,81.0,35.0,30.0,10.0,2939.07,4225.2
480.0,75.0,31.0,32.0,7.0,2527.14,3894.59
480.0,75.0,45.0,11.0,3.0,2593.64,2958.28
480.0,74.0,40.0,8.0,6.0,2607.47,2919.22
480.0,84.0,41.0,4.0,5.0,2496.67,2640.4
480.0,67.0,45.0,4.0,4.0,2558.05,2676.35
480.0,74.0,46.0,4.0,2.0,2450.06,2521.36
480.0,69.0,13.0,40.0,8.0,1885.15,3732.85
480.0,73.0,19.0,41.0,8.0,2176.29,3931.48
480.0,76.0,22.0,36.0,10.0,2291.58,4050.4
480.0,77.0,17.0,44.0,6.0,2023.28,3808.15
480.0,76.0,19.0,44.0,5.0,2035.15,3901.28
480.0,74.0,8.0,54.0,4.0,1675.07,3907.25
480.0,68.0,5.0,48.0,11.0,1756.92,3998.62
480.0,85.0,10.0,47.0,11.0,2004.01,4200.41
480.0,82.0,5.0,52.0,9.0,1778.9,4106.88
480.0,78.0,10.0,51.0,8.0,1905.74,4174.48
480.0,78.0,28.0,27.0,5.0,2141.43,3328.89
480.0,66.0,33.0,24.0,1.0,2093.31,3031.88
480.0,81.0,38.0,15.0,7.0,2650.84,3189.92
480.0,77.0,30.0,21.0,8.0,2489.31,3324.76
480.0,74.0,34.0,22.0,2.0,2170.61,3054.38
480.0,82.0,34.0,32.0,6.0,2676.69,4059.33
480.0,71.0,31.0,29.0,9.0,2616.21,3927.26
480.0,83.0,38.0,30.0,10.0,3040.81,4428.05
480.0,63.0,27.0,30.0,2.0,1982.35,3185.72
480.0,67.0,34.0,26.0,3.0,2308.83,3403.14
480.0,83.0,45.0,18.0,6.0,2893.16,3664.18
480.0,72.0,38.0,18.0,8.0,2749.58,3567.71
480.0,74.0,44.0,17.0,7.0,2873.11,3685.23
480.0,94.0,42.0,18.0,3.0,2622.6,3357.48
480.0,70.0,41.0,18.0,5.0,2670.63,3454.51
480.0,75.0,26.0,38.0,5.0,2312.64,3857.89
480.0,77.0,27.0,39.0,8.0,2541.81,4175.32
480.0,75.0,31.0,26.0,12.0,2736.0,4094.93
480.0,88.0,34.0,35.0,8.0,2837.11,4274.21
480.0,77.0,32.0,36.0,5.0,2579.23,3955.89
480.0,83.0,9.0,35.0,7.0,1474.04,3092.98
480.0,72.0,6.0,39.0,6.0,1331.7,3010.89
480.0,76.0,7.0,34.0,7.0,1365.58,2944.68
480.0,77.0,7.0,47.0,2.0,1294.75,3081.58
480.0,74.0,5.0,46.0,3.0,1249.93,3069.62
480.0,66.0,43.0,7.0,4.0,2499.97,2679.48
480.0,75.0,44.0,7.0,4.0,2507.74,2746.28
480.0,86.0,40.0,9.0,4.0,2459.43,2703.37
480.0,81.0,45.0,8.0,4.0,2643.31,2810.4
480.0,75.0,45.0,4.0,5.0,2599.35,2699.16
480.0,80.0,14.0,44.0,10.0,2109.1,4202.51
480.0,67.0,11.0,46.0,6.0,1715.58,3722.82
480.0,83.0,12.0,47.0,8.0,1899.49,3996.35
480.0,90.0,12.0,52.0,8.0,2053.1,4278.19
480.0,79.0,14.0,50.0,6.0,1933.37,4084.78
480.0,75.0,47.0,3.0,4.0,2577.47,2690.44
480.0,65.0,44.0,3.0,2.0,2422.92,2437.52
480.0,84.0,44.0,5.0,4.0,2484.44,2715.55
480.0,77.0,46.0,5.0,5.0,2685.33,2892.59
480.0,76.0,46.0,8.0,2.0,2522.93,2753.01
480.0,89.0,9.0,51.0,11.0,2062.68,4266.77
480.0,69.0,16.0,39.0,9.0,2057.66,3862.68
480.0,81.0,19.0,40.0,9.0,2273.68,3965.92
480.0,83.0,14.0,50.0,5.0,1856.02,3855.04
480.0,77.0,14.0,49.0,6.0,1923.02,3997.08
480.0,84.0,2.0,41.0,8.0,1302.22,3180.91
480.0,78.0,2.0,44.0,9.0,1417.21,3419.92
480.0,79.0,5.0,31.0,11.0,1446.99,3079.13
480.0,75.0,2.0,49.0,2.0,1121.46,3007.14
480.0,79.0,1.0,49.0,1.0,1004.49,2869.58
480.0,67.0,0.0,54.0,6.0,1325.81,3530.72
480.0,68.0,2.0,50.0,9.0,1533.43,3750.52
480.0,82.0,0.0,46.0,13.0,1605.0,3858.37
480.0,70.0,1.0,53.0,7.0,1403.44,3625.08
480.0,77.0,0.0,48.0,12.0,1570.78,3838.38
480.0,85.0,45.0,7.0,2.0,2466.7,2563.16
480.0,82.0,41.0,9.0,6.0,2622.1,2878.88
480.0,81.0,43.0,3.0,3.0,2319.67,2391.73
480.0,91.0,45.0,7.0,1.0,2384.24,2469.41
480.0,77.0,45.0,3.0,4.0,2543.97,2586.34
480.0,80.0,45.0,24.0,5.0,2936.21,3971.17
480.0,70.0,27.0,31.0,7.0,2351.7,3775.47
480.0,80.0,39.0,30.0,9.0,3065.26,4322.7
480.0,98.0,36.0,28.0,10.0,2907.5,4266.48
480.0,67.0,24.0,32.0,9.0,2300.29,3827.07
480.0,82.0,33.0,33.0,10.0,2949.11,4468.17
480.0,74.0,21.0,41.0,10.0,2442.77,4265.72
480.0,97.0,35.0,36.0,16.0,3367.74,5092.75
480.0,92.0,34.0,39.0,8.0,2853.73,4537.24
480.0,76.0,29.0,35.0,7.0,2473.42,4026.74
480.0,74.0,47.0,13.0,2.0,2606.05,3142.54
480.0,73.0,46.0,11.0,1.0,2487.48,2886.38
480.0,82.0,45.0,8.0,3.0,2497.76,2903.91
480.0,61.0,44.0,7.0,3.0,2514.2,2746.22
480.0,78.0,47.0,10.0,1.0,2516.41,2883.01
480.0,81.0,45.0,5.0,5.0,2632.2,2709.79
480.0,77.0,41.0,5.0,5.0,2481.7,2489.16
480.0,81.0,43.0,3.0,3.0,2318.96,2358.93
480.0,76.0,41.0,8.0,5.0,2503.44,2737.89
480.0,80.0,40.0,8.0,6.0,2557.59,2733.18
480.0,83.0,25.0,30.0,5.0,2063.87,3384.95
480.0,85.0,20.0,30.0,8.0,2088.93,3402.7
480.0,70.0,19.0,29.0,4.0,1660.28,2935.76
480.0,82.0,20.0,31.0,6.0,1907.34,3316.25
480.0,76.0,16.0,32.0,5.0,1691.85,3098.72
480.0,69.0,40.0,3.0,5.0,2376.81,2390.37
480.0,79.0,42.0,0.0,3.0,2384.4,2176.67
480.0,87.0,43.0,0.0,4.0,2413.56,2257.43
480.0,86.0,47.0,2.0,1.0,2387.9,2262.41
480.0,81.0,46.0,2.0,0.0,2263.24,2153.46
480.0,82.0,11.0,51.0,9.0,1978.7,4227.05
480.0,75.0,10.0,48.0,13.0,2123.9,4335.25
480.0,79.0,11.0,47.0,12.0,2142.79,4277.32
480.0,92.0,6.0,52.0,11.0,1937.4,4250.53
480.0,72.0,4.0,50.0,11.0,1758.98,4027.95
480.0,76.0,31.0,27.0,5.0,2300.54,3475.87
480.0,72.0,28.0,23.0,8.0,2345.7,3366.01
480.0,83.0,36.0,22.0,6.0,2521.04,3400.25
480.0,76.0,31.0,29.0,7.0,2485.89,3702.4
480.0,78.0,20.0,35.0,4.0,1938.71,3275.16
480.0,78.0,3.0,50.0,9.0,1632.13,3750.81
480.0,75.0,6.0,51.0,8.0,1721.09,3852.46
480.0,78.0,5.0,43.0,7.0,1472.53,3390.97
480.0,86.0,3.0,51.0,6.0,1420.03,3509.35
480.0,70.0,6.0,47.0,4.0,1380.63,3288.1
480.0,95.0,10.0,48.0,12.0,2177.55,4388.07
480.0,72.0,13.0,44.0,10.0,2095.29,3980.3
480.0,69.0,16.0,33.0,11.0,2057.13,3729.33
480.0,93.0,25.0,43.0,5.0,2309.17,4038.54
480.0,83.0,14.0,45.0,11.0,2286.23,4304.78
480.0,79.0,20.0,45.0,3.0,1982.61,3750.14
480.0,69.0,13.0,45.0,6.0,1871.15,3768.49
480.0,79.0,24.0,36.0,12.0,2503.66,4269.43
480.0,80.0,18.0,49.0,4.0,2014.55,3980.01
480.0,72.0,12.0,50.0,6.0,1857.43,3896.42
480.0,76.0,44.0,3.0,4.0,2543.58,2567.38
480.0,73.0,44.0,3.0,3.0,2409.43,2448.21
480.0,86.0,43.0,2.0,3.0,2392.88,2387.88
480.0,80.0,47.0,2.0,2.0,2455.9,2392.89
480.0,76.0,42.0,1.0,5.0,2497.6,2427.42
480.0,81.0,34.0,29.0,5.0,2537.5,3755.23
480.0,72.0,30.0,32.0,6.0,2387.84,3802.86
480.0,73.0,34.0,22.0,10.0,2709.27,3836.9
480.0,83.0,35.0,29.0,6.0,2687.15,3877.33
480.0,75.0,26.0,31.0,10.0,2511.45,4075.88
480.0,75.0,24.0,32.0,2.0,1843.34,3141.82
480.0,81.0,34.0,26.0,6.0,2698.41,3721.13
480.0,76.0,36.0,22.0,6.0,2548.06,3478.0
480.0,88.0,29.0,30.0,7.0,2437.2,3747.28
480.0,73.0,32.0,22.0,10.0,2602.45,3740.34
480.0,69.0,35.0,19.0,5.0,2374.26,3202.21
480.0,72.0,34.0,22.0,4.0,2333.04,3220.8
480.0,76.0,36.0,12.0,3.0,2132.13,2631.99
480.0,74.0,37.0,13.0,5.0,2355.01,2974.71
480.0,80.0,39.0,23.0,3.0,2482.01,3362.89
480.0,82.0,8.0,48.0,11.0,1916.17,4218.31
480.0,61.0,7.0,48.0,5.0,1502.33,3509.61
480.0,68.0,9.0,46.0,9.0,1854.87,3891.66
480.0,83.0,7.0,52.0,9.0,1801.75,4116.9
480.0,75.0,8.0,50.0,10.0,1878.82,4194.74
480.0,92.0,12.0,48.0,12.0,2239.54,4457.66
480.0,72.0,13.0,45.0,9.0,2051.46,3957.47
480.0,69.0,16.0,33.0,11.0,2057.13,3750.52
480.0,93.0,25.0,43.0,5.0,2309.17,4053.46
480.0,80.0,12.0,50.0,10.0,2129.41,4293.32
480.0,85.0,44.0,6.0,4.0,2544.79,2661.34
480.0,88.0,40.0,8.0,6.0,2619.21,2757.3
480.0,81.0,43.0,3.0,3.0,2319.67,2387.24
480.0,91.0,45.0,7.0,1.0,2395.2,2495.14
480.0,74.0,45.0,2.0,5.0,2554.31,2523.62
480.0,69.0,19.0,27.0,8.0,1975.08,3195.36
480.0,76.0,18.0,29.0,5.0,1709.77,2974.33
480.0,82.0,24.0,23.0,3.0,1784.46,2700.83
480.0,76.0,18.0,29.0,4.0,1701.86,2996.25
480.0,78.0,13.0,37.0,5.0,1582.27,3170.06
480.0,72.0,43.0,8.0,7.0,2737.57,3065.93
480.0,79.0,40.0,17.0,5.0,2658.05,3332.59
480.0,85.0,45.0,6.0,3.0,2478.54,2782.09
480.0,84.0,47.0,11.0,4.0,2698.93,3162.74
480.0,80.0,47.0,10.0,1.0,2517.11,2851.66
480.0,72.0,31.0,17.0,3.0,2037.26,2693.1
480.0,74.0,25.0,22.0,3.0,1789.77,2797.04
480.0,71.0,28.0,19.0,6.0,2178.67,3068.48
480.0,87.0,35.0,17.0,5.0,2428.19,3079.43
480.0,80.0,29.0,16.0,5.0,2062.32,2806.55
480.0,73.0,44.0,12.0,5.0,2753.99,3320.21
480.0,68.0,45.0,11.0,2.0,2527.74,2909.88
480.0,79.0,44.0,14.0,5.0,2707.12,3338.63
480.0,63.0,44.0,7.0,3.0,2507.01,2722.67
480.0,81.0,46.0,20.0,2.0,2699.9,3502.36
480.0,73.0,13.0,36.0,5.0,1587.9,3125.11
480.0,76.0,7.0,41.0,4.0,1300.7,2964.38
480.0,87.0,15.0,30.0,4.0,1530.76,2826.23
480.0,74.0,10.0,37.0,4.0,1410.75,2944.5
480.0,72.0,13.0,31.0,8.0,1645.82,3157.9
480.0,72.0,3.0,50.0,3.0,1229.63,3184.42
480.0,76.0,2.0,48.0,7.0,1384.38,3414.36
480.0,75.0,1.0,44.0,7.0,1252.27,3126.13
480.0,83.0,2.0,50.0,5.0,1291.2,3289.8
480.0,75.0,2.0,50.0,5.0,1299.51,3329.18
480.0,73.0,42.0,1.0,5.0,2440.23,2351.82
480.0,76.0,41.0,1.0,6.0,2494.42,2379.84
480.0,87.0,42.0,1.0,5.0,2444.84,2300.64
480.0,71.0,46.0,1.0,2.0,2407.05,2237.3
480.0,71.0,45.0,4.0,1.0,2341.36,2319.05
480.0,84.0,2.0,41.0,8.0,1302.22,3180.99
480.0,78.0,2.0,43.0,8.0,1330.61,3233.04
480.0,79.0,5.0,31.0,11.0,1446.99,3079.24
480.0,75.0,2.0,49.0,2.0,1121.46,3007.22
480.0,79.0,2.0,49.0,1.0,1046.49,2911.12
480.0,87.0,46.0,6.0,2.0,2466.35,2553.51
480.0,84.0,44.0,6.0,3.0,2464.2,2508.23
480.0,81.0,43.0,3.0,3.0,2319.67,2378.26
480.0,88.0,43.0,7.0,5.0,2651.62,2746.96
480.0,73.0,44.0,6.0,2.0,2463.16,2491.97
480.0,69.0,0.0,45.0,5.0,1117.18,3178.0
480.0,74.0,2.0,44.0,3.0,1070.34,3020.26
480.0,84.0,1.0,41.0,9.0,1309.0,3305.65
480.0,77.0,2.0,43.0,11.0,1529.03,3638.09
480.0,78.0,1.0,43.0,7.0,1251.6,3278.24
480.0,70.0,44.0,8.0,5.0,2637.53,2965.55
480.0,65.0,42.0,11.0,6.0,2707.51,3109.11
480.0,83.0,45.0,8.0,3.0,2498.05,2882.75
480.0,89.0,44.0,13.0,4.0,2683.17,3167.83
480.0,73.0,46.0,13.0,4.0,2739.7,3250.0
480.0,80.0,45.0,3.0,5.0,2587.88,2603.2
480.0,71.0,44.0,1.0,4.0,2428.16,2382.99
480.0,82.0,42.0,0.0,5.0,2452.54,2382.24
480.0,75.0,43.0,1.0,4.0,2563.38,2489.51
480.0,75.0,48.0,4.0,1.0,2420.32,2459.74
480.0,67.0,23.0,32.0,4.0,1964.89,3314.55
480.0,75.0,30.0,28.0,9.0,2629.25,3782.66
480.0,79.0,37.0,23.0,5.0,2538.14,3460.3
480.0,85.0,32.0,27.0,8.0,2617.23,3758.99
480.0,73.0,28.0,28.0,8.0,2351.61,3637.78
480.0,76.0,44.0,3.0,4.0,2543.58,2531.08
480.0,73.0,44.0,3.0,3.0,2409.43,2423.23
480.0,86.0,43.0,2.0,3.0,2392.88,2363.0
480.0,80.0,47.0,2.0,2.0,2455.9,2374.43
480.0,76.0,42.0,1.0,5.0,2497.6,2396.53
480.0,77.0,27.0,34.0,6.0,2306.54,3847.53
480.0,66.0,25.0,24.0,9.0,2299.25,3413.16
480.0,72.0,32.0,25.0,6.0,2455.05,3536.65
480.0,79.0,23.0,33.0,6.0,2035.06,3528.22
480.0,78.0,36.0,37.0,3.0,2553.57,3995.04
480.0,74.0,7.0,44.0,6.0,1506.24,3306.88
480.0,75.0,5.0,44.0,8.0,1498.62,3383.65
480.0,83.0,16.0,32.0,10.0,1958.34,3490.96
480.0,79.0,6.0,42.0,9.0,1565.4,3414.35
480.0,71.0,8.0,47.0,4.0,1495.19,3323.8
480.0,73.0,40.0,16.0,2.0,2346.62,2863.92
480.0,77.0,42.0,13.0,2.0,2411.16,2809.37
480.0,81.0,37.0,6.0,7.0,2457.68,2666.18
480.0,96.0,36.0,21.0,7.0,2652.74,3482.51
480.0,67.0,27.0,25.0,4.0,2082.76,3012.63
480.0,82.0,10.0,44.0,5.0,1574.39,3418.42
480.0,82.0,3.0,50.0,6.0,1430.67,3429.13
480.0,77.0,7.0,33.0,7.0,1429.1,3019.0
480.0,75.0,6.0,43.0,7.0,1479.92,3350.66
480.0,64.0,7.0,47.0,1.0,1236.68,3015.16
480.0,75.0,45.0,6.0,3.0,2550.3,2606.86
480.0,72.0,40.0,13.0,5.0,2544.57,2969.4
480.0,91.0,41.0,6.0,3.0,2336.38,2526.92
480.0,81.0,44.0,10.0,4.0,2609.6,2933.96
480.0,71.0,45.0,6.0,6.0,2690.83,2910.73
480.0,87.0,8.0,42.0,9.0,1765.0,3626.44
480.0,73.0,6.0,51.0,8.0,1674.75,3777.26
480.0,78.0,6.0,43.0,12.0,1758.05,3719.74
480.0,80.0,7.0,48.0,7.0,1607.2,3566.53
480.0,76.0,6.0,49.0,6.0,1526.05,3545.47
480.0,83.0,22.0,44.0,9.0,2423.95,4399.4
480.0,78.0,24.0,35.0,12.0,2519.25,4332.94
480.0,78.0,27.0,37.0,5.0,2373.44,3980.11
480.0,70.0,20.0,36.0,10.0,2306.79,3923.03
480.0,73.0,19.0,40.0,7.0,2071.09,3867.15
480.0,72.0,3.0,52.0,9.0,1692.6,3991.87
480.0,73.0,5.0,49.0,9.0,1728.9,3936.29
480.0,98.0,8.0,47.0,11.0,1877.99,4137.23
480.0,85.0,3.0,50.0,10.0,1697.21,4056.36
480.0,80.0,4.0,54.0,6.0,1525.46,3825.73
480.0,79.0,44.0,16.0,5.0,2782.69,3420.56
480.0,71.0,44.0,13.0,5.0,2730.85,3235.56
480.0,71.0,43.0,16.0,5.0,2721.77,3338.91
480.0,63.0,44.0,7.0,3.0,2507.01,2685.45
480.0,81.0,46.0,20.0,2.0,2699.9,3474.46
480.0,87.0,6.0,49.0,12.0,1916.61,4271.0
480.0,71.0,6.0,48.0,9.0,1671.82,3852.18
480.0,82.0,2.0,46.0,12.0,1664.06,3951.19
480.0,99.0,1.0,56.0,6.0,1453.09,3790.42
480.0,77.0,0.0,49.0,11.0,1531.56,3866.48
480.0,79.0,39.0,26.0,8.0,2945.15,4092.53
480.0,71.0,28.0,30.0,8.0,2420.14,3790.17
480.0,79.0,39.0,27.0,8.0,2884.47,4061.81
480.0,87.0,35.0,36.0,10.0,3052.0,4507.87
480.0,74.0,30.0,34.0,8.0,2552.46,4035.47
480.0,82.0,23.0,41.0,2.0,2004.77,3549.95
480.0,81.0,11.0,41.0,9.0,1788.03,3700.28
480.0,84.0,22.0,31.0,7.0,2014.23,3491.16
480.0,84.0,13.0,44.0,8.0,1882.53,3871.7
480.0,67.0,11.0,47.0,5.0,1668.13,3695.77
480.0,72.0,12.0,44.0,7.0,1775.44,3726.03
480.0,72.0,20.0,41.0,8.0,2234.46,4039.93
480.0,89.0,23.0,41.0,8.0,2407.75,4140.48
480.0,71.0,20.0,39.0,6.0,2047.11,3785.49
480.0,78.0,18.0,48.0,8.0,2255.08,4296.48
480.0,61.0,43.0,8.0,3.0,2459.42,2602.73
480.0,71.0,45.0,6.0,2.0,2390.83,2553.28
480.0,85.0,40.0,3.0,6.0,2512.73,2605.41
480.0,75.0,47.0,6.0,4.0,2640.49,2771.61
480.0,79.0,45.0,4.0,4.0,2541.26,2597.17
480.0,84.0,30.0,37.0,9.0,2640.86,4353.23
480.0,69.0,26.0,31.0,6.0,2264.22,3664.42
480.0,90.0,34.0,36.0,12.0,3107.23,4698.76
480.0,69.0,27.0,32.0,5.0,2161.38,3620.56
480.0,73.0,24.0,39.0,7.0,2352.15,3984.42
480.0,83.0,41.0,24.0,4.0,2710.76,3648.28
480.0,78.0,39.0,28.0,5.0,2707.67,3853.5
480.0,75.0,39.0,28.0,3.0,2609.06,3636.52
480.0,78.0,38.0,28.0,7.0,2829.03,3903.22
480.0,74.0,38.0,24.0,8.0,2731.63,3908.6
480.0,70.0,21.0,22.0,8.0,1971.03,3001.12
480.0,74.0,29.0,17.0,2.0,1832.5,2541.94
480.0,81.0,26.0,15.0,8.0,2091.73,2850.49
480.0,67.0,28.0,18.0,6.0,2178.57,2942.36
480.0,67.0,29.0,17.0,2.0,1827.43,2550.18
480.0,76.0,44.0,3.0,4.0,2543.58,2531.08
480.0,73.0,44.0,3.0,3.0,2409.43,2420.9
480.0,85.0,45.0,0.0,2.0,2316.36,2204.93
480.0,71.0,48.0,1.0,0.0,2393.81,2287.13
480.0,76.0,43.0,0.0,5.0,2479.05,2352.91
480.0,80.0,2.0,41.0,5.0,1131.13,3064.57
480.0,74.0,3.0,43.0,3.0,1100.29,3004.05
480.0,83.0,2.0,40.0,9.0,1373.59,3310.29
480.0,79.0,2.0,45.0,9.0,1450.29,3569.99
480.0,71.0,1.0,43.0,6.0,1175.6,3169.2
480.0,71.0,6.0,48.0,11.0,1866.77,4085.82
480.0,69.0,7.0,47.0,12.0,1917.53,4066.75
480.0,72.0,10.0,50.0,9.0,1928.9,4041.76
480.0,76.0,5.0,54.0,5.0,1499.63,3662.55
480.0,72.0,4.0,49.0,10.0,1659.44,3844.65
480.0,77.0,34.0,32.0,5.0,2581.01,3836.09
480.0,71.0,31.0,32.0,6.0,2393.09,3762.32
480.0,80.0,37.0,25.0,12.0,3069.78,4226.45
480.0,77.0,36.0,35.0,2.0,2518.27,3769.73
480.0,74.0,38.0,24.0,7.0,2774.81,3867.35
480.0,85.0,14.0,52.0,9.0,2171.17,4412.93
480.0,83.0,11.0,49.0,7.0,1885.96,4084.95
480.0,85.0,12.0,48.0,7.0,1862.3,3921.67
480.0,96.0,15.0,54.0,6.0,2038.86,4276.8
480.0,80.0,10.0,47.0,9.0,1898.93,4044.1
480.0,71.0,44.0,10.0,9.0,2914.43,3351.08
480.0,78.0,43.0,11.0,3.0,2481.24,2876.21
480.0,81.0,38.0,18.0,7.0,2716.94,3361.78
480.0,79.0,42.0,15.0,3.0,2525.72,3009.33
480.0,74.0,35.0,24.0,3.0,2334.97,3238.23
480.0,78.0,37.0,18.0,3.0,2328.51,3112.69
480.0,68.0,38.0,18.0,3.0,2395.68,3056.79
480.0,81.0,38.0,19.0,5.0,2524.68,3260.44
480.0,83.0,43.0,16.0,6.0,2820.04,3436.57
480.0,78.0,47.0,13.0,3.0,2678.34,3170.02
480.0,77.0,13.0,32.0,7.0,1651.82,3120.76
480.0,74.0,7.0,43.0,9.0,1666.79,3597.51
480.0,80.0,19.0,25.0,8.0,1849.33,3095.33
480.0,75.0,12.0,45.0,3.0,1560.39,3314.58
480.0,80.0,10.0,43.0,5.0,1597.09,3409.85
480.0,85.0,22.0,49.0,8.0,2487.9,4511.49
480.0,62.0,13.0,43.0,4.0,1647.33,3431.41
480.0,71.0,25.0,35.0,9.0,2411.65,4006.65
480.0,84.0,16.0,49.0,8.0,2228.49,4313.34
480.0,75.0,19.0,44.0,8.0,2161.78,4118.48
480.0,85.0,21.0,25.0,6.0,1876.3,3009.52
480.0,77.0,22.0,26.0,4.0,1793.67,2856.9
480.0,82.0,22.0,26.0,2.0,1664.97,2752.44
480.0,76.0,21.0,29.0,2.0,1649.75,2845.85
480.0,67.0,19.0,29.0,7.0,1879.7,3252.04
480.0,74.0,5.0,48.0,11.0,1809.96,4058.73
480.0,77.0,7.0,46.0,8.0,1689.52,3793.58
480.0,84.0,6.0,43.0,10.0,1693.97,3704.85
480.0,87.0,4.0,53.0,7.0,1555.35,3785.25
480.0,74.0,6.0,53.0,5.0,1543.3,3728.14
480.0,79.0,44.0,13.0,4.0,2636.8,3051.5
480.0,81.0,40.0,19.0,3.0,2507.27,3185.21
480.0,84.0,36.0,6.0,10.0,2615.48,2877.26
480.0,96.0,35.0,21.0,7.0,2649.84,3536.94
480.0,76.0,36.0,23.0,2.0,2266.8,3143.1
480.0,90.0,6.0,55.0,7.0,1755.25,4100.85
480.0,64.0,2.0,50.0,9.0,1573.65,3796.23
480.0,91.0,4.0,51.0,9.0,1676.54,3995.14
480.0,75.0,2.0,55.0,8.0,1582.49,3924.83
480.0,80.0,6.0,56.0,4.0,1538.33,3833.6
480.0,73.0,43.0,2.0,6.0,2609.09,2593.0
480.0,73.0,46.0,4.0,1.0,2361.35,2402.86
480.0,74.0,42.0,3.0,4.0,2447.15,2406.37
480.0,69.0,45.0,2.0,4.0,2534.93,2471.09
480.0,80.0,46.0,3.0,3.0,2491.95,2518.44
480.0,96.0,7.0,44.0,17.0,2125.18,4556.26
480.0,79.0,6.0,51.0,8.0,1686.11,3988.14
480.0,77.0,7.0,48.0,12.0,1970.45,4236.29
480.0,88.0,6.0,53.0,8.0,1717.07,4049.56
480.0,72.0,6.0,55.0,5.0,1614.49,3858.33
480.0,81.0,33.0,33.0,9.0,2787.42,4229.17
480.0,71.0,26.0,34.0,9.0,2491.15,3996.5
480.0,81.0,34.0,33.0,8.0,2766.56,4147.19
480.0,82.0,28.0,35.0,10.0,2631.28,4235.58
480.0,74.0,23.0,41.0,7.0,2346.13,4103.76
480.0,75.0,30.0,24.0,8.0,2435.41,3597.36
480.0,84.0,31.0,29.0,8.0,2548.7,3804.73
480.0,81.0,27.0,22.0,9.0,2260.97,3394.21
480.0,77.0,35.0,17.0,4.0,2244.89,3021.22
480.0,78.0,27.0,25.0,8.0,2269.96,3456.37
480.0,79.0,44.0,2.0,4.0,2470.41,2372.65
480.0,84.0,39.0,6.0,2.0,2145.7,2221.23
480.0,72.0,40.0,3.0,3.0,2220.78,2199.82
480.0,86.0,41.0,9.0,2.0,2299.9,2529.86
480.0,69.0,41.0,6.0,4.0,2404.51,2452.0
480.0,78.0,29.0,31.0,13.0,2824.97,4298.31
480.0,77.0,26.0,39.0,7.0,2435.9,4028.06
480.0,97.0,35.0,36.0,16.0,3367.74,5032.22
480.0,89.0,31.0,42.0,8.0,2770.55,4483.4
480.0,76.0,29.0,35.0,7.0,2473.42,3974.78
480.0,84.0,26.0,24.0,5.0,1995.17,3052.0
480.0,78.0,32.0,22.0,3.0,2122.27,3001.97
480.0,75.0,25.0,21.0,5.0,1919.32,2964.36
480.0,81.0,27.0,23.0,3.0,1893.0,2842.29
480.0,69.0,21.0,23.0,7.0,1879.72,3027.82
480.0,88.0,34.0,34.0,9.0,2807.01,4352.85
480.0,72.0,30.0,29.0,6.0,2348.11,3641.73
480.0,85.0,40.0,27.0,12.0,3259.18,4488.6
480.0,85.0,37.0,30.0,7.0,2783.47,4017.27
480.0,65.0,31.0,22.0,8.0,2459.98,3508.68
480.0,79.0,9.0,32.0,8.0,1474.21,3177.55
480.0,74.0,3.0,43.0,3.0,1100.29,3031.46
480.0,78.0,10.0,32.0,7.0,1471.61,3141.63
480.0,77.0,9.0,41.0,5.0,1478.53,3349.63
480.0,72.0,7.0,40.0,6.0,1403.6,3223.49
480.0,73.0,9.0,46.0,8.0,1760.02,3812.82
480.0,69.0,14.0,45.0,6.0,1846.7,3792.66
480.0,76.0,18.0,40.0,13.0,2338.72,4315.07
480.0,77.0,18.0,45.0,6.0,2023.15,3962.2
480.0,71.0,7.0,45.0,8.0,1623.01,3669.42
480.0,69.0,40.0,3.0,5.0,2376.81,2390.39
480.0,79.0,42.0,0.0,3.0,2384.4,2176.71
480.0,87.0,43.0,0.0,4.0,2413.56,2257.47
480.0,86.0,47.0,2.0,1.0,2387.9,2262.49
480.0,81.0,46.0,2.0,0.0,2263.24,2153.5
480.0,80.0,29.0,39.0,6.0,2487.31,4094.17
480.0,80.0,36.0,32.0,8.0,2858.34,4261.99
480.0,73.0,30.0,30.0,10.0,2633.16,4063.74
480.0,91.0,28.0,43.0,5.0,2494.42,4188.28
480.0,76.0,26.0,38.0,7.0,2385.93,4006.23
480.0,83.0,33.0,21.0,3.0,2238.83,3009.97
480.0,76.0,32.0,17.0,4.0,2095.33,2836.41
480.0,80.0,32.0,16.0,4.0,2078.44,2816.85
480.0,79.0,35.0,14.0,3.0,2137.14,2726.7
480.0,85.0,28.0,20.0,5.0,2087.4,2964.24
480.0,76.0,43.0,16.0,8.0,2920.37,3636.22
480.0,73.0,40.0,15.0,7.0,2767.98,3362.06
480.0,74.0,42.0,12.0,6.0,2677.12,3301.52
480.0,77.0,43.0,11.0,5.0,2689.9,3107.29
480.0,72.0,42.0,20.0,3.0,2603.09,3341.38
480.0,70.0,43.0,0.0,4.0,2486.85,2277.14
480.0,75.0,43.0,2.0,4.0,2432.33,2346.26
480.0,83.0,45.0,0.0,2.0,2314.26,2102.24
480.0,71.0,47.0,1.0,1.0,2377.95,2200.33
480.0,70.0,43.0,2.0,4.0,2439.47,2344.11
480.0,76.0,31.0,19.0,1.0,1938.85,2714.89
480.0,74.0,28.0,16.0,5.0,1981.14,2694.58
480.0,79.0,24.0,18.0,7.0,1976.21,2813.71
480.0,71.0,28.0,16.0,7.0,2148.93,2933.63
480.0,72.0,24.0,24.0,1.0,1628.98,2566.46
480.0,80.0,18.0,33.0,6.0,1841.18,3266.65
480.0,71.0,19.0,35.0,4.0,1833.37,3212.84
480.0,81.0,25.0,23.0,4.0,1868.27,2887.84
480.0,82.0,16.0,33.0,8.0,1840.98,3389.86
480.0,76.0,21.0,31.0,3.0,1734.77,3006.36
480.0,78.0,15.0,43.0,11.0,2193.08,4175.14
480.0,69.0,11.0,43.0,11.0,2042.97,3950.22
480.0,79.0,20.0,45.0,8.0,2317.82,4177.98
480.0,90.0,21.0,53.0,4.0,2190.41,4256.96
480.0,68.0,12.0,46.0,7.0,1836.45,3778.11
480.0,87.0,45.0,11.0,4.0,2623.34,3012.61
480.0,86.0,42.0,14.0,2.0,2460.51,2888.5
480.0,91.0,41.0,15.0,4.0,2599.22,3161.23
480.0,85.0,42.0,14.0,3.0,2561.93,2980.77
480.0,79.0,42.0,17.0,2.0,2458.85,3032.59
480.0,78.0,4.0,46.0,7.0,1443.68,3399.88
480.0,80.0,0.0,47.0,5.0,1210.44,3137.99
480.0,86.0,3.0,35.0,12.0,1498.06,3184.16
480.0,87.0,4.0,45.0,8.0,1476.54,3429.23
480.0,70.0,6.0,47.0,2.0,1255.4,3080.65
480.0,86.0,41.0,30.0,6.0,2919.11,4103.77
480.0,75.0,31.0,28.0,9.0,2594.4,3881.78
480.0,80.0,37.0,25.0,8.0,2840.62,4018.71
480.0,74.0,41.0,23.0,5.0,2785.81,3639.15
480.0,70.0,34.0,25.0,6.0,2426.01,3630.88
480.0,75.0,9.0,38.0,10.0,1801.85,3592.94
480.0,82.0,8.0,46.0,6.0,1562.3,3481.79
480.0,84.0,10.0,41.0,4.0,1482.77,3182.64
480.0,88.0,8.0,44.0,5.0,1474.87,3351.32
480.0,75.0,6.0,44.0,9.0,1604.06,3598.88
480.0,85.0,39.0,31.0,7.0,2875.17,4193.4
480.0,66.0,28.0,28.0,5.0,2223.21,3330.07
480.0,86.0,41.0,33.0,8.0,3059.21,4367.62
480.0,71.0,34.0,31.0,3.0,2449.01,3641.22
480.0,71.0,34.0,27.0,6.0,2539.71,3683.25
480.0,72.0,44.0,22.0,3.0,2665.77,3528.5
480.0,68.0,30.0,29.0,5.0,2285.12,3544.05
480.0,94.0,40.0,34.0,12.0,3280.17,4829.61
480.0,90.0,35.0,37.0,12.0,3290.31,4809.02
480.0,72.0,32.0,30.0,6.0,2457.03,3753.35
480.0,69.0,9.0,47.0,9.0,1902.85,3981.97
480.0,73.0,10.0,47.0,9.0,1882.7,3985.04
480.0,74.0,12.0,43.0,15.0,2356.1,4454.87
480.0,89.0,9.0,53.0,6.0,1745.13,4046.97
480.0,77.0,6.0,48.0,11.0,1853.02,4182.86
480.0,78.0,11.0,47.0,10.0,1967.59,4133.57
480.0,64.0,15.0,40.0,6.0,1845.87,3530.12
480.0,77.0,21.0,41.0,9.0,2278.73,4165.31
480.0,85.0,17.0,49.0,7.0,2111.89,4198.29
480.0,68.0,12.0,45.0,8.0,1885.72,3899.83
480.0,92.0,12.0,48.0,12.0,2239.54,4458.87
480.0,72.0,21.0,37.0,8.0,2231.88,3908.3
480.0,70.0,19.0,33.0,10.0,2112.03,3703.04
480.0,78.0,15.0,50.0,7.0,2032.66,4121.22
480.0,71.0,5.0,50.0,9.0,1672.36,3859.56
480.0,79.0,44.0,6.0,4.0,2537.81,2766.79
480.0,67.0,43.0,7.0,2.0,2340.0,2508.13
480.0,82.0,39.0,6.0,5.0,2448.91,2663.08
480.0,84.0,41.0,6.0,7.0,2711.91,2884.15
480.0,78.0,45.0,4.0,5.0,2596.34,2729.92
480.0,72.0,47.0,1.0,3.0,2478.98,2405.41
480.0,71.0,43.0,1.0,4.0,2410.98,2337.23
480.0,83.0,44.0,0.0,3.0,2356.61,2225.03
480.0,80.0,43.0,3.0,6.0,2629.0,2631.21
480.0,74.0,47.0,3.0,1.0,2374.05,2344.12
480.0,81.0,38.0,29.0,6.0,2763.55,3980.24
480.0,68.0,26.0,30.0,9.0,2335.16,3818.12
480.0,79.0,28.0,29.0,17.0,3010.08,4649.89
480.0,86.0,29.0,36.0,12.0,2919.19,4503.62
480.0,73.0,28.0,33.0,8.0,2454.76,4008.87
480.0,72.0,31.0,17.0,3.0,2037.26,2697.63
480.0,76.0,27.0,19.0,6.0,2039.27,2954.51
480.0,71.0,29.0,18.0,6.0,2205.17,3053.53
480.0,87.0,35.0,17.0,5.0,2428.19,3085.14
480.0,72.0,29.0,17.0,5.0,2046.18,2830.03
480.0,75.0,42.0,0.0,6.0,2568.04,2457.98
480.0,71.0,42.0,1.0,4.0,2410.75,2381.46
480.0,81.0,43.0,1.0,3.0,2374.7,2292.46
480.0,78.0,48.0,0.0,1.0,2376.99,2241.55
480.0,76.0,45.0,0.0,3.0,2405.5,2308.45
480.0,74.0,20.0,46.0,4.0,2049.67,3842.38
480.0,73.0,13.0,44.0,9.0,2022.38,3965.38
480.0,78.0,20.0,42.0,12.0,2447.14,4381.22
480.0,79.0,16.0,50.0,7.0,2086.82,4195.67
480.0,73.0,17.0,44.0,8.0,2086.99,4026.76
480.0,83.0,32.0,36.0,9.0,2761.17,4378.28
480.0,68.0,22.0,33.0,7.0,2283.42,3689.25
480.0,71.0,31.0,31.0,6.0,2496.27,3790.32
480.0,74.0,32.0,27.0,7.0,2479.88,3718.79
480.0,77.0,35.0,36.0,4.0,2609.33,4045.39
480.0,79.0,43.0,13.0,4.0,2614.91,3100.45
480.0,81.0,42.0,9.0,4.0,2525.75,2773.14
480.0,79.0,44.0,8.0,4.0,2557.55,2903.77
480.0,82.0,44.0,12.0,5.0,2723.62,3112.87
480.0,72.0,46.0,13.0,2.0,2625.22,3033.55
480.0,73.0,42.0,7.0,1.0,2230.67,2339.21
480.0,75.0,43.0,2.0,4.0,2432.33,2344.59
480.0,86.0,40.0,2.0,6.0,2481.48,2405.45
480.0,72.0,45.0,2.0,2.0,2380.65,2279.01
480.0,70.0,43.0,2.0,4.0,2439.47,2343.65
480.0,81.0,10.0,49.0,8.0,1837.8,4018.46
480.0,69.0,6.0,50.0,8.0,1661.33,3829.54
480.0,83.0,16.0,49.0,8.0,2113.5,4246.69
480.0,84.0,5.0,53.0,8.0,1695.95,3956.01
480.0,77.0,5.0,51.0,7.0,1581.68,3833.47
480.0,83.0,7.0,44.0,16.0,2079.42,4403.42
480.0,68.0,5.0,48.0,11.0,1756.92,3985.99
480.0,75.0,9.0,41.0,17.0,2246.39,4394.06
480.0,71.0,7.0,54.0,5.0,1600.44,3804.35
480.0,78.0,9.0,49.0,11.0,1974.97,4245.04
480.0,87.0,8.0,42.0,9.0,1765.0,3626.03
480.0,73.0,6.0,51.0,8.0,1674.75,3776.99
480.0,78.0,6.0,43.0,12.0,1758.05,3719.38
480.0,80.0,7.0,48.0,7.0,1607.2,3566.28
480.0,76.0,6.0,49.0,6.0,1526.05,3545.1
480.0,78.0,39.0,13.0,7.0,2625.71,3184.69
480.0,69.0,37.0,19.0,4.0,2438.53,3187.54
480.0,81.0,38.0,18.0,7.0,2716.94,3352.68
480.0,78.0,47.0,13.0,1.0,2560.67,2920.04
480.0,74.0,35.0,24.0,3.0,2334.97,3234.09
480.0,69.0,9.0,40.0,7.0,1557.81,3338.65
480.0,84.0,4.0,48.0,6.0,1422.67,3438.27
480.0,77.0,7.0,33.0,7.0,1429.1,3012.07
480.0,75.0,6.0,43.0,7.0,1479.92,3345.93
480.0,70.0,5.0,47.0,3.0,1287.85,3102.0
480.0,70.0,39.0,19.0,3.0,2434.88,3145.21
480.0,80.0,35.0,25.0,6.0,2487.55,3586.11
480.0,81.0,32.0,21.0,6.0,2302.79,3180.66
480.0,77.0,36.0,20.0,2.0,2283.43,2967.16
480.0,75.0,31.0,22.0,9.0,2519.51,3529.76
480.0,80.0,44.0,12.0,3.0,2595.41,2990.89
480.0,76.0,42.0,12.0,3.0,2517.08,2972.97
480.0,82.0,39.0,7.0,6.0,2542.88,2776.32
480.0,88.0,41.0,10.0,6.0,2681.66,3050.44
480.0,78.0,47.0,6.0,2.0,2505.14,2707.34
480.0,75.0,29.0,21.0,4.0,2084.7,2927.61
480.0,72.0,32.0,17.0,5.0,2201.71,2922.57
480.0,77.0,28.0,14.0,8.0,2214.61,2849.2
480.0,71.0,35.0,17.0,2.0,2107.7,2743.32
480.0,71.0,34.0,18.0,4.0,2275.99,3136.7
480.0,79.0,20.0,45.0,3.0,1982.61,3776.13
480.0,69.0,10.0,45.0,7.0,1693.86,3689.15
480.0,73.0,17.0,41.0,10.0,2246.31,4165.33
480.0,76.0,16.0,49.0,5.0,1980.65,3975.15
480.0,72.0,12.0,50.0,6.0,1857.43,3948.36
480.0,79.0,41.0,7.0,4.0,2427.2,2634.66
480.0,85.0,37.0,10.0,6.0,2422.21,2839.39
480.0,80.0,39.0,4.0,5.0,2414.7,2500.26
480.0,82.0,43.0,3.0,6.0,2633.64,2687.47
480.0,68.0,41.0,5.0,7.0,2563.25,2793.25
480.0,75.0,0.0,55.0,6.0,1361.04,3678.22
480.0,65.0,1.0,51.0,8.0,1444.19,3700.91
480.0,83.0,1.0,47.0,12.0,1604.46,3913.98
480.0,94.0,2.0,54.0,8.0,1536.29,3940.88
480.0,76.0,0.0,49.0,11.0,1535.38,3859.99
480.0,73.0,42.0,1.0,5.0,2440.23,2316.9
480.0,76.0,41.0,0.0,6.0,2476.11,2282.08
480.0,65.0,45.0,0.0,2.0,2312.6,2100.98
480.0,71.0,45.0,3.0,1.0,2307.83,2227.34
480.0,76.0,42.0,4.0,3.0,2348.35,2377.75
480.0,78.0,11.0,42.0,7.0,1692.79,3478.22
480.0,75.0,5.0,44.0,8.0,1498.62,3378.57
480.0,90.0,17.0,34.0,10.0,2044.35,3636.26
480.0,79.0,6.0,42.0,9.0,1565.4,3409.48
480.0,77.0,9.0,42.0,6.0,1560.12,3271.01
480.0,71.0,1.0,54.0,6.0,1366.22,3520.53
480.0,81.0,0.0,50.0,7.0,1324.81,3417.19
480.0,75.0,0.0,43.0,8.0,1258.23,3140.28
480.0,83.0,2.0,50.0,5.0,1291.2,3289.8
480.0,76.0,1.0,51.0,4.0,1206.43,3215.28
480.0,83.0,36.0,32.0,6.0,2821.04,4104.29
480.0,86.0,38.0,37.0,6.0,2981.44,4317.81
480.0,77.0,33.0,28.0,7.0,2617.27,3741.21
480.0,73.0,35.0,29.0,4.0,2448.89,3595.11
480.0,72.0,33.0,28.0,6.0,2510.29,3739.36
480.0,63.0,5.0,39.0,7.0,1381.49,3056.26
480.0,76.0,3.0,41.0,5.0,1167.63,2834.65
480.0,86.0,10.0,28.0,8.0,1498.87,2836.92
480.0,66.0,7.0,39.0,4.0,1264.52,2825.41
480.0,73.0,5.0,44.0,3.0,1233.14,2901.47
480.0,68.0,0.0,50.0,8.0,1370.39,3616.05
480.0,67.0,2.0,49.0,10.0,1576.21,3811.79
480.0,88.0,2.0,53.0,6.0,1409.33,3727.63
480.0,90.0,2.0,53.0,7.0,1477.27,3821.83
480.0,81.0,1.0,57.0,3.0,1265.29,3587.95
480.0,81.0,3.0,51.0,11.0,1710.51,3912.2
480.0,73.0,6.0,51.0,8.0,1674.75,3777.94
480.0,83.0,9.0,41.0,11.0,1878.81,3668.08
480.0,77.0,4.0,48.0,7.0,1475.48,3485.27
480.0,72.0,9.0,48.0,6.0,1652.76,3592.6
480.0,68.0,43.0,4.0,5.0,2561.19,2579.25
480.0,70.0,43.0,4.0,4.0,2439.09,2524.46
480.0,80.0,42.0,3.0,6.0,2546.94,2572.75
480.0,76.0,46.0,7.0,4.0,2639.76,2807.06
480.0,67.0,44.0,3.0,3.0,2461.43,2435.2
480.0,64.0,4.0,49.0,4.0,1310.86,3319.58
480.0,69.0,3.0,52.0,5.0,1375.79,3502.83
480.0,76.0,2.0,46.0,12.0,1635.35,3852.82
480.0,77.0,1.0,57.0,5.0,1362.29,3669.56
480.0,75.0,1.0,54.0,5.0,1349.36,3602.66
480.0,76.0,21.0,42.0,7.0,2192.38,3976.69
480.0,77.0,22.0,41.0,7.0,2225.86,4020.69
480.0,84.0,26.0,37.0,4.0,2180.51,3746.87
480.0,95.0,16.0,41.0,10.0,2184.85,4098.58
480.0,77.0,18.0,47.0,5.0,2031.27,3948.55
480.0,85.0,45.0,5.0,3.0,2532.83,2610.51
480.0,73.0,44.0,6.0,3.0,2478.04,2609.32
480.0,84.0,42.0,5.0,3.0,2347.29,2449.72
480.0,88.0,44.0,8.0,2.0,2458.27,2650.53
480.0,83.0,48.0,6.0,0.0,2406.54,2556.09
480.0,80.0,43.0,5.0,3.0,2422.85,2427.69
480.0,85.0,41.0,4.0,4.0,2471.86,2508.57
480.0,77.0,40.0,6.0,4.0,2294.97,2475.7
480.0,81.0,35.0,10.0,6.0,2389.1,2760.44
480.0,77.0,42.0,7.0,2.0,2298.45,2405.74
480.0,72.0,44.0,5.0,4.0,2526.29,2650.46
480.0,76.0,44.0,8.0,4.0,2569.92,2812.18
480.0,82.0,42.0,8.0,8.0,2733.17,3127.76
480.0,87.0,45.0,6.0,5.0,2632.95,2872.57
480.0,69.0,46.0,7.0,3.0,2564.31,2749.04
480.0,86.0,40.0,8.0,3.0,2341.19,2529.76
480.0,81.0,42.0,5.0,4.0,2418.15,2506.48
480.0,80.0,37.0,7.0,4.0,2233.57,2451.11
480.0,74.0,46.0,2.0,3.0,2490.8,2376.54
480.0,72.0,44.0,5.0,1.0,2321.61,2331.61
480.0,72.0,38.0,8.0,3.0,2238.91,2436.59
480.0,73.0,27.0,18.0,3.0,1826.57,2614.87
480.0,80.0,27.0,15.0,5.0,1936.66,2627.6
480.0,73.0,34.0,15.0,2.0,2007.91,2630.75
480.0,68.0,31.0,14.0,4.0,1996.53,2643.56
480.0,75.0,22.0,34.0,2.0,1817.29,3114.57
480.0,81.0,32.0,24.0,7.0,2538.18,3576.59
480.0,79.0,30.0,20.0,4.0,2085.77,3039.33
480.0,84.0,34.0,29.0,7.0,2602.28,3803.41
480.0,74.0,26.0,34.0,7.0,2305.08,3812.76
480.0,80.0,23.0,47.0,4.0,2188.01,4073.78
480.0,71.0,17.0,39.0,11.0,2314.55,4225.98
480.0,78.0,22.0,41.0,9.0,2357.01,4242.71
480.0,77.0,22.0,44.0,4.0,2102.89,3923.46
480.0,68.0,22.0,35.0,8.0,2206.48,3891.2
480.0,70.0,4.0,49.0,8.0,1603.54,3788.89
480.0,71.0,1.0,46.0,12.0,1664.85,3841.74
480.0,79.0,0.0,48.0,9.0,1472.09,3706.4
480.0,99.0,4.0,54.0,8.0,1630.08,3959.19
480.0,83.0,0.0,49.0,11.0,1535.75,3819.78
480.0,80.0,30.0,30.0,11.0,2713.42,4205.21
480.0,80.0,25.0,36.0,11.0,2607.27,4309.29
480.0,82.0,37.0,26.0,12.0,3085.49,4309.42
480.0,87.0,32.0,40.0,9.0,2831.48,4610.28
480.0,70.0,29.0,37.0,4.0,2311.72,3846.85
480.0,78.0,27.0,35.0,4.0,2166.08,3612.3
480.0,73.0,39.0,24.0,6.0,2764.88,3687.93
480.0,78.0,32.0,27.0,6.0,2421.25,3534.29
480.0,82.0,35.0,26.0,8.0,2700.51,3801.36
480.0,72.0,31.0,24.0,7.0,2412.23,3442.0
480.0,83.0,2.0,50.0,9.0,1545.64,3773.77
480.0,73.0,4.0,50.0,7.0,1499.04,3640.55
480.0,73.0,4.0,44.0,15.0,1850.91,4062.71
480.0,84.0,2.0,54.0,7.0,1491.03,3819.75
480.0,76.0,1.0,50.0,9.0,1514.44,3751.31
480.0,84.0,40.0,28.0,8.0,2992.65,4125.74
480.0,78.0,37.0,27.0,10.0,2987.78,4048.99
480.0,81.0,40.0,24.0,9.0,2920.37,3968.43
480.0,89.0,31.0,38.0,7.0,2705.08,4177.83
480.0,78.0,40.0,29.0,5.0,2727.85,3931.54
480.0,84.0,14.0,28.0,7.0,1619.39,2965.28
480.0,74.0,8.0,37.0,5.0,1324.85,2906.18
480.0,79.0,13.0,28.0,6.0,1538.21,2815.78
480.0,68.0,14.0,32.0,3.0,1441.35,2759.52
480.0,75.0,11.0,34.0,4.0,1366.27,2795.67
480.0,83.0,0.0,57.0,4.0,1277.05,3542.28
480.0,81.0,0.0,45.0,12.0,1590.59,3774.69
480.0,82.0,0.0,44.0,8.0,1318.85,3294.69
480.0,77.0,0.0,51.0,6.0,1336.39,3500.95
480.0,82.0,0.0,53.0,7.0,1374.8,3644.37
480.0,89.0,0.0,52.0,8.0,1457.96,3883.16
480.0,79.0,1.0,52.0,7.0,1407.84,3709.47
480.0,81.0,0.0,52.0,7.0,1355.18,3663.95
480.0,94.0,0.0,58.0,4.0,1278.63,3672.0
480.0,69.0,0.0,49.0,10.0,1513.14,3835.79
480.0,70.0,33.0,26.0,9.0,2621.79,3880.89
480.0,64.0,18.0,34.0,7.0,1988.54,3569.25
480.0,83.0,36.0,31.0,11.0,2978.39,4497.89
480.0,75.0,25.0,36.0,9.0,2423.09,4099.21
480.0,71.0,24.0,37.0,7.0,2337.61,3984.34
480.0,74.0,6.0,45.0,5.0,1415.8,3206.12
480.0,82.0,10.0,47.0,5.0,1626.1,3529.49
480.0,83.0,16.0,32.0,10.0,1958.34,3495.02
480.0,79.0,6.0,42.0,9.0,1565.4,3416.92
480.0,74.0,9.0,45.0,4.0,1501.79,3253.58
480.0,85.0,30.0,19.0,3.0,1968.37,2830.14
480.0,82.0,26.0,21.0,7.0,2080.44,3100.53
480.0,86.0,31.0,17.0,3.0,2022.81,2772.83
480.0,68.0,26.0,21.0,7.0,2185.41,3102.01
480.0,74.0,19.0,26.0,4.0,1709.69,2849.31
480.0,85.0,43.0,22.0,10.0,3176.45,4273.98
480.0,73.0,36.0,21.0,8.0,2639.15,3769.74
480.0,79.0,41.0,27.0,6.0,2818.32,3991.63
480.0,83.0,39.0,25.0,7.0,2834.45,3919.29
480.0,72.0,38.0,20.0,4.0,2426.95,3333.92
480.0,71.0,8.0,43.0,10.0,1774.05,3823.91
480.0,75.0,8.0,50.0,9.0,1871.98,4053.81
480.0,81.0,13.0,46.0,10.0,2025.72,4083.73
480.0,87.0,4.0,53.0,7.0,1555.35,3775.84
480.0,74.0,10.0,50.0,7.0,1824.59,3997.84
480.0,78.0,16.0,45.0,10.0,2198.47,4217.34
480.0,71.0,11.0,46.0,8.0,1914.93,3916.45
480.0,84.0,30.0,38.0,11.0,2802.22,4477.44
480.0,79.0,17.0,53.0,3.0,1942.4,3985.68
480.0,78.0,22.0,43.0,10.0,2453.19,4336.29
480.0,83.0,44.0,4.0,4.0,2557.94,2580.01
480.0,74.0,44.0,7.0,3.0,2450.08,2655.66
480.0,84.0,41.0,6.0,6.0,2523.81,2731.7
480.0,78.0,44.0,9.0,6.0,2759.99,3026.91
480.0,77.0,45.0,4.0,4.0,2540.99,2619.54
480.0,82.0,10.0,52.0,10.0,2097.43,4388.21
480.0,72.0,11.0,49.0,7.0,1902.28,3966.2
480.0,82.0,19.0,47.0,11.0,2428.72,4512.3
480.0,76.0,9.0,51.0,6.0,1707.6,3887.92
480.0,77.0,14.0,46.0,9.0,2093.72,4114.29
480.0,79.0,37.0,8.0,6.0,2403.97,2734.07
480.0,79.0,36.0,11.0,4.0,2250.28,2659.1
480.0,83.0,35.0,10.0,5.0,2224.4,2632.15
480.0,81.0,42.0,11.0,4.0,2511.03,2913.49
480.0,69.0,30.0,17.0,3.0,2015.09,2680.17
480.0,79.0,42.0,6.0,4.0,2456.45,2568.42
480.0,84.0,44.0,3.0,2.0,2368.72,2304.7
480.0,73.0,43.0,3.0,2.0,2248.39,2240.94
480.0,69.0,37.0,8.0,8.0,2582.72,2855.47
480.0,66.0,45.0,4.0,4.0,2540.64,2543.87
480.0,80.0,6.0,39.0,7.0,1442.57,3116.8
480.0,76.0,3.0,41.0,5.0,1167.63,2841.09
480.0,86.0,11.0,27.0,8.0,1528.34,2837.92
480.0,67.0,5.0,42.0,3.0,1179.89,2837.27
480.0,73.0,5.0,44.0,3.0,1233.14,2905.76
480.0,88.0,30.0,42.0,4.0,2516.77,4229.02
480.0,71.0,31.0,32.0,8.0,2574.05,4009.98
480.0,78.0,32.0,26.0,12.0,2796.7,4093.64
480.0,84.0,27.0,40.0,4.0,2269.08,3864.48
480.0,78.0,27.0,46.0,3.0,2353.47,4054.41
480.0,80.0,2.0,41.0,5.0,1131.13,3066.18
480.0,74.0,3.0,43.0,3.0,1100.29,3008.84
480.0,83.0,2.0,40.0,9.0,1373.59,3316.65
480.0,76.0,2.0,44.0,7.0,1313.22,3404.21
480.0,71.0,1.0,43.0,6.0,1175.6,3173.97
480.0,74.0,6.0,42.0,14.0,1878.53,4047.24
480.0,82.0,4.0,42.0,17.0,2023.68,4271.05
480.0,79.0,9.0,46.0,15.0,2261.06,4429.59
480.0,66.0,7.0,52.0,2.0,1397.42,3435.97
480.0,73.0,5.0,53.0,5.0,1494.0,3689.3
480.0,88.0,44.0,7.0,5.0,2665.39,2873.6
480.0,74.0,45.0,10.0,0.0,2315.37,2626.39
480.0,85.0,42.0,8.0,2.0,2395.14,2601.17
480.0,83.0,46.0,8.0,0.0,2377.96,2579.19
480.0,74.0,47.0,6.0,2.0,2491.48,2646.71
480.0,87.0,43.0,30.0,7.0,3109.4,4313.21
480.0,72.0,33.0,27.0,11.0,2824.4,4096.75
480.0,85.0,34.0,38.0,9.0,2964.3,4550.29
480.0,69.0,24.0,34.0,6.0,2195.12,3631.48
480.0,73.0,34.0,33.0,5.0,2534.06,3877.53
480.0,81.0,22.0,43.0,10.0,2509.08,4418.94
480.0,69.0,16.0,39.0,11.0,2217.66,4060.79
480.0,84.0,25.0,42.0,9.0,2563.25,4314.95
480.0,92.0,24.0,47.0,7.0,2452.55,4404.45
480.0,70.0,15.0,46.0,7.0,2013.6,4007.4
480.0,77.0,47.0,5.0,3.0,2550.58,2712.99
480.0,79.0,42.0,6.0,4.0,2490.52,2737.31
480.0,78.0,42.0,5.0,5.0,2505.89,2693.95
480.0,87.0,45.0,10.0,4.0,2676.01,3002.86
480.0,64.0,46.0,6.0,3.0,2540.48,2695.52
480.0,85.0,34.0,35.0,4.0,2647.36,3975.24
480.0,80.0,38.0,33.0,7.0,2876.4,4262.82
480.0,78.0,43.0,24.0,6.0,2931.64,3931.11
480.0,79.0,36.0,34.0,1.0,2426.71,3685.42
480.0,72.0,32.0,26.0,8.0,2521.89,3802.05
480.0,78.0,15.0,42.0,12.0,2215.27,4155.17
480.0,73.0,14.0,47.0,9.0,2195.04,4120.43
480.0,79.0,25.0,45.0,7.0,2474.62,4272.53
480.0,91.0,18.0,52.0,7.0,2254.63,4352.95
480.0,78.0,18.0,50.0,6.0,2155.7,4142.63
480.0,86.0,28.0,37.0,9.0,2679.32,4301.38
480.0,75.0,28.0,37.0,5.0,2407.66,3867.96
480.0,85.0,33.0,38.0,11.0,2928.24,4616.21
480.0,90.0,28.0,43.0,7.0,2557.8,4357.41
480.0,79.0,33.0,33.0,6.0,2527.77,3981.24
480.0,87.0,42.0,28.0,10.0,3235.42,4349.27
480.0,73.0,36.0,27.0,9.0,2933.86,3922.29
480.0,73.0,37.0,23.0,9.0,2841.13,3770.54
480.0,90.0,39.0,35.0,5.0,2843.78,4148.18
480.0,76.0,41.0,24.0,8.0,2854.19,3987.48
480.0,81.0,21.0,41.0,1.0,1801.5,3366.35
480.0,78.0,12.0,40.0,10.0,1877.85,3789.62
480.0,85.0,16.0,37.0,5.0,1729.82,3349.07
480.0,73.0,14.0,41.0,8.0,1914.73,3795.89
480.0,67.0,11.0,47.0,5.0,1668.13,3686.6
480.0,84.0,11.0,52.0,6.0,1819.63,4012.42
480.0,69.0,4.0,47.0,12.0,1749.11,4019.77
480.0,85.0,12.0,47.0,14.0,2324.65,4533.6
480.0,86.0,7.0,54.0,8.0,1769.56,4120.43
480.0,69.0,7.0,45.0,11.0,1796.99,3940.4
480.0,89.0,33.0,39.0,7.0,2793.51,4407.14
480.0,61.0,29.0,26.0,6.0,2273.47,3398.79
480.0,82.0,27.0,36.0,11.0,2794.94,4353.26
480.0,89.0,28.0,43.0,8.0,2620.94,4467.35
480.0,69.0,20.0,36.0,11.0,2302.19,4082.43
480.0,70.0,32.0,28.0,5.0,2391.39,3569.09
480.0,75.0,37.0,22.0,9.0,2838.63,3876.1
480.0,82.0,41.0,28.0,5.0,2757.68,3942.64
480.0,84.0,40.0,27.0,6.0,2807.3,3968.16
480.0,73.0,37.0,26.0,7.0,2666.99,3843.3
480.0,72.0,11.0,42.0,5.0,1574.41,3310.07
480.0,78.0,13.0,46.0,8.0,2037.01,4010.01
480.0,86.0,18.0,42.0,5.0,1978.01,3740.55
480.0,75.0,14.0,40.0,8.0,1892.27,3645.38
480.0,77.0,13.0,47.0,6.0,1845.15,3807.11
480.0,69.0,17.0,32.0,3.0,1573.37,2923.32
480.0,78.0,13.0,37.0,3.0,1536.69,2967.16
480.0,78.0,19.0,27.0,3.0,1606.55,2721.3
480.0,79.0,15.0,36.0,5.0,1694.65,3217.14
480.0,72.0,10.0,34.0,7.0,1534.8,3048.13
480.0,81.0,11.0,32.0,6.0,1459.26,2942.32
480.0,78.0,11.0,33.0,3.0,1314.87,2748.26
480.0,91.0,11.0,29.0,7.0,1525.88,2871.01
480.0,77.0,7.0,36.0,6.0,1440.25,3062.11
480.0,72.0,9.0,34.0,6.0,1414.42,2993.61
480.0,90.0,38.0,35.0,7.0,2995.04,4359.95
480.0,76.0,33.0,36.0,3.0,2411.47,3831.6
480.0,85.0,39.0,29.0,11.0,3122.59,4460.75
480.0,77.0,36.0,35.0,2.0,2518.27,3772.22
480.0,74.0,38.0,24.0,7.0,2774.81,3863.73
480.0,87.0,16.0,52.0,9.0,2261.73,4528.21
480.0,72.0,12.0,50.0,7.0,1925.19,4037.86
480.0,75.0,12.0,42.0,16.0,2378.76,4494.14
480.0,77.0,5.0,55.0,7.0,1677.61,3950.93
480.0,87.0,9.0,55.0,5.0,1716.19,4038.7
480.0,67.0,30.0,19.0,4.0,2017.57,2884.74
480.0,83.0,32.0,26.0,7.0,2558.64,3583.02
480.0,81.0,38.0,15.0,7.0,2650.84,3177.02
480.0,79.0,38.0,21.0,6.0,2624.52,3509.87
480.0,66.0,31.0,25.0,6.0,2307.37,3429.97
480.0,76.0,5.0,49.0,7.0,1546.25,3602.27
480.0,76.0,10.0,51.0,8.0,1874.84,4031.38
480.0,74.0,7.0,47.0,10.0,1772.24,3855.27
480.0,79.0,3.0,54.0,6.0,1542.87,3699.91
480.0,80.0,5.0,48.0,11.0,1752.28,3903.49
480.0,71.0,3.0,42.0,7.0,1310.49,3096.36
480.0,75.0,6.0,39.0,6.0,1380.53,3042.91
480.0,86.0,5.0,39.0,7.0,1378.68,3060.92
480.0,67.0,3.0,45.0,4.0,1200.59,3017.41
480.0,82.0,2.0,43.0,7.0,1281.78,3103.55
480.0,84.0,14.0,28.0,7.0,1619.39,2964.71
480.0,74.0,8.0,37.0,5.0,1324.85,2906.32
480.0,84.0,12.0,28.0,9.0,1607.82,3052.37
480.0,68.0,14.0,32.0,3.0,1441.35,2759.01
480.0,75.0,11.0,34.0,4.0,1366.27,2794.96
480.0,81.0,8.0,44.0,7.0,1576.91,3479.63
480.0,82.0,8.0,49.0,8.0,1731.05,3821.82
480.0,79.0,7.0,38.0,7.0,1504.92,3241.68
480.0,82.0,4.0,54.0,7.0,1613.11,3817.99
480.0,73.0,9.0,50.0,4.0,1568.19,3568.68
480.0,70.0,43.0,6.0,2.0,2324.53,2451.09
480.0,88.0,42.0,9.0,3.0,2435.53,2635.69
480.0,81.0,43.0,3.0,3.0,2318.96,2386.68
480.0,76.0,46.0,5.0,3.0,2553.44,2581.1
480.0,74.0,45.0,2.0,4.0,2475.25,2470.94
480.0,88.0,33.0,34.0,14.0,3113.05,4710.17
480.0,79.0,26.0,40.0,10.0,2637.9,4309.54
480.0,85.0,41.0,29.0,8.0,3027.33,4217.86
480.0,94.0,42.0,31.0,9.0,3211.59,4460.86
480.0,70.0,30.0,31.0,9.0,2628.43,3926.6
480.0,76.0,42.0,5.0,4.0,2458.0,2486.2
480.0,84.0,38.0,9.0,3.0,2245.54,2478.19
480.0,76.0,41.0,4.0,3.0,2246.03,2288.46
480.0,81.0,43.0,5.0,4.0,2522.88,2548.19
480.0,76.0,41.0,3.0,4.0,2359.9,2359.04
480.0,80.0,42.0,15.0,9.0,2997.18,3660.17
480.0,79.0,43.0,19.0,5.0,2787.92,3566.36
480.0,77.0,45.0,11.0,6.0,2731.97,3318.43
480.0,86.0,43.0,18.0,6.0,2880.83,3604.44
480.0,74.0,41.0,14.0,7.0,2716.07,3463.95
480.0,74.0,5.0,45.0,5.0,1344.92,3177.11
480.0,82.0,10.0,47.0,5.0,1626.1,3529.69
480.0,83.0,16.0,32.0,10.0,1958.34,3495.34
480.0,79.0,6.0,42.0,9.0,1565.4,3417.05
480.0,74.0,9.0,45.0,4.0,1501.69,3251.77
480.0,80.0,4.0,52.0,4.0,1370.96,3476.86
480.0,77.0,2.0,47.0,7.0,1450.92,3520.36
480.0,81.0,1.0,43.0,11.0,1525.94,3573.28
480.0,79.0,1.0,51.0,7.0,1380.47,3536.75
480.0,77.0,1.0,51.0,7.0,1414.8,3653.28
480.0,72.0,23.0,37.0,5.0,2096.69,3700.77
480.0,79.0,29.0,38.0,8.0,2637.55,4245.69
480.0,82.0,25.0,39.0,9.0,2465.52,4285.68
480.0,79.0,26.0,40.0,6.0,2343.42,4011.26
480.0,82.0,21.0,48.0,6.0,2289.51,4249.0
480.0,73.0,17.0,30.0,5.0,1686.08,3112.76
480.0,79.0,13.0,35.0,6.0,1638.18,3125.95
480.0,73.0,17.0,26.0,8.0,1747.91,3090.71
480.0,74.0,9.0,41.0,3.0,1364.41,2955.31
480.0,82.0,9.0,41.0,2.0,1299.17,2934.93
480.0,67.0,30.0,19.0,4.0,2017.57,2848.74
480.0,74.0,30.0,25.0,5.0,2273.96,3209.77
480.0,83.0,35.0,17.0,8.0,2540.4,3317.27
480.0,91.0,33.0,23.0,4.0,2300.04,3211.85
480.0,73.0,34.0,24.0,5.0,2431.94,3391.06
480.0,68.0,20.0,37.0,3.0,1819.07,3305.37
480.0,81.0,11.0,41.0,9.0,1788.03,3689.78
480.0,82.0,22.0,29.0,7.0,1996.06,3433.03
480.0,77.0,12.0,41.0,8.0,1809.8,3637.3
480.0,78.0,10.0,45.0,8.0,1791.16,3847.44
480.0,81.0,2.0,46.0,9.0,1502.24,3508.06
480.0,76.0,3.0,47.0,8.0,1456.61,3459.64
480.0,75.0,1.0,44.0,7.0,1252.27,3123.73
480.0,83.0,2.0,50.0,5.0,1291.2,3289.72
480.0,91.0,1.0,47.0,8.0,1378.71,3417.42
480.0,80.0,23.0,41.0,8.0,2304.59,4144.6
480.0,72.0,26.0,27.0,14.0,2597.11,4011.85
480.0,80.0,32.0,30.0,4.0,2322.93,3568.97
480.0,91.0,29.0,42.0,7.0,2598.12,4302.36
480.0,71.0,22.0,45.0,1.0,1954.35,3654.49
480.0,79.0,4.0,47.0,10.0,1676.53,3794.78
480.0,74.0,11.0,50.0,6.0,1796.76,3905.61
480.0,72.0,10.0,42.0,12.0,1940.99,3967.04
480.0,96.0,7.0,54.0,6.0,1708.27,3992.44
480.0,65.0,7.0,44.0,8.0,1661.0,3651.03
480.0,79.0,5.0,42.0,5.0,1294.54,3091.41
480.0,78.0,2.0,43.0,8.0,1330.61,3234.79
480.0,77.0,5.0,32.0,10.0,1405.33,3027.47
480.0,72.0,3.0,48.0,2.0,1131.05,2994.61
480.0,74.0,0.0,47.0,4.0,1082.72,2977.44
480.0,71.0,20.0,44.0,3.0,1951.72,3712.33
480.0,76.0,13.0,47.0,11.0,2157.59,4243.43
480.0,83.0,25.0,49.0,5.0,2416.31,4318.13
480.0,82.0,11.0,51.0,6.0,1832.95,3953.45
480.0,76.0,7.0,53.0,6.0,1661.75,3907.01
480.0,84.0,14.0,28.0,7.0,1619.39,2956.45
480.0,74.0,8.0,37.0,5.0,1324.85,2895.29
480.0,79.0,13.0,28.0,6.0,1538.21,2807.7
480.0,68.0,14.0,32.0,3.0,1441.35,2754.68
480.0,75.0,11.0,34.0,4.0,1366.27,2789.82
480.0,72.0,0.0,54.0,6.0,1375.23,3685.56
480.0,81.0,3.0,53.0,6.0,1444.76,3706.96
480.0,74.0,2.0,47.0,11.0,1589.16,3788.89
480.0,77.0,0.0,54.0,6.0,1333.13,3584.35
480.0,76.0,1.0,53.0,7.0,1427.55,3737.2
480.0,82.0,43.0,2.0,3.0,2361.61,2249.12
480.0,79.0,42.0,0.0,3.0,2384.4,2171.93
480.0,87.0,43.0,0.0,4.0,2413.56,2248.55
480.0,86.0,47.0,2.0,1.0,2387.9,2250.57
480.0,81.0,46.0,2.0,0.0,2263.24,2141.95
480.0,85.0,39.0,30.0,8.0,2909.23,4242.08
480.0,70.0,28.0,32.0,6.0,2336.1,3713.35
480.0,84.0,41.0,29.0,7.0,2976.36,4163.12
480.0,77.0,35.0,35.0,2.0,2496.74,3735.41
480.0,71.0,34.0,27.0,6.0,2539.71,3679.92
480.0,70.0,12.0,40.0,7.0,1823.01,3599.84
480.0,66.0,12.0,42.0,9.0,1916.4,3756.71
480.0,73.0,22.0,37.0,9.0,2328.63,4010.59
480.0,80.0,13.0,53.0,3.0,1753.52,3811.35
480.0,73.0,11.0,45.0,9.0,1856.79,3901.08
480.0,72.0,27.0,24.0,3.0,1969.42,2949.46
480.0,80.0,21.0,29.0,5.0,1879.38,3149.94
480.0,88.0,20.0,24.0,5.0,1729.83,2933.28
480.0,75.0,18.0,29.0,7.0,1870.78,3339.26
480.0,82.0,20.0,30.0,5.0,1878.24,3189.03
480.0,82.0,27.0,43.0,8.0,2541.95,4345.06
480.0,75.0,33.0,31.0,7.0,2653.19,3913.86
480.0,89.0,35.0,40.0,9.0,3022.01,4589.55
480.0,90.0,32.0,39.0,4.0,2493.7,4012.91
480.0,77.0,21.0,43.0,6.0,2203.2,3917.63
480.0,75.0,7.0,41.0,7.0,1489.91,3289.63
480.0,82.0,8.0,49.0,9.0,1805.15,3947.12
480.0,90.0,5.0,39.0,7.0,1380.95,3143.04
480.0,78.0,7.0,53.0,3.0,1472.09,3555.74
480.0,73.0,3.0,46.0,7.0,1397.22,3439.94
480.0,72.0,31.0,24.0,5.0,2249.42,3368.12
480.0,75.0,25.0,29.0,12.0,2499.45,3954.65
480.0,81.0,30.0,25.0,7.0,2358.69,3548.61
480.0,91.0,39.0,27.0,2.0,2457.85,3500.31
480.0,70.0,31.0,30.0,3.0,2284.17,3497.49
480.0,82.0,10.0,44.0,5.0,1574.39,3417.25
480.0,82.0,3.0,50.0,6.0,1430.67,3428.24
480.0,77.0,7.0,33.0,7.0,1429.1,3017.79
480.0,80.0,3.0,44.0,5.0,1304.84,3127.85
480.0,64.0,7.0,47.0,1.0,1236.68,3014.87
480.0,61.0,43.0,8.0,3.0,2459.42,2599.22
480.0,74.0,43.0,7.0,4.0,2457.81,2671.1
480.0,87.0,43.0,8.0,2.0,2360.93,2549.83
480.0,74.0,46.0,7.0,4.0,2641.77,2769.67
480.0,70.0,45.0,8.0,5.0,2671.97,2900.7
480.0,81.0,26.0,41.0,7.0,2434.24,4264.76
480.0,80.0,36.0,32.0,8.0,2858.34,4247.89
480.0,82.0,39.0,32.0,9.0,3023.59,4407.68
480.0,84.0,32.0,37.0,6.0,2535.47,4140.36
480.0,85.0,34.0,35.0,11.0,2950.67,4558.1
480.0,91.0,19.0,40.0,9.0,2225.44,3942.58
480.0,69.0,17.0,39.0,8.0,2031.97,3744.91
480.0,77.0,19.0,36.0,6.0,1931.27,3427.5
480.0,71.0,17.0,40.0,9.0,2111.52,3804.18
480.0,81.0,16.0,39.0,7.0,1942.01,3574.93
480.0,89.0,43.0,28.0,7.0,3054.05,4224.5
480.0,76.0,24.0,36.0,10.0,2555.0,4193.43
480.0,71.0,33.0,27.0,10.0,2650.01,4095.85
480.0,89.0,41.0,32.0,3.0,2871.38,4039.85
480.0,73.0,44.0,23.0,4.0,2823.33,3711.5
480.0,76.0,12.0,40.0,3.0,1514.49,3140.88
480.0,75.0,5.0,45.0,5.0,1357.66,3242.98
480.0,75.0,19.0,27.0,3.0,1574.78,2780.51
480.0,75.0,7.0,42.0,10.0,1747.36,3675.43
480.0,76.0,12.0,43.0,2.0,1454.1,3128.0
480.0,72.0,47.0,1.0,3.0,2480.51,2481.13
480.0,72.0,45.0,1.0,2.0,2347.26,2318.0
480.0,83.0,43.0,0.0,4.0,2410.53,2388.19
480.0,71.0,46.0,1.0,3.0,2475.5,2439.48
480.0,75.0,45.0,1.0,3.0,2436.77,2416.94
480.0,82.0,33.0,33.0,10.0,2949.11,4467.46
480.0,74.0,21.0,41.0,10.0,2442.77,4265.49
480.0,77.0,30.0,33.0,11.0,2823.57,4331.78
480.0,92.0,34.0,39.0,8.0,2853.73,4536.71
480.0,76.0,29.0,35.0,7.0,2473.42,4025.65
480.0,81.0,7.0,55.0,5.0,1667.17,3962.46
480.0,83.0,8.0,52.0,7.0,1741.5,3989.43
480.0,75.0,6.0,45.0,14.0,1920.68,4147.81
480.0,62.0,5.0,51.0,4.0,1417.36,3459.15
480.0,78.0,5.0,56.0,4.0,1488.53,3771.91
480.0,78.0,31.0,33.0,5.0,2375.49,3777.54
480.0,84.0,37.0,34.0,6.0,2799.12,4175.18
480.0,87.0,34.0,33.0,10.0,2909.86,4431.23
480.0,93.0,38.0,41.0,5.0,2944.56,4466.79
480.0,73.0,35.0,24.0,7.0,2601.88,3653.11
480.0,73.0,14.0,43.0,9.0,2034.72,3942.83
480.0,77.0,12.0,55.0,7.0,2128.51,4283.35
480.0,91.0,19.0,41.0,11.0,2352.56,4376.89
480.0,68.0,9.0,46.0,6.0,1657.45,3623.35
480.0,75.0,10.0,49.0,9.0,1956.93,4108.51
480.0,69.0,40.0,3.0,5.0,2376.81,2385.39
480.0,77.0,44.0,0.0,2.0,2313.45,2087.71
480.0,87.0,41.0,1.0,4.0,2351.28,2183.99
480.0,79.0,44.0,1.0,3.0,2403.66,2225.95
480.0,74.0,45.0,1.0,1.0,2282.81,2109.81
480.0,75.0,45.0,4.0,4.0,2559.02,2593.45
480.0,84.0,46.0,4.0,0.0,2306.57,2312.46
480.0,83.0,39.0,5.0,7.0,2532.99,2631.6
480.0,79.0,43.0,7.0,3.0,2476.4,2561.52
480.0,70.0,41.0,6.0,4.0,2371.28,2526.31
480.0,81.0,39.0,23.0,6.0,2676.96,3756.47
480.0,71.0,32.0,24.0,13.0,2931.39,4012.52
480.0,90.0,42.0,25.0,12.0,3225.12,4506.06
480.0,91.0,34.0,44.0,3.0,2675.23,4305.68
480.0,74.0,39.0,29.0,4.0,2642.36,3832.79
480.0,84.0,22.0,22.0,4.0,1714.28,2696.5
480.0,80.0,20.0,25.0,2.0,1529.47,2590.5
480.0,83.0,15.0,27.0,6.0,1575.09,2836.45
480.0,79.0,16.0,29.0,3.0,1488.84,2720.41
480.0,70.0,13.0,34.0,2.0,1350.64,2761.96
480.0,78.0,15.0,44.0,11.0,2178.36,4119.07
480.0,70.0,18.0,44.0,8.0,2167.77,3948.15
480.0,80.0,24.0,43.0,10.0,2561.95,4392.62
480.0,71.0,24.0,40.0,5.0,2177.49,3818.34
480.0,75.0,15.0,49.0,9.0,2129.57,4214.57
480.0,69.0,0.0,53.0,4.0,1201.57,3402.99
480.0,74.0,1.0,51.0,7.0,1426.85,3710.34
480.0,78.0,2.0,43.0,15.0,1780.46,4052.72
480.0,80.0,2.0,53.0,8.0,1516.53,3836.88
480.0,82.0,1.0,53.0,6.0,1405.23,3753.68
480.0,80.0,27.0,30.0,2.0,1965.14,3102.76
480.0,73.0,27.0,28.0,8.0,2407.92,3503.27
480.0,87.0,30.0,19.0,9.0,2375.26,3355.07
480.0,78.0,28.0,30.0,4.0,2205.6,3332.49
480.0,76.0,27.0,31.0,4.0,2093.6,3406.51
480.0,76.0,24.0,42.0,6.0,2297.01,4060.11
480.0,77.0,16.0,47.0,9.0,2186.43,4223.89
480.0,79.0,22.0,43.0,13.0,2739.14,4573.79
480.0,71.0,17.0,47.0,4.0,1900.02,3835.55
480.0,71.0,22.0,39.0,6.0,2135.43,3856.8
480.0,76.0,13.0,33.0,7.0,1664.47,3207.15
480.0,74.0,11.0,32.0,9.0,1691.35,3274.6
480.0,84.0,11.0,32.0,8.0,1627.34,3103.43
480.0,81.0,12.0,32.0,8.0,1686.27,3177.99
480.0,73.0,12.0,37.0,2.0,1350.0,2822.2
480.0,81.0,47.0,2.0,2.0,2445.67,2351.75
480.0,87.0,41.0,3.0,5.0,2492.93,2454.06
480.0,75.0,43.0,0.0,4.0,2407.78,2252.78
480.0,87.0,44.0,5.0,3.0,2514.22,2533.89
480.0,77.0,46.0,5.0,2.0,2459.48,2461.85
480.0,73.0,42.0,1.0,5.0,2440.23,2351.54
480.0,76.0,41.0,1.0,6.0,2494.42,2379.47
480.0,87.0,42.0,1.0,5.0,2444.84,2300.17
480.0,71.0,46.0,1.0,2.0,2407.05,2237.11
480.0,71.0,45.0,4.0,1.0,2341.36,2318.68
480.0,74.0,31.0,26.0,10.0,2625.89,3920.0
480.0,71.0,36.0,25.0,6.0,2569.46,3626.58
480.0,89.0,41.0,31.0,9.0,3231.62,4486.39
480.0,80.0,32.0,33.0,3.0,2388.95,3669.96
480.0,81.0,35.0,36.0,7.0,2776.47,4311.02
480.0,75.0,24.0,32.0,2.0,1843.34,3131.04
480.0,75.0,38.0,21.0,4.0,2495.03,3373.19
480.0,80.0,33.0,28.0,6.0,2517.4,3655.69
480.0,78.0,30.0,28.0,8.0,2453.46,3693.01
480.0,75.0,31.0,31.0,8.0,2591.89,3994.09
480.0,79.0,3.0,50.0,4.0,1280.24,3237.38
480.0,68.0,2.0,52.0,4.0,1275.96,3316.26
480.0,75.0,1.0,44.0,7.0,1252.27,3122.26
480.0,87.0,3.0,48.0,7.0,1429.12,3454.45
480.0,73.0,1.0,51.0,6.0,1356.19,3453.21
480.0,70.0,9.0,52.0,6.0,1756.64,3944.99
480.0,77.0,8.0,50.0,9.0,1821.42,4134.26
480.0,76.0,10.0,45.0,14.0,2113.52,4359.93
480.0,73.0,6.0,53.0,6.0,1593.26,3818.08
480.0,69.0,5.0,53.0,4.0,1488.07,3695.18
480.0,93.0,44.0,27.0,4.0,2936.64,3943.7
480.0,73.0,38.0,27.0,6.0,2695.37,3750.02
480.0,86.0,36.0,33.0,8.0,2896.38,4205.36
480.0,77.0,37.0,28.0,5.0,2660.98,3803.29
480.0,63.0,34.0,21.0,3.0,2220.19,3125.04
480.0,70.0,5.0,49.0,9.0,1690.65,3921.0
480.0,77.0,2.0,49.0,10.0,1606.15,3894.21
480.0,85.0,12.0,47.0,12.0,2153.56,4347.98
480.0,75.0,5.0,54.0,5.0,1503.68,3754.42
480.0,69.0,6.0,49.0,8.0,1671.01,3874.4
480.0,85.0,23.0,49.0,7.0,2409.14,4460.42
480.0,74.0,30.0,35.0,8.0,2606.01,4109.64
480.0,79.0,36.0,30.0,11.0,2964.29,4462.39
480.0,90.0,35.0,36.0,9.0,2964.09,4476.86
480.0,77.0,25.0,43.0,6.0,2375.81,4187.15
480.0,88.0,18.0,40.0,6.0,1929.74,3668.62
480.0,71.0,17.0,40.0,12.0,2393.82,4173.89
480.0,83.0,21.0,39.0,9.0,2237.79,4059.62
480.0,81.0,14.0,48.0,7.0,1941.8,3972.2
480.0,86.0,19.0,45.0,7.0,2281.51,4131.55
480.0,81.0,3.0,51.0,11.0,1710.51,3914.58
480.0,78.0,5.0,43.0,11.0,1681.69,3633.5
480.0,76.0,9.0,41.0,8.0,1672.41,3415.7
480.0,84.0,4.0,50.0,6.0,1462.68,3487.05
480.0,78.0,4.0,46.0,7.0,1441.44,3371.71
480.0,80.0,22.0,25.0,5.0,1878.73,2916.63
480.0,71.0,25.0,29.0,8.0,2297.1,3521.85
480.0,84.0,32.0,21.0,7.0,2350.4,3379.59
480.0,82.0,26.0,35.0,5.0,2261.56,3670.78
480.0,67.0,26.0,27.0,5.0,2024.06,3249.54
480.0,75.0,45.0,6.0,3.0,2550.3,2607.25
480.0,72.0,40.0,13.0,5.0,2544.57,2969.96
480.0,91.0,41.0,6.0,3.0,2336.38,2527.34
480.0,81.0,44.0,10.0,4.0,2609.6,2934.46
480.0,71.0,45.0,6.0,6.0,2690.83,2911.39
480.0,73.0,43.0,0.0,6.0,2547.79,2399.42
480.0,79.0,42.0,0.0,4.0,2395.73,2221.51
480.0,78.0,44.0,0.0,3.0,2356.33,2171.85
480.0,67.0,46.0,0.0,2.0,2389.05,2184.11
480.0,77.0,42.0,0.0,5.0,2484.45,2316.47
480.0,83.0,9.0,35.0,7.0,1474.04,3111.49
480.0,75.0,6.0,38.0,5.0,1278.49,2950.64
480.0,76.0,7.0,34.0,7.0,1365.58,2960.6
480.0,88.0,7.0,40.0,5.0,1407.16,3170.82
480.0,70.0,7.0,39.0,4.0,1279.55,2910.07
480.0,71.0,30.0,19.0,3.0,1995.8,2787.84
480.0,79.0,28.0,20.0,3.0,1921.58,2743.24
480.0,81.0,24.0,19.0,6.0,1956.25,2875.79
480.0,73.0,29.0,19.0,4.0,2009.63,2863.15
480.0,84.0,24.0,22.0,5.0,1953.99,2889.97
480.0,78.0,11.0,47.0,10.0,1967.59,4133.02
480.0,64.0,15.0,40.0,6.0,1845.87,3528.65
480.0,77.0,21.0,41.0,9.0,2278.73,4163.83
480.0,83.0,14.0,47.0,9.0,2062.28,4152.7
480.0,68.0,12.0,45.0,8.0,1885.72,3899.9
480.0,76.0,15.0,36.0,3.0,1568.64,3054.09
480.0,80.0,18.0,29.0,8.0,1891.66,3280.84
480.0,88.0,17.0,26.0,7.0,1733.5,2951.73
480.0,78.0,17.0,29.0,2.0,1566.0,2777.24
480.0,71.0,15.0,36.0,5.0,1656.67,3228.41
480.0,78.0,48.0,2.0,0.0,2341.79,2187.87
480.0,84.0,44.0,6.0,3.0,2464.2,2508.88
480.0,81.0,43.0,3.0,3.0,2319.67,2378.9
480.0,88.0,43.0,7.0,5.0,2651.62,2746.96
480.0,73.0,44.0,6.0,2.0,2463.16,2491.97
480.0,81.0,29.0,26.0,5.0,2244.6,3241.76
480.0,66.0,35.0,17.0,6.0,2435.02,3084.26
480.0,89.0,33.0,15.0,5.0,2155.08,2883.37
480.0,78.0,37.0,13.0,3.0,2244.66,2732.49
480.0,79.0,27.0,25.0,2.0,1940.12,2941.46
480.0,73.0,4.0,44.0,8.0,1458.73,3393.55
480.0,87.0,3.0,42.0,10.0,1479.75,3404.99
480.0,75.0,3.0,41.0,7.0,1300.63,3089.22
480.0,82.0,4.0,48.0,6.0,1448.09,3400.61
480.0,77.0,2.0,45.0,4.0,1143.15,2953.86
480.0,89.0,33.0,40.0,6.0,2715.35,4401.45
480.0,70.0,27.0,28.0,9.0,2542.29,3788.83
480.0,83.0,34.0,38.0,8.0,2837.38,4411.37
480.0,78.0,30.0,33.0,6.0,2436.71,3858.54
480.0,73.0,22.0,39.0,9.0,2287.79,4138.87
480.0,80.0,14.0,36.0,5.0,1626.04,3235.61
480.0,76.0,15.0,34.0,5.0,1621.21,3136.02
480.0,78.0,16.0,33.0,3.0,1529.03,2965.45
480.0,76.0,12.0,34.0,7.0,1660.85,3165.54
480.0,80.0,15.0,36.0,3.0,1544.99,3082.13
480.0,75.0,28.0,21.0,6.0,2137.24,3106.47
480.0,76.0,36.0,10.0,6.0,2380.96,2780.46
480.0,85.0,28.0,21.0,6.0,2117.75,3049.08
480.0,77.0,36.0,15.0,2.0,2129.18,2723.49
480.0,71.0,24.0,25.0,5.0,2033.01,3032.15
480.0,67.0,9.0,42.0,7.0,1586.75,3431.94
480.0,76.0,15.0,48.0,6.0,2001.79,3973.81
480.0,85.0,19.0,39.0,7.0,2144.04,3816.46
480.0,77.0,18.0,41.0,4.0,1838.05,3484.37
480.0,80.0,14.0,50.0,2.0,1685.81,3597.16
480.0,84.0,28.0,39.0,8.0,2583.65,4364.01
480.0,66.0,27.0,26.0,8.0,2287.61,3605.93
480.0,87.0,33.0,42.0,9.0,2932.2,4714.55
480.0,76.0,23.0,39.0,8.0,2332.63,4064.38
480.0,71.0,32.0,32.0,4.0,2354.58,3717.31
480.0,75.0,17.0,32.0,6.0,1800.77,3172.59
480.0,84.0,12.0,36.0,5.0,1576.32,3065.75
480.0,82.0,18.0,25.0,6.0,1680.22,2840.96
480.0,73.0,13.0,35.0,2.0,1372.04,2777.72
480.0,74.0,15.0,30.0,6.0,1674.1,3009.14
480.0,84.0,45.0,2.0,5.0,2585.77,2604.75
480.0,72.0,46.0,2.0,2.0,2364.38,2341.39
480.0,84.0,41.0,1.0,5.0,2454.98,2374.89
480.0,80.0,44.0,0.0,4.0,2533.43,2378.51
480.0,77.0,46.0,2.0,2.0,2399.12,2356.77
480.0,89.0,41.0,29.0,3.0,2763.94,3866.72
480.0,71.0,33.0,28.0,7.0,2544.33,3777.8
480.0,85.0,42.0,24.0,4.0,2803.08,3728.68
480.0,95.0,41.0,34.0,7.0,3088.4,4500.85
480.0,72.0,42.0,15.0,6.0,2728.63,3455.98
480.0,86.0,6.0,55.0,7.0,1773.85,4053.09
480.0,72.0,6.0,53.0,5.0,1547.12,3698.93
480.0,72.0,8.0,47.0,9.0,1801.75,3901.41
480.0,72.0,3.0,52.0,10.0,1709.62,3971.95
480.0,81.0,5.0,51.0,9.0,1703.54,3963.88
480.0,84.0,11.0,52.0,6.0,1819.63,4012.51
480.0,69.0,4.0,47.0,12.0,1749.11,4021.16
480.0,85.0,12.0,47.0,14.0,2324.65,4535.07
480.0,86.0,7.0,54.0,8.0,1769.56,4120.51
480.0,69.0,7.0,45.0,11.0,1796.99,3940.49
480.0,80.0,4.0,52.0,4.0,1370.96,3479.27
480.0,77.0,2.0,47.0,7.0,1450.92,3523.57
480.0,81.0,1.0,43.0,11.0,1525.94,3578.1
480.0,79.0,1.0,51.0,7.0,1380.47,3540.77
480.0,77.0,1.0,51.0,7.0,1414.8,3658.91
480.0,81.0,42.0,19.0,7.0,2813.51,3712.13
480.0,77.0,42.0,17.0,6.0,2786.27,3547.32
480.0,86.0,42.0,18.0,4.0,2661.72,3381.48
480.0,98.0,47.0,14.0,4.0,2753.3,3409.74
480.0,80.0,35.0,26.0,8.0,2754.64,3878.74
480.0,71.0,40.0,3.0,6.0,2440.72,2490.17
480.0,78.0,43.0,4.0,4.0,2463.43,2449.18
480.0,77.0,41.0,4.0,2.0,2284.28,2311.62
480.0,80.0,40.0,5.0,6.0,2534.73,2582.57
480.0,70.0,38.0,11.0,2.0,2226.99,2554.11
480.0,72.0,44.0,5.0,4.0,2526.29,2643.07
480.0,73.0,44.0,8.0,6.0,2691.89,2982.42
480.0,82.0,42.0,8.0,8.0,2733.17,3106.99
480.0,87.0,45.0,6.0,5.0,2632.95,2855.93
480.0,69.0,46.0,7.0,3.0,2564.31,2736.11
480.0,75.0,0.0,41.0,7.0,1165.51,2941.51
480.0,76.0,1.0,42.0,4.0,1043.07,2732.82
480.0,78.0,0.0,38.0,9.0,1211.37,2922.04
480.0,82.0,0.0,45.0,3.0,998.2,2757.62
480.0,79.0,0.0,41.0,7.0,1149.31,2906.23
480.0,77.0,16.0,40.0,10.0,2101.12,3981.28
480.0,74.0,12.0,52.0,4.0,1816.46,3946.59
480.0,77.0,21.0,34.0,7.0,2155.12,3706.96
480.0,81.0,14.0,43.0,9.0,1999.0,3977.29
480.0,74.0,14.0,45.0,7.0,1937.45,3929.24
480.0,80.0,41.0,16.0,5.0,2590.73,3168.6
480.0,75.0,40.0,17.0,5.0,2585.91,3228.04
480.0,84.0,36.0,6.0,10.0,2615.48,2871.94
480.0,90.0,44.0,12.0,6.0,2772.46,3159.58
480.0,67.0,29.0,26.0,2.0,2033.84,3016.62
480.0,84.0,27.0,44.0,7.0,2578.54,4412.15
480.0,67.0,25.0,32.0,6.0,2156.45,3608.26
480.0,76.0,24.0,34.0,9.0,2350.22,3934.24
480.0,89.0,21.0,49.0,8.0,2392.24,4458.89
480.0,70.0,12.0,45.0,8.0,1941.94,3958.39
480.0,81.0,27.0,21.0,4.0,2000.96,2848.87
480.0,79.0,29.0,18.0,3.0,1958.18,2677.56
480.0,82.0,23.0,21.0,5.0,1761.75,2782.84
480.0,73.0,27.0,22.0,1.0,1811.93,2638.9
480.0,73.0,20.0,27.0,3.0,1637.01,2826.45
480.0,84.0,44.0,6.0,5.0,2655.74,2886.81
480.0,78.0,41.0,9.0,6.0,2624.62,2991.23
480.0,80.0,42.0,7.0,2.0,2341.33,2563.49
480.0,76.0,46.0,8.0,1.0,2430.92,2661.63
480.0,85.0,42.0,10.0,4.0,2575.02,2889.04
480.0,87.0,39.0,35.0,7.0,3029.07,4388.66
480.0,69.0,23.0,34.0,6.0,2267.01,3624.34
480.0,87.0,44.0,23.0,13.0,3333.55,4531.09
480.0,84.0,37.0,26.0,8.0,2861.28,3895.32
480.0,77.0,39.0,28.0,5.0,2686.38,3860.41
480.0,76.0,7.0,37.0,5.0,1300.92,2913.03
480.0,80.0,16.0,27.0,4.0,1493.0,2687.77
480.0,78.0,12.0,29.0,6.0,1443.23,2795.33
480.0,75.0,14.0,33.0,4.0,1523.3,2923.21
480.0,67.0,10.0,31.0,8.0,1501.35,3013.72
480.0,74.0,44.0,14.0,3.0,2634.61,3062.62
480.0,77.0,42.0,14.0,3.0,2497.86,2965.34
480.0,82.0,36.0,17.0,8.0,2650.91,3325.45
480.0,79.0,45.0,12.0,4.0,2683.02,3042.46
480.0,82.0,44.0,12.0,5.0,2702.19,3157.15
480.0,91.0,1.0,48.0,10.0,1524.33,3710.24
480.0,71.0,1.0,48.0,11.0,1569.6,3893.34
480.0,73.0,1.0,43.0,16.0,1797.11,4017.88
480.0,79.0,2.0,56.0,5.0,1410.87,3692.16
480.0,74.0,0.0,55.0,5.0,1290.05,3573.99
480.0,75.0,8.0,39.0,4.0,1338.55,2986.84
480.0,78.0,4.0,41.0,7.0,1364.05,3202.58
480.0,77.0,14.0,29.0,6.0,1588.4,2975.48
480.0,76.0,6.0,39.0,5.0,1361.27,3062.58
480.0,72.0,12.0,40.0,1.0,1357.4,2913.3
480.0,82.0,30.0,28.0,5.0,2291.3,3431.87
480.0,78.0,35.0,28.0,5.0,2515.39,3588.25
480.0,83.0,34.0,18.0,7.0,2455.98,3355.13
480.0,71.0,32.0,24.0,4.0,2325.0,3235.71
480.0,80.0,41.0,21.0,5.0,2638.52,3567.92
480.0,78.0,37.0,23.0,12.0,2948.84,4202.24
480.0,71.0,31.0,30.0,7.0,2503.36,3881.05
480.0,82.0,38.0,29.0,10.0,3020.95,4377.92
480.0,90.0,37.0,37.0,8.0,2999.32,4553.29
480.0,73.0,31.0,35.0,6.0,2456.99,3982.29
480.0,66.0,42.0,6.0,2.0,2283.72,2363.16
480.0,84.0,39.0,6.0,2.0,2145.7,2221.74
480.0,73.0,40.0,3.0,3.0,2220.78,2194.55
480.0,76.0,42.0,6.0,1.0,2212.76,2263.46
480.0,78.0,35.0,9.0,5.0,2300.65,2511.65
480.0,79.0,30.0,29.0,4.0,2239.05,3442.91
480.0,71.0,32.0,28.0,3.0,2326.49,3380.43
480.0,89.0,32.0,24.0,7.0,2368.83,3578.08
480.0,78.0,34.0,27.0,7.0,2607.36,3763.47
480.0,76.0,36.0,24.0,6.0,2579.0,3688.23
480.0,76.0,17.0,41.0,8.0,2020.65,3937.7
480.0,85.0,13.0,47.0,7.0,1931.45,3877.96
480.0,79.0,19.0,36.0,7.0,1985.7,3612.8
480.0,77.0,11.0,43.0,8.0,1779.75,3755.79
480.0,70.0,11.0,47.0,5.0,1670.1,3691.71
480.0,96.0,42.0,42.0,6.0,3223.91,4764.67
480.0,69.0,35.0,26.0,7.0,2590.36,3767.62
480.0,84.0,41.0,31.0,9.0,3134.98,4388.45
480.0,93.0,39.0,39.0,6.0,3007.16,4443.46
480.0,69.0,29.0,32.0,4.0,2257.19,3573.48
480.0,70.0,43.0,6.0,2.0,2324.53,2449.22
480.0,88.0,42.0,9.0,3.0,2435.53,2634.43
480.0,81.0,43.0,3.0,3.0,2318.96,2385.75
480.0,76.0,46.0,5.0,3.0,2553.44,2580.57
480.0,74.0,45.0,2.0,4.0,2475.25,2469.68
480.0,84.0,20.0,40.0,8.0,2206.78,3999.9
480.0,70.0,22.0,39.0,5.0,2064.04,3706.64
480.0,74.0,24.0,34.0,8.0,2396.79,3832.21
480.0,84.0,31.0,35.0,9.0,2767.55,4299.01
480.0,75.0,22.0,38.0,9.0,2329.48,4020.14
480.0,82.0,16.0,36.0,6.0,1840.85,3417.94
480.0,82.0,12.0,38.0,10.0,1837.25,3675.38
480.0,85.0,16.0,37.0,5.0,1729.82,3347.55
480.0,91.0,13.0,43.0,8.0,1926.13,3801.67
480.0,74.0,14.0,46.0,6.0,1906.21,3881.22
480.0,70.0,2.0,45.0,4.0,1145.69,3142.55
480.0,78.0,3.0,43.0,5.0,1211.38,3131.07
480.0,83.0,2.0,40.0,9.0,1373.59,3310.17
480.0,79.0,2.0,45.0,9.0,1450.29,3569.88
480.0,81.0,2.0,43.0,6.0,1237.06,3248.55
480.0,69.0,40.0,3.0,5.0,2376.81,2387.6
480.0,77.0,44.0,0.0,2.0,2313.45,2088.12
480.0,87.0,41.0,1.0,4.0,2351.28,2185.05
480.0,79.0,44.0,1.0,3.0,2403.66,2227.01
480.0,74.0,45.0,1.0,1.0,2282.81,2111.04
480.0,68.0,36.0,24.0,6.0,2544.37,3664.58
480.0,84.0,37.0,34.0,6.0,2799.12,4171.01
480.0,87.0,34.0,33.0,10.0,2909.86,4427.06
480.0,95.0,39.0,34.0,6.0,2955.36,4239.86
480.0,73.0,35.0,24.0,7.0,2601.88,3649.27
480.0,75.0,38.0,2.0,8.0,2533.72,2497.66
480.0,77.0,44.0,0.0,2.0,2313.45,2084.27
480.0,85.0,44.0,0.0,2.0,2316.36,2096.06
480.0,79.0,44.0,1.0,3.0,2403.66,2219.66
480.0,81.0,46.0,2.0,0.0,2263.24,2135.59
480.0,72.0,8.0,42.0,6.0,1504.66,3335.2
480.0,79.0,3.0,44.0,6.0,1339.41,3223.92
480.0,76.0,11.0,35.0,6.0,1515.9,3111.83
480.0,74.0,9.0,41.0,6.0,1518.29,3284.49
480.0,76.0,5.0,49.0,3.0,1294.47,3222.41
480.0,69.0,19.0,43.0,5.0,2011.36,3802.76
480.0,70.0,20.0,38.0,11.0,2280.72,4054.88
480.0,77.0,18.0,39.0,13.0,2423.07,4261.68
480.0,81.0,19.0,50.0,5.0,2191.81,4154.57
480.0,72.0,18.0,43.0,8.0,2127.07,4037.35
480.0,79.0,23.0,45.0,3.0,2184.17,3894.79
480.0,80.0,29.0,36.0,10.0,2642.57,4324.39
480.0,71.0,20.0,41.0,8.0,2237.01,4073.64
480.0,76.0,20.0,43.0,6.0,2184.05,4019.55
480.0,67.0,17.0,37.0,8.0,1975.36,3673.69
480.0,75.0,33.0,13.0,9.0,2427.17,3122.16
480.0,69.0,40.0,16.0,2.0,2307.63,2867.91
480.0,79.0,37.0,7.0,9.0,2534.72,2913.68
480.0,86.0,43.0,16.0,4.0,2648.1,3174.6
480.0,76.0,28.0,27.0,2.0,1976.45,2997.28
480.0,80.0,10.0,50.0,7.0,1824.49,3896.98
480.0,76.0,12.0,47.0,8.0,1887.77,3919.91
480.0,81.0,17.0,41.0,5.0,1948.52,3582.34
480.0,72.0,8.0,48.0,6.0,1650.98,3553.68
480.0,83.0,10.0,51.0,4.0,1627.91,3644.81
480.0,81.0,26.0,22.0,8.0,2203.32,3222.79
480.0,77.0,34.0,18.0,6.0,2362.07,3176.6
480.0,74.0,30.0,16.0,2.0,1823.67,2504.34
480.0,84.0,26.0,30.0,3.0,2036.87,3174.08
480.0,71.0,29.0,23.0,2.0,1949.68,2815.94
480.0,77.0,12.0,49.0,5.0,1828.75,3911.65
480.0,75.0,8.0,53.0,7.0,1777.98,4037.37
480.0,74.0,13.0,44.0,10.0,2111.19,4103.07
480.0,93.0,11.0,55.0,5.0,1840.91,4090.75
480.0,77.0,12.0,51.0,6.0,1889.91,4062.87
480.0,69.0,26.0,35.0,5.0,2194.75,3703.61
480.0,63.0,27.0,25.0,4.0,2022.66,3123.91
480.0,80.0,34.0,30.0,3.0,2394.43,3577.37
480.0,77.0,25.0,40.0,4.0,2158.64,3846.72
480.0,73.0,18.0,39.0,6.0,1941.81,3643.38
480.0,79.0,1.0,41.0,8.0,1260.02,3091.03
480.0,74.0,1.0,41.0,7.0,1195.05,2986.53
480.0,78.0,0.0,37.0,10.0,1248.07,2985.0
480.0,85.0,1.0,44.0,4.0,1124.48,2928.76
480.0,74.0,0.0,44.0,7.0,1213.29,3116.67
480.0,74.0,44.0,14.0,3.0,2634.61,3070.79
480.0,77.0,42.0,14.0,3.0,2497.86,2973.45
480.0,86.0,35.0,15.0,8.0,2593.49,3194.42
480.0,79.0,45.0,12.0,4.0,2683.02,3050.61
480.0,82.0,44.0,12.0,5.0,2702.19,3167.32
480.0,81.0,23.0,25.0,7.0,2031.12,3243.82
480.0,79.0,19.0,33.0,6.0,1980.9,3372.43
480.0,79.0,24.0,22.0,8.0,2048.42,3239.94
480.0,70.0,22.0,30.0,4.0,1835.6,3182.83
480.0,70.0,25.0,28.0,4.0,1947.74,3236.52
480.0,77.0,14.0,37.0,5.0,1646.88,3215.9
480.0,78.0,13.0,37.0,3.0,1536.69,2964.41
480.0,78.0,19.0,27.0,3.0,1606.55,2717.23
480.0,81.0,13.0,35.0,8.0,1803.84,3335.55
480.0,73.0,10.0,32.0,9.0,1635.56,3125.65
480.0,82.0,33.0,33.0,10.0,2949.11,4468.17
480.0,74.0,21.0,42.0,10.0,2401.58,4244.77
480.0,97.0,35.0,36.0,16.0,3367.74,5092.75
480.0,92.0,34.0,39.0,8.0,2853.73,4537.24
480.0,76.0,29.0,35.0,7.0,2473.42,4026.74
480.0,82.0,7.0,52.0,7.0,1700.91,4014.02
480.0,75.0,5.0,53.0,7.0,1675.96,3957.2
480.0,71.0,7.0,50.0,9.0,1764.8,4027.91
480.0,79.0,5.0,56.0,5.0,1539.72,3874.53
480.0,73.0,6.0,53.0,8.0,1728.28,4023.67
480.0,72.0,22.0,35.0,10.0,2312.35,3957.91
480.0,73.0,29.0,33.0,7.0,2551.76,3813.28
480.0,78.0,29.0,39.0,4.0,2305.0,3887.99
480.0,73.0,19.0,39.0,8.0,2172.95,3829.26
480.0,85.0,35.0,31.0,14.0,3132.34,4688.41
480.0,69.0,5.0,42.0,5.0,1301.84,3061.1
480.0,77.0,2.0,40.0,8.0,1318.79,3072.17
480.0,87.0,1.0,37.0,11.0,1385.21,3103.81
480.0,78.0,3.0,49.0,7.0,1441.79,3493.18
480.0,66.0,3.0,43.0,4.0,1159.29,2897.4
480.0,80.0,46.0,4.0,4.0,2581.3,2670.94
480.0,76.0,46.0,3.0,1.0,2330.09,2321.99
480.0,88.0,43.0,4.0,3.0,2428.92,2450.54
480.0,81.0,45.0,6.0,4.0,2592.66,2737.47
480.0,73.0,47.0,4.0,2.0,2460.72,2501.4
480.0,74.0,6.0,45.0,5.0,1415.8,3206.45
480.0,82.0,10.0,47.0,5.0,1626.1,3529.72
480.0,83.0,16.0,32.0,10.0,1958.34,3494.9
480.0,79.0,6.0,42.0,9.0,1565.4,3417.16
480.0,74.0,9.0,45.0,4.0,1501.79,3253.91
480.0,66.0,44.0,0.0,4.0,2452.07,2236.36
480.0,79.0,42.0,0.0,3.0,2384.4,2174.62
480.0,87.0,43.0,0.0,4.0,2413.56,2251.24
480.0,81.0,47.0,0.0,1.0,2359.15,2135.83
480.0,69.0,45.0,1.0,2.0,2325.28,2148.07
480.0,92.0,35.0,38.0,6.0,2731.57,4296.76
480.0,80.0,37.0,34.0,8.0,2895.84,4334.83
480.0,77.0,32.0,35.0,6.0,2597.46,4003.9
480.0,86.0,35.0,35.0,6.0,2740.32,4175.9
480.0,76.0,26.0,34.0,9.0,2552.43,4022.24
480.0,86.0,43.0,34.0,5.0,3044.47,4299.08
480.0,77.0,29.0,31.0,12.0,2750.5,4283.1
480.0,87.0,41.0,24.0,15.0,3377.82,4628.7
480.0,83.0,35.0,33.0,6.0,2675.52,4036.79
480.0,69.0,32.0,29.0,4.0,2320.2,3535.67
480.0,65.0,31.0,19.0,5.0,2101.14,2993.59
480.0,82.0,29.0,27.0,3.0,2178.25,3292.38
480.0,81.0,33.0,20.0,6.0,2410.03,3246.61
480.0,82.0,29.0,25.0,6.0,2273.85,3279.36
480.0,68.0,27.0,29.0,4.0,2123.57,3337.35
480.0,84.0,40.0,26.0,7.0,3023.63,4058.45
480.0,72.0,32.0,25.0,4.0,2368.99,3385.15
480.0,82.0,41.0,23.0,5.0,2777.53,3701.27
480.0,85.0,42.0,29.0,7.0,2959.14,4248.73
480.0,88.0,38.0,38.0,5.0,2884.05,4338.85
480.0,82.0,44.0,6.0,4.0,2593.32,2684.72
480.0,67.0,39.0,10.0,4.0,2466.45,2739.89
480.0,83.0,42.0,6.0,3.0,2437.34,2605.32
480.0,84.0,46.0,10.0,3.0,2640.88,2881.06
480.0,71.0,45.0,6.0,6.0,2690.83,2910.34
480.0,70.0,42.0,5.0,2.0,2276.54,2299.25
480.0,79.0,42.0,0.0,3.0,2384.4,2174.24
480.0,87.0,43.0,1.0,4.0,2389.17,2279.06
480.0,76.0,47.0,1.0,1.0,2377.25,2194.13
480.0,77.0,40.0,4.0,3.0,2272.3,2263.75
480.0,81.0,7.0,49.0,8.0,1725.08,3886.26
480.0,88.0,9.0,50.0,9.0,1867.53,4086.92
480.0,70.0,8.0,43.0,16.0,2145.5,4200.68
480.0,89.0,3.0,55.0,6.0,1557.74,3838.71
480.0,74.0,10.0,51.0,7.0,1819.56,3959.23
480.0,84.0,22.0,22.0,4.0,1714.28,2696.37
480.0,80.0,20.0,25.0,2.0,1529.47,2590.24
480.0,83.0,15.0,27.0,6.0,1575.09,2836.21
480.0,79.0,16.0,29.0,3.0,1488.84,2720.17
480.0,70.0,13.0,34.0,2.0,1350.64,2761.84
480.0,87.0,46.0,6.0,2.0,2466.35,2552.81
480.0,84.0,44.0,6.0,3.0,2464.2,2507.55
480.0,81.0,43.0,3.0,3.0,2319.67,2377.52
480.0,79.0,44.0,5.0,3.0,2455.72,2509.48
480.0,73.0,44.0,6.0,2.0,2463.16,2491.35
480.0,93.0,34.0,44.0,8.0,2963.99,4650.39
480.0,62.0,33.0,19.0,8.0,2464.27,3385.8
480.0,80.0,34.0,35.0,9.0,2917.61,4283.56
480.0,87.0,38.0,33.0,9.0,2949.17,4368.01
480.0,66.0,37.0,17.0,8.0,2570.5,3383.4
480.0,72.0,40.0,6.0,6.0,2523.76,2640.34
480.0,77.0,42.0,3.0,5.0,2505.82,2499.74
480.0,77.0,43.0,3.0,2.0,2238.11,2232.23
480.0,75.0,43.0,7.0,3.0,2463.85,2581.77
480.0,69.0,41.0,5.0,2.0,2257.41,2296.56
480.0,84.0,28.0,39.0,8.0,2583.65,4369.25
480.0,77.0,30.0,28.0,9.0,2505.51,3959.4
480.0,87.0,33.0,42.0,9.0,2932.2,4717.15
480.0,76.0,23.0,39.0,8.0,2332.63,4068.33
480.0,71.0,32.0,32.0,4.0,2354.58,3720.41
480.0,70.0,37.0,21.0,5.0,2615.46,3450.3
480.0,69.0,42.0,17.0,2.0,2507.06,3078.19
480.0,82.0,42.0,20.0,4.0,2694.07,3463.42
480.0,81.0,44.0,15.0,7.0,2854.83,3560.09
480.0,79.0,45.0,14.0,3.0,2641.51,3192.05
480.0,80.0,18.0,33.0,6.0,1841.18,3255.2
480.0,71.0,19.0,35.0,4.0,1833.37,3203.44
480.0,81.0,25.0,23.0,4.0,1868.27,2878.22
480.0,81.0,21.0,31.0,5.0,1867.7,3220.73
480.0,80.0,11.0,35.0,8.0,1627.51,3236.91
480.0,85.0,23.0,49.0,7.0,2409.14,4460.87
480.0,65.0,26.0,31.0,6.0,2201.93,3547.23
480.0,79.0,36.0,30.0,11.0,2964.29,4463.16
480.0,90.0,35.0,39.0,9.0,2967.81,4643.71
480.0,77.0,25.0,43.0,6.0,2375.81,4187.85
480.0,71.0,25.0,33.0,4.0,2029.58,3475.28
480.0,69.0,23.0,35.0,5.0,2084.48,3610.17
480.0,80.0,34.0,30.0,3.0,2394.43,3581.13
480.0,92.0,31.0,32.0,8.0,2583.77,4095.23
480.0,73.0,18.0,39.0,6.0,1941.81,3646.21
480.0,73.0,43.0,0.0,6.0,2547.79,2401.92
480.0,79.0,42.0,1.0,4.0,2413.9,2280.92
480.0,87.0,43.0,0.0,4.0,2413.56,2256.51
480.0,77.0,45.0,1.0,3.0,2452.24,2303.15
480.0,83.0,44.0,0.0,3.0,2396.49,2213.63
480.0,81.0,3.0,51.0,11.0,1700.38,3898.42
480.0,82.0,4.0,49.0,9.0,1626.52,3772.89
480.0,76.0,3.0,45.0,10.0,1575.49,3512.1
480.0,79.0,2.0,50.0,8.0,1472.83,3548.13
480.0,70.0,2.0,50.0,7.0,1414.77,3508.07
480.0,76.0,11.0,42.0,15.0,2203.54,4376.0
480.0,71.0,3.0,53.0,6.0,1541.71,3812.44
480.0,78.0,14.0,46.0,12.0,2226.42,4365.29
480.0,70.0,6.0,54.0,7.0,1703.09,3979.24
480.0,74.0,9.0,50.0,10.0,1930.03,4244.84
480.0,73.0,29.0,36.0,4.0,2330.98,3765.81
480.0,71.0,27.0,31.0,9.0,2528.35,3883.51
480.0,83.0,34.0,38.0,8.0,2837.38,4407.76
480.0,78.0,30.0,33.0,6.0,2436.71,3853.94
480.0,71.0,26.0,38.0,7.0,2324.01,4020.93
480.0,75.0,0.0,41.0,7.0,1165.51,2941.42
480.0,76.0,1.0,42.0,4.0,1043.07,2732.8
480.0,78.0,0.0,38.0,9.0,1211.37,2922.12
480.0,82.0,0.0,45.0,3.0,998.2,2757.52
480.0,79.0,0.0,41.0,7.0,1149.31,2906.13
480.0,78.0,44.0,21.0,4.0,2812.02,3637.85
480.0,70.0,35.0,23.0,8.0,2617.78,3767.39
480.0,82.0,42.0,29.0,8.0,3114.54,4290.25
480.0,79.0,38.0,25.0,3.0,2527.25,3491.17
480.0,72.0,35.0,24.0,6.0,2528.93,3650.37
480.0,73.0,45.0,1.0,2.0,2354.14,2194.35
480.0,75.0,43.0,2.0,4.0,2432.33,2346.81
480.0,87.0,43.0,0.0,4.0,2413.56,2258.08
480.0,81.0,47.0,0.0,1.0,2359.15,2144.68
480.0,69.0,41.0,3.0,4.0,2390.6,2330.61
480.0,77.0,47.0,3.0,2.0,2478.07,2554.89
480.0,77.0,42.0,7.0,6.0,2616.73,2954.51
480.0,76.0,44.0,8.0,2.0,2422.2,2714.91
480.0,77.0,44.0,8.0,4.0,2561.62,2894.27
480.0,85.0,46.0,6.0,4.0,2610.57,2900.18
480.0,80.0,10.0,50.0,7.0,1824.49,3896.98
480.0,76.0,12.0,47.0,8.0,1887.77,3919.91
480.0,81.0,17.0,41.0,5.0,1948.52,3582.33
480.0,72.0,8.0,48.0,6.0,1650.98,3553.68
480.0,83.0,10.0,51.0,4.0,1627.91,3644.81
480.0,85.0,45.0,7.0,2.0,2466.7,2575.28
480.0,82.0,41.0,9.0,6.0,2622.1,2888.91
480.0,76.0,38.0,8.0,4.0,2285.42,2606.68
480.0,89.0,48.0,4.0,2.0,2508.75,2526.78
480.0,68.0,40.0,7.0,5.0,2472.44,2617.93
480.0,82.0,30.0,28.0,5.0,2291.3,3431.54
480.0,78.0,35.0,28.0,5.0,2515.39,3587.63
480.0,82.0,35.0,18.0,7.0,2442.78,3315.49
480.0,71.0,32.0,24.0,4.0,2325.0,3235.58
480.0,78.0,26.0,31.0,6.0,2224.45,3560.65
480.0,96.0,38.0,42.0,12.0,3303.85,5151.5
480.0,76.0,29.0,37.0,4.0,2310.67,3811.75
480.0,78.0,37.0,27.0,11.0,2961.01,4302.75
480.0,81.0,34.0,33.0,6.0,2617.62,4043.44
480.0,79.0,29.0,40.0,7.0,2569.65,4307.33
480.0,91.0,27.0,46.0,10.0,2866.14,4780.61
480.0,74.0,31.0,30.0,11.0,2722.27,4193.73
480.0,85.0,27.0,38.0,12.0,2788.08,4556.52
480.0,88.0,26.0,41.0,10.0,2679.7,4514.43
480.0,68.0,23.0,36.0,7.0,2183.52,3832.02
480.0,75.0,46.0,3.0,3.0,2499.9,2564.29
480.0,73.0,40.0,1.0,7.0,2570.38,2602.84
480.0,78.0,45.0,0.0,2.0,2327.26,2273.97
480.0,79.0,46.0,0.0,3.0,2455.81,2397.63
480.0,79.0,46.0,1.0,2.0,2398.46,2388.24
480.0,83.0,20.0,22.0,7.0,1808.41,2884.27
480.0,82.0,21.0,28.0,3.0,1709.21,2872.68
480.0,81.0,21.0,22.0,4.0,1660.7,2684.55
480.0,82.0,25.0,21.0,5.0,1938.46,2905.33
480.0,70.0,16.0,28.0,5.0,1560.73,2888.32
480.0,76.0,27.0,35.0,5.0,2246.79,3721.66
480.0,65.0,25.0,31.0,6.0,2141.9,3535.61
480.0,75.0,24.0,33.0,10.0,2366.76,3921.93
480.0,80.0,26.0,36.0,5.0,2200.58,3773.18
480.0,74.0,20.0,42.0,5.0,2005.16,3749.2
480.0,74.0,7.0,43.0,6.0,1463.86,3289.18
480.0,78.0,2.0,46.0,5.0,1231.33,3105.91
480.0,78.0,15.0,31.0,6.0,1709.28,3165.8
480.0,79.0,6.0,42.0,9.0,1565.4,3423.71
480.0,74.0,9.0,45.0,4.0,1501.69,3261.17
480.0,66.0,44.0,0.0,4.0,2452.07,2233.73
480.0,79.0,42.0,0.0,3.0,2384.4,2172.51
480.0,87.0,43.0,0.0,4.0,2413.56,2248.6
480.0,81.0,47.0,0.0,1.0,2359.15,2134.78
480.0,69.0,45.0,1.0,2.0,2325.28,2146.48
480.0,78.0,14.0,32.0,8.0,1713.68,3249.62
480.0,76.0,12.0,33.0,7.0,1603.13,3075.8
480.0,74.0,16.0,27.0,8.0,1719.43,3086.51
480.0,72.0,12.0,39.0,2.0,1403.33,2976.75
480.0,76.0,13.0,37.0,5.0,1611.09,3190.1
480.0,83.0,28.0,40.0,7.0,2544.26,4351.62
480.0,70.0,27.0,28.0,9.0,2542.29,3789.71
480.0,83.0,33.0,38.0,8.0,2790.73,4369.95
480.0,78.0,30.0,33.0,6.0,2436.71,3859.32
480.0,73.0,25.0,36.0,11.0,2507.85,4294.39
480.0,75.0,30.0,35.0,3.0,2290.98,3672.51
480.0,71.0,29.0,33.0,6.0,2392.39,3742.06
480.0,77.0,31.0,35.0,8.0,2638.27,4129.92
480.0,93.0,34.0,39.0,7.0,2872.34,4431.35
480.0,88.0,37.0,39.0,7.0,2962.88,4497.81
480.0,71.0,9.0,39.0,9.0,1681.54,3435.0
480.0,77.0,14.0,44.0,8.0,2008.45,3887.94
480.0,79.0,16.0,44.0,6.0,1988.74,3783.5
480.0,83.0,7.0,51.0,8.0,1726.55,3902.1
480.0,66.0,13.0,39.0,8.0,1820.14,3557.05
480.0,68.0,0.0,48.0,8.0,1385.09,3554.14
480.0,70.0,1.0,51.0,6.0,1349.0,3512.79
480.0,75.0,0.0,51.0,8.0,1397.39,3624.42
480.0,74.0,1.0,54.0,6.0,1377.32,3637.17
480.0,71.0,0.0,51.0,9.0,1455.35,3689.03
480.0,82.0,26.0,37.0,10.0,2586.12,4238.25
480.0,70.0,24.0,33.0,7.0,2351.1,3773.98
480.0,89.0,35.0,40.0,11.0,3139.92,4840.53
480.0,81.0,27.0,39.0,6.0,2413.24,4074.29
480.0,71.0,32.0,36.0,2.0,2330.36,3711.75
480.0,84.0,30.0,37.0,5.0,2442.47,3977.02
480.0,80.0,36.0,32.0,8.0,2858.34,4257.26
480.0,82.0,35.0,32.0,6.0,2680.39,4041.72
480.0,91.0,28.0,43.0,5.0,2494.42,4187.07
480.0,76.0,26.0,38.0,7.0,2385.93,4005.02
480.0,88.0,30.0,42.0,4.0,2516.77,4228.89
480.0,74.0,26.0,41.0,6.0,2383.3,4083.02
480.0,78.0,32.0,26.0,12.0,2796.7,4093.55
480.0,89.0,32.0,43.0,5.0,2614.43,4315.93
480.0,73.0,22.0,41.0,7.0,2289.1,4000.93
480.0,77.0,0.0,40.0,10.0,1321.35,3151.06
480.0,76.0,1.0,42.0,4.0,1043.07,2731.56
480.0,78.0,0.0,38.0,9.0,1211.37,2920.61
480.0,78.0,0.0,43.0,6.0,1142.72,2949.01
480.0,78.0,0.0,44.0,6.0,1145.77,2970.23
480.0,84.0,27.0,46.0,8.0,2626.05,4591.08
480.0,70.0,25.0,33.0,11.0,2606.8,4038.82
480.0,82.0,39.0,32.0,9.0,3023.59,4403.43
480.0,74.0,24.0,34.0,7.0,2264.76,3745.9
480.0,76.0,27.0,36.0,10.0,2539.57,4323.45
480.0,91.0,41.0,36.0,11.0,3440.74,4806.05
480.0,77.0,36.0,29.0,10.0,2950.51,4151.14
480.0,84.0,36.0,32.0,8.0,2889.61,4135.41
480.0,74.0,30.0,33.0,3.0,2272.79,3593.25
480.0,74.0,30.0,33.0,6.0,2451.54,3834.18
480.0,79.0,24.0,21.0,6.0,1943.61,2884.09
480.0,83.0,27.0,20.0,4.0,2016.32,2769.02
480.0,81.0,24.0,21.0,4.0,1806.33,2675.09
480.0,75.0,30.0,17.0,6.0,2177.41,2943.67
480.0,71.0,24.0,21.0,4.0,1797.27,2724.07
480.0,80.0,10.0,50.0,7.0,1824.49,3897.08
480.0,76.0,13.0,44.0,6.0,1761.13,3605.85
480.0,83.0,15.0,38.0,8.0,2001.68,3633.62
480.0,72.0,8.0,48.0,6.0,1686.93,3584.46
480.0,83.0,10.0,51.0,4.0,1627.91,3644.81
480.0,93.0,44.0,27.0,4.0,2936.64,3948.25
480.0,73.0,38.0,27.0,6.0,2695.37,3755.83
480.0,80.0,38.0,21.0,11.0,2948.13,3984.17
480.0,75.0,40.0,29.0,1.0,2480.15,3522.49
480.0,64.0,33.0,23.0,4.0,2236.67,3229.45
480.0,72.0,10.0,46.0,6.0,1753.05,3670.56
480.0,71.0,14.0,39.0,11.0,2117.94,4050.98
480.0,79.0,15.0,33.0,15.0,2243.88,3995.29
480.0,75.0,13.0,48.0,9.0,2046.61,4127.11
480.0,79.0,14.0,49.0,6.0,1974.2,3951.03
480.0,82.0,35.0,19.0,10.0,2660.26,3732.04
480.0,77.0,28.0,28.0,5.0,2283.63,3412.8
480.0,80.0,29.0,18.0,7.0,2220.4,3092.84
480.0,74.0,28.0,26.0,8.0,2362.31,3518.55
480.0,65.0,25.0,27.0,5.0,2062.51,3227.29
480.0,82.0,43.0,2.0,3.0,2361.61,2247.77
480.0,79.0,42.0,0.0,3.0,2384.4,2171.43
480.0,87.0,43.0,0.0,4.0,2413.56,2248.05
480.0,71.0,46.0,1.0,2.0,2407.05,2223.17
480.0,81.0,46.0,2.0,0.0,2263.24,2140.59
480.0,78.0,18.0,38.0,10.0,2269.86,3931.31
480.0,79.0,25.0,39.0,5.0,2275.22,3866.76
480.0,79.0,21.0,38.0,7.0,2192.48,3789.32
480.0,81.0,17.0,42.0,5.0,1874.75,3564.23
480.0,69.0,14.0,47.0,4.0,1788.58,3636.64
480.0,76.0,26.0,37.0,8.0,2512.57,4028.65
480.0,73.0,23.0,41.0,6.0,2190.7,3924.81
480.0,76.0,31.0,30.0,10.0,2638.04,4036.95
480.0,89.0,28.0,43.0,5.0,2448.45,4148.63
480.0,71.0,17.0,41.0,7.0,1999.48,3760.91
480.0,82.0,20.0,32.0,2.0,1697.22,2992.02
480.0,74.0,17.0,33.0,5.0,1718.98,3117.29
480.0,86.0,20.0,22.0,7.0,1850.01,2902.46
480.0,75.0,16.0,34.0,5.0,1681.38,3200.81
480.0,69.0,15.0,36.0,5.0,1653.85,3206.77
480.0,87.0,41.0,29.0,11.0,3123.49,4495.17
480.0,68.0,29.0,27.0,8.0,2454.61,3594.32
480.0,82.0,35.0,33.0,11.0,2966.94,4422.83
480.0,85.0,28.0,42.0,7.0,2608.62,4291.95
480.0,74.0,38.0,26.0,6.0,2727.76,3754.17
480.0,73.0,13.0,36.0,5.0,1587.9,3125.02
480.0,76.0,7.0,41.0,4.0,1300.7,2964.28
480.0,71.0,12.0,34.0,3.0,1407.99,2878.45
480.0,74.0,10.0,37.0,4.0,1410.75,2944.38
480.0,72.0,13.0,31.0,8.0,1645.82,3157.84
480.0,96.0,42.0,42.0,6.0,3223.91,4768.08
480.0,71.0,30.0,30.0,9.0,2546.65,3879.17
480.0,80.0,35.0,27.0,11.0,2887.31,4142.42
480.0,87.0,41.0,32.0,5.0,2838.22,4141.87
480.0,74.0,35.0,30.0,5.0,2587.03,3804.48
480.0,92.0,29.0,50.0,5.0,2620.83,4568.81
480.0,77.0,18.0,46.0,7.0,2134.01,4132.53
480.0,85.0,27.0,40.0,8.0,2572.52,4361.0
480.0,77.0,22.0,44.0,4.0,2102.89,3914.5
480.0,71.0,18.0,46.0,6.0,2042.87,4018.72
480.0,82.0,30.0,28.0,5.0,2291.3,3431.0
480.0,81.0,34.0,26.0,4.0,2416.46,3375.7
480.0,83.0,34.0,18.0,7.0,2455.98,3353.26
480.0,84.0,30.0,26.0,7.0,2477.67,3588.4
480.0,79.0,36.0,26.0,1.0,2273.32,3269.29
480.0,90.0,30.0,42.0,11.0,2901.67,4782.16
480.0,74.0,33.0,32.0,7.0,2609.53,3961.72
480.0,76.0,35.0,29.0,7.0,2655.68,3927.55
480.0,92.0,34.0,41.0,9.0,2951.36,4674.96
480.0,69.0,26.0,33.0,6.0,2210.58,3699.65
480.0,80.0,12.0,39.0,6.0,1634.46,3355.92
480.0,75.0,8.0,41.0,11.0,1787.02,3688.2
480.0,81.0,20.0,33.0,6.0,1984.29,3488.31
480.0,73.0,15.0,37.0,11.0,2043.14,3828.54
480.0,75.0,13.0,42.0,7.0,1814.82,3680.58
480.0,76.0,5.0,39.0,5.0,1241.09,2924.27
480.0,76.0,5.0,37.0,5.0,1213.52,2825.42
480.0,80.0,12.0,28.0,7.0,1529.82,2897.44
480.0,89.0,6.0,38.0,7.0,1422.49,3100.36
480.0,67.0,6.0,34.0,8.0,1367.13,2985.37
480.0,61.0,43.0,8.0,3.0,2459.42,2608.32
480.0,74.0,43.0,7.0,4.0,2457.81,2679.66
480.0,89.0,40.0,7.0,6.0,2541.93,2795.42
480.0,77.0,46.0,5.0,4.0,2653.89,2746.81
480.0,78.0,45.0,9.0,2.0,2530.3,2702.44
480.0,72.0,42.0,8.0,4.0,2436.01,2696.74
480.0,72.0,40.0,13.0,5.0,2544.57,2953.12
480.0,83.0,42.0,6.0,3.0,2437.34,2600.44
480.0,89.0,46.0,5.0,2.0,2500.37,2532.89
480.0,75.0,46.0,4.0,4.0,2558.31,2653.45
480.0,84.0,28.0,39.0,8.0,2583.65,4361.36
480.0,65.0,25.0,32.0,4.0,2083.1,3478.62
480.0,81.0,34.0,34.0,12.0,3051.74,4596.93
480.0,71.0,20.0,36.0,11.0,2403.63,4053.84
480.0,76.0,28.0,39.0,5.0,2412.61,4079.28
480.0,68.0,4.0,53.0,6.0,1511.58,3691.41
480.0,81.0,5.0,48.0,10.0,1741.87,3975.15
480.0,72.0,3.0,50.0,9.0,1575.28,3781.85
480.0,93.0,3.0,54.0,8.0,1580.74,3901.36
480.0,72.0,4.0,53.0,6.0,1513.06,3707.86
480.0,82.0,43.0,2.0,3.0,2361.61,2248.52
480.0,79.0,42.0,0.0,3.0,2384.4,2171.71
480.0,66.0,45.0,1.0,2.0,2321.23,2137.58
480.0,86.0,47.0,2.0,1.0,2387.9,2249.97
480.0,81.0,46.0,2.0,0.0,2263.24,2141.32
480.0,86.0,27.0,23.0,6.0,2161.74,3222.22
480.0,73.0,27.0,28.0,8.0,2407.92,3508.03
480.0,77.0,30.0,20.0,4.0,2066.89,2855.22
480.0,77.0,20.0,32.0,5.0,1853.26,3224.96
480.0,73.0,25.0,28.0,5.0,2044.09,3231.14
480.0,66.0,5.0,41.0,5.0,1262.68,2921.33
480.0,80.0,0.0,47.0,5.0,1210.44,3143.76
480.0,81.0,9.0,39.0,7.0,1541.19,3222.41
480.0,79.0,6.0,44.0,2.0,1236.47,2916.84
480.0,85.0,4.0,46.0,5.0,1323.14,3183.18
480.0,82.0,23.0,41.0,2.0,2004.77,3553.47
480.0,81.0,11.0,41.0,9.0,1788.03,3710.59
480.0,84.0,22.0,31.0,7.0,2014.23,3499.27
480.0,76.0,14.0,40.0,8.0,1892.4,3723.66
480.0,75.0,15.0,40.0,6.0,1854.09,3722.61
480.0,70.0,40.0,3.0,6.0,2465.03,2473.5
480.0,81.0,43.0,2.0,4.0,2431.18,2338.43
480.0,83.0,41.0,1.0,5.0,2456.92,2301.32
480.0,77.0,46.0,3.0,2.0,2439.69,2359.45
480.0,70.0,41.0,3.0,3.0,2311.34,2264.26
480.0,80.0,2.0,41.0,5.0,1131.13,3053.09
480.0,74.0,3.0,43.0,3.0,1100.29,3000.11
480.0,83.0,2.0,40.0,9.0,1373.59,3301.39
480.0,76.0,2.0,44.0,7.0,1313.22,3386.76
480.0,71.0,1.0,43.0,6.0,1175.6,3160.89
480.0,88.0,43.0,24.0,5.0,2861.23,3809.24
480.0,70.0,35.0,22.0,8.0,2589.22,3577.08
480.0,84.0,43.0,26.0,6.0,2903.36,3927.08
480.0,91.0,39.0,28.0,5.0,2767.13,3878.1
480.0,70.0,38.0,23.0,9.0,2843.15,3804.23
480.0,87.0,42.0,28.0,10.0,3235.42,4349.79
480.0,73.0,36.0,27.0,9.0,2933.86,3922.99
480.0,73.0,37.0,23.0,9.0,2841.13,3770.71
480.0,90.0,39.0,35.0,5.0,2843.78,4148.44
480.0,76.0,41.0,24.0,8.0,2854.19,3988.04
480.0,85.0,9.0,34.0,9.0,1598.93,3216.83
480.0,76.0,7.0,41.0,4.0,1300.7,2965.98
480.0,87.0,15.0,30.0,4.0,1530.76,2830.43
480.0,74.0,10.0,37.0,4.0,1410.75,2948.7
480.0,72.0,5.0,36.0,10.0,1558.04,3309.9
480.0,76.0,4.0,42.0,10.0,1565.19,3428.93
480.0,81.0,5.0,50.0,7.0,1553.66,3586.67
480.0,78.0,5.0,43.0,3.0,1224.04,2885.15
480.0,75.0,3.0,47.0,8.0,1496.7,3470.17
480.0,72.0,8.0,43.0,3.0,1329.34,3018.63
480.0,80.0,3.0,40.0,8.0,1331.41,3160.73
480.0,76.0,5.0,38.0,6.0,1279.73,2970.19
480.0,83.0,11.0,32.0,7.0,1512.36,3049.72
480.0,78.0,7.0,40.0,4.0,1294.45,2983.24
480.0,76.0,8.0,37.0,6.0,1401.5,3079.31
480.0,70.0,19.0,24.0,6.0,1728.4,2986.34
480.0,73.0,20.0,25.0,2.0,1560.38,2607.57
480.0,83.0,15.0,27.0,6.0,1575.09,2882.82
480.0,83.0,21.0,22.0,7.0,1848.66,2965.44
480.0,66.0,19.0,23.0,7.0,1788.42,2912.54
480.0,75.0,32.0,34.0,5.0,2518.73,3866.42
480.0,75.0,34.0,29.0,7.0,2676.6,3942.64
480.0,92.0,39.0,34.0,7.0,2952.37,4416.0
480.0,78.0,25.0,33.0,10.0,2391.62,4025.79
480.0,82.0,24.0,47.0,6.0,2383.46,4287.24
480.0,66.0,10.0,38.0,3.0,1405.12,2954.54
480.0,76.0,5.0,44.0,6.0,1378.42,3261.44
480.0,84.0,11.0,26.0,13.0,1767.25,3295.93
480.0,85.0,5.0,42.0,6.0,1365.14,3215.61
480.0,70.0,10.0,39.0,2.0,1341.79,2934.02
480.0,73.0,16.0,43.0,3.0,1733.84,3466.1
480.0,78.0,12.0,49.0,9.0,2052.3,4196.85
480.0,72.0,23.0,32.0,7.0,2141.72,3572.02
480.0,76.0,17.0,43.0,5.0,1891.37,3724.67
480.0,74.0,14.0,45.0,7.0,1937.45,3929.66
480.0,79.0,1.0,41.0,8.0,1260.02,3092.16
480.0,74.0,1.0,41.0,7.0,1195.05,2987.14
480.0,78.0,0.0,37.0,10.0,1248.07,2985.61
480.0,85.0,1.0,44.0,4.0,1124.48,2929.88
480.0,63.0,2.0,40.0,6.0,1171.16,2905.59
480.0,85.0,37.0,30.0,11.0,2939.94,4423.28
480.0,83.0,38.0,30.0,9.0,2966.44,4252.34
480.0,85.0,33.0,33.0,12.0,3131.34,4469.05
480.0,88.0,33.0,37.0,8.0,2859.24,4272.95
480.0,75.0,38.0,33.0,3.0,2576.9,3830.59
480.0,83.0,0.0,52.0,6.0,1310.92,3452.95
480.0,74.0,0.0,48.0,11.0,1521.35,3718.33
480.0,78.0,1.0,44.0,14.0,1666.51,3830.0
480.0,76.0,0.0,52.0,8.0,1409.94,3585.21
480.0,74.0,0.0,55.0,5.0,1290.05,3518.7
480.0,87.0,32.0,41.0,4.0,2542.51,4193.62
480.0,75.0,21.0,39.0,11.0,2432.12,4247.66
480.0,79.0,31.0,35.0,5.0,2415.08,3943.65
480.0,85.0,29.0,40.0,7.0,2601.4,4369.09
480.0,77.0,31.0,34.0,6.0,2562.86,4068.06
480.0,81.0,3.0,51.0,11.0,1710.51,3909.32
480.0,73.0,6.0,51.0,8.0,1674.75,3774.98
480.0,80.0,4.0,48.0,9.0,1602.55,3594.56
480.0,73.0,5.0,48.0,8.0,1582.15,3618.22
480.0,73.0,5.0,45.0,6.0,1403.15,3283.75
480.0,80.0,5.0,51.0,10.0,1746.69,4034.13
480.0,79.0,1.0,54.0,4.0,1304.85,3567.28
480.0,84.0,6.0,46.0,12.0,1860.47,4110.35
480.0,81.0,4.0,58.0,4.0,1466.44,3788.14
480.0,81.0,2.0,51.0,9.0,1543.93,3843.84
480.0,85.0,23.0,49.0,7.0,2409.14,4461.67
480.0,65.0,26.0,31.0,6.0,2201.93,3549.03
480.0,79.0,36.0,30.0,11.0,2964.29,4466.16
480.0,90.0,35.0,39.0,9.0,2967.81,4644.56
480.0,79.0,31.0,35.0,9.0,2668.33,4359.6
480.0,81.0,3.0,51.0,11.0,1700.38,3896.83
480.0,82.0,4.0,49.0,9.0,1626.52,3770.96
480.0,76.0,3.0,45.0,10.0,1575.49,3510.31
480.0,79.0,2.0,50.0,8.0,1472.83,3546.92
480.0,70.0,2.0,50.0,7.0,1414.77,3506.66
480.0,79.0,36.0,29.0,7.0,2700.99,3916.33
480.0,69.0,32.0,27.0,7.0,2480.3,3673.11
480.0,88.0,31.0,41.0,9.0,2866.72,4495.0
480.0,77.0,31.0,32.0,6.0,2515.31,3872.65
480.0,72.0,30.0,31.0,9.0,2557.24,3987.45
480.0,87.0,18.0,50.0,10.0,2421.0,4564.55
480.0,69.0,16.0,39.0,9.0,2057.66,3872.06
480.0,85.0,24.0,40.0,6.0,2281.1,3911.62
480.0,83.0,14.0,50.0,5.0,1856.02,3855.35
480.0,75.0,14.0,41.0,13.0,2255.96,4218.76
480.0,66.0,44.0,4.0,1.0,2270.79,2233.43
480.0,79.0,42.0,0.0,3.0,2384.4,2172.24
480.0,87.0,43.0,1.0,4.0,2389.17,2275.11
480.0,81.0,47.0,0.0,1.0,2359.15,2134.4
480.0,77.0,40.0,4.0,3.0,2272.3,2259.29
480.0,94.0,36.0,34.0,13.0,3160.24,4822.81
480.0,72.0,24.0,38.0,4.0,2169.24,3783.47
480.0,82.0,37.0,32.0,10.0,3040.17,4418.89
480.0,92.0,32.0,39.0,6.0,2672.21,4261.26
480.0,76.0,27.0,37.0,8.0,2462.49,4109.52
480.0,70.0,39.0,4.0,5.0,2347.71,2401.49
480.0,77.0,44.0,0.0,2.0,2315.31,2088.38
480.0,85.0,41.0,2.0,3.0,2271.4,2141.48
480.0,73.0,43.0,2.0,3.0,2374.09,2254.33
480.0,73.0,44.0,2.0,1.0,2254.37,2115.24
480.0,78.0,44.0,5.0,4.0,2575.08,2636.35
480.0,78.0,43.0,3.0,3.0,2376.91,2431.46
480.0,86.0,45.0,5.0,1.0,2285.64,2405.71
480.0,76.0,44.0,7.0,1.0,2427.7,2570.39
480.0,72.0,45.0,4.0,4.0,2536.34,2590.53
480.0,70.0,2.0,40.0,8.0,1286.09,3122.5
480.0,80.0,4.0,40.0,4.0,1157.7,2811.89
480.0,77.0,4.0,32.0,10.0,1372.87,2993.53
480.0,73.0,3.0,43.0,3.0,1106.31,2823.97
480.0,80.0,2.0,45.0,4.0,1145.3,2985.72
480.0,74.0,7.0,48.0,7.0,1643.23,3670.46
480.0,80.0,9.0,48.0,8.0,1763.37,3859.85
480.0,89.0,16.0,40.0,11.0,2186.27,4051.71
480.0,64.0,11.0,39.0,6.0,1575.1,3283.39
480.0,78.0,13.0,51.0,7.0,1985.44,4121.54
480.0,72.0,17.0,36.0,9.0,2035.55,3817.62
480.0,76.0,10.0,48.0,6.0,1779.21,3738.29
480.0,85.0,20.0,39.0,5.0,1979.38,3613.71
480.0,79.0,14.0,40.0,7.0,1846.05,3656.88
480.0,79.0,17.0,43.0,6.0,1968.99,3831.06
480.0,73.0,3.0,50.0,10.0,1621.33,3844.64
480.0,79.0,3.0,53.0,6.0,1463.79,3713.32
480.0,82.0,8.0,46.0,13.0,1976.01,4198.29
480.0,88.0,4.0,59.0,4.0,1520.38,3829.64
480.0,72.0,4.0,52.0,7.0,1547.39,3761.73
480.0,75.0,43.0,2.0,4.0,2418.62,2353.97
480.0,79.0,42.0,0.0,3.0,2384.4,2171.94
480.0,66.0,45.0,1.0,2.0,2320.87,2138.61
480.0,86.0,47.0,2.0,1.0,2387.9,2250.38
480.0,75.0,44.0,2.0,1.0,2251.74,2127.96
480.0,83.0,0.0,52.0,6.0,1310.92,3458.82
480.0,82.0,0.0,51.0,8.0,1401.83,3614.62
480.0,75.0,1.0,45.0,12.0,1607.85,3753.71
480.0,77.0,3.0,52.0,9.0,1604.66,3802.35
480.0,76.0,0.0,54.0,5.0,1272.26,3480.27
480.0,81.0,43.0,4.0,5.0,2595.15,2567.1
480.0,72.0,45.0,3.0,2.0,2369.55,2349.15
480.0,78.0,43.0,2.0,4.0,2433.0,2333.29
480.0,77.0,44.0,4.0,5.0,2612.92,2610.08
480.0,71.0,47.0,1.0,1.0,2347.42,2198.46
480.0,74.0,6.0,45.0,5.0,1415.8,3206.23
480.0,82.0,10.0,47.0,5.0,1626.1,3529.59
480.0,83.0,16.0,32.0,10.0,1958.34,3495.19
480.0,79.0,6.0,42.0,9.0,1565.4,3417.05
480.0,74.0,9.0,45.0,4.0,1501.79,3253.66
480.0,72.0,40.0,6.0,6.0,2523.76,2621.0
480.0,77.0,42.0,3.0,5.0,2505.82,2487.3
480.0,77.0,43.0,3.0,2.0,2238.11,2223.63
480.0,80.0,40.0,5.0,6.0,2534.73,2573.33
480.0,65.0,43.0,4.0,3.0,2412.36,2405.51
480.0,73.0,9.0,46.0,8.0,1760.02,3807.46
480.0,73.0,16.0,43.0,7.0,2050.81,3917.9
480.0,85.0,17.0,45.0,12.0,2368.61,4456.1
480.0,77.0,18.0,45.0,6.0,2023.15,3951.32
480.0,71.0,7.0,45.0,8.0,1623.01,3663.5
480.0,72.0,3.0,49.0,9.0,1562.76,3730.01
480.0,81.0,5.0,48.0,10.0,1741.87,3975.03
480.0,72.0,3.0,50.0,9.0,1575.28,3781.95
480.0,91.0,2.0,55.0,6.0,1458.96,3795.94
480.0,75.0,4.0,54.0,5.0,1473.21,3679.4
480.0,70.0,40.0,3.0,6.0,2465.03,2472.15
480.0,81.0,42.0,2.0,5.0,2487.57,2434.25
480.0,86.0,40.0,2.0,6.0,2481.48,2398.14
480.0,72.0,45.0,2.0,2.0,2380.65,2272.26
480.0,70.0,41.0,3.0,3.0,2311.34,2262.69
480.0,79.0,22.0,41.0,7.0,2276.29,4092.26
480.0,73.0,27.0,34.0,8.0,2494.1,3987.64
480.0,83.0,34.0,38.0,8.0,2837.38,4411.75
480.0,75.0,27.0,35.0,8.0,2383.78,3969.78
480.0,77.0,28.0,37.0,9.0,2591.41,4204.85
480.0,69.0,10.0,41.0,6.0,1603.32,3312.15
480.0,82.0,16.0,33.0,6.0,1806.5,3166.35
480.0,80.0,25.0,24.0,4.0,1891.92,2945.32
480.0,88.0,19.0,37.0,3.0,1743.11,3210.53
480.0,81.0,18.0,35.0,2.0,1610.03,3011.42
480.0,80.0,45.0,24.0,1.0,2704.74,3567.42
480.0,73.0,31.0,31.0,5.0,2399.92,3692.39
480.0,86.0,39.0,14.0,10.0,2912.25,3675.01
480.0,71.0,38.0,23.0,8.0,2790.55,3893.4
480.0,76.0,46.0,26.0,2.0,2812.88,3762.69
480.0,81.0,42.0,3.0,8.0,2730.59,2838.74
480.0,77.0,41.0,5.0,5.0,2469.03,2660.72
480.0,78.0,39.0,5.0,6.0,2486.91,2620.07
480.0,78.0,45.0,10.0,4.0,2639.94,3005.85
480.0,73.0,45.0,8.0,2.0,2470.39,2751.1
480.0,74.0,18.0,39.0,8.0,2075.34,3851.33
480.0,80.0,16.0,48.0,6.0,1977.72,3987.07
480.0,73.0,25.0,38.0,7.0,2398.23,4057.44
480.0,79.0,13.0,48.0,5.0,1832.64,3820.57
480.0,76.0,14.0,42.0,8.0,1971.98,3864.79
480.0,77.0,0.0,47.0,9.0,1381.5,3424.46
480.0,73.0,0.0,50.0,9.0,1431.35,3589.95
480.0,81.0,0.0,50.0,6.0,1248.59,3295.6
480.0,87.0,0.0,56.0,3.0,1198.19,3343.08
480.0,80.0,0.0,53.0,5.0,1242.67,3350.18
480.0,91.0,35.0,40.0,5.0,2754.45,4244.33
480.0,72.0,19.0,43.0,6.0,2109.75,3857.74
480.0,88.0,34.0,40.0,9.0,3061.1,4577.11
480.0,89.0,33.0,40.0,6.0,2702.71,4245.67
480.0,79.0,18.0,48.0,5.0,2084.83,3979.58
480.0,77.0,17.0,48.0,1.0,1748.42,3599.09
480.0,72.0,13.0,46.0,7.0,1849.74,3861.94
480.0,74.0,15.0,35.0,11.0,2079.65,3807.66
480.0,93.0,15.0,50.0,6.0,1998.28,4066.39
480.0,73.0,12.0,51.0,7.0,1962.11,4094.36
480.0,77.0,1.0,46.0,9.0,1414.4,3411.38
480.0,74.0,2.0,48.0,8.0,1435.42,3496.14
480.0,72.0,0.0,45.0,7.0,1215.17,3093.61
480.0,79.0,1.0,48.0,6.0,1314.75,3333.91
480.0,71.0,0.0,48.0,8.0,1338.72,3390.8
480.0,66.0,42.0,6.0,2.0,2283.72,2356.18
480.0,84.0,39.0,6.0,2.0,2145.7,2214.83
480.0,73.0,40.0,3.0,3.0,2220.78,2184.94
480.0,76.0,42.0,6.0,1.0,2212.76,2259.07
480.0,78.0,35.0,9.0,5.0,2300.65,2499.92
480.0,72.0,28.0,29.0,11.0,2631.07,4022.9
480.0,64.0,23.0,34.0,4.0,1992.29,3422.43
480.0,81.0,33.0,30.0,4.0,2459.74,3671.02
480.0,88.0,30.0,38.0,5.0,2495.2,4046.38
480.0,73.0,18.0,39.0,6.0,1941.81,3643.49
480.0,77.0,10.0,49.0,10.0,2016.12,4150.68
480.0,71.0,13.0,44.0,11.0,2149.28,4009.09
480.0,68.0,18.0,33.0,15.0,2348.97,4014.68
480.0,79.0,19.0,44.0,5.0,2062.74,3870.43
480.0,71.0,16.0,44.0,8.0,2048.85,3904.36
480.0,93.0,0.0,50.0,11.0,1555.42,3893.66
480.0,70.0,2.0,50.0,9.0,1531.93,3719.22
480.0,74.0,0.0,46.0,13.0,1592.22,3770.62
480.0,78.0,1.0,57.0,4.0,1315.4,3575.22
480.0,81.0,0.0,51.0,9.0,1452.8,3732.69
480.0,77.0,10.0,35.0,3.0,1326.47,2810.37
480.0,76.0,5.0,37.0,7.0,1314.0,3010.41
480.0,85.0,7.0,32.0,9.0,1466.99,2993.32
480.0,78.0,13.0,34.0,2.0,1373.51,2797.99
480.0,74.0,8.0,35.0,6.0,1386.67,2939.53
480.0,84.0,43.0,25.0,4.0,2914.84,3805.92
480.0,77.0,36.0,29.0,10.0,2950.51,4151.47
480.0,84.0,36.0,32.0,8.0,2889.61,4136.01
480.0,73.0,32.0,31.0,4.0,2350.82,3633.27
480.0,74.0,30.0,33.0,6.0,2451.54,3834.43
480.0,85.0,43.0,28.0,6.0,3059.05,4071.2
480.0,73.0,33.0,24.0,7.0,2496.56,3528.59
480.0,76.0,36.0,24.0,13.0,3010.71,4215.69
480.0,88.0,37.0,35.0,7.0,2892.05,4279.9
480.0,66.0,31.0,28.0,4.0,2226.99,3460.2
480.0,69.0,1.0,46.0,7.0,1279.03,3204.48
480.0,79.0,0.0,45.0,8.0,1278.99,3222.68
480.0,73.0,1.0,46.0,5.0,1162.54,3012.97
480.0,85.0,2.0,48.0,7.0,1381.74,3420.72
480.0,76.0,1.0,51.0,4.0,1206.43,3223.64
480.0,66.0,42.0,6.0,2.0,2283.72,2364.42
480.0,84.0,39.0,6.0,2.0,2145.7,2223.48
480.0,73.0,40.0,3.0,3.0,2220.78,2195.87
480.0,76.0,42.0,6.0,1.0,2212.76,2264.92
480.0,78.0,35.0,9.0,5.0,2300.65,2513.82
480.0,75.0,8.0,40.0,5.0,1435.02,3135.26
480.0,76.0,7.0,38.0,6.0,1380.58,3120.57
480.0,83.0,11.0,32.0,7.0,1512.36,3049.72
480.0,78.0,7.0,40.0,4.0,1294.45,2983.24
480.0,76.0,8.0,37.0,6.0,1401.5,3079.31
480.0,87.0,31.0,43.0,9.0,2916.08,4697.99
480.0,62.0,30.0,19.0,9.0,2446.02,3477.02
480.0,81.0,33.0,34.0,11.0,2885.77,4469.53
480.0,91.0,33.0,47.0,6.0,2812.9,4665.03
480.0,75.0,26.0,39.0,9.0,2563.96,4284.81
480.0,81.0,11.0,37.0,8.0,1668.79,3372.39
480.0,82.0,13.0,39.0,9.0,1960.0,3607.04
480.0,80.0,19.0,25.0,5.0,1703.79,2835.98
480.0,90.0,15.0,36.0,5.0,1692.64,3198.55
480.0,71.0,15.0,36.0,4.0,1628.12,3133.93
480.0,85.0,28.0,40.0,8.0,2566.09,4362.88
480.0,70.0,23.0,36.0,6.0,2104.15,3798.76
480.0,87.0,33.0,42.0,9.0,2932.2,4713.63
480.0,76.0,23.0,39.0,8.0,2332.63,4063.4
480.0,71.0,32.0,32.0,4.0,2354.58,3716.71
480.0,97.0,42.0,41.0,6.0,3230.69,4764.81
480.0,63.0,24.0,30.0,7.0,2173.12,3505.77
480.0,76.0,40.0,26.0,5.0,2699.99,3794.36
480.0,80.0,35.0,33.0,2.0,2385.72,3710.55
480.0,69.0,30.0,27.0,7.0,2369.99,3664.97
480.0,74.0,44.0,14.0,3.0,2634.61,3067.67
480.0,72.0,41.0,14.0,3.0,2503.44,2987.74
480.0,78.0,38.0,12.0,6.0,2459.85,2946.63
480.0,79.0,45.0,12.0,4.0,2683.02,3048.04
480.0,71.0,46.0,12.0,1.0,2499.44,2789.61
480.0,83.0,0.0,46.0,7.0,1258.0,3209.53
480.0,78.0,0.0,49.0,7.0,1295.33,3302.12
480.0,78.0,0.0,38.0,9.0,1211.37,2916.65
480.0,72.0,0.0,48.0,5.0,1162.83,3086.34
480.0,73.0,0.0,48.0,5.0,1208.36,3144.38
480.0,75.0,15.0,41.0,7.0,1876.74,3700.64
480.0,73.0,7.0,42.0,10.0,1681.09,3621.0
480.0,83.0,18.0,36.0,5.0,1837.55,3391.91
480.0,75.0,11.0,46.0,7.0,1773.62,3799.71
480.0,66.0,9.0,45.0,6.0,1590.47,3550.9
480.0,66.0,0.0,46.0,7.0,1244.15,3164.68
480.0,78.0,0.0,41.0,9.0,1264.33,3095.54
480.0,78.0,0.0,38.0,9.0,1211.37,2927.21
480.0,72.0,0.0,48.0,5.0,1162.83,3097.31
480.0,74.0,0.0,47.0,4.0,1082.72,2934.05
480.0,89.0,44.0,30.0,8.0,3168.48,4474.69
480.0,72.0,35.0,24.0,8.0,2705.17,3707.88
480.0,80.0,43.0,27.0,9.0,3115.91,4292.55
480.0,83.0,30.0,35.0,5.0,2489.32,3811.43
480.0,76.0,35.0,25.0,15.0,3139.87,4338.94
480.0,68.0,0.0,48.0,8.0,1385.09,3557.2
480.0,70.0,1.0,51.0,6.0,1349.0,3518.92
480.0,73.0,1.0,52.0,6.0,1387.14,3597.86
480.0,74.0,1.0,54.0,6.0,1377.32,3643.3
480.0,71.0,0.0,51.0,9.0,1455.35,3692.09
480.0,71.0,25.0,32.0,4.0,2107.91,3410.4
480.0,74.0,22.0,35.0,6.0,2051.05,3556.41
480.0,80.0,25.0,25.0,9.0,2221.92,3440.46
480.0,78.0,21.0,37.0,2.0,1895.04,3349.3
480.0,73.0,13.0,44.0,2.0,1636.7,3325.64
480.0,73.0,45.0,0.0,5.0,2540.51,2412.4
480.0,71.0,43.0,1.0,4.0,2410.98,2336.39
480.0,83.0,44.0,0.0,3.0,2356.61,2224.3
480.0,80.0,43.0,3.0,6.0,2629.0,2630.32
480.0,73.0,46.0,1.0,3.0,2437.98,2396.02
480.0,74.0,43.0,24.0,4.0,2791.71,3703.46
480.0,73.0,36.0,24.0,8.0,2651.72,3746.91
480.0,80.0,35.0,31.0,6.0,2614.07,3896.94
480.0,70.0,33.0,30.0,4.0,2391.42,3517.52
480.0,66.0,33.0,24.0,3.0,2219.89,3264.15
480.0,75.0,22.0,21.0,7.0,1913.17,2956.51
480.0,80.0,26.0,19.0,2.0,1730.82,2558.13
480.0,92.0,28.0,16.0,6.0,2027.49,2804.78
480.0,79.0,30.0,19.0,1.0,1838.33,2592.39
480.0,75.0,23.0,22.0,4.0,1768.76,2776.05
480.0,86.0,27.0,23.0,6.0,2161.74,3220.96
480.0,66.0,23.0,30.0,5.0,2013.78,3224.09
480.0,80.0,31.0,15.0,7.0,2208.75,2932.96
480.0,85.0,25.0,25.0,5.0,2023.41,3070.44
480.0,67.0,18.0,32.0,6.0,1832.63,3185.0
480.0,80.0,2.0,41.0,5.0,1131.13,3069.2
480.0,74.0,3.0,43.0,3.0,1100.29,3012.46
480.0,83.0,2.0,40.0,9.0,1373.59,3319.75
480.0,76.0,2.0,44.0,7.0,1313.22,3407.4
480.0,71.0,1.0,43.0,6.0,1175.6,3176.18
480.0,59.0,31.0,16.0,5.0,2095.4,2903.94
480.0,82.0,31.0,25.0,4.0,2214.8,3190.16
480.0,74.0,30.0,16.0,2.0,1823.67,2489.44
480.0,85.0,19.0,29.0,5.0,1879.52,3060.15
480.0,70.0,23.0,29.0,3.0,1890.73,3012.46
480.0,80.0,3.0,40.0,8.0,1331.41,3160.84
480.0,76.0,5.0,38.0,6.0,1279.73,2970.3
480.0,83.0,7.0,34.0,11.0,1627.22,3348.05
480.0,87.0,8.0,40.0,6.0,1470.39,3256.77
480.0,76.0,6.0,39.0,4.0,1222.54,2856.32
480.0,70.0,3.0,44.0,4.0,1175.5,3134.75
480.0,79.0,3.0,43.0,5.0,1256.25,3208.13
480.0,83.0,2.0,40.0,9.0,1373.59,3314.38
480.0,76.0,3.0,43.0,7.0,1343.16,3389.74
480.0,81.0,2.0,43.0,6.0,1237.06,3253.09
480.0,82.0,13.0,49.0,9.0,2078.98,4273.33
480.0,64.0,15.0,40.0,6.0,1845.87,3541.95
480.0,77.0,21.0,41.0,9.0,2278.73,4179.54
480.0,68.0,11.0,44.0,10.0,1925.53,3988.49
480.0,71.0,11.0,44.0,9.0,1874.02,3919.64
480.0,77.0,9.0,40.0,9.0,1714.18,3493.48
480.0,80.0,3.0,45.0,7.0,1357.41,3235.41
480.0,82.0,14.0,31.0,10.0,1848.97,3365.26
480.0,74.0,5.0,45.0,5.0,1356.01,3196.55
480.0,75.0,7.0,40.0,7.0,1496.47,3206.5
480.0,88.0,4.0,42.0,6.0,1342.14,3186.9
480.0,74.0,1.0,41.0,7.0,1195.05,3006.84
480.0,83.0,4.0,39.0,6.0,1281.52,3019.85
480.0,83.0,2.0,45.0,5.0,1216.0,3103.99
480.0,73.0,5.0,43.0,2.0,1140.93,2859.37
480.0,77.0,14.0,33.0,5.0,1573.37,3089.83
480.0,83.0,18.0,34.0,6.0,1913.8,3401.88
480.0,88.0,17.0,26.0,11.0,1941.98,3396.14
480.0,73.0,17.0,33.0,4.0,1664.83,3083.97
480.0,70.0,11.0,39.0,1.0,1330.2,2890.0
480.0,90.0,47.0,12.0,6.0,2860.29,3376.8
480.0,72.0,37.0,15.0,7.0,2581.64,3130.5
480.0,83.0,36.0,15.0,4.0,2236.33,2852.32
480.0,80.0,42.0,16.0,3.0,2516.4,3073.39
480.0,74.0,42.0,15.0,3.0,2541.7,3012.04
480.0,75.0,45.0,1.0,2.0,2354.14,2177.08
480.0,75.0,44.0,0.0,3.0,2352.81,2133.13
480.0,88.0,44.0,0.0,2.0,2316.36,2097.79
480.0,74.0,44.0,2.0,3.0,2412.82,2284.55
480.0,69.0,41.0,3.0,4.0,2390.6,2320.34
480.0,80.0,45.0,15.0,3.0,2697.22,3220.64
480.0,79.0,41.0,13.0,3.0,2518.62,3018.8
480.0,84.0,39.0,16.0,6.0,2542.99,3204.17
480.0,79.0,45.0,12.0,4.0,2683.02,3049.96
480.0,80.0,44.0,13.0,5.0,2720.57,3212.76
480.0,88.0,31.0,33.0,15.0,3151.99,4743.2
480.0,75.0,28.0,37.0,7.0,2464.43,4045.85
480.0,91.0,34.0,36.0,17.0,3413.44,5102.51
480.0,78.0,29.0,36.0,7.0,2588.91,4027.05
480.0,75.0,30.0,36.0,6.0,2497.06,4063.8
480.0,85.0,41.0,26.0,7.0,2921.29,3976.2
480.0,69.0,31.0,29.0,4.0,2331.43,3482.7
480.0,79.0,42.0,25.0,9.0,3098.99,4110.6
480.0,72.0,34.0,22.0,10.0,2720.72,3786.62
480.0,87.0,40.0,28.0,8.0,2991.66,4161.7
480.0,87.0,26.0,26.0,8.0,2299.17,3520.9
480.0,71.0,26.0,28.0,7.0,2268.37,3406.98
480.0,77.0,30.0,20.0,4.0,2066.89,2864.52
480.0,78.0,21.0,31.0,5.0,1912.27,3248.41
480.0,73.0,25.0,28.0,5.0,2044.09,3243.16
480.0,84.0,36.0,28.0,6.0,2718.03,3815.07
480.0,77.0,37.0,28.0,10.0,2978.05,4148.05
480.0,83.0,38.0,27.0,8.0,2883.93,4005.42
480.0,82.0,28.0,38.0,7.0,2696.83,4136.36
480.0,76.0,39.0,30.0,5.0,2700.86,3980.06
480.0,73.0,2.0,51.0,6.0,1372.71,3533.32
480.0,85.0,2.0,48.0,10.0,1559.97,3775.48
480.0,81.0,1.0,43.0,11.0,1525.94,3573.16
480.0,79.0,1.0,51.0,7.0,1380.47,3536.08
480.0,77.0,1.0,51.0,7.0,1414.8,3653.5
480.0,81.0,3.0,51.0,11.0,1700.38,4007.95
480.0,81.0,3.0,51.0,8.0,1539.18,3717.02
480.0,81.0,4.0,44.0,15.0,1944.44,4041.78
480.0,74.0,4.0,54.0,6.0,1565.46,3818.22
480.0,75.0,6.0,50.0,6.0,1573.78,3634.76
480.0,75.0,23.0,37.0,10.0,2519.1,4205.12
480.0,74.0,28.0,31.0,6.0,2285.36,3735.79
480.0,77.0,33.0,29.0,12.0,2933.84,4327.26
480.0,99.0,29.0,47.0,12.0,3014.99,4989.7
480.0,91.0,28.0,38.0,15.0,3026.45,4887.83
480.0,71.0,40.0,5.0,5.0,2451.86,2506.46
480.0,78.0,42.0,3.0,3.0,2344.1,2279.31
480.0,86.0,40.0,2.0,6.0,2481.48,2395.66
480.0,92.0,42.0,3.0,6.0,2595.84,2532.49
480.0,70.0,41.0,3.0,3.0,2311.34,2259.16
480.0,101.0,36.0,40.0,16.0,3472.28,5358.87
480.0,75.0,29.0,38.0,4.0,2400.7,3894.57
480.0,78.0,37.0,27.0,11.0,2961.01,4301.74
480.0,71.0,33.0,30.0,6.0,2502.95,3786.82
480.0,76.0,31.0,37.0,5.0,2490.69,4065.53
480.0,88.0,4.0,41.0,6.0,1289.27,3055.32
480.0,75.0,7.0,40.0,3.0,1262.86,2953.56
480.0,89.0,12.0,30.0,6.0,1518.35,2890.95
480.0,73.0,7.0,41.0,4.0,1306.07,3011.69
480.0,69.0,8.0,37.0,6.0,1413.52,3088.72
480.0,77.0,0.0,40.0,10.0,1321.35,3151.05
480.0,76.0,1.0,42.0,4.0,1043.07,2731.49
480.0,78.0,0.0,38.0,9.0,1211.37,2920.57
480.0,78.0,0.0,43.0,6.0,1142.72,2948.99
480.0,78.0,0.0,44.0,6.0,1145.77,2970.23
480.0,78.0,18.0,43.0,10.0,2250.39,4275.67
480.0,72.0,12.0,49.0,6.0,1812.5,3906.73
480.0,79.0,17.0,42.0,10.0,2214.5,4194.99
480.0,73.0,14.0,45.0,10.0,2104.93,4142.0
480.0,75.0,9.0,50.0,8.0,1852.08,4023.46
480.0,96.0,42.0,41.0,7.0,3280.63,4793.18
480.0,71.0,30.0,31.0,8.0,2469.76,3837.01
480.0,84.0,41.0,31.0,9.0,3134.98,4389.5
480.0,93.0,39.0,39.0,6.0,3007.16,4444.37
480.0,74.0,35.0,30.0,5.0,2587.03,3802.42
480.0,71.0,10.0,46.0,7.0,1767.7,3698.77
480.0,80.0,11.0,45.0,5.0,1630.08,3492.58
480.0,81.0,11.0,44.0,8.0,1928.74,3781.33
480.0,72.0,8.0,48.0,6.0,1650.98,3540.56
480.0,74.0,8.0,46.0,7.0,1639.29,3660.52
480.0,82.0,23.0,41.0,2.0,2004.77,3553.3
480.0,81.0,11.0,41.0,9.0,1788.03,3710.05
480.0,84.0,22.0,31.0,7.0,2014.23,3498.82
480.0,76.0,14.0,40.0,8.0,1892.4,3723.39
480.0,75.0,15.0,40.0,6.0,1854.09,3722.16
480.0,72.0,10.0,39.0,6.0,1597.34,3206.58
480.0,75.0,6.0,44.0,6.0,1439.35,3277.45
480.0,74.0,20.0,27.0,4.0,1660.4,2848.54
480.0,77.0,16.0,40.0,3.0,1654.07,3239.39
480.0,76.0,12.0,40.0,4.0,1517.9,3135.59
480.0,75.0,10.0,37.0,11.0,1829.09,3560.97
480.0,80.0,3.0,45.0,7.0,1357.41,3235.03
480.0,82.0,14.0,31.0,10.0,1848.97,3364.13
480.0,74.0,5.0,45.0,5.0,1356.01,3195.99
480.0,75.0,7.0,40.0,7.0,1496.47,3205.74
480.0,71.0,39.0,5.0,4.0,2255.91,2427.09
480.0,77.0,44.0,0.0,2.0,2315.31,2088.79
480.0,87.0,39.0,5.0,2.0,2130.84,2235.51
480.0,68.0,39.0,6.0,3.0,2260.07,2373.44
480.0,72.0,40.0,3.0,3.0,2284.86,2320.97
480.0,78.0,45.0,13.0,6.0,2814.14,3375.09
480.0,69.0,42.0,17.0,4.0,2610.08,3287.12
480.0,72.0,40.0,10.0,11.0,2906.0,3471.04
480.0,94.0,41.0,25.0,6.0,2913.65,3895.65
480.0,73.0,46.0,16.0,5.0,2844.74,3535.65
480.0,80.0,3.0,41.0,5.0,1191.09,2883.87
480.0,80.0,4.0,40.0,4.0,1157.7,2778.6
480.0,78.0,1.0,37.0,9.0,1240.61,2917.94
480.0,73.0,3.0,43.0,3.0,1106.31,2800.82
480.0,61.0,3.0,40.0,5.0,1157.56,2825.88
480.0,80.0,4.0,52.0,4.0,1370.96,3461.24
480.0,77.0,2.0,47.0,7.0,1450.92,3507.44
480.0,81.0,1.0,43.0,11.0,1525.94,3559.04
480.0,79.0,1.0,51.0,7.0,1380.47,3526.56
480.0,77.0,1.0,51.0,7.0,1414.8,3641.75
480.0,71.0,25.0,21.0,4.0,1916.79,2847.15
480.0,74.0,25.0,22.0,3.0,1792.27,2796.51
480.0,71.0,28.0,19.0,6.0,2178.67,3068.61
480.0,83.0,26.0,23.0,5.0,2175.23,3089.18
480.0,83.0,21.0,25.0,5.0,1844.67,2937.29
480.0,85.0,32.0,40.0,9.0,2864.82,4647.08
480.0,89.0,31.0,35.0,11.0,2809.76,4557.81
480.0,82.0,31.0,33.0,15.0,3082.95,4708.17
480.0,78.0,22.0,40.0,8.0,2300.57,4113.18
480.0,76.0,29.0,38.0,5.0,2456.64,4071.97
480.0,61.0,43.0,8.0,3.0,2459.42,2600.57
480.0,71.0,45.0,6.0,2.0,2390.83,2554.45
480.0,88.0,43.0,4.0,2.0,2306.19,2363.31
480.0,85.0,45.0,6.0,4.0,2623.86,2760.03
480.0,78.0,45.0,4.0,4.0,2541.48,2576.09
480.0,77.0,11.0,48.0,11.0,2022.37,4269.37
480.0,68.0,13.0,49.0,3.0,1674.09,3610.84
480.0,78.0,10.0,45.0,13.0,2149.68,4274.09
480.0,74.0,10.0,49.0,9.0,1889.59,4072.58
480.0,77.0,11.0,53.0,6.0,1856.44,4118.4
480.0,84.0,21.0,51.0,5.0,2267.72,4250.84
480.0,68.0,24.0,31.0,7.0,2246.05,3581.47
480.0,81.0,35.0,32.0,12.0,3003.87,4469.48
480.0,91.0,35.0,39.0,9.0,3012.74,4507.57
480.0,77.0,27.0,40.0,4.0,2247.94,3865.48
480.0,81.0,36.0,35.0,6.0,2772.07,4140.1
480.0,68.0,29.0,27.0,8.0,2454.61,3569.92
480.0,85.0,39.0,31.0,10.0,3026.63,4360.95
480.0,79.0,37.0,31.0,6.0,2762.42,3945.28
480.0,72.0,38.0,26.0,6.0,2718.07,3744.61
480.0,66.0,0.0,46.0,7.0,1244.15,3164.32
480.0,78.0,0.0,41.0,9.0,1264.33,3095.33
480.0,78.0,0.0,38.0,9.0,1211.37,2927.14
480.0,72.0,0.0,48.0,5.0,1162.83,3096.96
480.0,74.0,0.0,47.0,4.0,1082.72,2933.83
480.0,73.0,29.0,18.0,4.0,1979.43,2751.15
480.0,74.0,29.0,17.0,2.0,1832.5,2533.34
480.0,83.0,26.0,16.0,6.0,1961.7,2703.29
480.0,68.0,27.0,16.0,7.0,2236.6,2900.85
480.0,67.0,29.0,17.0,2.0,1827.43,2543.42
480.0,80.0,37.0,34.0,4.0,2697.69,3910.04
480.0,66.0,28.0,31.0,5.0,2314.35,3456.11
480.0,83.0,38.0,27.0,8.0,2883.93,4005.5
480.0,81.0,37.0,28.0,7.0,2836.99,3888.37
480.0,76.0,41.0,25.0,9.0,2999.0,4117.35
480.0,85.0,45.0,7.0,2.0,2466.7,2561.64
480.0,82.0,41.0,9.0,6.0,2622.1,2876.55
480.0,81.0,43.0,3.0,3.0,2319.67,2390.47
480.0,81.0,43.0,4.0,6.0,2654.36,2702.27
480.0,77.0,45.0,3.0,4.0,2543.97,2585.09
480.0,75.0,22.0,34.0,2.0,1817.29,3118.81
480.0,81.0,32.0,24.0,7.0,2538.18,3579.35
480.0,79.0,30.0,20.0,4.0,2085.77,3044.1
480.0,84.0,34.0,29.0,7.0,2602.28,3806.5
480.0,74.0,26.0,34.0,7.0,2305.08,3815.92
480.0,77.0,24.0,28.0,5.0,1946.06,3246.58
480.0,74.0,23.0,26.0,2.0,1693.91,2746.92
480.0,87.0,29.0,18.0,4.0,2052.64,2856.0
480.0,70.0,21.0,29.0,4.0,1819.65,3033.72
480.0,78.0,20.0,30.0,6.0,1935.76,3223.77
480.0,85.0,23.0,49.0,7.0,2409.14,4456.14
480.0,80.0,29.0,40.0,5.0,2427.98,4116.56
480.0,79.0,36.0,25.0,15.0,3184.61,4497.68
480.0,91.0,31.0,41.0,10.0,2877.93,4574.31
480.0,76.0,17.0,49.0,6.0,2119.72,4146.51
480.0,96.0,42.0,42.0,6.0,3223.91,4764.57
480.0,69.0,35.0,26.0,7.0,2590.36,3767.86
480.0,84.0,41.0,31.0,9.0,3134.98,4388.48
480.0,90.0,40.0,34.0,7.0,3027.4,4360.74
480.0,74.0,35.0,30.0,5.0,2587.03,3801.21
480.0,77.0,1.0,49.0,8.0,1433.3,3591.08
480.0,81.0,0.0,52.0,5.0,1243.16,3357.7
480.0,76.0,0.0,43.0,8.0,1273.56,3178.94
480.0,78.0,2.0,50.0,4.0,1285.59,3348.02
480.0,76.0,1.0,51.0,4.0,1206.43,3238.15
480.0,80.0,22.0,25.0,5.0,1878.73,2928.61
480.0,76.0,31.0,27.0,7.0,2461.02,3602.16
480.0,74.0,28.0,17.0,7.0,2123.46,3054.01
480.0,78.0,21.0,31.0,5.0,1912.27,3275.8
480.0,76.0,17.0,39.0,2.0,1721.47,3347.19
480.0,84.0,14.0,28.0,7.0,1619.39,2958.03
480.0,74.0,8.0,37.0,5.0,1324.85,2899.14
480.0,84.0,12.0,28.0,9.0,1607.82,3045.35
480.0,68.0,14.0,32.0,3.0,1441.35,2755.29
480.0,75.0,11.0,34.0,4.0,1366.27,2791.24
480.0,74.0,45.0,6.0,6.0,2706.71,2944.31
480.0,65.0,45.0,10.0,2.0,2461.65,2752.68
480.0,80.0,41.0,6.0,6.0,2521.25,2709.97
480.0,71.0,46.0,11.0,4.0,2695.93,3049.43
480.0,72.0,48.0,11.0,0.0,2488.27,2749.7
480.0,69.0,1.0,40.0,9.0,1307.85,3108.62
480.0,80.0,4.0,40.0,4.0,1157.7,2770.2
480.0,78.0,0.0,38.0,9.0,1211.37,2909.84
480.0,78.0,0.0,43.0,6.0,1142.72,2939.7
480.0,73.0,0.0,47.0,3.0,1018.92,2816.95
480.0,72.0,16.0,32.0,8.0,1848.19,3354.26
480.0,76.0,8.0,42.0,10.0,1728.91,3628.99
480.0,88.0,15.0,34.0,7.0,1780.9,3311.56
480.0,81.0,13.0,38.0,5.0,1631.93,3255.28
480.0,75.0,14.0,38.0,5.0,1745.36,3373.22
480.0,78.0,26.0,37.0,11.0,2657.2,4280.86
480.0,76.0,29.0,36.0,6.0,2414.93,4011.31
480.0,82.0,34.0,31.0,14.0,3088.95,4587.44
480.0,71.0,26.0,36.0,4.0,2210.41,3721.85
480.0,76.0,29.0,37.0,5.0,2430.36,3971.96
480.0,82.0,41.0,2.0,6.0,2497.93,2453.03
480.0,83.0,44.0,3.0,2.0,2369.79,2308.29
480.0,92.0,42.0,0.0,5.0,2453.34,2302.38
480.0,86.0,46.0,2.0,1.0,2400.93,2273.73
480.0,76.0,42.0,4.0,3.0,2348.35,2396.04
480.0,83.0,4.0,50.0,7.0,1508.0,3571.72
480.0,80.0,1.0,49.0,10.0,1524.29,3647.44
480.0,71.0,2.0,45.0,5.0,1187.51,2976.25
480.0,86.0,2.0,46.0,9.0,1449.44,3447.32
480.0,75.0,2.0,48.0,6.0,1346.38,3350.5
480.0,91.0,45.0,2.0,5.0,2593.16,2745.11
480.0,80.0,44.0,2.0,3.0,2405.05,2446.27
480.0,83.0,44.0,0.0,5.0,2485.24,2535.46
480.0,79.0,45.0,0.0,5.0,2557.32,2546.05
480.0,75.0,46.0,2.0,3.0,2469.33,2541.06
480.0,81.0,30.0,35.0,6.0,2545.82,3936.83
480.0,67.0,27.0,33.0,4.0,2191.22,3490.71
480.0,88.0,34.0,32.0,14.0,3255.69,4647.95
480.0,88.0,41.0,31.0,3.0,2752.25,3891.12
480.0,70.0,33.0,32.0,4.0,2428.71,3645.52
480.0,79.0,5.0,42.0,5.0,1294.54,3067.75
480.0,73.0,3.0,40.0,9.0,1386.78,3229.65
480.0,77.0,5.0,32.0,10.0,1405.33,3010.45
480.0,72.0,3.0,48.0,2.0,1131.05,2979.04
480.0,74.0,0.0,47.0,4.0,1082.72,2970.91
480.0,82.0,29.0,38.0,9.0,2652.89,4275.53
480.0,75.0,33.0,31.0,7.0,2653.19,3914.84
480.0,78.0,28.0,37.0,9.0,2589.9,4171.8
480.0,90.0,31.0,37.0,9.0,2749.07,4305.52
480.0,68.0,23.0,36.0,8.0,2233.95,3819.4
480.0,77.0,13.0,42.0,7.0,1798.91,3672.1
480.0,78.0,9.0,43.0,8.0,1666.75,3586.06
480.0,83.0,18.0,36.0,5.0,1837.55,3399.37
480.0,75.0,11.0,46.0,7.0,1773.62,3809.68
480.0,66.0,9.0,45.0,6.0,1590.47,3559.59
480.0,72.0,47.0,1.0,3.0,2478.98,2418.26
480.0,85.0,45.0,0.0,2.0,2334.12,2282.07
480.0,82.0,45.0,2.0,2.0,2353.24,2325.94
480.0,71.0,46.0,0.0,4.0,2515.25,2425.16
480.0,75.0,44.0,0.0,4.0,2440.15,2283.46
480.0,87.0,44.0,28.0,6.0,3068.17,4085.42
480.0,78.0,38.0,24.0,9.0,2943.37,3898.99
480.0,73.0,38.0,21.0,8.0,2763.94,3630.41
480.0,90.0,39.0,35.0,5.0,2843.78,4151.34
480.0,74.0,36.0,27.0,7.0,2749.11,3818.25
480.0,73.0,1.0,49.0,8.0,1404.36,3576.51
480.0,75.0,4.0,54.0,4.0,1402.94,3580.24
480.0,75.0,0.0,47.0,7.0,1305.96,3343.64
480.0,79.0,1.0,51.0,7.0,1380.47,3536.47
480.0,78.0,1.0,52.0,7.0,1403.67,3643.69
480.0,78.0,7.0,38.0,7.0,1466.12,3126.24
480.0,73.0,10.0,33.0,6.0,1413.4,2883.42
480.0,93.0,8.0,30.0,8.0,1450.29,2852.42
480.0,72.0,6.0,41.0,4.0,1284.78,2905.35
480.0,81.0,7.0,36.0,6.0,1448.64,2988.95
480.0,81.0,21.0,41.0,1.0,1801.5,3365.74
480.0,78.0,12.0,40.0,10.0,1877.85,3788.09
480.0,85.0,16.0,37.0,5.0,1729.82,3347.84
480.0,73.0,14.0,41.0,8.0,1914.73,3794.97
480.0,67.0,11.0,47.0,5.0,1668.13,3685.38
480.0,67.0,1.0,52.0,6.0,1351.1,3559.53
480.0,62.0,1.0,55.0,4.0,1272.87,3478.7
480.0,81.0,1.0,44.0,15.0,1716.49,4009.52
480.0,75.0,0.0,57.0,6.0,1404.04,3716.56
480.0,78.0,1.0,49.0,11.0,1576.28,3887.09
480.0,69.0,2.0,39.0,7.0,1222.0,2930.49
480.0,78.0,4.0,39.0,4.0,1132.69,2714.3
480.0,78.0,2.0,35.0,10.0,1310.2,2960.29
480.0,89.0,1.0,42.0,5.0,1107.53,2837.07
480.0,79.0,0.0,41.0,7.0,1149.31,2905.73
480.0,65.0,34.0,19.0,5.0,2325.7,3302.89
480.0,64.0,30.0,28.0,3.0,2154.2,3365.58
480.0,77.0,27.0,31.0,6.0,2257.68,3612.78
480.0,74.0,26.0,35.0,4.0,2102.35,3595.05
480.0,72.0,33.0,24.0,9.0,2614.93,3899.44
480.0,70.0,40.0,4.0,4.0,2309.72,2376.71
480.0,81.0,42.0,2.0,5.0,2487.57,2445.84
480.0,78.0,41.0,6.0,1.0,2135.66,2222.15
480.0,69.0,38.0,8.0,3.0,2205.36,2415.65
480.0,70.0,43.0,2.0,4.0,2406.36,2350.48
480.0,87.0,44.0,27.0,6.0,3010.02,4089.35
480.0,76.0,34.0,28.0,9.0,2745.37,3996.63
480.0,81.0,30.0,33.0,13.0,2911.99,4433.56
480.0,96.0,33.0,43.0,11.0,3188.98,4950.65
480.0,63.0,30.0,25.0,6.0,2301.73,3460.96
480.0,72.0,40.0,6.0,6.0,2523.76,2642.57
480.0,77.0,42.0,3.0,5.0,2505.82,2501.48
480.0,77.0,43.0,3.0,2.0,2238.11,2233.17
480.0,75.0,43.0,7.0,3.0,2463.85,2582.63
480.0,69.0,41.0,5.0,2.0,2257.41,2297.27
480.0,77.0,46.0,14.0,3.0,2702.46,3154.43
480.0,72.0,42.0,6.0,6.0,2588.5,2849.59
480.0,78.0,42.0,9.0,4.0,2584.34,2923.64
480.0,79.0,45.0,7.0,2.0,2485.68,2723.45
480.0,85.0,46.0,6.0,4.0,2610.57,2899.68
480.0,77.0,5.0,55.0,6.0,1585.73,3916.87
480.0,68.0,2.0,52.0,8.0,1554.84,3784.49
480.0,80.0,3.0,46.0,12.0,1711.37,3989.2
480.0,70.0,3.0,53.0,6.0,1455.04,3700.31
480.0,70.0,2.0,55.0,5.0,1388.28,3672.19
480.0,61.0,9.0,44.0,3.0,1400.44,3141.59
480.0,80.0,7.0,52.0,5.0,1608.79,3652.02
480.0,81.0,5.0,44.0,8.0,1505.53,3400.36
480.0,92.0,5.0,52.0,8.0,1641.45,3805.79
480.0,70.0,8.0,50.0,4.0,1562.91,3565.1
480.0,83.0,41.0,20.0,7.0,2921.04,3697.26
480.0,72.0,40.0,18.0,5.0,2666.08,3358.25
480.0,75.0,44.0,17.0,5.0,2812.62,3569.42
480.0,83.0,45.0,15.0,4.0,2723.35,3376.03
480.0,71.0,43.0,20.0,4.0,2684.6,3572.0
480.0,94.0,29.0,50.0,9.0,2856.31,4826.65
480.0,69.0,26.0,32.0,8.0,2403.44,3801.97
480.0,85.0,34.0,36.0,13.0,3144.48,4642.92
480.0,73.0,30.0,33.0,5.0,2378.25,3722.03
480.0,72.0,26.0,37.0,6.0,2292.7,3861.19
480.0,66.0,42.0,6.0,2.0,2283.72,2356.18
480.0,84.0,39.0,6.0,2.0,2145.7,2215.0
480.0,73.0,40.0,3.0,3.0,2220.78,2185.1
480.0,76.0,42.0,6.0,1.0,2212.76,2259.07
480.0,78.0,35.0,9.0,5.0,2300.65,2500.09
480.0,77.0,0.0,47.0,9.0,1381.5,3408.79
480.0,73.0,0.0,50.0,9.0,1431.35,3581.27
480.0,81.0,0.0,50.0,6.0,1248.59,3283.27
480.0,87.0,0.0,56.0,3.0,1198.19,3336.11
480.0,80.0,0.0,53.0,5.0,1242.67,3341.47
480.0,73.0,43.0,0.0,6.0,2547.79,2392.56
480.0,79.0,43.0,0.0,3.0,2355.35,2169.09
480.0,87.0,43.0,0.0,4.0,2413.56,2248.6
480.0,80.0,47.0,0.0,1.0,2359.15,2148.5
480.0,68.0,44.0,0.0,3.0,2394.4,2174.58
480.0,86.0,6.0,55.0,7.0,1773.85,4052.94
480.0,74.0,6.0,53.0,5.0,1547.12,3703.68
480.0,72.0,8.0,47.0,9.0,1801.75,3901.11
480.0,72.0,3.0,52.0,10.0,1709.62,3971.8
480.0,81.0,5.0,51.0,9.0,1703.54,3963.74
480.0,78.0,44.0,5.0,4.0,2575.08,2635.69
480.0,78.0,43.0,3.0,3.0,2376.91,2431.06
480.0,86.0,45.0,5.0,1.0,2285.64,2404.93
480.0,76.0,44.0,7.0,1.0,2427.7,2569.74
480.0,72.0,45.0,4.0,4.0,2536.34,2590.14
480.0,77.0,12.0,49.0,5.0,1828.75,3910.13
480.0,75.0,8.0,53.0,7.0,1777.98,4035.1
480.0,74.0,13.0,44.0,10.0,2111.19,4100.81
480.0,93.0,11.0,55.0,5.0,1840.91,4089.61
480.0,77.0,12.0,51.0,6.0,1889.91,4060.6
480.0,73.0,24.0,42.0,5.0,2211.53,3897.55
480.0,71.0,18.0,40.0,11.0,2304.18,4182.68
480.0,81.0,17.0,41.0,13.0,2351.3,4347.82
480.0,71.0,22.0,43.0,4.0,2161.12,3924.81
480.0,73.0,17.0,46.0,7.0,2054.46,4089.06
480.0,79.0,41.0,28.0,5.0,2846.86,4008.9
480.0,72.0,26.0,35.0,8.0,2451.59,3964.08
480.0,76.0,36.0,33.0,5.0,2686.09,3936.9
480.0,73.0,29.0,32.0,5.0,2289.68,3641.27
480.0,77.0,30.0,40.0,4.0,2469.56,4000.31
480.0,64.0,47.0,3.0,2.0,2424.88,2407.09
480.0,82.0,41.0,9.0,6.0,2622.1,2845.93
480.0,81.0,43.0,3.0,3.0,2319.67,2369.98
480.0,78.0,44.0,5.0,3.0,2483.02,2478.45
480.0,74.0,42.0,8.0,1.0,2224.21,2382.35
480.0,78.0,47.0,6.0,3.0,2570.48,2782.57
480.0,67.0,45.0,3.0,2.0,2383.43,2423.01
480.0,87.0,41.0,4.0,7.0,2588.3,2862.17
480.0,78.0,43.0,10.0,3.0,2524.48,2867.58
480.0,75.0,46.0,5.0,3.0,2525.74,2689.15
480.0,82.0,37.0,35.0,2.0,2599.25,3851.65
480.0,69.0,29.0,31.0,5.0,2297.23,3513.34
480.0,87.0,40.0,31.0,8.0,3066.86,4298.76
480.0,79.0,29.0,34.0,7.0,2475.73,3895.23
480.0,76.0,37.0,29.0,6.0,2644.51,3889.15
480.0,71.0,3.0,42.0,6.0,1267.78,3057.35
480.0,74.0,1.0,41.0,7.0,1195.05,2957.23
480.0,77.0,1.0,45.0,4.0,1134.55,2941.6
480.0,71.0,0.0,42.0,8.0,1220.98,3026.96
480.0,76.0,1.0,43.0,6.0,1187.8,3006.54
480.0,86.0,42.0,23.0,8.0,3063.74,3978.18
480.0,86.0,41.0,30.0,8.0,3076.74,4237.72
480.0,80.0,38.0,21.0,11.0,2948.13,4002.24
480.0,72.0,38.0,27.0,3.0,2522.75,3498.03
480.0,66.0,34.0,16.0,8.0,2450.58,3262.52
480.0,70.0,18.0,30.0,7.0,1930.74,3294.99
480.0,75.0,31.0,27.0,1.0,2054.1,3054.8
480.0,76.0,26.0,19.0,4.0,1859.01,2685.7
480.0,79.0,26.0,25.0,4.0,1953.61,3039.16
480.0,74.0,21.0,24.0,6.0,1876.1,2974.44
480.0,70.0,20.0,24.0,7.0,1869.64,2985.7
480.0,74.0,29.0,17.0,2.0,1832.5,2546.15
480.0,81.0,26.0,15.0,8.0,2091.73,2854.16
480.0,67.0,28.0,18.0,6.0,2178.57,2945.95
480.0,67.0,29.0,17.0,2.0,1827.43,2556.39
480.0,82.0,28.0,39.0,11.0,2735.87,4435.87
480.0,75.0,22.0,41.0,9.0,2413.21,4121.93
480.0,85.0,34.0,43.0,4.0,2633.12,4246.21
480.0,70.0,20.0,44.0,5.0,2061.94,3825.76
480.0,80.0,29.0,36.0,10.0,2649.11,4289.15
480.0,78.0,46.0,10.0,2.0,2576.98,2932.04
480.0,70.0,40.0,9.0,7.0,2660.39,2963.57
480.0,72.0,42.0,7.0,4.0,2466.02,2661.5
480.0,76.0,47.0,7.0,2.0,2544.2,2715.59
480.0,70.0,45.0,5.0,3.0,2508.98,2600.9
480.0,85.0,21.0,21.0,6.0,1800.3,2796.26
480.0,78.0,21.0,21.0,4.0,1737.46,2608.72
480.0,79.0,24.0,18.0,4.0,1794.62,2596.42
480.0,81.0,22.0,24.0,2.0,1629.12,2627.56
480.0,70.0,20.0,23.0,5.0,1691.8,2761.92
480.0,76.0,3.0,53.0,7.0,1507.75,3745.51
480.0,75.0,1.0,49.0,7.0,1342.19,3483.89
480.0,75.0,1.0,45.0,13.0,1622.44,3827.61
480.0,74.0,0.0,52.0,9.0,1463.73,3747.74
480.0,77.0,0.0,50.0,10.0,1490.66,3731.6
480.0,79.0,13.0,41.0,5.0,1679.82,3447.01
480.0,84.0,4.0,47.0,4.0,1275.36,3173.51
480.0,84.0,17.0,33.0,7.0,1816.41,3353.72
480.0,75.0,7.0,39.0,8.0,1555.2,3365.94
480.0,73.0,11.0,36.0,4.0,1434.72,3040.04
480.0,72.0,5.0,43.0,9.0,1633.77,3534.99
480.0,78.0,7.0,41.0,4.0,1338.44,2994.46
480.0,70.0,11.0,32.0,7.0,1551.52,3123.32
480.0,87.0,4.0,46.0,8.0,1524.65,3510.45
480.0,74.0,7.0,39.0,6.0,1421.15,3107.23
480.0,70.0,28.0,28.0,6.0,2227.46,3466.91
480.0,72.0,27.0,28.0,8.0,2359.32,3772.7
480.0,78.0,22.0,26.0,10.0,2203.03,3495.27
480.0,87.0,19.0,32.0,10.0,2136.1,3705.05
480.0,79.0,22.0,38.0,5.0,2105.41,3677.31
480.0,72.0,40.0,6.0,6.0,2523.76,2635.68
480.0,84.0,38.0,7.0,6.0,2497.59,2761.88
480.0,77.0,41.0,4.0,2.0,2284.28,2314.5
480.0,92.0,41.0,6.0,5.0,2475.55,2626.85
480.0,69.0,41.0,5.0,2.0,2257.41,2293.73
480.0,70.0,33.0,9.0,6.0,2186.6,2591.16
480.0,84.0,33.0,11.0,4.0,2125.36,2461.33
480.0,81.0,35.0,12.0,2.0,2053.75,2414.45
480.0,75.0,38.0,7.0,6.0,2372.46,2708.19
480.0,69.0,33.0,12.0,6.0,2212.92,2754.3
480.0,82.0,23.0,41.0,2.0,2004.77,3553.47
480.0,81.0,11.0,41.0,9.0,1788.03,3710.56
480.0,84.0,22.0,31.0,7.0,2014.23,3499.24
480.0,76.0,14.0,40.0,8.0,1892.4,3723.65
480.0,75.0,15.0,40.0,6.0,1854.09,3722.58
480.0,75.0,22.0,34.0,2.0,1817.29,3095.41
480.0,75.0,38.0,21.0,4.0,2495.03,3362.49
480.0,77.0,37.0,18.0,10.0,2804.27,3693.15
480.0,82.0,35.0,26.0,8.0,2700.51,3796.28
480.0,71.0,34.0,22.0,8.0,2581.28,3558.51
480.0,80.0,17.0,28.0,4.0,1603.59,2862.46
480.0,80.0,13.0,31.0,6.0,1523.14,2968.61
480.0,78.0,23.0,22.0,4.0,1740.49,2837.76
480.0,87.0,13.0,31.0,7.0,1658.86,3209.18
480.0,66.0,14.0,35.0,3.0,1478.19,2928.35
480.0,68.0,6.0,44.0,6.0,1428.59,3246.82
480.0,67.0,6.0,45.0,4.0,1322.97,3102.07
480.0,79.0,12.0,34.0,6.0,1585.13,3137.5
480.0,78.0,5.0,45.0,8.0,1521.5,3447.68
480.0,77.0,7.0,40.0,7.0,1496.47,3200.54
480.0,69.0,0.0,47.0,11.0,1492.49,3648.87
480.0,82.0,0.0,50.0,9.0,1431.81,3621.97
480.0,82.0,0.0,51.0,4.0,1192.51,3251.35
480.0,79.0,1.0,51.0,7.0,1380.47,3519.19
480.0,79.0,0.0,50.0,9.0,1438.17,3648.25
480.0,71.0,15.0,32.0,8.0,1842.55,3240.87
480.0,74.0,25.0,24.0,4.0,1891.37,2932.18
480.0,83.0,31.0,18.0,1.0,1902.7,2598.44
480.0,79.0,18.0,32.0,6.0,1857.83,3276.15
480.0,78.0,18.0,29.0,4.0,1725.29,2964.07
480.0,64.0,37.0,7.0,3.0,2156.04,2437.0
480.0,84.0,33.0,11.0,4.0,2125.36,2461.04
480.0,81.0,35.0,12.0,2.0,2053.75,2414.01
480.0,75.0,38.0,7.0,6.0,2372.46,2707.81
480.0,69.0,33.0,12.0,6.0,2212.92,2753.96
480.0,69.0,1.0,40.0,9.0,1307.85,3122.12
480.0,80.0,4.0,40.0,4.0,1157.7,2776.21
480.0,78.0,0.0,38.0,9.0,1211.37,2920.35
480.0,78.0,0.0,43.0,6.0,1142.72,2948.7
480.0,73.0,0.0,47.0,3.0,1018.92,2822.95
480.0,86.0,45.0,29.0,5.0,3011.09,4109.87
480.0,75.0,38.0,27.0,8.0,2856.26,3995.39
480.0,84.0,41.0,28.0,9.0,3115.96,4254.51
480.0,71.0,33.0,29.0,4.0,2380.36,3487.8
480.0,76.0,36.0,30.0,5.0,2595.83,3803.35
480.0,83.0,41.0,24.0,4.0,2710.76,3637.24
480.0,78.0,39.0,28.0,5.0,2707.67,3840.25
480.0,75.0,39.0,28.0,3.0,2609.06,3627.69
480.0,78.0,38.0,28.0,7.0,2829.03,3889.64
480.0,74.0,38.0,24.0,8.0,2731.63,3890.94
480.0,76.0,10.0,47.0,9.0,1896.24,4005.54
480.0,68.0,16.0,38.0,11.0,2191.28,3922.24
480.0,77.0,21.0,41.0,9.0,2278.73,4119.92
480.0,83.0,12.0,52.0,4.0,1748.67,3837.45
480.0,68.0,12.0,45.0,8.0,1885.72,3849.07
480.0,80.0,6.0,45.0,7.0,1558.06,3597.4
480.0,81.0,2.0,47.0,6.0,1352.09,3396.8
480.0,87.0,3.0,41.0,10.0,1484.62,3450.0
480.0,75.0,3.0,50.0,5.0,1345.27,3411.79
480.0,79.0,5.0,47.0,7.0,1506.0,3578.69
480.0,72.0,47.0,1.0,3.0,2478.98,2406.49
480.0,71.0,43.0,1.0,4.0,2410.98,2337.95
480.0,83.0,44.0,0.0,3.0,2356.61,2225.39
480.0,80.0,43.0,3.0,6.0,2629.0,2632.29
480.0,74.0,47.0,3.0,1.0,2374.05,2345.2
480.0,68.0,0.0,48.0,8.0,1385.09,3555.95
480.0,70.0,1.0,51.0,6.0,1349.0,3513.77
480.0,73.0,1.0,52.0,6.0,1387.14,3593.24
480.0,72.0,1.0,54.0,6.0,1377.32,3650.88
480.0,71.0,0.0,51.0,9.0,1455.35,3690.71
480.0,73.0,25.0,21.0,6.0,2035.62,3042.95
480.0,74.0,22.0,24.0,4.0,1781.42,2751.7
480.0,81.0,29.0,18.0,7.0,2107.72,3041.88
480.0,75.0,22.0,25.0,6.0,1963.41,3036.92
480.0,69.0,21.0,23.0,7.0,1879.72,3012.02
480.0,77.0,5.0,49.0,9.0,1669.26,3846.73
480.0,78.0,7.0,53.0,5.0,1582.75,3678.03
480.0,70.0,11.0,37.0,8.0,1700.37,3366.77
480.0,77.0,10.0,50.0,6.0,1733.14,3795.07
480.0,75.0,7.0,43.0,11.0,1754.48,3782.92
480.0,77.0,45.0,15.0,5.0,2746.09,3431.6
480.0,77.0,43.0,19.0,7.0,2874.63,3784.97
480.0,78.0,43.0,17.0,7.0,2854.47,3630.09
480.0,78.0,45.0,21.0,2.0,2711.56,3464.24
480.0,71.0,46.0,13.0,3.0,2683.41,3207.99
480.0,69.0,20.0,26.0,3.0,1630.95,2714.69
480.0,79.0,20.0,26.0,4.0,1826.47,2853.71
480.0,78.0,24.0,21.0,4.0,1758.3,2777.16
480.0,76.0,19.0,30.0,4.0,1736.8,2976.18
480.0,77.0,20.0,30.0,3.0,1666.4,2925.92
480.0,90.0,39.0,37.0,9.0,3102.51,4700.17
480.0,70.0,26.0,36.0,5.0,2249.83,3764.97
480.0,78.0,37.0,27.0,11.0,2961.01,4304.6
480.0,90.0,33.0,44.0,4.0,2665.02,4350.81
480.0,76.0,27.0,41.0,6.0,2420.19,4161.32
480.0,77.0,5.0,47.0,7.0,1530.51,3580.66
480.0,74.0,6.0,48.0,8.0,1627.16,3755.56
480.0,72.0,3.0,43.0,11.0,1671.23,3684.32
480.0,77.0,4.0,53.0,7.0,1558.21,3790.65
480.0,76.0,3.0,51.0,7.0,1483.02,3734.16
480.0,93.0,32.0,31.0,6.0,2621.42,3832.42
480.0,73.0,29.0,28.0,7.0,2414.76,3530.99
480.0,76.0,24.0,27.0,8.0,2245.97,3407.48
480.0,78.0,19.0,29.0,11.0,2247.66,3558.0
480.0,74.0,29.0,28.0,5.0,2239.21,3486.75
480.0,79.0,0.0,54.0,6.0,1371.42,3659.44
480.0,76.0,2.0,49.0,12.0,1752.55,3945.1
480.0,81.0,1.0,49.0,10.0,1602.58,3816.76
480.0,77.0,0.0,55.0,6.0,1423.52,3684.01
480.0,80.0,1.0,51.0,9.0,1497.4,3757.1
480.0,71.0,18.0,38.0,9.0,2110.61,3893.94
480.0,74.0,20.0,41.0,7.0,2113.94,3965.74
480.0,75.0,21.0,31.0,8.0,2077.23,3476.39
480.0,77.0,19.0,42.0,6.0,2021.19,3866.58
480.0,79.0,18.0,45.0,7.0,2115.2,4057.21
480.0,87.0,26.0,26.0,8.0,2299.17,3516.95
480.0,71.0,26.0,28.0,7.0,2268.37,3401.98
480.0,75.0,30.0,18.0,6.0,2186.81,2985.84
480.0,82.0,31.0,26.0,5.0,2322.06,3359.75
480.0,71.0,22.0,31.0,5.0,2003.92,3353.94
480.0,84.0,36.0,32.0,10.0,3041.57,4451.9
480.0,70.0,37.0,25.0,5.0,2573.0,3582.38
480.0,83.0,41.0,30.0,8.0,3017.99,4273.38
480.0,99.0,39.0,37.0,5.0,2921.92,4328.24
480.0,73.0,37.0,24.0,6.0,2645.22,3631.7
480.0,86.0,23.0,36.0,8.0,2301.2,3931.06
480.0,76.0,27.0,35.0,3.0,2091.7,3519.08
480.0,74.0,19.0,28.0,10.0,2046.58,3423.97
480.0,83.0,21.0,38.0,4.0,1986.72,3502.53
480.0,74.0,11.0,45.0,5.0,1654.33,3527.49
480.0,89.0,40.0,37.0,8.0,3157.24,4719.58
480.0,71.0,32.0,25.0,8.0,2558.32,3754.96
480.0,82.0,40.0,29.0,4.0,2695.88,3800.73
480.0,76.0,29.0,34.0,6.0,2490.81,3808.96
480.0,77.0,34.0,33.0,5.0,2532.64,3913.73
480.0,87.0,41.0,26.0,11.0,3180.11,4507.34
480.0,76.0,39.0,26.0,8.0,2906.98,4021.67
480.0,82.0,42.0,21.0,11.0,3153.5,4200.28
480.0,81.0,43.0,17.0,8.0,2986.74,3749.89
480.0,74.0,34.0,29.0,7.0,2678.71,4005.23
480.0,77.0,47.0,3.0,2.0,2478.07,2555.17
480.0,77.0,42.0,7.0,6.0,2616.73,2954.12
480.0,84.0,43.0,8.0,2.0,2401.59,2669.89
480.0,82.0,41.0,5.0,7.0,2628.82,2876.06
480.0,72.0,45.0,8.0,7.0,2801.3,3195.32
480.0,90.0,1.0,49.0,6.0,1287.59,3343.77
480.0,78.0,1.0,49.0,6.0,1298.74,3391.46
480.0,76.0,0.0,43.0,8.0,1273.56,3205.93
480.0,83.0,3.0,50.0,5.0,1339.75,3400.68
480.0,76.0,1.0,51.0,4.0,1206.43,3261.68
480.0,97.0,45.0,38.0,4.0,3139.59,4566.06
480.0,76.0,39.0,28.0,4.0,2620.01,3808.13
480.0,86.0,43.0,26.0,9.0,3138.37,4286.28
480.0,93.0,42.0,35.0,8.0,3140.15,4591.49
480.0,70.0,36.0,27.0,5.0,2591.48,3729.97
480.0,77.0,45.0,25.0,2.0,2778.33,3654.68
480.0,76.0,42.0,27.0,1.0,2599.62,3527.51
480.0,82.0,39.0,25.0,8.0,2896.35,3928.24
480.0,73.0,41.0,20.0,4.0,2583.77,3383.46
480.0,69.0,33.0,23.0,8.0,2545.19,3596.17
480.0,87.0,25.0,29.0,4.0,2055.11,3233.97
480.0,80.0,28.0,27.0,8.0,2373.21,3590.83
480.0,74.0,28.0,17.0,7.0,2123.46,3055.24
480.0,75.0,21.0,31.0,5.0,1868.84,3227.33
480.0,75.0,26.0,26.0,2.0,1840.13,2965.36
480.0,86.0,6.0,55.0,7.0,1773.85,4032.84
480.0,77.0,5.0,51.0,6.0,1556.43,3731.87
480.0,81.0,8.0,45.0,13.0,1958.25,4065.56
480.0,78.0,2.0,53.0,9.0,1614.78,3883.95
480.0,75.0,4.0,52.0,8.0,1610.36,3838.09
480.0,77.0,41.0,5.0,5.0,2465.53,2571.44
480.0,80.0,44.0,6.0,3.0,2481.04,2609.18
480.0,77.0,43.0,3.0,2.0,2238.11,2230.97
480.0,81.0,43.0,8.0,4.0,2573.54,2715.15
480.0,70.0,38.0,11.0,2.0,2226.99,2562.38
480.0,84.0,45.0,6.0,5.0,2654.35,2778.17
480.0,76.0,44.0,6.0,2.0,2422.37,2491.68
480.0,89.0,40.0,3.0,5.0,2364.75,2389.42
480.0,80.0,40.0,8.0,4.0,2411.54,2628.97
480.0,71.0,46.0,5.0,4.0,2570.39,2713.4
480.0,83.0,41.0,20.0,7.0,2921.04,3698.77
480.0,72.0,44.0,21.0,3.0,2646.36,3498.77
480.0,84.0,43.0,13.0,9.0,2902.64,3628.74
480.0,83.0,45.0,15.0,4.0,2723.35,3374.93
480.0,73.0,43.0,21.0,6.0,2797.92,3776.5
480.0,83.0,36.0,38.0,7.0,2927.79,4346.38
480.0,67.0,26.0,36.0,2.0,2044.39,3396.98
480.0,86.0,41.0,24.0,13.0,3208.95,4439.35
480.0,78.0,39.0,25.0,5.0,2685.58,3600.98
480.0,73.0,33.0,28.0,10.0,2713.44,4017.02
480.0,77.0,18.0,33.0,8.0,1961.2,3557.32
480.0,77.0,10.0,43.0,8.0,1732.74,3663.57
480.0,79.0,13.0,38.0,5.0,1653.4,3249.05
480.0,86.0,16.0,53.0,2.0,1887.79,3861.03
480.0,74.0,12.0,52.0,7.0,1922.86,4132.4
480.0,73.0,1.0,49.0,8.0,1404.36,3566.97
480.0,78.0,4.0,53.0,5.0,1445.69,3633.88
480.0,75.0,0.0,47.0,7.0,1305.96,3334.03
480.0,79.0,1.0,51.0,7.0,1380.47,3526.78
480.0,78.0,1.0,52.0,7.0,1403.67,3634.14
480.0,96.0,42.0,42.0,6.0,3223.91,4764.56
480.0,69.0,35.0,26.0,7.0,2590.36,3767.85
480.0,84.0,41.0,31.0,9.0,3134.98,4388.48
480.0,90.0,40.0,34.0,7.0,3027.4,4360.73
480.0,74.0,35.0,30.0,5.0,2587.03,3801.2
480.0,77.0,13.0,42.0,7.0,1798.91,3716.59
480.0,78.0,9.0,43.0,8.0,1666.75,3614.99
480.0,83.0,18.0,36.0,5.0,1837.55,3441.04
480.0,77.0,15.0,34.0,9.0,1853.61,3593.86
480.0,73.0,15.0,41.0,5.0,1740.78,3533.95
480.0,72.0,16.0,32.0,8.0,1848.19,3314.32
480.0,75.0,8.0,44.0,9.0,1703.19,3600.89
480.0,81.0,20.0,33.0,6.0,1984.29,3421.82
480.0,77.0,13.0,45.0,6.0,1885.05,3677.87
480.0,72.0,14.0,42.0,3.0,1626.73,3235.59
480.0,75.0,36.0,28.0,4.0,2484.13,3603.08
480.0,73.0,35.0,27.0,9.0,2726.59,3961.66
480.0,80.0,35.0,27.0,13.0,3145.13,4368.55
480.0,88.0,32.0,36.0,7.0,2643.9,4063.27
480.0,81.0,44.0,23.0,8.0,2987.57,4031.4
480.0,71.0,3.0,42.0,6.0,1267.78,3057.32
480.0,74.0,1.0,41.0,7.0,1195.05,2957.18
480.0,85.0,2.0,38.0,10.0,1356.43,3094.68
480.0,71.0,0.0,42.0,8.0,1220.98,3026.93
480.0,76.0,2.0,42.0,6.0,1207.53,2974.34
480.0,66.0,42.0,6.0,2.0,2283.72,2351.74
480.0,84.0,39.0,6.0,2.0,2145.7,2210.19
480.0,73.0,40.0,3.0,3.0,2220.78,2179.62
480.0,76.0,42.0,6.0,1.0,2212.76,2255.51
480.0,78.0,35.0,9.0,5.0,2300.65,2492.72
480.0,94.0,43.0,30.0,10.0,3310.79,4513.59
480.0,82.0,41.0,28.0,5.0,2796.03,3914.42
480.0,81.0,39.0,26.0,5.0,2715.19,3729.52
480.0,80.0,37.0,33.0,0.0,2368.65,3560.5
480.0,70.0,35.0,30.0,4.0,2499.06,3671.63
480.0,87.0,39.0,35.0,7.0,3029.07,4389.89
480.0,69.0,23.0,34.0,6.0,2267.01,3625.62
480.0,82.0,35.0,33.0,10.0,2907.95,4331.2
480.0,84.0,37.0,26.0,8.0,2861.28,3897.53
480.0,77.0,39.0,28.0,5.0,2686.38,3861.44
480.0,75.0,22.0,34.0,2.0,1817.29,3117.23
480.0,81.0,34.0,26.0,6.0,2698.41,3725.4
480.0,77.0,37.0,18.0,10.0,2804.27,3758.55
480.0,87.0,35.0,27.0,7.0,2691.7,3894.85
480.0,71.0,34.0,22.0,8.0,2581.28,3609.38
480.0,69.0,15.0,46.0,5.0,1910.75,3795.38
480.0,84.0,9.0,51.0,10.0,2010.12,4236.81
480.0,76.0,20.0,36.0,13.0,2495.26,4265.39
480.0,71.0,13.0,48.0,6.0,1862.5,3940.1
480.0,79.0,17.0,49.0,9.0,2250.28,4322.07
480.0,73.0,11.0,51.0,5.0,1746.63,3896.56
480.0,73.0,7.0,55.0,7.0,1907.35,4137.4
480.0,89.0,18.0,44.0,12.0,2386.48,4455.11
480.0,93.0,11.0,55.0,5.0,1840.91,4107.31
480.0,71.0,10.0,52.0,7.0,1864.86,4080.63
480.0,72.0,45.0,7.0,5.0,2634.81,2941.83
480.0,81.0,41.0,9.0,4.0,2477.39,2800.55
480.0,81.0,40.0,5.0,5.0,2407.7,2601.56
480.0,89.0,44.0,8.0,5.0,2671.53,2877.15
480.0,75.0,48.0,8.0,0.0,2435.44,2637.09
480.0,72.0,1.0,50.0,5.0,1246.73,3411.81
480.0,82.0,1.0,50.0,8.0,1419.31,3597.9
480.0,83.0,1.0,45.0,9.0,1378.35,3476.78
480.0,76.0,0.0,50.0,10.0,1493.61,3752.49
480.0,80.0,0.0,49.0,8.0,1363.84,3503.5
480.0,72.0,36.0,19.0,3.0,2312.15,3063.76
480.0,69.0,37.0,16.0,5.0,2496.05,3065.75
480.0,80.0,38.0,12.0,6.0,2496.02,2941.35
480.0,77.0,34.0,15.0,7.0,2445.36,3020.5
480.0,77.0,40.0,17.0,2.0,2436.11,3080.79
480.0,75.0,47.0,0.0,1.0,2364.86,2302.65
480.0,79.0,43.0,1.0,4.0,2428.98,2470.82
480.0,81.0,42.0,0.0,5.0,2447.76,2479.46
480.0,75.0,46.0,0.0,3.0,2456.64,2416.51
480.0,82.0,46.0,0.0,2.0,2380.03,2372.29
480.0,71.0,31.0,25.0,7.0,2341.79,3562.31
480.0,64.0,30.0,28.0,3.0,2154.2,3365.57
480.0,77.0,27.0,31.0,6.0,2257.68,3612.71
480.0,74.0,32.0,28.0,4.0,2316.81,3439.67
480.0,72.0,33.0,24.0,9.0,2614.93,3899.41
480.0,75.0,22.0,28.0,3.0,1746.15,2985.64
480.0,78.0,22.0,25.0,5.0,1855.07,2970.42
480.0,77.0,30.0,14.0,5.0,2048.02,2655.9
480.0,71.0,26.0,21.0,6.0,2019.64,2986.21
480.0,73.0,20.0,26.0,4.0,1711.67,2844.8
480.0,79.0,24.0,30.0,6.0,2103.35,3384.23
480.0,79.0,21.0,33.0,11.0,2359.65,3886.85
480.0,81.0,24.0,23.0,8.0,2083.49,3242.96
480.0,85.0,28.0,30.0,3.0,2101.36,3262.37
480.0,73.0,12.0,40.0,3.0,1471.07,3095.01
480.0,75.0,0.0,41.0,7.0,1165.51,2941.44
480.0,76.0,1.0,42.0,4.0,1043.07,2732.83
480.0,78.0,0.0,38.0,9.0,1211.37,2922.14
480.0,82.0,0.0,45.0,3.0,998.2,2757.55
480.0,79.0,0.0,41.0,7.0,1149.31,2906.16
480.0,74.0,15.0,34.0,7.0,1785.55,3277.4
480.0,80.0,25.0,27.0,5.0,2023.74,3152.61
480.0,74.0,29.0,17.0,2.0,1798.34,2521.71
480.0,87.0,28.0,23.0,5.0,2155.35,3061.77
480.0,69.0,19.0,29.0,6.0,1836.72,3070.9
480.0,71.0,39.0,5.0,4.0,2255.91,2435.45
480.0,77.0,44.0,0.0,2.0,2315.31,2091.16
480.0,87.0,39.0,5.0,2.0,2130.84,2241.31
480.0,68.0,39.0,6.0,3.0,2260.07,2380.95
480.0,72.0,40.0,3.0,3.0,2284.86,2327.62
480.0,76.0,22.0,32.0,4.0,1916.13,3339.91
480.0,72.0,23.0,30.0,7.0,2118.48,3560.35
480.0,81.0,21.0,30.0,6.0,1885.78,3299.22
480.0,73.0,28.0,34.0,4.0,2203.65,3675.13
480.0,68.0,19.0,31.0,6.0,1896.91,3266.17
480.0,79.0,7.0,42.0,7.0,1531.89,3400.63
480.0,72.0,11.0,33.0,8.0,1681.41,3287.91
480.0,76.0,13.0,36.0,3.0,1446.54,2944.26
480.0,73.0,9.0,41.0,6.0,1546.4,3315.94
480.0,74.0,13.0,36.0,4.0,1507.0,3075.5
480.0,69.0,2.0,46.0,7.0,1345.12,3309.77
480.0,81.0,0.0,50.0,7.0,1324.81,3418.59
480.0,79.0,0.0,46.0,7.0,1235.1,3164.45
480.0,84.0,3.0,49.0,5.0,1320.86,3278.3
480.0,68.0,1.0,43.0,7.0,1227.48,3055.11
480.0,71.0,3.0,39.0,6.0,1212.73,2883.83
480.0,78.0,4.0,39.0,4.0,1132.69,2714.56
480.0,85.0,9.0,32.0,7.0,1436.18,2853.17
480.0,83.0,3.0,42.0,4.0,1155.44,2864.62
480.0,64.0,6.0,34.0,8.0,1373.98,2950.11
480.0,85.0,4.0,53.0,8.0,1615.26,3892.82
480.0,67.0,7.0,47.0,7.0,1627.11,3674.01
480.0,83.0,7.0,48.0,10.0,1791.99,3961.74
480.0,73.0,0.0,54.0,7.0,1389.54,3639.11
480.0,80.0,3.0,53.0,5.0,1440.38,3689.96
480.0,72.0,47.0,1.0,3.0,2478.98,2405.66
480.0,71.0,43.0,1.0,4.0,2410.98,2337.3
480.0,76.0,44.0,0.0,2.0,2312.04,2141.08
480.0,80.0,43.0,3.0,6.0,2629.0,2631.5
480.0,74.0,47.0,3.0,1.0,2374.05,2344.37
480.0,88.0,4.0,41.0,6.0,1289.27,3034.71
480.0,74.0,6.0,42.0,5.0,1331.8,3095.39
480.0,89.0,13.0,29.0,6.0,1529.89,2883.84
480.0,79.0,8.0,42.0,3.0,1361.3,3059.34
480.0,69.0,8.0,37.0,6.0,1413.52,3058.8
480.0,77.0,23.0,25.0,8.0,2042.24,3254.74
480.0,82.0,28.0,21.0,3.0,1914.58,2812.7
480.0,90.0,29.0,20.0,6.0,2145.49,3019.29
480.0,71.0,26.0,21.0,6.0,2019.64,2952.41
480.0,72.0,17.0,29.0,4.0,1620.93,2833.08
480.0,95.0,44.0,14.0,9.0,2968.95,3619.06
480.0,72.0,37.0,15.0,7.0,2581.64,3133.15
480.0,83.0,36.0,15.0,4.0,2236.33,2854.96
480.0,88.0,45.0,13.0,2.0,2558.53,2938.95
480.0,74.0,42.0,15.0,3.0,2541.7,3015.35
480.0,82.0,27.0,43.0,8.0,2541.95,4344.0
480.0,75.0,33.0,31.0,7.0,2653.19,3912.62
480.0,89.0,35.0,40.0,9.0,3022.01,4588.49
480.0,90.0,31.0,37.0,9.0,2749.07,4303.12
480.0,77.0,21.0,43.0,6.0,2203.2,3916.39
480.0,78.0,13.0,38.0,9.0,1834.75,3628.33
480.0,75.0,14.0,49.0,7.0,2001.26,4058.93
480.0,79.0,17.0,38.0,8.0,1975.7,3723.4
480.0,86.0,16.0,49.0,2.0,1771.77,3672.84
480.0,74.0,5.0,50.0,10.0,1754.16,3959.05
480.0,70.0,42.0,5.0,2.0,2276.54,2299.41
480.0,75.0,44.0,0.0,3.0,2352.81,2141.94
480.0,86.0,43.0,0.0,3.0,2342.72,2178.62
480.0,76.0,47.0,1.0,1.0,2377.25,2194.26
480.0,81.0,41.0,3.0,4.0,2356.13,2348.5
480.0,66.0,44.0,0.0,4.0,2452.07,2230.88
480.0,79.0,42.0,0.0,3.0,2384.4,2167.91
480.0,87.0,43.0,0.0,4.0,2413.56,2242.8
480.0,83.0,45.0,0.0,3.0,2440.01,2235.0
480.0,69.0,45.0,1.0,2.0,2325.28,2142.45
480.0,67.0,8.0,42.0,3.0,1316.22,3047.35
480.0,76.0,4.0,44.0,6.0,1372.09,3266.56
480.0,80.0,14.0,31.0,7.0,1624.89,3095.22
480.0,75.0,8.0,37.0,7.0,1532.48,3258.95
480.0,71.0,5.0,37.0,9.0,1456.53,3244.33
480.0,85.0,10.0,55.0,6.0,1848.41,4121.46
480.0,65.0,8.0,44.0,7.0,1642.04,3654.14
480.0,80.0,14.0,48.0,9.0,2086.36,4158.82
480.0,82.0,11.0,52.0,7.0,1906.7,4140.54
480.0,70.0,10.0,52.0,6.0,1768.46,3942.41
480.0,81.0,2.0,49.0,8.0,1463.69,3713.8
480.0,70.0,0.0,48.0,8.0,1342.35,3501.06
480.0,75.0,1.0,45.0,13.0,1622.44,3838.67
480.0,91.0,1.0,55.0,5.0,1332.46,3612.88
480.0,77.0,0.0,46.0,12.0,1566.71,3784.54
480.0,96.0,38.0,42.0,12.0,3303.85,5152.54
480.0,76.0,29.0,37.0,4.0,2310.67,3813.23
480.0,78.0,37.0,27.0,11.0,2961.01,4303.64
480.0,88.0,34.0,42.0,3.0,2588.0,4188.26
480.0,79.0,29.0,40.0,7.0,2569.65,4308.23
480.0,86.0,19.0,53.0,7.0,2426.66,4545.9
480.0,80.0,29.0,40.0,5.0,2427.98,4087.24
480.0,87.0,38.0,36.0,10.0,3079.54,4662.48
480.0,91.0,31.0,41.0,10.0,2877.93,4550.91
480.0,76.0,17.0,49.0,6.0,2119.72,4111.62
480.0,83.0,4.0,47.0,5.0,1327.6,3237.43
480.0,74.0,2.0,47.0,8.0,1409.21,3433.25
480.0,75.0,1.0,44.0,7.0,1252.27,3148.81
480.0,78.0,3.0,51.0,4.0,1298.63,3315.87
480.0,72.0,1.0,44.0,10.0,1425.84,3411.26
480.0,74.0,4.0,45.0,6.0,1347.08,3233.06
480.0,82.0,8.0,49.0,8.0,1731.05,3798.62
480.0,73.0,5.0,45.0,9.0,1564.42,3531.46
480.0,79.0,5.0,52.0,7.0,1668.71,3803.84
480.0,75.0,7.0,49.0,7.0,1624.08,3684.43
480.0,83.0,42.0,5.0,2.0,2282.99,2264.99
480.0,75.0,38.0,7.0,2.0,2092.94,2241.3
480.0,81.0,37.0,5.0,5.0,2255.99,2299.07
480.0,76.0,42.0,6.0,1.0,2212.76,2250.99
480.0,74.0,34.0,8.0,5.0,2204.24,2390.69
480.0,85.0,43.0,4.0,3.0,2410.96,2365.22
480.0,75.0,44.0,0.0,3.0,2352.81,2147.94
480.0,86.0,44.0,0.0,3.0,2339.01,2194.33
480.0,75.0,45.0,4.0,2.0,2418.23,2381.64
480.0,74.0,37.0,9.0,1.0,2057.54,2303.71
480.0,74.0,43.0,9.0,5.0,2637.03,2973.91
480.0,79.0,44.0,9.0,4.0,2589.72,2935.88
480.0,90.0,44.0,11.0,4.0,2592.68,3110.57
480.0,70.0,42.0,8.0,7.0,2756.74,3040.38
480.0,73.0,46.0,8.0,3.0,2577.0,2951.73
480.0,86.0,19.0,53.0,7.0,2426.66,4546.94
480.0,61.0,18.0,37.0,5.0,1925.7,3363.08
480.0,86.0,40.0,32.0,10.0,3161.36,4593.13
480.0,87.0,36.0,39.0,9.0,3023.07,4637.86
480.0,71.0,28.0,34.0,7.0,2421.15,3891.26
480.0,72.0,0.0,47.0,11.0,1499.1,3696.08
480.0,67.0,0.0,50.0,9.0,1434.74,3675.63
480.0,75.0,0.0,45.0,10.0,1441.99,3527.52
480.0,87.0,0.0,56.0,3.0,1198.19,3384.57
480.0,70.0,0.0,53.0,5.0,1248.19,3402.48
480.0,63.0,48.0,3.0,1.0,2417.57,2360.1
480.0,79.0,43.0,5.0,4.0,2480.33,2572.52
480.0,83.0,41.0,1.0,5.0,2455.69,2360.71
480.0,92.0,43.0,1.0,4.0,2517.52,2383.7
480.0,74.0,47.0,3.0,1.0,2374.05,2344.1
480.0,84.0,0.0,51.0,6.0,1288.32,3402.81
480.0,81.0,0.0,47.0,10.0,1442.98,3571.27
480.0,76.0,0.0,43.0,8.0,1273.56,3177.91
480.0,83.0,2.0,51.0,5.0,1309.47,3380.24
480.0,76.0,1.0,51.0,4.0,1206.43,3236.69
480.0,70.0,36.0,28.0,4.0,2550.09,3639.62
480.0,75.0,37.0,27.0,7.0,2789.87,3918.11
480.0,86.0,39.0,28.0,11.0,3148.41,4420.14
480.0,84.0,33.0,33.0,5.0,2539.37,3907.94
480.0,74.0,37.0,26.0,9.0,2824.57,4018.34
480.0,70.0,42.0,20.0,3.0,2626.55,3423.91
480.0,68.0,40.0,18.0,5.0,2583.18,3356.82
480.0,79.0,41.0,18.0,5.0,2689.0,3474.29
480.0,75.0,41.0,12.0,6.0,2677.27,3149.75
480.0,79.0,46.0,12.0,4.0,2715.88,3176.38
480.0,75.0,17.0,48.0,5.0,2012.48,3955.03
480.0,69.0,10.0,44.0,9.0,1822.6,3853.27
480.0,75.0,16.0,37.0,16.0,2427.21,4326.67
480.0,72.0,13.0,53.0,4.0,1848.19,3922.63
480.0,69.0,14.0,45.0,3.0,1741.87,3636.33
480.0,70.0,33.0,9.0,6.0,2186.6,2591.14
480.0,84.0,33.0,11.0,4.0,2125.36,2461.42
480.0,81.0,35.0,12.0,2.0,2053.75,2414.51
480.0,75.0,38.0,7.0,6.0,2372.46,2708.35
480.0,69.0,33.0,12.0,6.0,2212.92,2754.54
480.0,73.0,20.0,41.0,5.0,2014.37,3671.47
480.0,79.0,27.0,40.0,5.0,2370.67,3977.54
480.0,78.0,24.0,27.0,8.0,2192.65,3424.65
480.0,79.0,15.0,42.0,9.0,2119.33,3928.75
480.0,72.0,18.0,38.0,10.0,2240.59,4002.32
480.0,80.0,43.0,28.0,4.0,2896.44,3913.42
480.0,75.0,40.0,26.0,4.0,2747.04,3711.31
480.0,79.0,40.0,27.0,9.0,2981.15,4199.82
480.0,80.0,43.0,24.0,5.0,2836.51,3833.13
480.0,74.0,43.0,23.0,6.0,2880.06,3849.76
480.0,82.0,28.0,39.0,11.0,2735.87,4437.23
480.0,70.0,26.0,36.0,8.0,2471.07,3893.01
480.0,85.0,34.0,43.0,4.0,2633.12,4247.88
480.0,70.0,20.0,44.0,5.0,2061.94,3827.13
480.0,80.0,29.0,36.0,10.0,2649.11,4290.75
480.0,87.0,43.0,33.0,4.0,2912.73,4108.9
480.0,66.0,29.0,27.0,6.0,2337.95,3363.2
480.0,73.0,37.0,23.0,9.0,2841.13,3769.38
480.0,90.0,39.0,35.0,5.0,2843.78,4147.02
480.0,71.0,41.0,22.0,2.0,2490.03,3374.8
480.0,75.0,13.0,38.0,6.0,1687.43,3330.1
480.0,74.0,8.0,44.0,8.0,1658.86,3615.35
480.0,82.0,11.0,33.0,14.0,2025.25,3783.81
480.0,85.0,11.0,46.0,8.0,1867.34,3869.61
480.0,73.0,6.0,48.0,6.0,1501.24,3509.51
480.0,85.0,43.0,8.0,4.0,2562.5,2819.45
480.0,76.0,43.0,4.0,6.0,2611.5,2801.74
480.0,78.0,42.0,2.0,7.0,2570.75,2705.64
480.0,77.0,47.0,9.0,4.0,2695.57,3053.19
480.0,67.0,45.0,6.0,5.0,2632.58,2846.3
480.0,82.0,45.0,5.0,3.0,2520.94,2578.42
480.0,78.0,38.0,6.0,7.0,2646.61,2713.39
480.0,77.0,39.0,3.0,4.0,2333.72,2296.27
480.0,82.0,41.0,9.0,4.0,2487.18,2743.54
480.0,67.0,45.0,3.0,2.0,2393.37,2356.01
480.0,64.0,9.0,36.0,3.0,1280.98,2738.46
480.0,81.0,7.0,38.0,2.0,1142.88,2627.81
480.0,93.0,8.0,30.0,8.0,1450.29,2852.5
480.0,76.0,2.0,39.0,7.0,1250.98,2914.04
480.0,75.0,6.0,35.0,7.0,1353.09,2856.02
480.0,78.0,42.0,0.0,7.0,2624.48,2595.96
480.0,81.0,44.0,1.0,3.0,2388.05,2386.51
480.0,82.0,46.0,1.0,1.0,2305.85,2294.29
480.0,68.0,45.0,0.0,4.0,2497.29,2392.48
480.0,75.0,44.0,1.0,4.0,2476.39,2443.3
480.0,79.0,5.0,42.0,5.0,1294.54,3090.74
480.0,78.0,2.0,43.0,8.0,1330.61,3232.71
480.0,77.0,5.0,32.0,10.0,1405.33,3028.18
480.0,72.0,3.0,48.0,2.0,1131.05,2993.83
480.0,80.0,2.0,45.0,4.0,1145.3,2993.53
480.0,92.0,39.0,36.0,13.0,3424.57,4939.27
480.0,70.0,26.0,36.0,5.0,2249.83,3769.09
480.0,78.0,37.0,27.0,11.0,2961.01,4311.81
480.0,90.0,33.0,44.0,4.0,2665.02,4355.96
480.0,75.0,33.0,30.0,7.0,2633.51,3988.47
480.0,69.0,1.0,40.0,9.0,1307.85,3108.61
480.0,80.0,4.0,40.0,4.0,1157.7,2770.2
480.0,78.0,0.0,38.0,9.0,1211.37,2909.84
480.0,78.0,0.0,43.0,6.0,1142.72,2939.7
480.0,73.0,0.0,47.0,3.0,1018.92,2816.95
480.0,76.0,14.0,38.0,9.0,1962.94,3658.94
480.0,72.0,6.0,44.0,9.0,1647.71,3583.23
480.0,81.0,20.0,33.0,6.0,1984.29,3434.38
480.0,73.0,14.0,38.0,11.0,2013.68,3754.3
480.0,88.0,12.0,45.0,2.0,1514.26,3286.04
480.0,61.0,43.0,8.0,3.0,2459.42,2602.27
480.0,71.0,45.0,6.0,2.0,2390.83,2552.28
480.0,84.0,41.0,4.0,5.0,2443.88,2528.09
480.0,75.0,47.0,6.0,4.0,2640.49,2770.85
480.0,79.0,45.0,4.0,4.0,2541.26,2596.42
480.0,72.0,10.0,39.0,6.0,1597.34,3206.71
480.0,75.0,6.0,44.0,6.0,1439.35,3277.61
480.0,74.0,20.0,27.0,4.0,1660.4,2848.65
480.0,77.0,16.0,40.0,3.0,1654.07,3239.54
480.0,76.0,12.0,40.0,4.0,1517.9,3135.74
480.0,91.0,34.0,37.0,12.0,3221.45,4733.3
480.0,70.0,37.0,25.0,5.0,2573.0,3584.3
480.0,76.0,34.0,30.0,8.0,2729.78,4081.33
480.0,95.0,35.0,40.0,8.0,2945.13,4553.76
480.0,69.0,41.0,16.0,9.0,2891.51,3705.88
480.0,78.0,13.0,53.0,6.0,1917.69,4131.03
480.0,71.0,10.0,49.0,7.0,1794.23,3910.59
480.0,72.0,10.0,46.0,12.0,2121.72,4334.68
480.0,90.0,11.0,53.0,7.0,1889.96,4212.07
480.0,80.0,13.0,50.0,9.0,2068.13,4361.41
480.0,90.0,40.0,27.0,10.0,3165.19,4329.48
480.0,66.0,36.0,23.0,3.0,2383.0,3297.06
480.0,75.0,38.0,25.0,7.0,2762.66,3728.84
480.0,80.0,38.0,32.0,4.0,2683.25,3881.71
480.0,78.0,40.0,28.0,6.0,2799.56,3937.51
480.0,77.0,27.0,35.0,8.0,2553.46,4012.87
480.0,73.0,27.0,31.0,11.0,2552.32,3961.31
480.0,82.0,33.0,37.0,6.0,2641.11,4121.2
480.0,70.0,20.0,44.0,5.0,2061.94,3826.93
480.0,86.0,23.0,49.0,11.0,2689.61,4717.51
480.0,77.0,17.0,45.0,8.0,2226.69,4184.71
480.0,70.0,7.0,53.0,7.0,1739.38,3953.54
480.0,84.0,20.0,47.0,10.0,2478.52,4509.57
480.0,71.0,16.0,48.0,5.0,1949.55,3931.76
480.0,72.0,11.0,47.0,8.0,1854.62,3978.29
480.0,86.0,19.0,53.0,7.0,2426.66,4543.11
480.0,80.0,29.0,40.0,5.0,2427.98,4084.34
480.0,87.0,38.0,36.0,10.0,3079.54,4658.19
480.0,92.0,33.0,36.0,12.0,3037.44,4653.1
480.0,76.0,17.0,49.0,6.0,2119.72,4108.29
480.0,76.0,8.0,52.0,10.0,2015.49,4319.21
480.0,70.0,6.0,52.0,8.0,1760.0,3982.78
480.0,69.0,12.0,42.0,12.0,2087.86,4116.42
480.0,95.0,4.0,52.0,9.0,1686.62,4003.17
480.0,73.0,10.0,55.0,4.0,1716.97,3939.3
480.0,78.0,7.0,38.0,7.0,1466.12,3128.35
480.0,73.0,10.0,33.0,6.0,1413.4,2885.26
480.0,87.0,12.0,28.0,7.0,1504.54,2806.78
480.0,72.0,6.0,41.0,4.0,1284.78,2906.66
480.0,81.0,7.0,36.0,6.0,1448.64,2990.49
480.0,72.0,42.0,0.0,7.0,2603.79,2530.32
480.0,67.0,43.0,0.0,4.0,2409.06,2309.47
480.0,82.0,41.0,0.0,6.0,2486.87,2476.75
480.0,82.0,49.0,0.0,0.0,2337.06,2269.54
480.0,78.0,46.0,0.0,2.0,2378.49,2319.16
480.0,77.0,0.0,47.0,9.0,1381.5,3408.57
480.0,73.0,0.0,50.0,9.0,1431.35,3581.06
480.0,81.0,0.0,50.0,6.0,1248.59,3283.06
480.0,87.0,0.0,56.0,3.0,1198.19,3335.88
480.0,76.0,0.0,54.0,5.0,1270.54,3398.03
480.0,88.0,38.0,6.0,5.0,2379.72,2480.25
480.0,82.0,38.0,7.0,2.0,2119.85,2265.47
480.0,83.0,37.0,9.0,1.0,2004.89,2242.11
480.0,80.0,35.0,10.0,4.0,2197.65,2557.42
480.0,82.0,35.0,8.0,4.0,2112.78,2478.86
480.0,66.0,44.0,0.0,4.0,2452.07,2222.91
480.0,79.0,42.0,0.0,3.0,2384.4,2160.83
480.0,87.0,43.0,0.0,4.0,2413.56,2235.27
480.0,78.0,45.0,1.0,3.0,2452.24,2269.02
480.0,69.0,45.0,1.0,2.0,2325.28,2138.98
480.0,84.0,14.0,28.0,7.0,1619.39,2944.64
480.0,74.0,8.0,37.0,5.0,1324.85,2886.61
480.0,79.0,13.0,28.0,6.0,1538.21,2795.97
480.0,68.0,14.0,32.0,3.0,1441.35,2741.06
480.0,75.0,11.0,34.0,4.0,1366.27,2780.86
480.0,68.0,37.0,22.0,7.0,2597.68,3670.37
480.0,77.0,29.0,36.0,5.0,2535.43,3993.4
480.0,73.0,37.0,23.0,8.0,2760.53,3867.36
480.0,93.0,40.0,33.0,2.0,2656.91,3906.76
480.0,80.0,31.0,34.0,8.0,2669.29,4092.3
480.0,79.0,34.0,31.0,8.0,2736.15,4018.56
480.0,67.0,30.0,31.0,5.0,2275.3,3583.97
480.0,74.0,31.0,28.0,8.0,2559.33,3854.47
480.0,87.0,32.0,33.0,13.0,2978.66,4487.31
480.0,72.0,29.0,33.0,2.0,2181.72,3464.2
480.0,75.0,44.0,8.0,4.0,2583.15,2879.26
480.0,76.0,43.0,3.0,4.0,2511.04,2610.31
480.0,81.0,42.0,3.0,6.0,2526.62,2728.98
480.0,85.0,45.0,10.0,4.0,2671.88,3001.81
480.0,75.0,46.0,5.0,4.0,2589.3,2822.59
480.0,67.0,0.0,44.0,4.0,1041.64,2811.66
480.0,76.0,1.0,42.0,4.0,1043.07,2729.46
480.0,78.0,0.0,38.0,9.0,1211.37,2918.77
480.0,76.0,0.0,44.0,5.0,1084.95,2849.61
480.0,73.0,0.0,44.0,3.0,991.35,2732.95
480.0,74.0,1.0,51.0,6.0,1323.06,3421.24
480.0,77.0,4.0,52.0,4.0,1435.59,3542.78
480.0,82.0,0.0,45.0,10.0,1483.37,3505.42
480.0,84.0,2.0,52.0,6.0,1391.23,3505.59
480.0,70.0,3.0,50.0,6.0,1403.22,3460.94
480.0,67.0,3.0,40.0,7.0,1289.12,3019.47
480.0,80.0,4.0,40.0,4.0,1157.7,2770.21
480.0,77.0,5.0,35.0,7.0,1277.16,2810.51
480.0,73.0,3.0,43.0,3.0,1106.31,2792.6
480.0,76.0,1.0,44.0,4.0,1096.05,2867.36
480.0,70.0,9.0,41.0,5.0,1499.49,3205.86
480.0,82.0,10.0,47.0,5.0,1626.1,3537.82
480.0,76.0,14.0,30.0,6.0,1543.27,2917.82
480.0,79.0,6.0,42.0,9.0,1565.4,3425.05
480.0,78.0,7.0,40.0,8.0,1590.9,3318.32
480.0,80.0,24.0,24.0,5.0,1943.85,2930.84
480.0,75.0,25.0,25.0,5.0,1984.39,3083.17
480.0,77.0,23.0,21.0,3.0,1687.41,2601.32
480.0,84.0,29.0,21.0,5.0,2128.88,2975.3
480.0,72.0,19.0,29.0,2.0,1645.23,2834.81
480.0,75.0,20.0,34.0,9.0,2160.71,3757.46
480.0,80.0,20.0,37.0,6.0,1993.53,3631.44
480.0,88.0,14.0,33.0,9.0,1857.53,3444.18
480.0,73.0,14.0,36.0,8.0,1825.91,3556.63
480.0,77.0,19.0,38.0,5.0,1938.42,3524.49
480.0,71.0,3.0,42.0,6.0,1267.78,3057.18
480.0,74.0,1.0,41.0,7.0,1195.05,2958.9
480.0,77.0,1.0,45.0,4.0,1134.55,2946.78
480.0,71.0,0.0,42.0,8.0,1220.98,3028.68
480.0,69.0,0.0,46.0,4.0,1068.42,2896.12
480.0,89.0,43.0,19.0,5.0,2829.42,3615.09
480.0,70.0,39.0,22.0,6.0,2666.79,3667.38
480.0,85.0,41.0,16.0,9.0,2926.87,3731.57
480.0,76.0,45.0,16.0,1.0,2564.6,3111.92
480.0,71.0,43.0,20.0,4.0,2675.9,3544.35
480.0,92.0,33.0,36.0,11.0,3033.77,4667.95
480.0,78.0,34.0,35.0,2.0,2452.28,3876.92
480.0,76.0,40.0,16.0,14.0,3112.44,4212.63
480.0,92.0,40.0,35.0,7.0,3012.01,4485.01
480.0,78.0,30.0,37.0,8.0,2654.11,4304.84
480.0,94.0,39.0,34.0,11.0,3260.3,4742.34
480.0,69.0,24.0,37.0,4.0,2119.18,3655.71
480.0,80.0,41.0,33.0,4.0,2789.4,4037.86
480.0,91.0,38.0,35.0,6.0,2911.44,4180.23
480.0,73.0,32.0,30.0,7.0,2555.19,3885.49
480.0,76.0,38.0,30.0,4.0,2661.72,3808.99
480.0,67.0,26.0,33.0,5.0,2216.14,3483.0
480.0,79.0,34.0,30.0,10.0,2892.75,4131.4
480.0,89.0,41.0,36.0,4.0,2857.79,4166.35
480.0,79.0,39.0,31.0,7.0,2923.35,4104.15
480.0,69.0,40.0,3.0,5.0,2376.81,2376.28
480.0,79.0,42.0,0.0,3.0,2384.4,2162.23
480.0,89.0,42.0,1.0,5.0,2428.19,2324.21
480.0,86.0,46.0,1.0,2.0,2432.65,2248.63
480.0,75.0,44.0,2.0,1.0,2251.74,2133.04
480.0,71.0,31.0,9.0,8.0,2261.32,2747.4
480.0,74.0,30.0,16.0,4.0,2100.17,2802.04
480.0,78.0,28.0,12.0,7.0,2137.5,2797.05
480.0,68.0,33.0,15.0,4.0,2234.79,2836.23
480.0,78.0,26.0,24.0,3.0,1842.65,2901.45
480.0,73.0,22.0,21.0,5.0,1796.64,2746.98
480.0,80.0,19.0,23.0,4.0,1592.65,2628.84
480.0,83.0,25.0,17.0,4.0,1792.81,2576.03
480.0,75.0,24.0,21.0,3.0,1737.94,2661.37
480.0,73.0,16.0,28.0,4.0,1586.18,2709.49
480.0,85.0,42.0,28.0,11.0,3183.44,4473.41
480.0,71.0,35.0,27.0,6.0,2578.45,3741.03
480.0,74.0,33.0,25.0,11.0,2713.51,4022.99
480.0,88.0,38.0,35.0,5.0,2821.79,4145.85
480.0,80.0,43.0,31.0,4.0,2863.42,4065.02
480.0,83.0,20.0,22.0,7.0,1808.41,2891.44
480.0,76.0,22.0,29.0,4.0,1801.68,3078.78
480.0,81.0,18.0,28.0,4.0,1644.99,2824.64
480.0,82.0,21.0,26.0,2.0,1594.61,2696.6
480.0,70.0,16.0,28.0,5.0,1560.73,2890.37
480.0,72.0,45.0,7.0,5.0,2634.81,2941.33
480.0,81.0,41.0,9.0,4.0,2477.39,2799.69
480.0,81.0,40.0,5.0,5.0,2407.7,2601.08
480.0,89.0,44.0,8.0,5.0,2671.53,2876.94
480.0,75.0,48.0,8.0,0.0,2435.44,2636.48
480.0,75.0,22.0,34.0,2.0,1817.29,3118.5
480.0,83.0,23.0,33.0,9.0,2337.98,3772.43
480.0,79.0,30.0,20.0,4.0,2085.77,3042.47
480.0,80.0,35.0,27.0,5.0,2610.51,3714.18
480.0,74.0,26.0,34.0,7.0,2305.08,3815.38
480.0,79.0,47.0,9.0,2.0,2575.51,2786.77
480.0,69.0,37.0,16.0,5.0,2494.85,3059.26
480.0,81.0,37.0,11.0,4.0,2366.71,2764.48
480.0,87.0,45.0,14.0,3.0,2614.2,3120.9
480.0,78.0,42.0,12.0,4.0,2490.47,2990.39
480.0,82.0,5.0,49.0,10.0,1718.59,3933.54
480.0,79.0,3.0,49.0,11.0,1663.66,3912.18
480.0,81.0,6.0,47.0,12.0,1837.1,4050.5
480.0,93.0,3.0,54.0,8.0,1580.74,3903.18
480.0,76.0,3.0,49.0,11.0,1678.35,3924.26
480.0,76.0,10.0,47.0,9.0,1896.24,4004.81
480.0,68.0,16.0,38.0,11.0,2191.28,3921.02
480.0,77.0,21.0,41.0,9.0,2278.73,4119.44
480.0,83.0,12.0,52.0,4.0,1748.67,3836.72
480.0,71.0,7.0,45.0,8.0,1623.01,3615.28
480.0,83.0,3.0,48.0,5.0,1293.76,3227.25
480.0,74.0,2.0,47.0,8.0,1409.21,3432.47
480.0,75.0,1.0,44.0,7.0,1252.27,3148.26
480.0,78.0,3.0,51.0,4.0,1298.63,3314.92
480.0,72.0,1.0,44.0,10.0,1425.84,3410.69
480.0,71.0,3.0,42.0,6.0,1267.78,3056.59
480.0,74.0,1.0,41.0,7.0,1195.05,2956.82
480.0,77.0,1.0,45.0,4.0,1134.55,2941.01
480.0,71.0,0.0,42.0,8.0,1220.98,3026.56
480.0,76.0,1.0,43.0,6.0,1187.8,3005.97
480.0,71.0,39.0,5.0,4.0,2255.91,2426.92
480.0,77.0,44.0,0.0,2.0,2315.31,2088.62
480.0,87.0,39.0,5.0,2.0,2130.84,2235.34
480.0,68.0,39.0,6.0,3.0,2260.07,2373.27
480.0,72.0,40.0,3.0,3.0,2284.86,2320.8
480.0,71.0,43.0,17.0,6.0,2818.93,3549.54
480.0,70.0,39.0,22.0,6.0,2666.79,3664.62
480.0,76.0,44.0,14.0,8.0,2817.13,3566.11
480.0,79.0,45.0,17.0,1.0,2590.39,3208.81
480.0,76.0,44.0,19.0,1.0,2547.91,3274.17
480.0,75.0,22.0,34.0,2.0,1817.29,3112.62
480.0,74.0,30.0,30.0,7.0,2507.47,3743.3
480.0,84.0,34.0,21.0,5.0,2380.28,3360.9
480.0,84.0,34.0,29.0,7.0,2602.28,3799.57
480.0,77.0,30.0,30.0,7.0,2451.31,3782.43
480.0,80.0,44.0,5.0,5.0,2614.86,2777.75
480.0,80.0,41.0,10.0,6.0,2596.79,2992.95
480.0,79.0,39.0,5.0,7.0,2504.26,2724.34
480.0,72.0,41.0,6.0,6.0,2612.49,2733.93
480.0,68.0,44.0,10.0,4.0,2571.29,2967.03
480.0,70.0,33.0,9.0,6.0,2186.6,2574.14
480.0,84.0,33.0,11.0,4.0,2125.36,2449.18
480.0,81.0,35.0,12.0,2.0,2053.75,2407.15
480.0,75.0,38.0,7.0,6.0,2372.46,2696.03
480.0,69.0,33.0,12.0,6.0,2212.92,2737.28
480.0,88.0,40.0,33.0,6.0,2874.84,4224.76
480.0,69.0,29.0,25.0,13.0,2721.12,3920.74
480.0,79.0,38.0,27.0,8.0,2830.65,3977.48
480.0,93.0,29.0,44.0,9.0,2838.24,4574.02
480.0,69.0,27.0,33.0,7.0,2392.94,3788.8
480.0,69.0,0.0,39.0,8.0,1233.46,3008.34
480.0,76.0,1.0,42.0,4.0,1043.07,2731.51
480.0,78.0,0.0,38.0,9.0,1211.37,2920.29
480.0,82.0,0.0,45.0,3.0,998.2,2756.45
480.0,79.0,0.0,41.0,7.0,1149.31,2903.99
480.0,80.0,23.0,30.0,4.0,1925.86,3263.12
480.0,75.0,36.0,22.0,3.0,2376.44,3170.85
480.0,80.0,23.0,23.0,6.0,1917.05,3076.2
480.0,70.0,41.0,18.0,2.0,2426.79,3089.73
480.0,79.0,24.0,33.0,6.0,2174.3,3597.65
480.0,69.0,46.0,1.0,3.0,2439.56,2362.19
480.0,76.0,44.0,8.0,3.0,2499.16,2623.74
480.0,81.0,43.0,3.0,3.0,2319.67,2371.22
480.0,78.0,44.0,5.0,3.0,2483.02,2479.7
480.0,75.0,44.0,5.0,3.0,2452.75,2510.23
480.0,84.0,22.0,22.0,4.0,1714.28,2695.26
480.0,80.0,20.0,25.0,2.0,1529.47,2588.45
480.0,83.0,15.0,27.0,6.0,1575.09,2836.64
480.0,79.0,16.0,29.0,3.0,1488.84,2718.83
480.0,70.0,13.0,34.0,2.0,1350.64,2761.95
480.0,76.0,44.0,3.0,4.0,2543.58,2538.31
480.0,73.0,44.0,3.0,3.0,2409.43,2428.06
480.0,85.0,45.0,0.0,2.0,2316.36,2210.42
480.0,71.0,48.0,1.0,0.0,2393.81,2288.92
480.0,76.0,43.0,0.0,5.0,2479.05,2363.7
480.0,79.0,41.0,28.0,5.0,2846.86,4015.76
480.0,72.0,26.0,35.0,8.0,2403.45,3928.41
480.0,76.0,36.0,33.0,5.0,2685.92,3941.3
480.0,71.0,34.0,31.0,5.0,2534.55,3775.39
480.0,76.0,28.0,39.0,5.0,2359.29,3926.31
480.0,59.0,7.0,41.0,4.0,1341.99,3025.02
480.0,69.0,8.0,43.0,4.0,1389.15,3142.6
480.0,73.0,16.0,28.0,5.0,1623.18,2969.18
480.0,73.0,10.0,40.0,6.0,1541.83,3267.74
480.0,76.0,5.0,41.0,5.0,1286.1,3038.67
480.0,87.0,30.0,42.0,11.0,2988.12,4697.63
480.0,68.0,27.0,35.0,2.0,2067.01,3508.61
480.0,78.0,31.0,33.0,11.0,2868.82,4234.03
480.0,69.0,28.0,32.0,5.0,2272.53,3616.54
480.0,77.0,31.0,35.0,8.0,2588.67,4143.26
480.0,71.0,26.0,19.0,6.0,1999.15,2865.24
480.0,82.0,24.0,18.0,4.0,1803.16,2548.67
480.0,75.0,26.0,15.0,5.0,1827.17,2567.3
480.0,73.0,19.0,26.0,4.0,1638.38,2769.62
480.0,66.0,15.0,30.0,3.0,1433.62,2739.24
480.0,77.0,3.0,49.0,6.0,1384.92,3411.03
480.0,82.0,3.0,50.0,6.0,1430.67,3437.22
480.0,75.0,1.0,44.0,7.0,1252.27,3144.64
480.0,84.0,3.0,49.0,5.0,1320.86,3295.17
480.0,68.0,1.0,43.0,7.0,1227.48,3075.87
480.0,80.0,22.0,25.0,5.0,1878.73,2888.67
480.0,73.0,27.0,28.0,8.0,2407.92,3511.76
480.0,77.0,30.0,20.0,4.0,2066.89,2857.46
480.0,77.0,20.0,32.0,5.0,1853.26,3227.65
480.0,73.0,25.0,28.0,5.0,2044.09,3234.85
480.0,81.0,9.0,36.0,6.0,1491.72,3028.68
480.0,74.0,10.0,32.0,5.0,1357.07,2806.4
480.0,87.0,12.0,28.0,7.0,1504.54,2835.38
480.0,83.0,13.0,36.0,3.0,1458.19,2955.96
480.0,81.0,7.0,36.0,6.0,1448.64,3009.76
480.0,78.0,32.0,31.0,7.0,2562.79,3882.85
480.0,69.0,32.0,30.0,3.0,2337.38,3392.79
480.0,77.0,34.0,26.0,14.0,3013.47,4249.13
480.0,85.0,31.0,38.0,5.0,2557.34,4022.84
480.0,72.0,31.0,28.0,7.0,2477.05,3680.12
480.0,73.0,45.0,0.0,5.0,2540.51,2414.69
480.0,81.0,47.0,1.0,0.0,2251.59,2181.98
480.0,83.0,44.0,0.0,3.0,2356.61,2230.98
480.0,89.0,45.0,2.0,3.0,2489.87,2426.13
480.0,66.0,46.0,2.0,3.0,2453.61,2414.36
480.0,82.0,12.0,44.0,6.0,1732.62,3643.08
480.0,81.0,13.0,44.0,8.0,1969.37,3875.75
480.0,76.0,12.0,42.0,9.0,1886.65,3757.66
480.0,81.0,12.0,40.0,6.0,1729.57,3463.44
480.0,87.0,8.0,50.0,6.0,1634.19,3734.61
480.0,85.0,43.0,4.0,3.0,2410.96,2364.81
480.0,77.0,41.0,2.0,5.0,2435.17,2361.5
480.0,87.0,41.0,3.0,5.0,2456.36,2399.19
480.0,83.0,45.0,5.0,2.0,2428.37,2424.28
480.0,74.0,37.0,9.0,1.0,2057.54,2303.49
480.0,79.0,28.0,36.0,8.0,2512.36,4100.78
480.0,77.0,36.0,33.0,3.0,2478.38,3729.89
480.0,77.0,29.0,32.0,9.0,2608.47,3959.83
480.0,70.0,29.0,31.0,4.0,2235.4,3475.26
480.0,74.0,30.0,33.0,4.0,2326.28,3617.81
480.0,59.0,7.0,41.0,4.0,1341.99,3025.02
480.0,69.0,8.0,43.0,4.0,1389.15,3142.6
480.0,73.0,16.0,28.0,5.0,1623.18,2969.18
480.0,73.0,10.0,40.0,6.0,1541.83,3267.74
480.0,76.0,5.0,41.0,5.0,1286.1,3038.67
480.0,80.0,22.0,25.0,5.0,1878.73,2878.96
480.0,73.0,27.0,28.0,8.0,2407.92,3506.31
480.0,82.0,31.0,21.0,4.0,2134.42,2971.16
480.0,74.0,20.0,34.0,3.0,1761.77,3095.06
480.0,76.0,34.0,23.0,7.0,2496.76,3551.05
480.0,69.0,34.0,26.0,5.0,2459.41,3642.63
480.0,76.0,35.0,30.0,7.0,2742.47,3973.92
480.0,82.0,35.0,29.0,10.0,2809.17,4216.61
480.0,95.0,36.0,32.0,6.0,2719.23,4048.27
480.0,80.0,31.0,34.0,8.0,2669.29,4091.69
480.0,68.0,19.0,31.0,11.0,2279.59,3825.67
480.0,68.0,20.0,38.0,4.0,1897.66,3430.43
480.0,83.0,25.0,28.0,8.0,2267.2,3567.9
480.0,77.0,20.0,39.0,6.0,2041.26,3695.44
480.0,82.0,19.0,44.0,13.0,2623.32,4609.92
480.0,74.0,3.0,51.0,7.0,1520.75,3728.86
480.0,73.0,1.0,50.0,10.0,1531.49,3748.6
480.0,77.0,4.0,47.0,11.0,1719.38,3917.28
480.0,91.0,1.0,57.0,5.0,1363.73,3683.29
480.0,80.0,2.0,54.0,6.0,1420.54,3664.14
480.0,71.0,9.0,39.0,9.0,1681.54,3434.12
480.0,74.0,12.0,48.0,4.0,1676.38,3600.13
480.0,93.0,16.0,40.0,11.0,2198.73,4107.66
480.0,81.0,7.0,41.0,10.0,1764.46,3699.56
480.0,72.0,10.0,45.0,4.0,1518.4,3351.91
480.0,77.0,21.0,36.0,11.0,2366.61,3996.73
480.0,73.0,22.0,38.0,9.0,2321.97,3914.42
480.0,77.0,21.0,37.0,5.0,1988.24,3470.22
480.0,74.0,16.0,42.0,8.0,2005.83,3749.0
480.0,69.0,11.0,43.0,12.0,2057.61,3957.8
480.0,85.0,21.0,21.0,6.0,1800.3,2783.72
480.0,78.0,21.0,21.0,4.0,1737.46,2598.04
480.0,79.0,24.0,18.0,4.0,1794.62,2582.14
480.0,81.0,22.0,24.0,2.0,1629.12,2614.17
480.0,71.0,18.0,26.0,4.0,1612.8,2702.1
480.0,82.0,32.0,37.0,6.0,2622.9,4227.32
480.0,68.0,20.0,35.0,11.0,2347.88,3948.38
480.0,89.0,40.0,35.0,10.0,3185.13,4743.35
480.0,74.0,20.0,41.0,7.0,2155.2,3902.13
480.0,84.0,23.0,47.0,8.0,2559.73,4508.21
480.0,75.0,33.0,26.0,5.0,2401.31,3497.33
480.0,68.0,27.0,33.0,5.0,2215.78,3570.45
480.0,77.0,37.0,21.0,6.0,2561.23,3503.79
480.0,96.0,32.0,38.0,6.0,2663.51,4106.9
480.0,79.0,24.0,34.0,5.0,2117.2,3492.68
480.0,76.0,10.0,47.0,9.0,1896.24,4005.49
480.0,68.0,16.0,38.0,11.0,2191.28,3922.14
480.0,74.0,14.0,46.0,7.0,1910.85,3855.03
480.0,83.0,12.0,52.0,4.0,1748.67,3837.45
480.0,68.0,12.0,45.0,8.0,1885.72,3849.07
480.0,77.0,5.0,41.0,10.0,1593.15,3457.83
480.0,73.0,2.0,49.0,11.0,1654.28,3872.09
480.0,81.0,0.0,47.0,7.0,1268.43,3303.94
480.0,79.0,1.0,51.0,7.0,1380.47,3498.31
480.0,78.0,2.0,53.0,4.0,1310.18,3440.21
480.0,75.0,0.0,54.0,7.0,1395.39,3640.04
480.0,78.0,2.0,47.0,11.0,1628.56,3794.59
480.0,72.0,2.0,48.0,9.0,1482.26,3645.91
480.0,82.0,2.0,50.0,10.0,1636.85,3865.58
480.0,69.0,0.0,54.0,6.0,1341.64,3548.8
480.0,67.0,0.0,44.0,4.0,1041.64,2811.71
480.0,76.0,1.0,42.0,4.0,1043.07,2729.54
480.0,78.0,0.0,38.0,9.0,1211.37,2918.82
480.0,76.0,0.0,44.0,5.0,1084.95,2849.65
480.0,73.0,0.0,44.0,3.0,991.35,2732.99
480.0,96.0,39.0,40.0,12.0,3392.81,5172.91
480.0,76.0,29.0,37.0,4.0,2310.67,3812.03
480.0,78.0,37.0,27.0,11.0,2962.21,4300.0
480.0,82.0,35.0,37.0,3.0,2549.52,4005.2
480.0,74.0,35.0,31.0,3.0,2435.47,3666.81
480.0,89.0,40.0,37.0,8.0,3157.24,4699.11
480.0,71.0,29.0,31.0,10.0,2702.38,3909.09
480.0,82.0,40.0,29.0,4.0,2695.88,3788.22
480.0,76.0,29.0,34.0,6.0,2490.81,3792.62
480.0,77.0,34.0,33.0,5.0,2532.64,3897.8
480.0,73.0,25.0,33.0,4.0,2080.25,3451.27
480.0,79.0,17.0,42.0,7.0,1975.12,3772.68
480.0,86.0,23.0,33.0,8.0,2271.82,3717.88
480.0,73.0,22.0,31.0,9.0,2166.72,3624.92
480.0,75.0,21.0,40.0,6.0,2128.7,3783.4
480.0,83.0,42.0,28.0,3.0,2724.91,3739.61
480.0,71.0,32.0,24.0,9.0,2632.85,3764.3
480.0,80.0,34.0,34.0,12.0,3104.31,4460.33
480.0,79.0,35.0,29.0,7.0,2702.61,3867.42
480.0,69.0,35.0,29.0,5.0,2464.47,3683.48
480.0,79.0,24.0,38.0,9.0,2409.8,4078.59
480.0,70.0,29.0,32.0,6.0,2395.94,3728.78
480.0,79.0,27.0,39.0,10.0,2660.37,4307.12
480.0,86.0,23.0,47.0,9.0,2600.4,4474.7
480.0,65.0,21.0,36.0,6.0,2002.63,3600.27
480.0,77.0,47.0,3.0,3.0,2525.73,2646.94
480.0,71.0,45.0,5.0,1.0,2329.02,2463.21
480.0,76.0,43.0,4.0,3.0,2388.78,2565.79
480.0,79.0,48.0,5.0,2.0,2523.31,2722.23
480.0,79.0,46.0,7.0,5.0,2677.26,3031.11
480.0,79.0,20.0,38.0,1.0,1763.21,3206.63
480.0,73.0,24.0,34.0,10.0,2363.25,3972.7
480.0,84.0,31.0,27.0,7.0,2445.24,3690.51
480.0,79.0,24.0,30.0,7.0,2117.11,3489.04
480.0,69.0,11.0,46.0,9.0,1904.64,3922.82
480.0,70.0,34.0,9.0,5.0,2167.78,2536.75
480.0,80.0,41.0,6.0,1.0,2132.38,2264.03
480.0,83.0,31.0,11.0,5.0,2079.67,2495.86
480.0,72.0,32.0,14.0,3.0,2063.39,2538.4
480.0,74.0,38.0,8.0,1.0,2052.69,2278.41
480.0,63.0,43.0,7.0,4.0,2499.97,2708.23
480.0,71.0,45.0,5.0,1.0,2315.11,2403.66
480.0,82.0,43.0,6.0,2.0,2325.08,2451.64
480.0,81.0,47.0,9.0,3.0,2639.3,2894.11
480.0,78.0,45.0,4.0,4.0,2541.48,2602.86
480.0,72.0,15.0,39.0,5.0,1782.92,3532.8
480.0,80.0,10.0,40.0,11.0,1839.73,3729.11
480.0,79.0,14.0,40.0,7.0,1847.41,3606.16
480.0,80.0,12.0,45.0,6.0,1737.47,3685.52
480.0,66.0,9.0,45.0,6.0,1590.47,3564.69
480.0,75.0,43.0,23.0,3.0,2694.98,3539.42
480.0,70.0,38.0,25.0,6.0,2643.66,3697.19
480.0,87.0,38.0,28.0,10.0,3067.2,4285.69
480.0,75.0,35.0,28.0,5.0,2552.97,3634.18
480.0,73.0,44.0,18.0,9.0,3027.92,3844.59
480.0,69.0,7.0,44.0,7.0,1563.01,3423.41
480.0,74.0,10.0,51.0,7.0,1809.84,3895.08
480.0,78.0,12.0,43.0,8.0,1823.77,3736.22
480.0,74.0,11.0,50.0,6.0,1794.74,3869.73
480.0,73.0,6.0,50.0,9.0,1751.21,3903.75
480.0,76.0,21.0,42.0,7.0,2192.38,3977.21
480.0,77.0,22.0,41.0,7.0,2225.86,4021.14
480.0,84.0,26.0,37.0,4.0,2180.51,3747.32
480.0,95.0,16.0,41.0,10.0,2184.85,4099.03
480.0,77.0,18.0,47.0,5.0,2031.27,3948.85
480.0,75.0,26.0,25.0,4.0,1952.05,3032.38
480.0,80.0,23.0,30.0,10.0,2355.75,3775.25
480.0,89.0,26.0,24.0,7.0,2149.81,3289.71
480.0,84.0,27.0,27.0,8.0,2327.12,3542.3
480.0,66.0,22.0,29.0,6.0,1984.79,3259.46
480.0,77.0,5.0,55.0,6.0,1583.71,3896.57
480.0,73.0,1.0,53.0,6.0,1365.45,3641.36
480.0,81.0,0.0,43.0,14.0,1675.5,4002.15
480.0,70.0,3.0,52.0,7.0,1492.4,3740.95
480.0,75.0,0.0,53.0,7.0,1372.1,3697.5
480.0,89.0,0.0,54.0,8.0,1438.77,3796.02
480.0,75.0,0.0,51.0,8.0,1395.13,3692.84
480.0,79.0,0.0,50.0,8.0,1376.31,3599.3
480.0,75.0,0.0,56.0,6.0,1357.87,3666.61
480.0,71.0,0.0,55.0,4.0,1267.21,3519.88
480.0,78.0,23.0,22.0,6.0,1938.17,2886.63
480.0,74.0,23.0,26.0,2.0,1686.54,2735.31
480.0,71.0,20.0,23.0,3.0,1594.28,2584.22
480.0,70.0,21.0,29.0,4.0,1819.65,3020.57
480.0,69.0,17.0,30.0,3.0,1556.63,2853.92
480.0,73.0,7.0,47.0,5.0,1475.81,3370.19
480.0,71.0,3.0,50.0,9.0,1665.36,3802.31
480.0,78.0,6.0,41.0,11.0,1704.81,3565.44
480.0,74.0,5.0,54.0,4.0,1466.48,3573.07
480.0,72.0,5.0,50.0,7.0,1575.36,3692.72
480.0,69.0,29.0,19.0,2.0,1857.55,2606.36
480.0,82.0,24.0,18.0,4.0,1803.16,2549.42
480.0,75.0,26.0,15.0,5.0,1827.17,2568.0
480.0,73.0,25.0,22.0,1.0,1673.18,2542.82
480.0,66.0,15.0,30.0,3.0,1433.62,2740.01
480.0,87.0,30.0,16.0,5.0,2053.49,2800.82
480.0,76.0,25.0,21.0,5.0,1925.94,2885.25
480.0,85.0,32.0,16.0,3.0,2037.25,2695.48
480.0,78.0,23.0,24.0,5.0,1902.11,2904.11
480.0,73.0,21.0,27.0,5.0,1812.32,2995.19
480.0,84.0,45.0,6.0,5.0,2654.35,2807.96
480.0,76.0,44.0,6.0,2.0,2422.37,2517.3
480.0,89.0,40.0,3.0,5.0,2364.75,2406.89
480.0,80.0,40.0,8.0,4.0,2411.54,2658.91
480.0,67.0,44.0,4.0,4.0,2537.38,2640.46
480.0,78.0,46.0,4.0,3.0,2512.2,2613.91
480.0,75.0,45.0,9.0,1.0,2355.45,2669.95
480.0,84.0,42.0,9.0,2.0,2413.38,2685.4
480.0,85.0,42.0,7.0,6.0,2675.53,2939.62
480.0,82.0,46.0,7.0,3.0,2556.26,2812.45
480.0,61.0,43.0,8.0,3.0,2459.42,2602.6
480.0,65.0,43.0,7.0,4.0,2490.93,2684.7
480.0,80.0,43.0,3.0,5.0,2445.59,2539.04
480.0,75.0,47.0,6.0,4.0,2640.49,2771.18
480.0,79.0,45.0,4.0,4.0,2541.26,2596.84
480.0,72.0,4.0,45.0,5.0,1290.85,3149.33
480.0,81.0,5.0,51.0,8.0,1663.79,3831.35
480.0,76.0,5.0,45.0,9.0,1636.4,3603.57
480.0,83.0,5.0,55.0,2.0,1353.13,3463.55
480.0,76.0,4.0,47.0,6.0,1403.32,3452.99
480.0,79.0,7.0,42.0,7.0,1543.44,3366.91
480.0,75.0,5.0,45.0,5.0,1357.66,3241.37
480.0,76.0,17.0,29.0,7.0,1801.57,3203.21
480.0,82.0,7.0,41.0,10.0,1652.24,3543.7
480.0,76.0,12.0,43.0,2.0,1454.1,3126.66
480.0,80.0,43.0,25.0,4.0,2890.68,3833.61
480.0,62.0,37.0,19.0,4.0,2408.23,3126.42
480.0,85.0,39.0,32.0,10.0,3088.19,4442.52
480.0,73.0,35.0,25.0,8.0,2813.94,3707.43
480.0,75.0,41.0,23.0,8.0,2972.03,3857.45
480.0,73.0,4.0,47.0,8.0,1509.62,3587.44
480.0,77.0,8.0,50.0,8.0,1758.78,3883.33
480.0,70.0,11.0,37.0,8.0,1700.37,3391.58
480.0,73.0,4.0,54.0,5.0,1461.4,3638.42
480.0,70.0,9.0,45.0,11.0,1886.07,4021.34
480.0,77.0,0.0,40.0,10.0,1321.35,3140.2
480.0,80.0,3.0,39.0,5.0,1181.59,2831.79
480.0,78.0,0.0,38.0,9.0,1211.37,2909.84
480.0,78.0,0.0,43.0,6.0,1142.72,2939.7
480.0,73.0,0.0,47.0,3.0,1018.92,2816.95
480.0,80.0,22.0,24.0,5.0,1870.53,2801.88
480.0,74.0,24.0,24.0,4.0,1835.35,2850.68
480.0,85.0,26.0,16.0,7.0,2000.69,2890.47
480.0,75.0,32.0,18.0,2.0,2021.99,2700.02
480.0,78.0,27.0,22.0,2.0,1839.85,2754.32
480.0,80.0,27.0,30.0,4.0,2161.14,3326.24
480.0,83.0,29.0,29.0,7.0,2427.01,3631.25
480.0,81.0,30.0,24.0,6.0,2296.39,3396.68
480.0,84.0,34.0,29.0,5.0,2506.37,3615.99
480.0,78.0,38.0,20.0,9.0,2706.37,3760.83
480.0,74.0,5.0,45.0,8.0,1547.91,3535.16
480.0,76.0,4.0,47.0,10.0,1634.77,3813.15
480.0,70.0,9.0,39.0,11.0,1780.56,3707.58
480.0,86.0,2.0,50.0,7.0,1412.87,3544.66
480.0,73.0,4.0,49.0,7.0,1479.38,3587.87
480.0,82.0,45.0,5.0,3.0,2520.94,2581.79
480.0,82.0,44.0,4.0,2.0,2387.83,2439.99
480.0,89.0,38.0,4.0,5.0,2365.21,2397.04
480.0,75.0,46.0,5.0,3.0,2526.11,2579.56
480.0,72.0,45.0,6.0,3.0,2518.43,2657.39
480.0,75.0,24.0,32.0,2.0,1843.34,3138.2
480.0,81.0,32.0,24.0,7.0,2538.18,3556.02
480.0,85.0,35.0,23.0,5.0,2416.28,3521.23
480.0,84.0,34.0,29.0,7.0,2602.28,3789.54
480.0,77.0,30.0,30.0,7.0,2451.31,3766.71
480.0,76.0,25.0,38.0,8.0,2460.62,4051.41
480.0,62.0,26.0,30.0,5.0,2102.49,3422.25
480.0,74.0,32.0,29.0,7.0,2501.86,3857.77
480.0,91.0,29.0,43.0,6.0,2573.3,4344.11
480.0,76.0,29.0,39.0,5.0,2438.1,4040.44
480.0,66.0,44.0,0.0,4.0,2452.07,2233.27
480.0,79.0,42.0,0.0,3.0,2384.4,2171.59
480.0,87.0,43.0,0.0,4.0,2413.56,2247.69
480.0,81.0,47.0,0.0,1.0,2359.15,2133.41
480.0,69.0,45.0,1.0,2.0,2325.28,2146.02
480.0,79.0,24.0,22.0,5.0,1879.48,2904.8
480.0,79.0,23.0,23.0,3.0,1713.34,2690.31
480.0,77.0,18.0,24.0,8.0,1754.54,3086.03
480.0,77.0,18.0,29.0,1.0,1461.5,2627.76
480.0,65.0,17.0,29.0,5.0,1664.91,2993.2
480.0,79.0,25.0,28.0,4.0,2014.92,3184.09
480.0,89.0,26.0,28.0,8.0,2367.87,3585.53
480.0,76.0,24.0,24.0,11.0,2277.42,3571.89
480.0,75.0,36.0,22.0,5.0,2453.06,3351.0
480.0,69.0,36.0,20.0,2.0,2250.86,3032.91
480.0,81.0,7.0,55.0,5.0,1667.17,3962.21
480.0,83.0,8.0,52.0,7.0,1741.5,3989.19
480.0,75.0,6.0,45.0,14.0,1920.68,4147.58
480.0,62.0,5.0,51.0,4.0,1417.36,3459.03
480.0,78.0,5.0,56.0,4.0,1488.53,3771.76
480.0,74.0,15.0,34.0,7.0,1785.55,3277.15
480.0,80.0,25.0,27.0,5.0,2023.74,3152.09
480.0,74.0,29.0,17.0,2.0,1798.34,2520.84
480.0,87.0,28.0,23.0,5.0,2155.35,3061.0
480.0,69.0,19.0,29.0,6.0,1836.72,3070.47
480.0,81.0,3.0,51.0,11.0,1710.51,3937.91
480.0,73.0,6.0,51.0,8.0,1674.75,3798.88
480.0,83.0,9.0,41.0,11.0,1878.81,3692.13
480.0,77.0,4.0,48.0,7.0,1475.48,3503.72
480.0,72.0,9.0,48.0,6.0,1652.76,3611.26
480.0,71.0,39.0,5.0,4.0,2255.91,2452.57
480.0,78.0,40.0,6.0,3.0,2313.38,2437.45
480.0,80.0,39.0,6.0,2.0,2133.94,2253.52
480.0,74.0,39.0,8.0,3.0,2235.13,2520.08
480.0,67.0,43.0,4.0,3.0,2308.62,2412.08
480.0,94.0,0.0,53.0,8.0,1437.04,3898.7
480.0,73.0,0.0,46.0,13.0,1665.36,3953.49
480.0,82.0,1.0,48.0,11.0,1567.53,3893.76
480.0,79.0,1.0,56.0,5.0,1365.15,3731.33
480.0,76.0,0.0,54.0,6.0,1325.54,3667.9
480.0,80.0,26.0,21.0,5.0,1995.91,2868.34
480.0,71.0,26.0,28.0,7.0,2268.37,3419.56
480.0,72.0,31.0,19.0,4.0,2086.53,2879.13
480.0,78.0,21.0,31.0,5.0,1912.27,3258.3
480.0,73.0,26.0,26.0,2.0,1895.01,2942.16
480.0,67.0,21.0,23.0,4.0,1678.39,2664.22
480.0,78.0,21.0,21.0,4.0,1737.46,2617.05
480.0,88.0,26.0,12.0,7.0,2051.84,2721.58
480.0,81.0,22.0,24.0,2.0,1629.12,2614.41
480.0,68.0,22.0,22.0,4.0,1674.95,2698.95
480.0,67.0,0.0,44.0,4.0,1041.64,2808.85
480.0,77.0,1.0,35.0,11.0,1320.0,2998.31
480.0,82.0,0.0,36.0,11.0,1288.0,3001.08
480.0,76.0,0.0,44.0,5.0,1084.95,2846.76
480.0,68.0,0.0,42.0,6.0,1112.23,2870.62
480.0,80.0,32.0,19.0,4.0,2205.25,2920.24
480.0,82.0,27.0,26.0,7.0,2312.26,3443.56
480.0,82.0,30.0,19.0,5.0,2050.44,2938.2
480.0,76.0,29.0,27.0,6.0,2236.03,3398.29
480.0,72.0,22.0,34.0,2.0,1848.35,3157.32
480.0,83.0,29.0,34.0,10.0,2695.32,4144.44
480.0,72.0,28.0,35.0,4.0,2365.11,3600.81
480.0,75.0,34.0,25.0,6.0,2569.05,3561.17
480.0,87.0,31.0,39.0,3.0,2429.42,3964.95
480.0,73.0,33.0,32.0,4.0,2486.08,3817.47
480.0,88.0,38.0,6.0,5.0,2379.72,2431.89
480.0,84.0,39.0,6.0,2.0,2145.7,2209.88
480.0,73.0,40.0,3.0,3.0,2220.78,2179.31
480.0,76.0,42.0,6.0,1.0,2212.76,2255.51
480.0,78.0,35.0,9.0,5.0,2300.65,2492.4
480.0,78.0,23.0,30.0,4.0,1864.31,3163.49
480.0,75.0,36.0,22.0,3.0,2376.44,3171.46
480.0,80.0,23.0,23.0,6.0,1917.05,3077.12
480.0,70.0,41.0,18.0,2.0,2426.79,3090.19
480.0,79.0,24.0,33.0,6.0,2174.3,3598.58
480.0,97.0,34.0,43.0,13.0,3294.35,5106.82
480.0,70.0,26.0,36.0,5.0,2249.83,3755.87
480.0,77.0,36.0,28.0,10.0,2874.39,4208.63
480.0,76.0,31.0,33.0,4.0,2368.16,3739.51
480.0,83.0,38.0,32.0,10.0,3028.24,4574.99
480.0,73.0,38.0,6.0,7.0,2485.14,2619.73
480.0,76.0,38.0,6.0,3.0,2161.99,2300.01
480.0,80.0,39.0,4.0,6.0,2465.75,2467.62
480.0,86.0,41.0,9.0,2.0,2299.9,2525.91
480.0,72.0,41.0,8.0,2.0,2278.07,2435.67
480.0,79.0,44.0,5.0,3.0,2490.63,2528.74
480.0,67.0,45.0,10.0,1.0,2404.57,2676.31
480.0,78.0,40.0,3.0,2.0,2247.03,2206.0
480.0,91.0,46.0,9.0,2.0,2578.69,2781.13
480.0,72.0,47.0,3.0,1.0,2385.09,2339.83
480.0,76.0,5.0,45.0,12.0,1750.59,3912.15
480.0,83.0,2.0,49.0,9.0,1621.01,3804.87
480.0,83.0,6.0,45.0,12.0,1843.23,4014.34
480.0,74.0,0.0,52.0,9.0,1463.73,3747.52
480.0,75.0,1.0,51.0,8.0,1468.27,3698.94
480.0,81.0,8.0,35.0,7.0,1455.83,3016.22
480.0,80.0,6.0,38.0,5.0,1271.82,2873.62
480.0,87.0,12.0,28.0,7.0,1504.54,2812.35
480.0,72.0,7.0,40.0,4.0,1284.13,2912.1
480.0,71.0,5.0,39.0,6.0,1307.2,2991.97
480.0,80.0,3.0,40.0,8.0,1331.41,3169.16
480.0,78.0,3.0,42.0,5.0,1190.65,2972.21
480.0,82.0,7.0,35.0,7.0,1363.53,2966.45
480.0,87.0,6.0,41.0,3.0,1287.72,3030.81
480.0,76.0,6.0,39.0,4.0,1222.54,2876.41
480.0,81.0,33.0,34.0,7.0,2735.31,4152.96
480.0,84.0,24.0,42.0,10.0,2622.73,4433.81
480.0,74.0,37.0,26.0,9.0,2797.17,3958.98
480.0,77.0,33.0,32.0,5.0,2509.65,3841.78
480.0,72.0,25.0,39.0,3.0,2164.32,3760.46
480.0,84.0,22.0,22.0,4.0,1714.28,2694.37
480.0,80.0,20.0,25.0,2.0,1529.47,2587.7
480.0,83.0,15.0,27.0,6.0,1575.09,2834.2
480.0,72.0,17.0,24.0,7.0,1716.63,2885.34
480.0,70.0,13.0,34.0,2.0,1350.64,2759.44
480.0,67.0,24.0,27.0,5.0,1923.23,3116.74
480.0,77.0,27.0,25.0,4.0,2031.02,3078.25
480.0,74.0,29.0,17.0,2.0,1798.34,2507.49
480.0,91.0,27.0,24.0,5.0,2107.53,3134.63
480.0,80.0,22.0,31.0,4.0,1908.14,3226.37
480.0,68.0,4.0,53.0,6.0,1511.58,3691.73
480.0,81.0,5.0,48.0,10.0,1741.87,3975.66
480.0,72.0,3.0,50.0,9.0,1575.28,3782.04
480.0,91.0,1.0,53.0,9.0,1526.87,3867.9
480.0,72.0,4.0,53.0,6.0,1513.06,3708.29
480.0,77.0,19.0,36.0,1.0,1617.04,3006.91
480.0,71.0,28.0,30.0,5.0,2231.01,3504.35
480.0,84.0,26.0,22.0,12.0,2510.89,3636.79
480.0,88.0,29.0,30.0,7.0,2437.2,3751.38
480.0,71.0,36.0,28.0,6.0,2609.86,3835.05
480.0,81.0,3.0,51.0,11.0,1710.51,3911.27
480.0,73.0,6.0,51.0,8.0,1674.75,3776.58
480.0,83.0,9.0,41.0,11.0,1878.81,3667.29
480.0,77.0,4.0,48.0,7.0,1475.48,3484.03
480.0,78.0,7.0,48.0,7.0,1604.52,3563.08
480.0,74.0,20.0,33.0,4.0,1819.97,3162.74
480.0,70.0,16.0,30.0,8.0,1916.89,3243.09
480.0,74.0,26.0,22.0,2.0,1754.85,2693.33
480.0,91.0,16.0,34.0,8.0,1904.36,3411.59
480.0,72.0,17.0,34.0,5.0,1741.3,3165.04
480.0,77.0,40.0,7.0,6.0,2530.3,2756.58
480.0,81.0,37.0,8.0,7.0,2452.43,2778.09
480.0,75.0,40.0,5.0,3.0,2196.55,2352.33
480.0,79.0,34.0,12.0,4.0,2207.52,2696.79
480.0,66.0,41.0,6.0,4.0,2358.88,2546.73
480.0,76.0,12.0,40.0,3.0,1514.49,3140.66
480.0,75.0,5.0,45.0,5.0,1357.66,3242.76
480.0,75.0,19.0,27.0,3.0,1574.78,2779.37
480.0,75.0,7.0,42.0,10.0,1747.36,3675.21
480.0,76.0,12.0,43.0,2.0,1454.1,3127.77
480.0,79.0,44.0,1.0,6.0,2603.67,2654.0
480.0,68.0,44.0,0.0,3.0,2369.65,2307.16
480.0,82.0,44.0,1.0,3.0,2385.46,2408.38
480.0,83.0,48.0,1.0,1.0,2393.46,2386.07
480.0,82.0,45.0,4.0,3.0,2493.72,2615.98
480.0,89.0,44.0,19.0,6.0,2952.41,3761.84
480.0,71.0,40.0,19.0,7.0,2781.23,3627.4
480.0,79.0,44.0,9.0,4.0,2553.58,2880.32
480.0,74.0,45.0,16.0,2.0,2604.33,3126.98
480.0,70.0,44.0,15.0,4.0,2648.54,3253.31
480.0,80.0,46.0,3.0,2.0,2444.46,2389.65
480.0,80.0,42.0,4.0,4.0,2467.45,2471.85
480.0,90.0,38.0,3.0,7.0,2471.02,2413.64
480.0,70.0,44.0,3.0,3.0,2439.07,2400.12
480.0,76.0,46.0,4.0,1.0,2391.18,2370.11
480.0,80.0,22.0,25.0,5.0,1878.73,2857.86
480.0,73.0,27.0,28.0,8.0,2407.92,3486.93
480.0,84.0,31.0,17.0,8.0,2424.56,3187.99
480.0,76.0,20.0,33.0,9.0,2203.23,3660.71
480.0,76.0,34.0,23.0,7.0,2496.76,3524.86
480.0,98.0,21.0,43.0,8.0,2328.25,4255.14
480.0,77.0,22.0,41.0,7.0,2225.86,4019.77
480.0,74.0,24.0,39.0,5.0,2154.31,3730.49
480.0,93.0,17.0,41.0,10.0,2196.33,4097.76
480.0,77.0,13.0,47.0,6.0,1845.15,3863.75
480.0,77.0,11.0,34.0,3.0,1356.25,2797.05
480.0,84.0,5.0,38.0,3.0,1120.46,2707.87
480.0,75.0,13.0,30.0,4.0,1427.4,2755.25
480.0,81.0,9.0,33.0,5.0,1383.63,2912.87
480.0,72.0,8.0,39.0,2.0,1201.79,2771.01
480.0,77.0,46.0,9.0,3.0,2566.44,2871.17
480.0,70.0,42.0,10.0,4.0,2494.47,2850.61
480.0,86.0,42.0,8.0,2.0,2392.72,2598.98
480.0,96.0,45.0,13.0,2.0,2576.42,3040.97
480.0,78.0,46.0,10.0,5.0,2741.83,3221.59
480.0,86.0,38.0,32.0,8.0,2939.24,4267.6
480.0,74.0,36.0,25.0,8.0,2760.89,3819.32
480.0,87.0,31.0,37.0,15.0,3151.03,4809.57
480.0,94.0,32.0,43.0,4.0,2662.96,4193.58
480.0,86.0,37.0,37.0,5.0,2828.83,4286.64
480.0,71.0,34.0,24.0,9.0,2683.59,3853.74
480.0,71.0,32.0,25.0,11.0,2822.78,4031.04
480.0,81.0,37.0,32.0,9.0,2959.98,4339.93
480.0,83.0,32.0,34.0,6.0,2595.64,4036.05
480.0,73.0,28.0,35.0,8.0,2526.24,4147.38
480.0,75.0,1.0,45.0,9.0,1397.18,3368.28
480.0,81.0,0.0,50.0,7.0,1324.81,3415.73
480.0,75.0,0.0,43.0,8.0,1258.23,3138.73
480.0,83.0,2.0,50.0,5.0,1291.2,3289.92
480.0,68.0,1.0,43.0,7.0,1227.48,3061.91
480.0,74.0,27.0,21.0,7.0,2139.5,3084.42
480.0,75.0,25.0,25.0,5.0,1984.39,3083.17
480.0,77.0,23.0,21.0,3.0,1687.41,2601.32
480.0,71.0,27.0,23.0,6.0,2056.74,3183.24
480.0,74.0,22.0,28.0,2.0,1734.73,2863.0
480.0,70.0,20.0,39.0,4.0,1937.2,3574.99
480.0,76.0,14.0,51.0,6.0,1938.82,4005.81
480.0,79.0,17.0,46.0,11.0,2397.2,4354.31
480.0,73.0,16.0,43.0,6.0,1935.27,3747.07
480.0,71.0,17.0,43.0,10.0,2220.98,4059.31
480.0,69.0,40.0,7.0,1.0,2120.78,2256.86
480.0,76.0,43.0,0.0,3.0,2353.12,2149.29
480.0,85.0,36.0,9.0,2.0,2049.74,2286.73
480.0,73.0,39.0,6.0,3.0,2257.91,2346.75
480.0,74.0,35.0,10.0,3.0,2048.54,2464.21
480.0,76.0,8.0,38.0,4.0,1302.35,2913.46
480.0,78.0,5.0,42.0,5.0,1282.63,3032.37
480.0,78.0,7.0,32.0,8.0,1443.34,2935.3
480.0,74.0,10.0,36.0,4.0,1441.84,3006.55
480.0,75.0,4.0,41.0,6.0,1279.27,3030.29
480.0,84.0,24.0,49.0,6.0,2449.24,4483.05
480.0,81.0,28.0,41.0,8.0,2603.63,4363.98
480.0,79.0,36.0,25.0,15.0,3184.61,4497.68
480.0,75.0,21.0,37.0,7.0,2198.5,3896.68
480.0,79.0,26.0,42.0,7.0,2543.49,4338.93
480.0,96.0,20.0,48.0,7.0,2295.05,4314.22
480.0,71.0,16.0,40.0,8.0,2058.39,3886.55
480.0,84.0,26.0,37.0,4.0,2215.12,3790.73
480.0,75.0,15.0,45.0,10.0,2110.71,4187.12
480.0,77.0,20.0,46.0,5.0,2118.92,4009.37
480.0,80.0,45.0,3.0,4.0,2557.21,2655.81
480.0,69.0,44.0,4.0,3.0,2440.44,2506.97
480.0,83.0,41.0,1.0,6.0,2507.27,2518.55
480.0,79.0,48.0,8.0,2.0,2578.62,2843.32
480.0,70.0,45.0,4.0,4.0,2548.88,2671.34
480.0,77.0,5.0,41.0,10.0,1593.15,3446.96
480.0,73.0,2.0,49.0,11.0,1654.28,3860.99
480.0,78.0,0.0,49.0,6.0,1271.52,3273.05
480.0,79.0,1.0,51.0,7.0,1380.47,3492.77
480.0,78.0,2.0,52.0,5.0,1381.94,3505.09
480.0,66.0,0.0,46.0,7.0,1244.15,3164.52
480.0,78.0,0.0,41.0,9.0,1264.33,3095.7
480.0,78.0,0.0,38.0,9.0,1211.37,2927.41
480.0,72.0,0.0,48.0,5.0,1162.83,3097.21
480.0,73.0,0.0,41.0,10.0,1318.33,3171.71
480.0,82.0,21.0,46.0,8.0,2377.47,4362.08
480.0,70.0,15.0,43.0,9.0,2121.3,4039.12
480.0,78.0,19.0,45.0,9.0,2288.84,4274.22
480.0,77.0,14.0,50.0,7.0,2020.87,4188.75
480.0,79.0,10.0,48.0,12.0,2116.56,4336.81
480.0,84.0,30.0,40.0,10.0,2900.71,4489.01
480.0,68.0,28.0,29.0,7.0,2365.98,3634.4
480.0,79.0,31.0,33.0,12.0,2926.57,4325.91
480.0,72.0,27.0,37.0,3.0,2231.57,3692.12
480.0,71.0,24.0,38.0,7.0,2246.46,3900.97
480.0,73.0,24.0,27.0,6.0,2105.41,3290.08
480.0,73.0,27.0,28.0,8.0,2407.92,3500.11
480.0,85.0,32.0,18.0,7.0,2312.93,3115.92
480.0,82.0,19.0,38.0,3.0,1866.78,3302.26
480.0,70.0,27.0,23.0,6.0,2103.85,3154.05
480.0,88.0,44.0,0.0,4.0,2486.12,2319.23
480.0,79.0,44.0,1.0,3.0,2373.08,2243.27
480.0,83.0,44.0,0.0,3.0,2356.61,2225.56
480.0,76.0,43.0,0.0,5.0,2542.51,2392.69
480.0,72.0,44.0,1.0,3.0,2424.66,2294.64
480.0,75.0,2.0,53.0,4.0,1294.22,3393.84
480.0,86.0,5.0,53.0,6.0,1556.36,3771.39
480.0,81.0,0.0,43.0,13.0,1567.73,3647.21
480.0,79.0,1.0,51.0,7.0,1380.47,3518.33
480.0,78.0,2.0,51.0,5.0,1317.06,3444.87
480.0,75.0,0.0,42.0,7.0,1165.58,2941.34
480.0,76.0,1.0,42.0,4.0,1043.07,2727.4
480.0,78.0,0.0,38.0,9.0,1211.37,2915.93
480.0,76.0,0.0,44.0,5.0,1084.95,2847.28
480.0,73.0,0.0,44.0,3.0,991.35,2730.63
480.0,63.0,1.0,42.0,8.0,1290.58,3131.53
480.0,78.0,0.0,41.0,9.0,1264.33,3079.67
480.0,78.0,0.0,38.0,9.0,1211.37,2915.42
480.0,77.0,1.0,46.0,5.0,1177.51,3042.88
480.0,68.0,1.0,50.0,2.0,1074.16,2978.55
480.0,79.0,5.0,42.0,5.0,1294.54,3092.87
480.0,78.0,2.0,43.0,8.0,1330.61,3236.26
480.0,77.0,5.0,32.0,10.0,1405.33,3028.94
480.0,72.0,3.0,48.0,2.0,1131.05,2995.48
480.0,74.0,0.0,47.0,4.0,1082.72,2978.93
480.0,87.0,27.0,47.0,6.0,2569.3,4405.09
480.0,69.0,22.0,36.0,10.0,2341.34,4020.72
480.0,72.0,30.0,32.0,9.0,2692.62,4030.79
480.0,82.0,33.0,37.0,3.0,2475.02,3884.56
480.0,85.0,28.0,44.0,7.0,2567.8,4428.0
480.0,85.0,25.0,40.0,7.0,2354.63,4069.87
480.0,73.0,24.0,39.0,4.0,2227.79,3696.15
480.0,89.0,34.0,39.0,11.0,3140.64,4640.09
480.0,82.0,37.0,35.0,4.0,2690.19,4000.4
480.0,73.0,28.0,35.0,7.0,2375.63,3892.76
480.0,87.0,26.0,26.0,8.0,2299.17,3519.04
480.0,71.0,26.0,28.0,7.0,2268.37,3405.59
480.0,77.0,30.0,20.0,4.0,2066.89,2863.14
480.0,78.0,21.0,31.0,5.0,1912.27,3246.57
480.0,73.0,25.0,28.0,5.0,2044.09,3241.48
480.0,85.0,41.0,30.0,11.0,3171.32,4527.26
480.0,71.0,35.0,27.0,6.0,2578.45,3741.56
480.0,80.0,36.0,29.0,11.0,2957.07,4397.31
480.0,75.0,43.0,26.0,1.0,2594.56,3556.93
480.0,80.0,43.0,31.0,4.0,2863.42,4066.28
480.0,70.0,42.0,5.0,2.0,2276.54,2292.52
480.0,75.0,44.0,0.0,3.0,2352.81,2128.17
480.0,86.0,43.0,0.0,3.0,2342.72,2164.85
480.0,76.0,47.0,1.0,1.0,2377.25,2187.37
480.0,81.0,41.0,3.0,4.0,2356.13,2331.28
480.0,72.0,7.0,47.0,5.0,1478.82,3393.03
480.0,81.0,4.0,50.0,5.0,1433.65,3441.73
480.0,76.0,3.0,43.0,14.0,1834.96,3797.73
480.0,83.0,5.0,48.0,6.0,1452.25,3421.75
480.0,76.0,5.0,49.0,6.0,1555.83,3579.47
480.0,93.0,43.0,36.0,8.0,3368.25,4759.76
480.0,71.0,30.0,31.0,8.0,2469.76,3849.29
480.0,80.0,31.0,33.0,12.0,2862.22,4373.51
480.0,93.0,39.0,39.0,6.0,3007.16,4453.14
480.0,74.0,35.0,30.0,5.0,2587.03,3811.19
480.0,89.0,29.0,24.0,3.0,2009.01,3027.23
480.0,79.0,28.0,27.0,5.0,2213.95,3333.29
480.0,72.0,29.0,18.0,2.0,1819.71,2561.68
480.0,81.0,36.0,18.0,5.0,2463.05,3099.43
480.0,77.0,28.0,27.0,2.0,2017.15,3028.66
480.0,77.0,46.0,3.0,3.0,2515.17,2610.23
480.0,77.0,42.0,5.0,5.0,2557.51,2782.58
480.0,82.0,43.0,1.0,4.0,2425.83,2445.92
480.0,78.0,46.0,6.0,3.0,2566.1,2738.88
480.0,79.0,48.0,4.0,1.0,2429.65,2574.33
480.0,76.0,15.0,42.0,7.0,1891.76,3751.45
480.0,80.0,13.0,50.0,7.0,2033.58,4086.26
480.0,75.0,21.0,31.0,8.0,2077.23,3474.5
480.0,69.0,13.0,41.0,6.0,1757.88,3519.67
480.0,79.0,18.0,45.0,7.0,2115.2,4054.94
480.0,66.0,0.0,46.0,7.0,1244.15,3149.22
480.0,78.0,0.0,41.0,9.0,1264.33,3072.41
480.0,78.0,0.0,38.0,9.0,1211.37,2910.28
480.0,80.0,0.0,43.0,7.0,1200.41,3022.99
480.0,78.0,1.0,43.0,6.0,1187.31,2991.5
480.0,69.0,20.0,26.0,3.0,1630.95,2713.72
480.0,80.0,15.0,28.0,4.0,1492.85,2716.45
480.0,78.0,24.0,21.0,4.0,1758.3,2775.23
480.0,75.0,16.0,30.0,3.0,1577.4,2817.23
480.0,75.0,21.0,27.0,2.0,1606.59,2712.72
480.0,85.0,36.0,38.0,5.0,2785.56,4273.25
480.0,74.0,19.0,41.0,10.0,2254.68,4151.05
480.0,82.0,29.0,36.0,9.0,2627.78,4233.27
480.0,72.0,23.0,42.0,2.0,2065.77,3642.81
480.0,71.0,21.0,38.0,10.0,2306.42,4149.23
480.0,76.0,0.0,39.0,10.0,1294.67,3115.28
480.0,78.0,3.0,43.0,3.0,1098.17,2805.15
480.0,82.0,1.0,39.0,8.0,1215.13,2947.19
480.0,77.0,1.0,45.0,4.0,1110.89,2926.02
480.0,74.0,0.0,43.0,7.0,1187.32,3029.45
480.0,76.0,40.0,25.0,6.0,2804.95,3779.0
480.0,73.0,37.0,27.0,7.0,2803.26,3778.54
480.0,78.0,43.0,15.0,7.0,2768.48,3473.66
480.0,73.0,36.0,22.0,7.0,2623.32,3573.6
480.0,78.0,37.0,28.0,7.0,2777.98,3984.09
480.0,85.0,10.0,55.0,6.0,1848.41,4125.53
480.0,76.0,7.0,46.0,8.0,1710.07,3746.82
480.0,80.0,14.0,48.0,9.0,2086.36,4163.5
480.0,88.0,13.0,52.0,7.0,1964.81,4167.29
480.0,71.0,5.0,51.0,7.0,1574.21,3761.26
480.0,65.0,28.0,18.0,2.0,1785.02,2568.04
480.0,74.0,20.0,23.0,5.0,1656.72,2717.47
480.0,87.0,28.0,17.0,4.0,1874.53,2695.25
480.0,74.0,23.0,22.0,4.0,1823.64,2731.3
480.0,63.0,20.0,23.0,6.0,1777.98,2837.95
480.0,63.0,1.0,42.0,8.0,1270.48,3092.61
480.0,74.0,1.0,41.0,7.0,1195.05,2976.12
480.0,78.0,1.0,37.0,9.0,1241.82,2932.42
480.0,75.0,4.0,42.0,4.0,1194.19,2920.39
480.0,74.0,0.0,47.0,4.0,1082.72,2940.05
480.0,78.0,28.0,21.0,7.0,2252.45,3143.85
480.0,71.0,25.0,29.0,8.0,2302.05,3509.36
480.0,83.0,31.0,17.0,9.0,2414.32,3314.27
480.0,85.0,21.0,33.0,8.0,2162.33,3591.47
480.0,78.0,20.0,35.0,4.0,1938.71,3285.27
480.0,94.0,44.0,35.0,5.0,3137.19,4437.34
480.0,80.0,27.0,39.0,10.0,2678.02,4360.38
480.0,78.0,33.0,34.0,9.0,2812.71,4284.07
480.0,93.0,38.0,37.0,5.0,2836.82,4310.76
480.0,68.0,35.0,22.0,5.0,2481.8,3462.4
480.0,85.0,42.0,28.0,11.0,3183.44,4481.86
480.0,74.0,33.0,27.0,8.0,2560.19,3805.41
480.0,74.0,34.0,23.0,12.0,2841.67,4099.86
480.0,89.0,37.0,37.0,8.0,3011.32,4447.02
480.0,72.0,35.0,27.0,7.0,2628.96,3790.85
480.0,74.0,5.0,45.0,5.0,1344.92,3176.93
480.0,81.0,9.0,46.0,7.0,1706.68,3597.17
480.0,78.0,11.0,32.0,6.0,1512.88,3002.71
480.0,79.0,6.0,42.0,9.0,1565.4,3416.93
480.0,74.0,9.0,45.0,4.0,1501.69,3251.64
480.0,79.0,3.0,42.0,8.0,1374.94,3212.64
480.0,74.0,5.0,44.0,2.0,1185.45,2920.51
480.0,86.0,5.0,35.0,9.0,1426.83,3041.54
480.0,73.0,5.0,42.0,4.0,1245.06,2962.4
480.0,80.0,2.0,44.0,6.0,1247.83,3067.18
480.0,79.0,5.0,42.0,5.0,1294.54,3091.38
480.0,78.0,2.0,43.0,8.0,1330.61,3234.75
480.0,77.0,5.0,32.0,10.0,1405.33,3027.44
480.0,72.0,3.0,48.0,2.0,1131.05,2994.57
480.0,74.0,0.0,47.0,4.0,1082.72,2977.44
480.0,74.0,9.0,44.0,8.0,1693.06,3639.0
480.0,73.0,8.0,45.0,10.0,1904.42,3921.49
480.0,78.0,21.0,36.0,7.0,2088.81,3671.99
480.0,72.0,8.0,48.0,6.0,1650.98,3545.97
480.0,81.0,8.0,53.0,3.0,1543.09,3540.7
480.0,80.0,38.0,33.0,5.0,2749.05,4010.23
480.0,67.0,26.0,33.0,5.0,2216.14,3481.93
480.0,88.0,31.0,39.0,14.0,3219.82,4774.1
480.0,94.0,40.0,40.0,4.0,2945.26,4420.28
480.0,79.0,39.0,31.0,7.0,2923.35,4103.57
480.0,80.0,22.0,25.0,5.0,1878.73,2926.85
480.0,76.0,31.0,27.0,7.0,2461.02,3600.6
480.0,78.0,31.0,14.0,9.0,2344.32,3139.64
480.0,78.0,21.0,31.0,5.0,1912.27,3273.82
480.0,74.0,27.0,31.0,1.0,1937.89,3132.41
480.0,68.0,14.0,38.0,4.0,1650.92,3186.78
480.0,66.0,18.0,27.0,9.0,1930.51,3241.3
480.0,79.0,26.0,20.0,3.0,1761.58,2630.99
480.0,85.0,22.0,28.0,10.0,2268.21,3589.93
480.0,73.0,12.0,39.0,5.0,1610.31,3259.06
480.0,74.0,7.0,39.0,9.0,1645.51,3372.34
480.0,74.0,5.0,44.0,2.0,1185.45,2947.91
480.0,72.0,14.0,30.0,6.0,1574.76,3005.22
480.0,71.0,6.0,43.0,4.0,1292.74,3041.17
480.0,76.0,4.0,42.0,5.0,1257.52,3045.0
480.0,82.0,43.0,14.0,6.0,2772.93,3318.15
480.0,65.0,41.0,11.0,1.0,2269.75,2620.66
480.0,77.0,38.0,16.0,4.0,2370.75,2991.18
480.0,73.0,41.0,11.0,6.0,2650.62,3033.36
480.0,64.0,33.0,19.0,5.0,2324.3,3242.74
480.0,71.0,1.0,54.0,6.0,1366.22,3529.83
480.0,81.0,0.0,50.0,7.0,1324.81,3418.3
480.0,75.0,0.0,43.0,8.0,1258.23,3140.69
480.0,83.0,2.0,50.0,5.0,1291.2,3292.22
480.0,91.0,1.0,47.0,8.0,1378.71,3420.94
480.0,72.0,10.0,39.0,7.0,1647.62,3282.04
480.0,75.0,8.0,44.0,9.0,1703.19,3607.68
480.0,88.0,15.0,34.0,7.0,1780.9,3284.59
480.0,67.0,14.0,32.0,6.0,1607.98,3064.87
480.0,74.0,15.0,37.0,7.0,1802.41,3434.11
480.0,79.0,42.0,5.0,7.0,2696.71,2760.23
480.0,91.0,42.0,10.0,3.0,2451.45,2724.22
480.0,89.0,38.0,4.0,6.0,2404.74,2444.88
480.0,74.0,46.0,5.0,3.0,2526.97,2569.18
480.0,75.0,39.0,8.0,4.0,2376.92,2520.09
480.0,75.0,19.0,42.0,9.0,2245.68,4005.96
480.0,75.0,21.0,42.0,6.0,2139.57,3882.49
480.0,86.0,20.0,28.0,10.0,2181.82,3557.94
480.0,78.0,15.0,40.0,8.0,1925.82,3709.09
480.0,82.0,17.0,46.0,5.0,1983.97,3884.79
480.0,86.0,16.0,44.0,12.0,2342.59,4328.53
480.0,71.0,16.0,44.0,5.0,1925.13,3754.72
480.0,80.0,21.0,41.0,11.0,2396.88,4305.23
480.0,82.0,15.0,44.0,7.0,1925.05,3855.8
480.0,70.0,7.0,43.0,9.0,1669.34,3658.2
480.0,86.0,4.0,39.0,6.0,1281.95,2974.53
480.0,82.0,5.0,40.0,2.0,1083.46,2672.59
480.0,75.0,9.0,31.0,7.0,1392.13,2857.77
480.0,77.0,3.0,40.0,6.0,1226.35,2993.62
480.0,76.0,6.0,39.0,4.0,1222.54,2856.16
480.0,70.0,33.0,9.0,6.0,2186.6,2572.05
480.0,84.0,33.0,11.0,4.0,2125.36,2447.69
480.0,81.0,35.0,12.0,2.0,2053.75,2406.27
480.0,73.0,38.0,7.0,6.0,2372.53,2700.11
480.0,69.0,33.0,12.0,6.0,2212.92,2735.18
480.0,77.0,37.0,29.0,4.0,2566.79,3704.04
480.0,76.0,38.0,29.0,6.0,2720.03,3904.21
480.0,83.0,44.0,18.0,9.0,3015.73,3875.31
480.0,77.0,35.0,22.0,8.0,2675.35,3679.08
480.0,74.0,41.0,21.0,6.0,2718.09,3610.83
480.0,84.0,23.0,49.0,8.0,2560.29,4572.28
480.0,67.0,25.0,30.0,7.0,2238.41,3634.6
480.0,91.0,34.0,36.0,14.0,3226.69,4897.29
480.0,90.0,35.0,39.0,9.0,2967.81,4646.05
480.0,80.0,38.0,34.0,4.0,2672.06,4048.85
480.0,96.0,42.0,42.0,6.0,3223.91,4765.19
480.0,69.0,35.0,26.0,7.0,2590.36,3768.78
480.0,84.0,41.0,31.0,9.0,3134.98,4388.94
480.0,90.0,40.0,34.0,7.0,3027.4,4361.35
480.0,74.0,35.0,30.0,5.0,2587.03,3801.82
480.0,72.0,45.0,7.0,5.0,2634.81,2941.01
480.0,81.0,41.0,9.0,4.0,2477.39,2799.96
480.0,81.0,40.0,5.0,5.0,2407.7,2601.22
480.0,89.0,44.0,8.0,5.0,2671.53,2877.14
480.0,74.0,46.0,10.0,2.0,2556.13,2839.81
480.0,81.0,8.0,35.0,7.0,1455.83,3040.51
480.0,80.0,6.0,38.0,5.0,1271.82,2884.87
480.0,87.0,12.0,28.0,7.0,1504.54,2831.84
480.0,72.0,7.0,40.0,4.0,1284.13,2926.44
480.0,71.0,5.0,39.0,6.0,1307.2,3011.18
480.0,83.0,9.0,50.0,11.0,1984.67,4273.39
480.0,71.0,11.0,45.0,7.0,1746.13,3728.71
480.0,81.0,15.0,50.0,7.0,2061.49,4091.77
480.0,82.0,8.0,52.0,8.0,1837.17,4053.35
480.0,70.0,13.0,44.0,10.0,2108.96,4136.8
480.0,71.0,39.0,5.0,4.0,2255.91,2426.83
480.0,77.0,44.0,0.0,2.0,2315.31,2088.57
480.0,87.0,39.0,5.0,2.0,2130.84,2235.29
480.0,68.0,39.0,6.0,3.0,2260.07,2373.2
480.0,72.0,40.0,3.0,3.0,2284.86,2320.75
480.0,80.0,45.0,20.0,2.0,2709.0,3443.28
480.0,77.0,38.0,25.0,7.0,2809.71,3868.53
480.0,86.0,41.0,23.0,9.0,3066.03,4041.41
480.0,86.0,32.0,38.0,10.0,2949.81,4482.09
480.0,74.0,34.0,29.0,10.0,2842.97,4119.92
480.0,78.0,28.0,27.0,3.0,2024.91,3189.42
480.0,73.0,29.0,28.0,7.0,2414.76,3558.58
480.0,76.0,30.0,16.0,6.0,2227.7,2993.29
480.0,90.0,35.0,22.0,4.0,2402.52,3297.34
480.0,81.0,20.0,31.0,6.0,1957.42,3306.2
480.0,65.0,37.0,7.0,3.0,2178.13,2427.9
480.0,80.0,36.0,9.0,4.0,2177.53,2504.85
480.0,80.0,37.0,10.0,2.0,2113.13,2408.3
480.0,76.0,35.0,12.0,3.0,2218.18,2645.26
480.0,67.0,41.0,6.0,2.0,2164.55,2361.0
480.0,81.0,30.0,33.0,12.0,2898.95,4432.52
480.0,68.0,29.0,31.0,6.0,2370.47,3650.8
480.0,78.0,35.0,31.0,9.0,2859.68,4226.77
480.0,83.0,34.0,36.0,5.0,2610.19,4140.73
480.0,71.0,38.0,26.0,6.0,2658.64,3798.82
480.0,84.0,46.0,18.0,4.0,2814.97,3606.47
480.0,73.0,38.0,18.0,7.0,2708.94,3540.69
480.0,79.0,43.0,17.0,7.0,2888.68,3690.39
480.0,72.0,39.0,22.0,3.0,2497.89,3396.93
480.0,75.0,38.0,20.0,8.0,2758.67,3772.46
480.0,78.0,26.0,33.0,7.0,2282.98,3752.64
480.0,81.0,25.0,30.0,8.0,2368.77,3705.43
480.0,79.0,23.0,23.0,10.0,2221.7,3350.35
480.0,81.0,26.0,32.0,4.0,2121.06,3476.21
480.0,73.0,24.0,33.0,3.0,1966.66,3283.15
480.0,76.0,45.0,3.0,3.0,2545.4,2665.93
480.0,69.0,46.0,4.0,2.0,2417.81,2532.98
480.0,81.0,42.0,2.0,5.0,2469.84,2604.1
480.0,73.0,46.0,4.0,3.0,2529.61,2602.24
480.0,77.0,47.0,7.0,1.0,2459.85,2716.81
480.0,82.0,3.0,49.0,8.0,1535.82,3665.21
480.0,71.0,3.0,50.0,9.0,1637.79,3807.51
480.0,79.0,2.0,45.0,11.0,1580.5,3594.64
480.0,84.0,2.0,52.0,6.0,1391.23,3509.41
480.0,71.0,2.0,52.0,4.0,1271.04,3320.67
480.0,86.0,38.0,32.0,8.0,2939.24,4267.52
480.0,88.0,35.0,34.0,10.0,2937.04,4442.2
480.0,87.0,31.0,37.0,15.0,3151.03,4809.5
480.0,80.0,27.0,40.0,5.0,2419.38,3904.75
480.0,86.0,37.0,37.0,5.0,2828.83,4286.57
480.0,80.0,10.0,50.0,7.0,1824.49,3903.76
480.0,76.0,12.0,47.0,8.0,1887.77,3925.93
480.0,80.0,18.0,41.0,5.0,1950.7,3620.63
480.0,72.0,8.0,48.0,6.0,1650.98,3557.77
480.0,68.0,12.0,43.0,6.0,1781.17,3688.5
480.0,75.0,24.0,32.0,2.0,1843.34,3133.47
480.0,82.0,32.0,26.0,5.0,2454.34,3482.19
480.0,85.0,35.0,23.0,5.0,2416.28,3520.61
480.0,84.0,34.0,29.0,7.0,2602.28,3788.17
480.0,71.0,34.0,22.0,8.0,2581.28,3582.54
480.0,80.0,26.0,24.0,8.0,2225.78,3368.1
480.0,71.0,22.0,35.0,5.0,2017.29,3424.6
480.0,80.0,31.0,15.0,7.0,2208.75,2951.22
480.0,75.0,21.0,30.0,5.0,1891.84,3178.81
480.0,72.0,22.0,27.0,7.0,1970.72,3230.15
480.0,87.0,46.0,6.0,2.0,2466.35,2554.32
480.0,84.0,44.0,6.0,3.0,2464.2,2508.83
480.0,81.0,43.0,3.0,3.0,2319.67,2378.64
480.0,80.0,40.0,8.0,4.0,2411.54,2609.07
480.0,73.0,44.0,6.0,2.0,2463.16,2492.48
480.0,79.0,44.0,2.0,4.0,2470.41,2388.44
480.0,79.0,42.0,2.0,5.0,2449.15,2391.86
480.0,82.0,37.0,2.0,7.0,2430.98,2444.29
480.0,83.0,45.0,5.0,2.0,2428.37,2429.71
480.0,74.0,37.0,9.0,1.0,2057.54,2332.6
480.0,77.0,26.0,21.0,7.0,2031.74,3133.74
480.0,82.0,26.0,23.0,3.0,1867.39,2874.54
480.0,86.0,31.0,17.0,3.0,2019.31,2754.09
480.0,71.0,26.0,21.0,6.0,2019.64,2952.23
480.0,74.0,19.0,27.0,4.0,1734.48,2927.42
480.0,74.0,9.0,44.0,8.0,1693.06,3639.01
480.0,74.0,9.0,46.0,8.0,1739.11,3737.32
480.0,78.0,21.0,36.0,7.0,2088.81,3677.1
480.0,72.0,7.0,49.0,6.0,1621.95,3554.28
480.0,81.0,8.0,53.0,3.0,1543.09,3540.71
480.0,70.0,42.0,5.0,2.0,2276.54,2293.89
480.0,75.0,44.0,0.0,3.0,2352.81,2128.61
480.0,86.0,43.0,0.0,3.0,2342.72,2165.34
480.0,76.0,47.0,1.0,1.0,2377.25,2188.13
480.0,81.0,41.0,3.0,4.0,2356.13,2332.28
480.0,66.0,44.0,0.0,4.0,2452.07,2233.0
480.0,79.0,42.0,0.0,3.0,2384.4,2171.09
480.0,85.0,42.0,0.0,4.0,2397.5,2186.52
480.0,81.0,47.0,0.0,1.0,2359.15,2132.74
480.0,68.0,44.0,0.0,3.0,2394.4,2173.86
480.0,79.0,0.0,46.0,11.0,1479.98,3571.82
480.0,73.0,0.0,50.0,9.0,1431.35,3591.15
480.0,72.0,0.0,44.0,8.0,1270.65,3179.77
480.0,84.0,0.0,53.0,6.0,1319.44,3479.9
480.0,73.0,0.0,53.0,7.0,1371.8,3553.42
480.0,81.0,7.0,55.0,5.0,1667.17,3950.17
480.0,72.0,4.0,52.0,7.0,1554.8,3807.95
480.0,75.0,4.0,45.0,13.0,1800.16,4042.53
480.0,69.0,2.0,52.0,7.0,1469.2,3674.32
480.0,88.0,7.0,53.0,7.0,1708.03,4026.65
480.0,72.0,35.0,30.0,3.0,2482.02,3662.19
480.0,71.0,35.0,27.0,6.0,2610.93,3744.31
480.0,88.0,31.0,39.0,14.0,3219.82,4771.69
480.0,94.0,38.0,42.0,4.0,2880.86,4381.02
480.0,79.0,32.0,39.0,4.0,2586.77,4067.35
480.0,77.0,39.0,24.0,8.0,2793.07,3865.25
480.0,67.0,32.0,24.0,6.0,2434.82,3476.22
480.0,69.0,31.0,26.0,10.0,2714.89,3803.05
480.0,79.0,31.0,33.0,5.0,2514.04,3813.38
480.0,78.0,35.0,29.0,8.0,2851.7,4193.65
480.0,81.0,44.0,3.0,5.0,2582.41,2574.66
480.0,73.0,45.0,6.0,2.0,2425.46,2543.59
480.0,94.0,37.0,3.0,7.0,2471.94,2435.31
480.0,94.0,46.0,4.0,2.0,2487.97,2507.29
480.0,65.0,46.0,0.0,2.0,2368.0,2191.59
480.0,85.0,43.0,4.0,3.0,2410.96,2363.57
480.0,75.0,44.0,0.0,3.0,2352.81,2146.78
480.0,86.0,44.0,0.0,3.0,2339.01,2193.67
480.0,75.0,45.0,4.0,2.0,2418.23,2380.15
480.0,74.0,37.0,9.0,1.0,2057.54,2300.6
480.0,81.0,3.0,51.0,11.0,1710.51,3924.34
480.0,80.0,7.0,52.0,5.0,1608.79,3642.04
480.0,80.0,4.0,48.0,9.0,1602.55,3610.85
480.0,85.0,4.0,55.0,5.0,1476.16,3637.22
480.0,72.0,5.0,44.0,6.0,1417.09,3306.08
480.0,72.0,8.0,45.0,10.0,1817.86,3871.84
480.0,70.0,17.0,38.0,10.0,2197.97,3868.76
480.0,83.0,22.0,39.0,12.0,2498.91,4417.0
480.0,81.0,12.0,48.0,8.0,1942.72,4039.98
480.0,71.0,7.0,45.0,8.0,1623.01,3612.26
480.0,74.0,29.0,26.0,1.0,1923.01,2954.27
480.0,82.0,27.0,26.0,7.0,2312.26,3469.16
480.0,78.0,27.0,21.0,4.0,1985.42,2986.42
480.0,75.0,31.0,25.0,4.0,2201.63,3296.19
480.0,66.0,30.0,25.0,4.0,2166.82,3218.79
480.0,73.0,11.0,51.0,5.0,1746.63,3896.03
480.0,73.0,7.0,55.0,7.0,1907.35,4136.2
480.0,73.0,6.0,47.0,9.0,1698.05,3847.42
480.0,93.0,11.0,55.0,5.0,1840.91,4106.52
480.0,75.0,5.0,53.0,7.0,1602.7,3901.02
480.0,97.0,45.0,38.0,4.0,3139.59,4565.94
480.0,76.0,39.0,28.0,4.0,2620.01,3807.87
480.0,86.0,43.0,26.0,9.0,3138.37,4286.08
480.0,93.0,42.0,35.0,8.0,3140.15,4584.85
480.0,76.0,37.0,31.0,5.0,2661.33,3958.0
480.0,80.0,10.0,50.0,7.0,1824.49,3891.32
480.0,76.0,12.0,47.0,8.0,1887.77,3912.12
480.0,80.0,18.0,41.0,5.0,1950.7,3609.64
480.0,79.0,10.0,45.0,9.0,1937.24,3834.71
480.0,77.0,12.0,49.0,5.0,1741.32,3730.46
480.0,89.0,42.0,33.0,8.0,3261.97,4526.67
480.0,69.0,35.0,26.0,7.0,2590.36,3771.11
480.0,76.0,30.0,34.0,10.0,2766.73,4192.94
480.0,88.0,38.0,35.0,5.0,2821.59,4147.22
480.0,68.0,33.0,24.0,7.0,2485.76,3631.16
480.0,69.0,1.0,40.0,9.0,1307.85,3108.97
480.0,80.0,4.0,40.0,4.0,1157.7,2771.03
480.0,78.0,0.0,38.0,9.0,1211.37,2910.03
480.0,78.0,0.0,43.0,6.0,1142.72,2939.89
480.0,70.0,0.0,47.0,3.0,1027.87,2835.48
480.0,80.0,45.0,0.0,5.0,2551.14,2502.58
480.0,71.0,43.0,3.0,4.0,2464.72,2452.15
480.0,82.0,42.0,4.0,5.0,2525.41,2621.59
480.0,87.0,47.0,5.0,2.0,2502.04,2560.97
480.0,79.0,45.0,5.0,3.0,2504.04,2614.34
480.0,76.0,31.0,34.0,7.0,2557.5,3952.75
480.0,68.0,24.0,37.0,2.0,1947.61,3387.9
480.0,79.0,29.0,37.0,9.0,2675.88,4203.43
480.0,72.0,32.0,33.0,5.0,2483.05,3817.01
480.0,64.0,23.0,34.0,6.0,2078.88,3541.99
480.0,96.0,42.0,41.0,7.0,3280.63,4788.95
480.0,69.0,35.0,26.0,7.0,2590.36,3765.92
480.0,84.0,41.0,31.0,9.0,3134.98,4385.27
480.0,93.0,39.0,39.0,6.0,3007.16,4441.66
480.0,74.0,35.0,30.0,5.0,2587.03,3799.73
480.0,83.0,17.0,34.0,3.0,1629.57,3034.66
480.0,81.0,23.0,24.0,6.0,1905.15,3007.47
480.0,76.0,21.0,25.0,5.0,1761.01,2831.72
480.0,86.0,26.0,27.0,8.0,2283.36,3446.04
480.0,72.0,20.0,27.0,8.0,1926.84,3259.15
480.0,81.0,40.0,28.0,4.0,2682.47,3756.45
480.0,67.0,26.0,33.0,5.0,2216.14,3506.91
480.0,82.0,36.0,30.0,11.0,3022.88,4386.15
480.0,94.0,40.0,40.0,4.0,2945.26,4436.85
480.0,79.0,39.0,31.0,7.0,2923.35,4132.73
480.0,85.0,22.0,20.0,6.0,1830.05,2747.36
480.0,78.0,21.0,21.0,4.0,1737.46,2580.72
480.0,78.0,21.0,20.0,6.0,1800.67,2685.28
480.0,81.0,22.0,24.0,2.0,1629.12,2596.11
480.0,70.0,20.0,23.0,5.0,1691.8,2726.5
480.0,77.0,12.0,49.0,5.0,1828.75,3907.91
480.0,75.0,8.0,53.0,7.0,1777.98,4032.79
480.0,75.0,11.0,44.0,14.0,2201.88,4320.9
480.0,94.0,6.0,53.0,6.0,1651.85,3955.43
480.0,79.0,11.0,54.0,4.0,1775.23,3956.33
480.0,78.0,31.0,31.0,10.0,2677.57,4064.17
480.0,75.0,33.0,29.0,10.0,2715.3,4070.62
480.0,85.0,28.0,40.0,13.0,2918.47,4660.87
480.0,85.0,33.0,33.0,8.0,2750.45,4149.21
480.0,80.0,25.0,44.0,8.0,2532.54,4378.24
480.0,67.0,0.0,44.0,4.0,1041.64,2789.99
480.0,76.0,1.0,42.0,4.0,1043.07,2707.76
480.0,78.0,0.0,38.0,9.0,1211.37,2888.71
480.0,76.0,0.0,44.0,5.0,1084.95,2832.14
480.0,73.0,0.0,44.0,3.0,991.35,2715.48
480.0,72.0,16.0,32.0,8.0,1848.19,3314.19
480.0,75.0,8.0,44.0,9.0,1703.19,3600.82
480.0,81.0,20.0,33.0,6.0,1984.29,3421.66
480.0,77.0,13.0,45.0,6.0,1885.05,3677.77
480.0,72.0,14.0,42.0,3.0,1626.73,3235.46
480.0,84.0,35.0,38.0,4.0,2629.71,4151.75
480.0,81.0,27.0,41.0,8.0,2649.36,4265.66
480.0,93.0,38.0,33.0,15.0,3395.92,5010.23
480.0,71.0,22.0,40.0,2.0,1921.26,3487.73
480.0,68.0,27.0,32.0,6.0,2226.44,3734.04
480.0,87.0,30.0,28.0,2.0,2090.56,3172.44
480.0,69.0,30.0,23.0,3.0,2046.12,2934.25
480.0,81.0,32.0,17.0,4.0,2074.5,2851.17
480.0,71.0,30.0,19.0,7.0,2290.72,3090.55
480.0,76.0,37.0,19.0,0.0,2115.09,2784.98
480.0,77.0,48.0,3.0,2.0,2495.67,2624.77
480.0,68.0,43.0,1.0,4.0,2426.6,2386.27
480.0,81.0,42.0,2.0,6.0,2508.23,2672.2
480.0,76.0,44.0,6.0,5.0,2641.45,2818.92
480.0,75.0,44.0,4.0,4.0,2514.21,2687.69
480.0,67.0,23.0,22.0,3.0,1696.65,2590.17
480.0,78.0,18.0,25.0,4.0,1609.33,2622.76
480.0,79.0,22.0,20.0,4.0,1758.56,2550.44
480.0,81.0,22.0,24.0,2.0,1629.66,2595.71
480.0,75.0,14.0,30.0,4.0,1496.15,2703.32
480.0,80.0,26.0,31.0,5.0,2209.93,3419.47
480.0,68.0,19.0,31.0,8.0,2018.76,3360.57
480.0,87.0,25.0,23.0,8.0,2138.78,3250.99
480.0,79.0,18.0,28.0,7.0,1870.33,3128.28
480.0,73.0,16.0,31.0,6.0,1708.9,3054.2
480.0,78.0,9.0,46.0,10.0,1911.1,3979.68
480.0,69.0,14.0,41.0,10.0,2077.86,3919.65
480.0,77.0,21.0,41.0,9.0,2278.73,4119.94
480.0,84.0,16.0,52.0,4.0,1978.54,4027.59
480.0,68.0,12.0,45.0,8.0,1885.72,3849.07
480.0,90.0,45.0,27.0,3.0,2910.33,3952.58
480.0,78.0,40.0,29.0,6.0,2863.07,4030.1
480.0,81.0,37.0,26.0,5.0,2629.43,3753.4
480.0,83.0,42.0,28.0,7.0,3000.31,4143.5
480.0,74.0,43.0,23.0,6.0,2880.06,3851.11
480.0,80.0,26.0,21.0,5.0,1995.91,2881.98
480.0,71.0,26.0,28.0,7.0,2268.37,3430.8
480.0,70.0,29.0,20.0,4.0,2003.65,2838.8
480.0,78.0,21.0,31.0,5.0,1912.27,3267.75
480.0,71.0,29.0,23.0,1.0,1853.02,2776.81
480.0,77.0,9.0,46.0,11.0,1934.54,4080.62
480.0,77.0,7.0,51.0,10.0,1905.09,4161.3
480.0,91.0,16.0,46.0,11.0,2304.17,4490.99
480.0,75.0,5.0,54.0,9.0,1768.43,4081.0
480.0,87.0,9.0,53.0,7.0,1797.09,4108.79
480.0,75.0,22.0,34.0,2.0,1817.29,3117.11
480.0,74.0,25.0,32.0,7.0,2240.57,3628.47
480.0,79.0,30.0,20.0,4.0,2085.77,3040.99
480.0,80.0,35.0,27.0,5.0,2610.51,3712.91
480.0,71.0,34.0,22.0,8.0,2581.28,3603.77
480.0,91.0,28.0,18.0,3.0,1845.55,2659.26
480.0,80.0,20.0,26.0,2.0,1570.62,2644.06
480.0,72.0,23.0,20.0,4.0,1703.71,2604.66
480.0,78.0,26.0,19.0,3.0,1819.45,2752.24
480.0,69.0,20.0,23.0,4.0,1663.11,2688.36
480.0,73.0,38.0,6.0,7.0,2485.14,2669.64
480.0,70.0,39.0,4.0,5.0,2291.37,2430.95
480.0,85.0,41.0,6.0,2.0,2274.16,2360.82
480.0,86.0,41.0,9.0,2.0,2300.86,2587.65
480.0,70.0,33.0,11.0,5.0,2178.52,2569.87
480.0,68.0,1.0,40.0,7.0,1190.12,2920.52
480.0,80.0,4.0,40.0,4.0,1157.7,2770.65
480.0,78.0,0.0,38.0,9.0,1212.1,2911.56
480.0,78.0,0.0,43.0,6.0,1142.72,2941.39
480.0,76.0,1.0,44.0,4.0,1096.56,2883.14
480.0,86.0,21.0,25.0,5.0,1842.41,2969.85
480.0,82.0,26.0,23.0,3.0,1867.39,2866.28
480.0,78.0,25.0,21.0,4.0,1909.03,2810.44
480.0,68.0,23.0,28.0,4.0,1886.65,3052.18
480.0,74.0,21.0,26.0,6.0,1875.31,3031.03
480.0,75.0,29.0,15.0,4.0,1906.34,2581.94
480.0,78.0,21.0,21.0,4.0,1737.46,2566.4
480.0,78.0,21.0,20.0,6.0,1800.67,2668.37
480.0,81.0,22.0,24.0,2.0,1629.12,2582.2
480.0,75.0,14.0,30.0,4.0,1496.15,2682.11
480.0,75.0,24.0,42.0,6.0,2319.66,4034.8
480.0,66.0,23.0,39.0,2.0,1955.26,3483.34
480.0,77.0,31.0,32.0,11.0,2869.11,4232.24
480.0,88.0,39.0,32.0,7.0,2940.21,4228.04
480.0,71.0,30.0,31.0,8.0,2530.72,3917.94
480.0,89.0,44.0,19.0,6.0,2952.41,3761.62
480.0,80.0,40.0,20.0,7.0,2810.64,3641.22
480.0,79.0,44.0,9.0,4.0,2553.58,2880.91
480.0,75.0,45.0,17.0,2.0,2625.48,3190.73
480.0,70.0,44.0,15.0,4.0,2648.54,3253.41
480.0,70.0,10.0,49.0,6.0,1715.44,3862.07
480.0,83.0,4.0,51.0,9.0,1674.41,4001.46
480.0,71.0,11.0,43.0,14.0,2233.56,4331.28
480.0,94.0,8.0,53.0,7.0,1765.67,4153.52
480.0,78.0,5.0,55.0,4.0,1474.89,3756.15
480.0,76.0,0.0,39.0,10.0,1294.67,3120.12
480.0,78.0,2.0,42.0,3.0,1038.19,2705.34
480.0,78.0,0.0,37.0,10.0,1248.91,2973.43
480.0,82.0,0.0,45.0,3.0,998.2,2766.15
480.0,73.0,0.0,44.0,3.0,991.35,2742.96
480.0,71.0,18.0,38.0,9.0,2110.61,3895.93
480.0,74.0,20.0,41.0,7.0,2113.94,3967.7
480.0,75.0,21.0,31.0,8.0,2077.23,3478.04
480.0,77.0,19.0,42.0,6.0,2021.19,3868.75
480.0,79.0,18.0,45.0,7.0,2115.2,4059.08
480.0,80.0,24.0,24.0,5.0,1943.85,2930.84
480.0,76.0,25.0,23.0,6.0,2009.11,3014.5
480.0,78.0,23.0,21.0,3.0,1691.09,2601.99
480.0,66.0,30.0,19.0,2.0,1921.51,2694.1
480.0,72.0,19.0,29.0,2.0,1645.23,2834.81
480.0,91.0,38.0,36.0,10.0,3190.33,4772.89
480.0,59.0,17.0,35.0,7.0,1829.62,3452.15
480.0,84.0,40.0,29.0,10.0,3095.21,4416.88
480.0,93.0,37.0,35.0,8.0,2932.44,4474.97
480.0,83.0,29.0,40.0,12.0,2976.33,4799.63
480.0,73.0,14.0,37.0,6.0,1707.42,3387.11
480.0,82.0,9.0,44.0,9.0,1839.52,3823.64
480.0,77.0,12.0,33.0,12.0,1889.1,3611.15
480.0,82.0,16.0,32.0,8.0,1890.73,3403.11
480.0,80.0,9.0,46.0,11.0,1901.85,4035.54
480.0,87.0,46.0,6.0,2.0,2466.35,2553.51
480.0,84.0,44.0,6.0,3.0,2464.2,2507.99
480.0,81.0,43.0,3.0,3.0,2319.67,2378.02
480.0,75.0,46.0,5.0,3.0,2526.11,2543.32
480.0,73.0,44.0,6.0,2.0,2463.16,2491.97
480.0,87.0,30.0,16.0,5.0,2053.49,2798.96
480.0,76.0,25.0,21.0,5.0,1925.94,2882.79
480.0,85.0,32.0,16.0,3.0,2037.25,2693.73
480.0,78.0,23.0,24.0,5.0,1902.11,2901.96
480.0,73.0,21.0,27.0,5.0,1812.32,2992.83
480.0,75.0,22.0,34.0,2.0,1817.29,3118.09
480.0,83.0,23.0,33.0,9.0,2337.98,3771.44
480.0,79.0,30.0,20.0,4.0,2085.77,3040.71
480.0,80.0,35.0,27.0,5.0,2610.51,3713.17
480.0,74.0,26.0,34.0,7.0,2305.08,3814.75
480.0,78.0,19.0,32.0,5.0,1771.5,3221.64
480.0,82.0,15.0,33.0,6.0,1720.81,3139.97
480.0,79.0,26.0,18.0,9.0,2194.13,3074.75
480.0,81.0,18.0,33.0,5.0,1747.4,3210.87
480.0,80.0,16.0,39.0,1.0,1552.1,3069.82
480.0,74.0,1.0,51.0,6.0,1323.06,3420.88
480.0,77.0,4.0,52.0,4.0,1435.59,3541.91
480.0,82.0,0.0,45.0,10.0,1483.37,3505.03
480.0,84.0,2.0,52.0,6.0,1391.23,3505.02
480.0,70.0,3.0,50.0,6.0,1403.22,3460.26
480.0,77.0,18.0,31.0,2.0,1548.25,2824.69
480.0,76.0,11.0,32.0,4.0,1359.59,2772.66
480.0,77.0,19.0,20.0,8.0,1792.69,2837.42
480.0,87.0,16.0,31.0,9.0,1875.13,3345.44
480.0,69.0,12.0,29.0,8.0,1560.29,3012.04
480.0,87.0,43.0,3.0,3.0,2383.71,2315.84
480.0,75.0,44.0,0.0,3.0,2352.81,2142.76
480.0,90.0,42.0,2.0,3.0,2280.18,2230.44
480.0,73.0,41.0,6.0,3.0,2341.97,2423.4
480.0,81.0,41.0,4.0,3.0,2298.62,2327.26
480.0,76.0,2.0,50.0,9.0,1537.2,3743.87
480.0,80.0,2.0,50.0,9.0,1534.5,3773.51
480.0,78.0,4.0,46.0,15.0,1915.76,4108.99
480.0,84.0,5.0,53.0,9.0,1721.2,3997.46
480.0,72.0,4.0,53.0,6.0,1513.06,3695.73
480.0,76.0,29.0,30.0,12.0,2727.77,4159.19
480.0,70.0,27.0,33.0,5.0,2268.32,3537.28
480.0,79.0,31.0,31.0,12.0,2872.07,4245.91
480.0,85.0,27.0,39.0,6.0,2424.75,3962.15
480.0,78.0,30.0,34.0,5.0,2382.02,3715.36
480.0,82.0,41.0,3.0,4.0,2339.53,2317.12
480.0,77.0,44.0,0.0,2.0,2315.31,2076.12
480.0,87.0,39.0,5.0,2.0,2130.84,2222.85
480.0,68.0,39.0,6.0,3.0,2260.07,2356.55
480.0,72.0,40.0,3.0,3.0,2281.56,2300.02
480.0,65.0,29.0,28.0,0.0,1917.59,3017.41
480.0,82.0,27.0,26.0,7.0,2312.26,3441.42
480.0,80.0,23.0,23.0,6.0,1917.05,3039.49
480.0,87.0,29.0,31.0,5.0,2308.66,3565.9
480.0,74.0,25.0,32.0,2.0,1941.03,3172.14
480.0,76.0,0.0,38.0,11.0,1335.59,3148.29
480.0,76.0,1.0,42.0,4.0,1043.07,2728.97
480.0,78.0,0.0,38.0,9.0,1211.37,2918.1
480.0,82.0,0.0,40.0,9.0,1265.26,3076.98
480.0,74.0,0.0,42.0,7.0,1160.97,2933.31
480.0,81.0,0.0,46.0,6.0,1201.63,3161.09
480.0,82.0,1.0,47.0,6.0,1241.3,3215.49
480.0,87.0,0.0,41.0,6.0,1106.08,2894.49
480.0,82.0,0.0,46.0,7.0,1303.18,3337.54
480.0,71.0,0.0,46.0,8.0,1296.55,3313.64
480.0,80.0,40.0,30.0,5.0,2835.98,3948.89
480.0,69.0,24.0,33.0,8.0,2276.65,3747.4
480.0,75.0,33.0,30.0,9.0,2718.77,4024.94
480.0,88.0,32.0,40.0,4.0,2683.54,4080.29
480.0,71.0,25.0,37.0,7.0,2301.62,3920.92
480.0,74.0,3.0,51.0,7.0,1520.75,3728.91
480.0,73.0,1.0,50.0,10.0,1531.49,3748.62
480.0,77.0,4.0,47.0,11.0,1719.38,3917.34
480.0,91.0,1.0,57.0,5.0,1363.73,3683.32
480.0,80.0,2.0,54.0,6.0,1420.54,3664.17
480.0,85.0,27.0,49.0,4.0,2470.01,4230.62
480.0,73.0,26.0,41.0,5.0,2354.26,3912.28
480.0,85.0,34.0,43.0,4.0,2633.12,4249.84
480.0,98.0,33.0,49.0,8.0,2997.01,4904.73
480.0,75.0,22.0,36.0,9.0,2297.87,3951.26
480.0,75.0,0.0,50.0,11.0,1555.97,3867.29
480.0,66.0,0.0,54.0,5.0,1259.23,3416.72
480.0,91.0,1.0,53.0,5.0,1339.74,3628.74
480.0,85.0,0.0,54.0,7.0,1389.32,3717.62
480.0,76.0,1.0,55.0,5.0,1333.42,3609.94
480.0,79.0,34.0,17.0,7.0,2466.46,3200.63
480.0,73.0,29.0,28.0,7.0,2413.56,3516.22
480.0,77.0,30.0,23.0,5.0,2243.25,3199.04
480.0,82.0,33.0,25.0,4.0,2373.39,3246.99
480.0,68.0,27.0,29.0,3.0,2097.29,3220.2
480.0,77.0,41.0,28.0,3.0,2709.23,3733.19
480.0,70.0,30.0,32.0,3.0,2228.98,3453.24
480.0,80.0,37.0,27.0,11.0,3093.22,4293.63
480.0,89.0,36.0,40.0,8.0,3055.72,4616.95
480.0,78.0,41.0,25.0,8.0,2889.2,4054.3
480.0,72.0,25.0,33.0,5.0,2214.89,3566.09
480.0,71.0,20.0,35.0,7.0,2016.97,3515.84
480.0,73.0,24.0,25.0,10.0,2278.14,3511.01
480.0,78.0,21.0,37.0,2.0,1895.04,3333.72
480.0,73.0,13.0,44.0,2.0,1636.7,3302.42
480.0,87.0,23.0,23.0,4.0,1798.89,2816.8
480.0,74.0,22.0,24.0,4.0,1781.42,2777.08
480.0,82.0,20.0,26.0,3.0,1690.04,2724.83
480.0,89.0,24.0,25.0,7.0,2040.24,3238.67
480.0,68.0,19.0,30.0,3.0,1645.28,2923.37
480.0,70.0,5.0,39.0,5.0,1247.22,2904.9
480.0,76.0,5.0,38.0,5.0,1214.93,2799.42
480.0,89.0,4.0,40.0,5.0,1237.95,2884.45
480.0,78.0,3.0,36.0,10.0,1393.57,3130.42
480.0,70.0,4.0,39.0,4.0,1187.67,2801.06
480.0,75.0,22.0,34.0,2.0,1817.29,3100.93
480.0,76.0,25.0,30.0,11.0,2515.28,3812.68
480.0,81.0,31.0,22.0,11.0,2648.11,3701.83
480.0,80.0,35.0,27.0,5.0,2610.51,3679.45
480.0,74.0,26.0,34.0,7.0,2305.08,3773.87
480.0,82.0,38.0,32.0,6.0,2837.78,4063.79
480.0,72.0,31.0,29.0,6.0,2467.7,3602.44
480.0,87.0,37.0,33.0,14.0,3250.64,4722.44
480.0,82.0,31.0,40.0,2.0,2336.6,3838.45
480.0,74.0,35.0,33.0,4.0,2538.91,3804.64
480.0,79.0,37.0,30.0,5.0,2699.33,3844.74
480.0,67.0,26.0,33.0,5.0,2216.14,3485.68
480.0,88.0,31.0,39.0,14.0,3219.82,4776.61
480.0,94.0,40.0,40.0,4.0,2945.26,4422.58
480.0,79.0,39.0,31.0,7.0,2923.35,4106.99
480.0,75.0,1.0,46.0,9.0,1413.02,3415.96
480.0,75.0,0.0,46.0,14.0,1681.36,3876.4
480.0,74.0,1.0,44.0,6.0,1249.34,3131.72
480.0,84.0,2.0,52.0,6.0,1391.23,3515.71
480.0,80.0,0.0,54.0,4.0,1214.69,3351.69
480.0,82.0,26.0,44.0,8.0,2524.64,4386.91
480.0,64.0,16.0,34.0,9.0,1995.29,3589.8
480.0,80.0,30.0,36.0,9.0,2674.87,4277.28
480.0,71.0,30.0,30.0,3.0,2214.01,3457.35
480.0,71.0,21.0,38.0,10.0,2306.42,4149.91
480.0,80.0,32.0,23.0,6.0,2387.52,3375.32
480.0,91.0,31.0,27.0,9.0,2668.37,3809.45
480.0,86.0,28.0,20.0,7.0,2180.64,3201.54
480.0,91.0,39.0,23.0,1.0,2377.67,3260.91
480.0,72.0,31.0,22.0,5.0,2297.87,3217.42
480.0,80.0,48.0,5.0,1.0,2458.8,2578.71
480.0,72.0,39.0,13.0,6.0,2607.67,3075.6
480.0,84.0,42.0,9.0,2.0,2413.38,2670.19
480.0,73.0,47.0,9.0,2.0,2549.02,2823.49
480.0,77.0,47.0,6.0,0.0,2391.11,2493.59
480.0,77.0,46.0,6.0,2.0,2464.22,2582.79
480.0,86.0,45.0,4.0,1.0,2346.78,2341.07
480.0,81.0,43.0,3.0,3.0,2318.96,2367.16
480.0,86.0,45.0,6.0,3.0,2550.27,2594.06
480.0,77.0,46.0,4.0,2.0,2458.85,2500.65
480.0,82.0,27.0,26.0,6.0,2132.72,3226.68
480.0,81.0,25.0,22.0,8.0,2162.47,3184.05
480.0,71.0,31.0,17.0,4.0,2077.27,2697.43
480.0,71.0,30.0,19.0,7.0,2290.72,3089.18
480.0,81.0,28.0,27.0,3.0,2059.86,3109.84
480.0,90.0,40.0,31.0,7.0,2938.23,4202.82
480.0,70.0,33.0,28.0,5.0,2417.11,3552.31
480.0,80.0,37.0,27.0,11.0,3093.22,4292.74
480.0,96.0,39.0,35.0,9.0,3139.31,4504.78
480.0,78.0,41.0,25.0,8.0,2889.2,4053.86
480.0,75.0,45.0,1.0,2.0,2354.14,2177.07
480.0,79.0,42.0,0.0,3.0,2384.4,2171.09
480.0,87.0,43.0,1.0,4.0,2389.17,2273.99
480.0,81.0,47.0,0.0,1.0,2359.15,2132.74
480.0,69.0,45.0,1.0,2.0,2325.28,2145.74
480.0,74.0,28.0,25.0,6.0,2200.16,3275.21
480.0,79.0,28.0,26.0,4.0,2139.06,3218.77
480.0,79.0,28.0,27.0,3.0,2028.67,3104.71
480.0,80.0,23.0,27.0,7.0,2086.51,3236.86
480.0,77.0,37.0,19.0,4.0,2368.61,3170.17
480.0,96.0,42.0,41.0,7.0,3280.63,4791.56
480.0,71.0,30.0,30.0,9.0,2546.65,3876.06
480.0,80.0,35.0,27.0,11.0,2887.31,4138.18
480.0,67.0,24.0,33.0,5.0,2091.65,3470.65
480.0,74.0,35.0,30.0,5.0,2587.03,3801.81
480.0,79.0,0.0,38.0,11.0,1342.29,3240.8
480.0,80.0,3.0,39.0,5.0,1181.59,2886.48
480.0,78.0,0.0,37.0,10.0,1248.91,3025.61
480.0,77.0,0.0,47.0,3.0,1032.9,2898.59
480.0,78.0,0.0,44.0,6.0,1145.77,3023.95
480.0,77.0,7.0,47.0,10.0,1786.41,3925.62
480.0,75.0,1.0,52.0,7.0,1473.51,3689.43
480.0,75.0,7.0,45.0,14.0,1973.15,4153.63
480.0,86.0,5.0,58.0,4.0,1515.62,3817.37
480.0,74.0,3.0,52.0,7.0,1501.37,3712.39
480.0,73.0,1.0,43.0,6.0,1185.49,3036.86
480.0,74.0,0.0,41.0,7.0,1175.81,3014.95
480.0,78.0,0.0,37.0,10.0,1248.07,2993.96
480.0,79.0,0.0,42.0,7.0,1180.62,3023.52
480.0,76.0,1.0,43.0,6.0,1187.8,3047.5
480.0,71.0,39.0,5.0,4.0,2255.91,2405.73
480.0,77.0,44.0,0.0,2.0,2315.31,2075.84
480.0,87.0,39.0,5.0,2.0,2130.84,2222.55
480.0,68.0,39.0,6.0,3.0,2260.07,2356.48
480.0,66.0,38.0,5.0,5.0,2276.62,2399.81
480.0,84.0,30.0,40.0,5.0,2456.16,4085.9
480.0,62.0,33.0,23.0,4.0,2301.01,3143.13
480.0,81.0,34.0,28.0,8.0,2735.41,3885.62
480.0,76.0,34.0,26.0,6.0,2490.5,3604.27
480.0,77.0,32.0,33.0,4.0,2431.43,3768.27
480.0,82.0,27.0,31.0,4.0,2125.29,3402.84
480.0,77.0,33.0,28.0,3.0,2343.6,3365.08
480.0,85.0,27.0,24.0,6.0,2143.1,3235.46
480.0,79.0,31.0,27.0,3.0,2177.92,3334.34
480.0,74.0,21.0,31.0,4.0,1872.69,3179.56
480.0,76.0,45.0,3.0,3.0,2496.59,2544.7
480.0,75.0,42.0,9.0,6.0,2669.55,2981.91
480.0,81.0,45.0,5.0,3.0,2444.2,2664.22
480.0,79.0,47.0,7.0,2.0,2543.84,2734.73
480.0,84.0,46.0,4.0,3.0,2502.9,2658.13
480.0,71.0,20.0,38.0,7.0,2095.7,3795.62
480.0,63.0,19.0,35.0,5.0,1840.19,3389.17
480.0,80.0,24.0,34.0,7.0,2194.21,3696.09
480.0,74.0,19.0,36.0,5.0,1886.54,3399.65
480.0,82.0,19.0,44.0,13.0,2637.44,4658.1
480.0,86.0,30.0,41.0,8.0,2724.75,4430.58
480.0,68.0,22.0,32.0,11.0,2353.0,3920.98
480.0,87.0,33.0,39.0,11.0,3010.92,4720.81
480.0,76.0,26.0,38.0,6.0,2314.32,3941.76
480.0,71.0,18.0,42.0,8.0,2160.82,4031.48
480.0,80.0,26.0,21.0,5.0,1995.91,2882.04
480.0,71.0,25.0,29.0,8.0,2297.1,3533.47
480.0,74.0,29.0,21.0,3.0,1957.28,2797.86
480.0,78.0,21.0,31.0,5.0,1912.27,3267.91
480.0,82.0,30.0,32.0,3.0,2219.54,3543.41
480.0,83.0,28.0,17.0,5.0,1989.71,2709.78
480.0,78.0,25.0,19.0,4.0,1809.37,2589.94
480.0,77.0,22.0,20.0,7.0,1906.6,2819.56
480.0,74.0,26.0,20.0,4.0,1983.61,2811.35
480.0,70.0,25.0,21.0,4.0,1829.93,2728.86
480.0,88.0,24.0,22.0,4.0,1810.36,2777.28
480.0,80.0,20.0,26.0,2.0,1570.62,2620.94
480.0,72.0,23.0,20.0,4.0,1703.71,2565.97
480.0,78.0,26.0,19.0,3.0,1819.45,2721.38
480.0,69.0,20.0,23.0,4.0,1663.11,2647.24
480.0,80.0,43.0,28.0,4.0,2896.44,3914.45
480.0,75.0,40.0,26.0,4.0,2747.04,3712.34
480.0,79.0,40.0,27.0,9.0,2981.15,4201.36
480.0,80.0,43.0,24.0,5.0,2836.51,3834.42
480.0,74.0,43.0,23.0,6.0,2880.06,3851.31
480.0,71.0,15.0,30.0,4.0,1491.79,2807.33
480.0,76.0,5.0,37.0,5.0,1214.46,2820.49
480.0,77.0,19.0,20.0,8.0,1792.69,2850.38
480.0,76.0,5.0,38.0,5.0,1258.67,2873.56
480.0,70.0,9.0,31.0,8.0,1450.26,2947.8
480.0,88.0,4.0,40.0,4.0,1152.7,2791.42
480.0,82.0,8.0,34.0,5.0,1294.26,2757.89
480.0,71.0,10.0,34.0,3.0,1283.82,2641.21
480.0,75.0,8.0,36.0,4.0,1274.95,2806.21
480.0,68.0,8.0,38.0,2.0,1177.1,2676.72
480.0,81.0,7.0,55.0,5.0,1667.17,3962.39
480.0,76.0,4.0,50.0,11.0,1761.18,4024.86
480.0,78.0,5.0,47.0,12.0,1796.91,4069.35
480.0,82.0,5.0,51.0,8.0,1696.19,3985.48
480.0,86.0,3.0,51.0,8.0,1587.77,3906.17
480.0,78.0,43.0,20.0,7.0,2972.74,3775.55
480.0,72.0,38.0,19.0,4.0,2561.08,3321.35
480.0,72.0,41.0,17.0,6.0,2691.31,3420.52
480.0,89.0,39.0,24.0,8.0,2928.85,3920.47
480.0,74.0,36.0,29.0,3.0,2497.41,3558.48
480.0,79.0,5.0,42.0,5.0,1294.54,3093.3
480.0,78.0,2.0,43.0,8.0,1330.61,3237.09
480.0,77.0,5.0,32.0,10.0,1405.33,3027.88
480.0,65.0,4.0,45.0,3.0,1186.16,3013.25
480.0,74.0,0.0,47.0,4.0,1082.72,2978.59
480.0,76.0,22.0,38.0,9.0,2447.71,4079.3
480.0,74.0,20.0,38.0,10.0,2261.3,4093.27
480.0,82.0,29.0,38.0,9.0,2640.9,4335.91
480.0,77.0,28.0,41.0,2.0,2204.61,3794.29
480.0,71.0,26.0,38.0,4.0,2178.21,3759.45
480.0,70.0,34.0,24.0,5.0,2431.12,3545.13
480.0,60.0,29.0,24.0,6.0,2305.09,3318.97
480.0,75.0,41.0,19.0,9.0,2884.55,3847.58
480.0,89.0,36.0,37.0,5.0,2685.04,4234.29
480.0,70.0,34.0,26.0,6.0,2488.37,3673.81
480.0,80.0,29.0,28.0,6.0,2334.24,3485.59
480.0,73.0,29.0,28.0,7.0,2413.56,3513.51
480.0,73.0,27.0,25.0,7.0,2218.25,3261.34
480.0,82.0,34.0,25.0,3.0,2315.5,3223.16
480.0,64.0,21.0,28.0,6.0,1959.62,3182.49
480.0,83.0,41.0,20.0,7.0,2921.04,3703.1
480.0,72.0,40.0,18.0,5.0,2666.08,3360.1
480.0,75.0,44.0,17.0,5.0,2812.62,3571.43
480.0,83.0,45.0,15.0,4.0,2723.35,3378.19
480.0,71.0,43.0,20.0,4.0,2684.6,3575.72
480.0,84.0,7.0,37.0,5.0,1326.43,2852.21
480.0,80.0,4.0,40.0,4.0,1161.5,2769.35
480.0,80.0,9.0,34.0,4.0,1305.44,2693.75
480.0,74.0,5.0,41.0,4.0,1209.58,2846.94
480.0,65.0,7.0,36.0,5.0,1274.59,2786.74
480.0,81.0,42.0,2.0,6.0,2550.64,2482.34
480.0,77.0,40.0,3.0,5.0,2406.21,2379.99
480.0,87.0,41.0,3.0,5.0,2456.36,2392.09
480.0,69.0,44.0,4.0,5.0,2606.06,2615.25
480.0,74.0,37.0,9.0,1.0,2057.54,2298.91
480.0,88.0,42.0,29.0,10.0,3258.11,4426.86
480.0,73.0,35.0,25.0,7.0,2707.77,3690.32
480.0,78.0,38.0,23.0,8.0,2801.78,3769.67
480.0,85.0,34.0,32.0,8.0,2845.51,4197.46
480.0,79.0,41.0,29.0,5.0,2792.94,4024.73
480.0,87.0,35.0,36.0,6.0,2782.07,4193.46
480.0,62.0,22.0,29.0,3.0,1852.0,3070.46
480.0,85.0,36.0,31.0,12.0,3106.62,4512.35
480.0,70.0,25.0,36.0,3.0,2008.74,3490.06
480.0,81.0,37.0,30.0,8.0,2873.86,4235.01
480.0,69.0,27.0,20.0,9.0,2183.34,3325.07
480.0,73.0,29.0,28.0,7.0,2414.76,3554.91
480.0,82.0,27.0,24.0,8.0,2305.9,3567.02
480.0,84.0,30.0,31.0,0.0,2040.29,3255.38
480.0,71.0,22.0,33.0,3.0,1903.9,3210.38
480.0,71.0,39.0,5.0,4.0,2255.91,2457.41
480.0,77.0,44.0,0.0,2.0,2315.31,2106.77
480.0,87.0,39.0,5.0,2.0,2130.84,2253.62
480.0,68.0,39.0,6.0,3.0,2260.07,2397.68
480.0,72.0,40.0,3.0,3.0,2284.86,2339.17
480.0,67.0,17.0,34.0,4.0,1705.5,3157.04
480.0,72.0,24.0,35.0,5.0,2153.83,3625.06
480.0,77.0,27.0,28.0,4.0,2095.91,3277.78
480.0,77.0,25.0,32.0,6.0,2217.78,3550.9
480.0,71.0,21.0,30.0,6.0,1919.19,3279.11
480.0,75.0,0.0,42.0,7.0,1165.58,2940.97
480.0,77.0,1.0,35.0,11.0,1320.0,2999.77
480.0,78.0,0.0,38.0,9.0,1211.37,2915.57
480.0,76.0,0.0,44.0,5.0,1084.95,2846.88
480.0,73.0,0.0,44.0,3.0,991.35,2730.22
480.0,81.0,0.0,46.0,6.0,1201.63,3161.01
480.0,82.0,1.0,47.0,6.0,1241.3,3215.42
480.0,87.0,0.0,41.0,6.0,1106.08,2894.34
480.0,82.0,0.0,46.0,7.0,1303.18,3337.47
480.0,71.0,0.0,46.0,8.0,1296.55,3313.42
480.0,78.0,18.0,46.0,6.0,2104.57,3968.93
480.0,75.0,19.0,45.0,9.0,2265.17,4156.94
480.0,74.0,16.0,40.0,15.0,2397.21,4347.69
480.0,74.0,17.0,51.0,2.0,1865.31,3816.95
480.0,74.0,14.0,51.0,7.0,1994.71,4090.15
480.0,88.0,25.0,49.0,5.0,2439.34,4369.3
480.0,73.0,29.0,35.0,6.0,2487.83,3855.79
480.0,81.0,31.0,34.0,14.0,3031.83,4620.73
480.0,85.0,29.0,39.0,5.0,2454.39,4046.33
480.0,84.0,29.0,44.0,7.0,2628.53,4441.04
480.0,85.0,47.0,5.0,2.0,2498.92,2607.52
480.0,79.0,41.0,2.0,6.0,2509.25,2484.64
480.0,80.0,42.0,3.0,6.0,2546.94,2570.35
480.0,85.0,47.0,4.0,1.0,2423.95,2448.13
480.0,64.0,47.0,3.0,2.0,2451.35,2525.69
480.0,86.0,44.0,29.0,7.0,3118.93,4218.43
480.0,62.0,29.0,24.0,7.0,2319.95,3364.39
480.0,82.0,38.0,33.0,10.0,3040.69,4411.72
480.0,88.0,32.0,40.0,4.0,2683.54,4060.08
480.0,78.0,28.0,40.0,6.0,2455.28,4115.28
480.0,80.0,42.0,27.0,7.0,3019.24,4135.09
480.0,73.0,28.0,27.0,12.0,2736.29,3910.94
480.0,84.0,26.0,37.0,12.0,2777.11,4437.21
480.0,81.0,37.0,28.0,7.0,2836.99,3888.05
480.0,78.0,31.0,37.0,8.0,2648.72,4232.15
480.0,80.0,32.0,19.0,4.0,2205.25,2920.25
480.0,79.0,31.0,26.0,7.0,2509.62,3550.0
480.0,82.0,31.0,18.0,5.0,2079.54,2926.94
480.0,75.0,31.0,25.0,4.0,2201.63,3273.87
480.0,72.0,27.0,27.0,6.0,2167.56,3395.7
480.0,75.0,0.0,53.0,8.0,1434.06,3739.75
480.0,66.0,0.0,54.0,5.0,1259.23,3415.75
480.0,79.0,0.0,49.0,10.0,1473.01,3721.99
480.0,87.0,0.0,53.0,9.0,1479.5,3827.9
480.0,76.0,0.0,49.0,11.0,1530.28,3813.41
480.0,76.0,14.0,43.0,5.0,1812.27,3567.28
480.0,85.0,28.0,35.0,8.0,2464.14,3927.29
480.0,81.0,22.0,39.0,6.0,2165.86,3713.03
480.0,87.0,19.0,40.0,8.0,2101.86,3844.41
480.0,77.0,22.0,36.0,5.0,2042.32,3552.39
480.0,80.0,10.0,50.0,7.0,1824.49,3908.19
480.0,75.0,12.0,46.0,8.0,1924.69,3958.82
480.0,82.0,16.0,34.0,12.0,2139.91,3837.28
480.0,81.0,5.0,48.0,8.0,1569.13,3628.08
480.0,73.0,8.0,48.0,6.0,1674.94,3697.28
480.0,71.0,42.0,1.0,8.0,2686.17,2684.09
480.0,76.0,43.0,1.0,4.0,2428.86,2419.77
480.0,82.0,42.0,3.0,5.0,2504.58,2607.75
480.0,88.0,48.0,2.0,2.0,2467.81,2549.55
480.0,79.0,45.0,6.0,3.0,2527.55,2685.79
480.0,67.0,1.0,40.0,9.0,1293.13,3064.06
480.0,80.0,4.0,40.0,4.0,1161.5,2769.72
480.0,87.0,5.0,36.0,7.0,1377.2,2945.85
480.0,74.0,5.0,41.0,4.0,1209.58,2847.07
480.0,73.0,2.0,40.0,7.0,1274.37,2984.51
480.0,73.0,8.0,51.0,5.0,1610.57,3791.89
480.0,69.0,12.0,46.0,5.0,1732.12,3713.49
480.0,84.0,10.0,44.0,14.0,2192.28,4406.67
480.0,81.0,7.0,58.0,5.0,1711.42,4047.22
480.0,76.0,8.0,52.0,7.0,1772.04,4037.99
480.0,68.0,6.0,44.0,7.0,1557.78,3419.33
480.0,85.0,11.0,47.0,7.0,1796.02,3789.08
480.0,73.0,16.0,31.0,4.0,1562.85,2932.33
480.0,79.0,7.0,41.0,9.0,1594.82,3478.13
480.0,72.0,4.0,45.0,6.0,1349.3,3277.31
480.0,82.0,31.0,20.0,4.0,2113.28,2971.52
480.0,80.0,26.0,28.0,6.0,2191.97,3395.7
480.0,72.0,30.0,18.0,2.0,1865.23,2607.78
480.0,86.0,29.0,25.0,4.0,2166.22,3165.61
480.0,71.0,27.0,20.0,6.0,2126.55,3061.76
480.0,70.0,40.0,4.0,4.0,2309.72,2344.54
480.0,75.0,44.0,0.0,3.0,2352.81,2117.22
480.0,85.0,41.0,2.0,3.0,2271.4,2132.52
480.0,69.0,38.0,6.0,4.0,2298.07,2387.47
480.0,73.0,44.0,2.0,1.0,2254.37,2116.19
480.0,87.0,0.0,53.0,7.0,1418.74,3817.25
480.0,64.0,0.0,49.0,10.0,1477.79,3761.52
480.0,83.0,0.0,47.0,11.0,1527.56,3875.57
480.0,71.0,0.0,49.0,12.0,1592.87,3929.0
480.0,72.0,0.0,51.0,9.0,1451.13,3759.81
480.0,90.0,40.0,31.0,7.0,2938.23,4204.46
480.0,66.0,27.0,28.0,6.0,2234.15,3384.44
480.0,85.0,39.0,28.0,11.0,3179.54,4378.33
480.0,89.0,36.0,40.0,8.0,3055.72,4617.54
480.0,78.0,41.0,25.0,8.0,2889.2,4055.43
480.0,83.0,17.0,34.0,8.0,2014.85,3485.23
480.0,76.0,26.0,29.0,3.0,2000.48,3155.39
480.0,72.0,30.0,18.0,2.0,1865.23,2596.18
480.0,86.0,29.0,25.0,4.0,2166.22,3151.57
480.0,70.0,27.0,21.0,6.0,2144.85,3094.19
480.0,81.0,3.0,51.0,11.0,1710.51,4002.68
480.0,80.0,7.0,52.0,5.0,1608.79,3680.76
480.0,79.0,5.0,48.0,10.0,1773.99,3851.66
480.0,97.0,6.0,47.0,8.0,1621.43,3709.2
480.0,72.0,5.0,44.0,6.0,1417.09,3352.75
480.0,82.0,41.0,6.0,5.0,2515.23,2558.74
480.0,77.0,41.0,4.0,5.0,2505.37,2476.21
480.0,77.0,43.0,3.0,2.0,2238.11,2219.53
480.0,77.0,39.0,10.0,4.0,2378.85,2718.18
480.0,77.0,44.0,6.0,2.0,2383.01,2453.33
480.0,81.0,0.0,53.0,5.0,1259.2,3365.38
480.0,87.0,1.0,50.0,7.0,1370.23,3467.14
480.0,74.0,0.0,44.0,8.0,1268.28,3176.15
480.0,80.0,0.0,51.0,7.0,1345.43,3456.54
480.0,75.0,0.0,52.0,6.0,1281.54,3365.65
480.0,87.0,38.0,34.0,8.0,2978.42,4382.77
480.0,88.0,35.0,34.0,10.0,2937.04,4442.09
480.0,87.0,31.0,37.0,15.0,3151.03,4809.18
480.0,80.0,27.0,40.0,5.0,2419.38,3904.53
480.0,80.0,38.0,33.0,5.0,2771.18,4021.66
480.0,75.0,7.0,45.0,9.0,1730.33,3761.56
480.0,83.0,12.0,46.0,9.0,1954.01,3965.32
480.0,75.0,11.0,39.0,7.0,1698.08,3481.6
480.0,91.0,8.0,46.0,9.0,1739.94,3778.69
480.0,79.0,9.0,44.0,6.0,1634.14,3573.39
480.0,74.0,3.0,51.0,7.0,1520.75,3726.94
480.0,73.0,1.0,52.0,8.0,1449.88,3663.81
480.0,76.0,3.0,46.0,14.0,1832.56,4022.58
480.0,83.0,1.0,55.0,7.0,1444.97,3742.02
480.0,80.0,2.0,55.0,5.0,1379.49,3622.64
480.0,73.0,38.0,6.0,7.0,2485.14,2675.64
480.0,77.0,39.0,7.0,2.0,2133.56,2351.08
480.0,85.0,41.0,6.0,2.0,2274.16,2363.27
480.0,86.0,41.0,9.0,2.0,2300.86,2589.39
480.0,70.0,33.0,11.0,5.0,2178.52,2574.83
480.0,70.0,10.0,50.0,4.0,1615.99,3617.23
480.0,68.0,6.0,47.0,9.0,1706.31,3785.87
480.0,74.0,15.0,43.0,12.0,2208.33,4218.55
480.0,79.0,16.0,52.0,3.0,1910.84,3938.42
480.0,77.0,6.0,49.0,12.0,1905.67,4100.28
480.0,77.0,42.0,4.0,8.0,2700.33,2844.85
480.0,71.0,44.0,8.0,2.0,2408.43,2610.04
480.0,87.0,40.0,7.0,3.0,2332.56,2496.4
480.0,80.0,45.0,4.0,3.0,2529.61,2532.72
480.0,70.0,44.0,6.0,6.0,2665.29,2827.75
480.0,75.0,45.0,1.0,2.0,2354.14,2177.07
480.0,79.0,42.0,0.0,3.0,2384.4,2171.09
480.0,87.0,43.0,0.0,4.0,2413.56,2247.19
480.0,81.0,47.0,0.0,1.0,2359.15,2132.74
480.0,69.0,45.0,1.0,2.0,2325.28,2145.75
480.0,79.0,28.0,36.0,8.0,2512.36,4100.54
480.0,77.0,36.0,33.0,3.0,2478.38,3729.53
480.0,85.0,37.0,39.0,6.0,2875.96,4370.5
480.0,96.0,39.0,38.0,6.0,2967.0,4413.01
480.0,71.0,20.0,37.0,8.0,2213.26,3778.38
480.0,81.0,33.0,18.0,8.0,2470.75,3354.61
480.0,80.0,30.0,25.0,3.0,2104.55,3080.68
480.0,79.0,30.0,17.0,10.0,2474.26,3333.49
480.0,83.0,34.0,24.0,2.0,2186.28,3156.52
480.0,77.0,37.0,21.0,4.0,2438.93,3296.33
480.0,83.0,26.0,41.0,7.0,2444.99,4115.31
480.0,75.0,33.0,31.0,7.0,2653.19,3903.08
480.0,80.0,35.0,35.0,5.0,2627.32,4050.29
480.0,92.0,34.0,38.0,6.0,2749.11,4222.75
480.0,76.0,23.0,41.0,7.0,2309.08,3956.75
480.0,86.0,3.0,41.0,5.0,1183.61,2876.4
480.0,82.0,5.0,40.0,2.0,1083.46,2641.25
480.0,73.0,6.0,34.0,8.0,1386.98,2871.46
480.0,77.0,3.0,40.0,6.0,1226.35,2922.34
480.0,67.0,6.0,38.0,4.0,1202.59,2751.09
480.0,88.0,41.0,28.0,11.0,3277.15,4486.94
480.0,76.0,39.0,29.0,5.0,2710.22,3834.09
480.0,89.0,36.0,35.0,13.0,3338.74,4682.08
480.0,69.0,25.0,30.0,9.0,2369.18,3708.66
480.0,68.0,34.0,25.0,4.0,2316.32,3361.24
480.0,70.0,42.0,5.0,2.0,2276.54,2291.43
480.0,75.0,44.0,0.0,3.0,2352.81,2125.98
480.0,86.0,43.0,0.0,3.0,2342.72,2162.65
480.0,76.0,47.0,1.0,1.0,2377.25,2186.28
480.0,81.0,41.0,3.0,4.0,2356.13,2328.54
480.0,71.0,39.0,5.0,4.0,2255.91,2423.42
480.0,76.0,36.0,9.0,3.0,2080.73,2408.92
480.0,80.0,40.0,3.0,3.0,2226.66,2235.5
480.0,70.0,39.0,7.0,4.0,2349.15,2509.46
480.0,74.0,39.0,9.0,2.0,2164.62,2467.79
480.0,76.0,1.0,53.0,8.0,1468.47,3720.58
480.0,67.0,3.0,49.0,10.0,1606.72,3794.91
480.0,76.0,0.0,44.0,8.0,1271.16,3220.46
480.0,73.0,2.0,49.0,9.0,1500.6,3633.43
480.0,74.0,1.0,50.0,5.0,1269.26,3363.66
480.0,78.0,25.0,20.0,9.0,2113.07,3199.24
480.0,72.0,27.0,23.0,3.0,1896.18,2842.16
480.0,72.0,18.0,25.0,5.0,1619.22,2714.43
480.0,73.0,24.0,22.0,5.0,1968.14,2807.76
480.0,72.0,24.0,24.0,4.0,1810.22,2879.11
480.0,73.0,35.0,33.0,3.0,2487.6,3771.2
480.0,63.0,34.0,22.0,5.0,2401.66,3305.98
480.0,88.0,38.0,29.0,15.0,3415.62,4780.2
480.0,89.0,25.0,42.0,8.0,2513.24,4281.79
480.0,77.0,37.0,28.0,7.0,2788.15,4056.32
480.0,88.0,24.0,22.0,4.0,1810.36,2784.04
480.0,80.0,20.0,26.0,2.0,1570.62,2626.21
480.0,72.0,23.0,20.0,4.0,1703.71,2572.73
480.0,78.0,26.0,19.0,3.0,1819.45,2727.82
480.0,69.0,20.0,23.0,4.0,1663.11,2654.87
480.0,75.0,24.0,38.0,7.0,2375.07,3985.48
480.0,74.0,20.0,38.0,10.0,2261.3,4094.33
480.0,84.0,32.0,34.0,11.0,2850.06,4484.13
480.0,77.0,28.0,42.0,2.0,2204.33,3790.41
480.0,68.0,23.0,36.0,8.0,2294.11,3862.79
480.0,75.0,36.0,28.0,4.0,2484.13,3608.78
480.0,71.0,26.0,34.0,8.0,2528.45,3816.27
480.0,88.0,38.0,31.0,10.0,3220.95,4387.5
480.0,87.0,31.0,35.0,6.0,2513.93,3944.76
480.0,73.0,33.0,33.0,4.0,2432.93,3730.64
480.0,83.0,16.0,36.0,6.0,1886.43,3442.06
480.0,81.0,23.0,24.0,6.0,1905.15,3009.4
480.0,76.0,21.0,25.0,5.0,1761.01,2832.46
480.0,86.0,26.0,26.0,8.0,2272.7,3396.77
480.0,72.0,20.0,27.0,8.0,1926.84,3261.39
480.0,92.0,30.0,44.0,9.0,2806.85,4657.56
480.0,66.0,23.0,37.0,3.0,2000.9,3409.84
480.0,77.0,33.0,31.0,11.0,2825.66,4234.33
480.0,84.0,29.0,35.0,10.0,2756.45,4269.86
480.0,76.0,33.0,37.0,3.0,2491.29,3929.72
480.0,60.0,42.0,6.0,5.0,2463.48,2724.38
480.0,68.0,40.0,9.0,3.0,2368.22,2618.41
480.0,83.0,42.0,7.0,3.0,2450.93,2708.84
480.0,78.0,45.0,4.0,3.0,2529.87,2536.89
480.0,67.0,47.0,6.0,1.0,2436.39,2532.5
480.0,93.0,42.0,39.0,8.0,3338.29,4836.19
480.0,71.0,31.0,31.0,7.0,2533.08,3866.45
480.0,79.0,36.0,29.0,12.0,3041.47,4394.65
480.0,80.0,35.0,31.0,9.0,2843.94,4177.64
480.0,71.0,37.0,21.0,8.0,2672.1,3698.39
480.0,81.0,28.0,39.0,8.0,2585.2,4223.62
480.0,69.0,19.0,38.0,8.0,2256.04,3777.48
480.0,78.0,28.0,36.0,9.0,2630.08,4150.64
480.0,77.0,26.0,39.0,8.0,2429.06,4193.25
480.0,73.0,27.0,36.0,5.0,2295.92,3823.72
480.0,88.0,10.0,52.0,9.0,1976.11,4249.29
480.0,71.0,10.0,50.0,4.0,1629.0,3679.97
480.0,73.0,11.0,45.0,12.0,2065.99,4129.95
480.0,73.0,3.0,54.0,6.0,1480.96,3738.0
480.0,70.0,10.0,52.0,6.0,1768.46,3946.42
480.0,71.0,39.0,5.0,4.0,2255.91,2428.94
480.0,77.0,44.0,0.0,2.0,2315.31,2089.83
480.0,87.0,39.0,5.0,2.0,2130.84,2236.56
480.0,68.0,39.0,6.0,3.0,2260.07,2374.89
480.0,72.0,40.0,3.0,3.0,2284.86,2322.01
480.0,80.0,21.0,46.0,6.0,2260.64,4181.87
480.0,77.0,37.0,29.0,6.0,2699.85,3908.04
480.0,84.0,30.0,41.0,8.0,2685.69,4429.47
480.0,87.0,29.0,42.0,9.0,2813.72,4543.69
480.0,65.0,19.0,34.0,9.0,2070.37,3716.26
480.0,71.0,39.0,5.0,4.0,2255.91,2437.48
480.0,72.0,36.0,9.0,3.0,2120.57,2394.9
480.0,80.0,39.0,6.0,2.0,2133.94,2245.16
480.0,68.0,39.0,8.0,2.0,2168.28,2375.48
480.0,78.0,32.0,12.0,5.0,2117.84,2637.42
480.0,72.0,31.0,27.0,7.0,2497.31,3640.04
480.0,69.0,28.0,31.0,5.0,2290.05,3525.28
480.0,77.0,37.0,22.0,12.0,2946.59,4023.22
480.0,83.0,30.0,37.0,7.0,2609.31,4128.04
480.0,75.0,37.0,28.0,5.0,2620.19,3778.65
480.0,67.0,0.0,44.0,4.0,1041.64,2799.72
480.0,76.0,1.0,42.0,4.0,1043.07,2717.38
480.0,78.0,0.0,38.0,9.0,1211.37,2902.37
480.0,76.0,0.0,44.0,5.0,1084.95,2839.9
480.0,73.0,0.0,44.0,3.0,991.35,2723.24
480.0,78.0,4.0,52.0,4.0,1370.44,3425.8
480.0,74.0,2.0,47.0,8.0,1409.21,3445.37
480.0,77.0,4.0,41.0,7.0,1345.24,3166.64
480.0,75.0,2.0,52.0,4.0,1318.91,3389.48
480.0,80.0,2.0,51.0,3.0,1245.09,3248.69
480.0,81.0,44.0,2.0,5.0,2565.88,2533.81
480.0,84.0,43.0,7.0,3.0,2482.81,2611.19
480.0,94.0,37.0,3.0,7.0,2471.94,2434.83
480.0,94.0,46.0,4.0,2.0,2487.97,2506.96
480.0,73.0,48.0,4.0,0.0,2353.12,2350.37
480.0,65.0,5.0,37.0,8.0,1386.22,3052.64
480.0,80.0,4.0,40.0,4.0,1161.5,2767.77
480.0,87.0,5.0,36.0,7.0,1377.2,2943.26
480.0,74.0,5.0,41.0,4.0,1209.58,2844.81
480.0,73.0,2.0,40.0,7.0,1274.37,2981.05
480.0,71.0,25.0,32.0,4.0,2107.91,3407.23
480.0,78.0,27.0,27.0,8.0,2343.33,3598.07
480.0,80.0,25.0,25.0,9.0,2221.92,3437.44
480.0,78.0,21.0,37.0,2.0,1895.04,3346.75
480.0,73.0,13.0,44.0,2.0,1636.7,3323.46
480.0,74.0,41.0,24.0,5.0,2762.42,3713.41
480.0,72.0,34.0,29.0,7.0,2676.55,3798.88
480.0,71.0,38.0,17.0,12.0,3020.35,3769.78
480.0,87.0,32.0,33.0,9.0,2819.07,4151.04
480.0,75.0,41.0,25.0,5.0,2782.9,3825.8
480.0,68.0,28.0,30.0,5.0,2270.93,3576.0
480.0,72.0,27.0,33.0,6.0,2374.91,3690.55
480.0,73.0,30.0,25.0,13.0,2738.35,4030.21
480.0,86.0,26.0,42.0,6.0,2437.16,4119.61
480.0,74.0,29.0,37.0,5.0,2382.15,3880.19
480.0,78.0,8.0,45.0,8.0,1724.97,3697.92
480.0,75.0,5.0,44.0,8.0,1498.62,3386.69
480.0,81.0,17.0,32.0,10.0,1976.24,3530.7
480.0,79.0,12.0,45.0,4.0,1610.53,3391.31
480.0,73.0,7.0,48.0,7.0,1667.73,3656.49
480.0,80.0,26.0,21.0,5.0,1991.95,2864.25
480.0,74.0,27.0,19.0,7.0,2091.53,3014.76
480.0,70.0,29.0,20.0,4.0,2003.65,2838.99
480.0,84.0,24.0,26.0,6.0,2054.38,3220.31
480.0,75.0,31.0,22.0,1.0,1947.12,2867.47
480.0,71.0,1.0,42.0,4.0,1100.15,2838.84
480.0,80.0,3.0,41.0,3.0,1065.0,2685.07
480.0,78.0,0.0,38.0,9.0,1212.1,2908.82
480.0,83.0,1.0,41.0,6.0,1150.97,2883.31
480.0,73.0,0.0,44.0,3.0,991.35,2726.25
480.0,90.0,35.0,43.0,6.0,2849.57,4529.54
480.0,70.0,34.0,26.0,7.0,2515.48,3647.97
480.0,80.0,33.0,35.0,8.0,2698.48,4186.07
480.0,77.0,28.0,36.0,5.0,2312.9,3870.23
480.0,67.0,26.0,29.0,8.0,2312.54,3699.39
480.0,80.0,4.0,47.0,6.0,1404.02,3358.58
480.0,80.0,7.0,52.0,5.0,1608.79,3637.69
480.0,80.0,4.0,48.0,9.0,1602.55,3608.75
480.0,86.0,4.0,51.0,6.0,1460.58,3508.98
480.0,71.0,8.0,51.0,4.0,1543.41,3557.24
480.0,81.0,46.0,4.0,1.0,2358.98,2368.43
480.0,77.0,43.0,2.0,3.0,2392.68,2358.98
480.0,81.0,43.0,0.0,3.0,2356.61,2193.33
480.0,80.0,44.0,3.0,4.0,2535.59,2534.93
480.0,67.0,46.0,4.0,2.0,2441.81,2443.21
480.0,83.0,44.0,21.0,6.0,2933.91,3787.7
480.0,77.0,39.0,20.0,7.0,2777.22,3635.7
480.0,72.0,45.0,10.0,5.0,2651.51,3142.34
480.0,89.0,38.0,26.0,7.0,2815.11,3908.98
480.0,71.0,42.0,17.0,5.0,2705.01,3419.38
480.0,83.0,28.0,35.0,5.0,2264.82,3780.96
480.0,68.0,27.0,33.0,5.0,2188.02,3581.69
480.0,84.0,25.0,27.0,12.0,2465.64,3916.93
480.0,75.0,24.0,37.0,4.0,2144.55,3626.97
480.0,71.0,22.0,32.0,7.0,2098.2,3528.84
480.0,85.0,32.0,35.0,8.0,2688.3,4172.81
480.0,71.0,33.0,28.0,7.0,2648.14,3780.39
480.0,68.0,26.0,30.0,3.0,2103.86,3373.71
480.0,79.0,29.0,31.0,8.0,2430.49,3822.23
480.0,81.0,36.0,25.0,13.0,3111.52,4390.47
480.0,80.0,44.0,3.0,5.0,2597.86,2720.61
480.0,73.0,44.0,5.0,4.0,2517.87,2685.2
480.0,79.0,45.0,1.0,2.0,2348.26,2335.88
480.0,72.0,45.0,3.0,4.0,2551.31,2586.7
480.0,77.0,47.0,2.0,1.0,2373.41,2381.1
480.0,73.0,9.0,50.0,8.0,1837.11,3969.58
480.0,72.0,4.0,49.0,11.0,1711.04,3905.98
480.0,83.0,9.0,47.0,14.0,2185.87,4295.23
480.0,84.0,6.0,57.0,4.0,1555.13,3826.43
480.0,73.0,5.0,46.0,13.0,1873.6,4049.62
480.0,72.0,15.0,40.0,7.0,1922.98,3641.1
480.0,77.0,16.0,46.0,4.0,1870.36,3736.65
480.0,84.0,17.0,29.0,11.0,2084.58,3544.75
480.0,78.0,23.0,36.0,5.0,2053.34,3624.27
480.0,79.0,14.0,43.0,9.0,1994.32,3945.83
480.0,78.0,36.0,30.0,6.0,2736.61,3922.24
480.0,73.0,31.0,34.0,6.0,2466.03,3857.85
480.0,81.0,33.0,29.0,15.0,3070.09,4535.95
480.0,92.0,36.0,37.0,4.0,2681.05,4120.73
480.0,75.0,28.0,38.0,7.0,2515.61,4074.54
480.0,72.0,34.0,27.0,4.0,2429.93,3488.82
480.0,72.0,33.0,24.0,7.0,2512.83,3558.22
480.0,85.0,39.0,26.0,11.0,3101.92,4270.57
480.0,89.0,33.0,33.0,10.0,2880.56,4276.51
480.0,73.0,39.0,21.0,6.0,2655.28,3546.44
480.0,76.0,0.0,38.0,11.0,1335.59,3119.18
480.0,74.0,0.0,41.0,7.0,1175.81,2951.67
480.0,78.0,0.0,38.0,9.0,1211.37,2897.97
480.0,73.0,0.0,46.0,6.0,1177.63,3041.91
480.0,75.0,1.0,44.0,5.0,1146.0,2948.15
480.0,80.0,47.0,27.0,0.0,2778.93,3683.9
480.0,71.0,28.0,31.0,6.0,2330.72,3684.93
480.0,75.0,32.0,30.0,9.0,2713.98,3997.3
480.0,85.0,39.0,31.0,7.0,2897.36,4149.57
480.0,70.0,33.0,27.0,4.0,2288.1,3457.73
480.0,74.0,35.0,18.0,7.0,2465.25,3300.06
480.0,74.0,27.0,19.0,6.0,2090.33,2973.12
480.0,84.0,31.0,15.0,7.0,2301.8,3019.49
480.0,83.0,29.0,23.0,4.0,2092.69,3053.53
480.0,73.0,35.0,22.0,5.0,2411.67,3349.74
480.0,78.0,34.0,22.0,4.0,2295.29,3155.93
480.0,76.0,23.0,30.0,9.0,2311.33,3548.72
480.0,73.0,29.0,18.0,2.0,1820.13,2558.0
480.0,81.0,30.0,18.0,7.0,2193.95,3075.24
480.0,73.0,23.0,28.0,2.0,1747.9,2824.38
480.0,85.0,43.0,4.0,3.0,2410.96,2363.02
480.0,77.0,41.0,2.0,5.0,2435.17,2359.72
480.0,87.0,41.0,3.0,5.0,2456.36,2396.49
480.0,83.0,45.0,5.0,2.0,2428.37,2423.37
480.0,74.0,37.0,9.0,1.0,2057.54,2300.27
480.0,81.0,3.0,51.0,11.0,1710.51,3924.43
480.0,80.0,7.0,52.0,5.0,1608.79,3642.13
480.0,80.0,4.0,48.0,9.0,1602.55,3610.93
480.0,85.0,4.0,55.0,5.0,1476.16,3637.31
480.0,76.0,6.0,51.0,7.0,1652.25,3771.54
480.0,71.0,32.0,20.0,7.0,2386.19,3363.21
480.0,83.0,37.0,27.0,3.0,2454.06,3552.92
480.0,77.0,30.0,18.0,7.0,2326.27,3158.5
480.0,77.0,32.0,25.0,7.0,2536.31,3561.54
480.0,75.0,33.0,22.0,5.0,2346.22,3360.57
480.0,71.0,22.0,35.0,10.0,2315.75,3886.32
480.0,77.0,29.0,32.0,12.0,2847.8,4172.87
480.0,89.0,35.0,40.0,9.0,3022.01,4586.53
480.0,88.0,28.0,37.0,12.0,2797.07,4482.02
480.0,69.0,21.0,37.0,5.0,1991.44,3575.04
480.0,87.0,43.0,33.0,4.0,2912.73,4108.96
480.0,73.0,36.0,27.0,9.0,2933.86,3922.4
480.0,73.0,37.0,23.0,9.0,2841.13,3769.59
480.0,94.0,39.0,32.0,6.0,2877.01,4140.4
480.0,83.0,41.0,26.0,3.0,2616.61,3680.86
480.0,80.0,2.0,52.0,9.0,1563.05,3821.88
480.0,72.0,1.0,52.0,8.0,1525.17,3732.94
480.0,80.0,2.0,46.0,12.0,1673.48,3882.61
480.0,79.0,1.0,54.0,7.0,1449.54,3724.84
480.0,88.0,2.0,55.0,4.0,1341.85,3603.33
480.0,97.0,17.0,40.0,8.0,2062.31,3794.24
480.0,80.0,9.0,45.0,8.0,1739.65,3632.12
480.0,79.0,13.0,38.0,5.0,1647.84,3206.04
480.0,72.0,19.0,41.0,3.0,1857.24,3523.18
480.0,81.0,10.0,43.0,7.0,1678.66,3561.43
480.0,75.0,45.0,1.0,2.0,2354.14,2175.98
480.0,79.0,42.0,0.0,3.0,2384.4,2170.0
480.0,87.0,43.0,0.0,4.0,2413.56,2246.1
480.0,73.0,47.0,1.0,1.0,2377.95,2195.6
480.0,69.0,45.0,1.0,2.0,2325.28,2145.15
480.0,79.0,44.0,3.0,5.0,2596.75,2582.98
480.0,84.0,44.0,6.0,3.0,2464.2,2502.81
480.0,81.0,43.0,3.0,3.0,2318.96,2371.27
480.0,76.0,46.0,5.0,3.0,2553.44,2569.56
480.0,69.0,45.0,4.0,2.0,2394.27,2374.94
480.0,88.0,4.0,42.0,6.0,1338.64,3131.63
480.0,74.0,2.0,40.0,7.0,1222.3,2922.69
480.0,74.0,5.0,34.0,8.0,1386.6,2866.62
480.0,76.0,3.0,41.0,6.0,1236.48,2952.92
480.0,67.0,6.0,38.0,4.0,1202.59,2748.99
480.0,87.0,38.0,34.0,8.0,2978.42,4380.28
480.0,75.0,36.0,32.0,5.0,2615.86,3866.34
480.0,87.0,31.0,37.0,15.0,3151.03,4806.33
480.0,80.0,27.0,40.0,5.0,2419.38,3900.61
480.0,80.0,38.0,33.0,5.0,2771.18,4020.24
480.0,79.0,32.0,27.0,6.0,2480.22,3516.87
480.0,73.0,24.0,32.0,8.0,2311.73,3656.16
480.0,87.0,34.0,20.0,6.0,2431.55,3311.27
480.0,82.0,31.0,23.0,5.0,2238.32,3216.21
480.0,77.0,31.0,25.0,2.0,2145.47,3120.12
480.0,72.0,4.0,54.0,4.0,1494.78,3647.57
480.0,76.0,5.0,47.0,12.0,1798.27,4025.96
480.0,81.0,6.0,47.0,12.0,1837.1,4058.42
480.0,81.0,0.0,57.0,5.0,1317.96,3620.37
480.0,76.0,3.0,49.0,11.0,1678.35,3923.66
480.0,74.0,9.0,44.0,8.0,1693.06,3639.45
480.0,82.0,6.0,44.0,10.0,1695.62,3672.42
480.0,83.0,11.0,33.0,13.0,1908.77,3609.69
480.0,79.0,8.0,45.0,6.0,1547.19,3453.58
480.0,84.0,5.0,50.0,4.0,1516.95,3439.12
480.0,75.0,0.0,42.0,7.0,1165.58,2940.78
480.0,76.0,1.0,42.0,4.0,1043.07,2727.45
480.0,78.0,0.0,38.0,9.0,1211.37,2915.36
480.0,76.0,0.0,44.0,5.0,1084.95,2847.11
480.0,73.0,0.0,44.0,3.0,991.35,2730.46
480.0,77.0,19.0,36.0,1.0,1617.04,2999.43
480.0,67.0,26.0,27.0,6.0,2225.8,3337.21
480.0,85.0,35.0,24.0,5.0,2416.46,3538.76
480.0,88.0,29.0,30.0,7.0,2437.2,3734.83
480.0,73.0,32.0,22.0,10.0,2602.45,3715.33
480.0,81.0,10.0,37.0,8.0,1648.65,3303.24
480.0,75.0,5.0,44.0,8.0,1498.62,3386.24
480.0,83.0,16.0,32.0,10.0,1958.34,3496.45
480.0,79.0,6.0,42.0,9.0,1565.4,3417.8
480.0,77.0,9.0,42.0,6.0,1560.12,3283.36
480.0,82.0,41.0,3.0,4.0,2339.53,2337.64
480.0,77.0,44.0,0.0,2.0,2315.31,2088.48
480.0,87.0,39.0,5.0,2.0,2130.84,2235.23
480.0,68.0,39.0,6.0,3.0,2260.07,2373.0
480.0,72.0,40.0,3.0,3.0,2284.86,2320.63
480.0,81.0,29.0,25.0,5.0,2200.57,3253.56
480.0,71.0,36.0,18.0,2.0,2181.27,2817.53
480.0,81.0,32.0,17.0,4.0,2074.5,2851.6
480.0,78.0,30.0,21.0,3.0,2098.26,2845.11
480.0,75.0,28.0,24.0,5.0,2187.35,3225.2
480.0,73.0,26.0,20.0,4.0,1879.34,2729.26
480.0,74.0,20.0,23.0,5.0,1656.72,2710.18
480.0,87.0,28.0,17.0,4.0,1874.53,2682.35
480.0,74.0,24.0,23.0,2.0,1698.64,2619.19
480.0,72.0,25.0,22.0,5.0,1926.15,2889.76
480.0,67.0,25.0,18.0,7.0,1985.69,2877.86
480.0,78.0,22.0,25.0,5.0,1855.07,2923.27
480.0,87.0,25.0,19.0,2.0,1716.26,2480.55
480.0,74.0,23.0,21.0,6.0,1934.42,2819.9
480.0,72.0,24.0,23.0,4.0,1819.32,2835.24
480.0,67.0,13.0,35.0,4.0,1486.33,2975.16
480.0,76.0,7.0,40.0,6.0,1399.55,3092.79
480.0,80.0,16.0,31.0,4.0,1547.54,2869.05
480.0,90.0,12.0,33.0,8.0,1762.24,3244.29
480.0,74.0,10.0,32.0,7.0,1508.23,2989.92
480.0,88.0,0.0,52.0,9.0,1476.87,3843.26
480.0,79.0,1.0,51.0,10.0,1625.73,3897.3
480.0,89.0,2.0,48.0,11.0,1612.23,3896.69
480.0,90.0,0.0,55.0,7.0,1442.36,3783.67
480.0,77.0,0.0,50.0,10.0,1489.99,3788.28
480.0,67.0,0.0,44.0,4.0,1041.64,2792.62
480.0,76.0,1.0,42.0,4.0,1043.07,2710.39
480.0,78.0,0.0,38.0,9.0,1211.37,2891.34
480.0,78.0,0.0,43.0,6.0,1142.72,2924.77
480.0,76.0,0.0,45.0,4.0,1068.49,2868.3
480.0,74.0,8.0,44.0,4.0,1420.87,3210.34
480.0,87.0,12.0,47.0,4.0,1694.69,3562.78
480.0,80.0,19.0,25.0,7.0,1791.39,3081.37
480.0,70.0,11.0,44.0,5.0,1609.21,3419.51
480.0,80.0,8.0,44.0,6.0,1554.75,3360.6
480.0,81.0,46.0,4.0,4.0,2566.06,2626.87
480.0,74.0,45.0,7.0,3.0,2469.23,2691.0
480.0,84.0,41.0,4.0,5.0,2443.88,2527.4
480.0,78.0,45.0,4.0,3.0,2529.87,2507.78
480.0,72.0,47.0,8.0,3.0,2596.87,2871.52
480.0,79.0,1.0,51.0,8.0,1475.06,3632.81
480.0,67.0,1.0,48.0,11.0,1559.09,3710.08
480.0,72.0,0.0,45.0,7.0,1215.17,3086.87
480.0,84.0,2.0,53.0,7.0,1463.16,3653.1
480.0,76.0,0.0,52.0,7.0,1356.95,3512.67
480.0,84.0,12.0,49.0,11.0,2144.96,4440.07
480.0,83.0,4.0,51.0,9.0,1674.41,4001.03
480.0,74.0,14.0,45.0,8.0,2058.6,4087.59
480.0,94.0,10.0,54.0,6.0,1802.3,4151.85
480.0,74.0,9.0,48.0,12.0,2001.55,4333.26
480.0,87.0,44.0,27.0,3.0,2878.61,3813.95
480.0,69.0,35.0,22.0,9.0,2715.47,3736.82
480.0,74.0,41.0,23.0,7.0,2922.82,3897.41
480.0,67.0,26.0,29.0,7.0,2374.89,3520.81
480.0,70.0,32.0,26.0,6.0,2389.2,3628.95
480.0,66.0,44.0,0.0,4.0,2452.07,2206.32
480.0,79.0,42.0,0.0,3.0,2384.4,2147.88
480.0,85.0,42.0,0.0,4.0,2397.5,2162.5
480.0,78.0,45.0,0.0,3.0,2440.38,2198.31
480.0,68.0,44.0,0.0,3.0,2394.4,2149.78
480.0,75.0,15.0,25.0,8.0,1730.68,2889.34
480.0,74.0,18.0,26.0,5.0,1649.98,2780.63
480.0,77.0,22.0,21.0,5.0,1779.85,2705.86
480.0,70.0,22.0,26.0,1.0,1628.6,2619.32
480.0,73.0,15.0,32.0,3.0,1488.59,2775.0
480.0,86.0,19.0,53.0,7.0,2426.66,4546.04
480.0,80.0,29.0,40.0,5.0,2427.98,4087.36
480.0,87.0,38.0,36.0,10.0,3079.54,4662.6
480.0,91.0,31.0,41.0,10.0,2877.93,4551.05
480.0,76.0,17.0,49.0,6.0,2119.72,4111.74
480.0,76.0,0.0,52.0,7.0,1350.87,3474.64
480.0,87.0,1.0,50.0,7.0,1370.23,3468.18
480.0,74.0,0.0,44.0,8.0,1268.28,3176.74
480.0,78.0,0.0,51.0,5.0,1261.8,3343.36
480.0,70.0,0.0,48.0,8.0,1334.01,3369.71
480.0,72.0,23.0,34.0,11.0,2464.35,4030.61
480.0,67.0,20.0,36.0,5.0,1984.44,3512.54
480.0,81.0,31.0,37.0,9.0,2758.87,4413.59
480.0,88.0,28.0,37.0,7.0,2468.31,4084.61
480.0,71.0,24.0,35.0,7.0,2230.22,3818.1
480.0,83.0,29.0,44.0,4.0,2448.15,4210.08
480.0,73.0,25.0,37.0,5.0,2195.64,3824.32
480.0,78.0,34.0,31.0,11.0,2937.88,4325.97
480.0,78.0,22.0,41.0,7.0,2307.22,4097.35
480.0,67.0,26.0,32.0,6.0,2156.98,3629.96
480.0,71.0,27.0,17.0,5.0,1880.58,2697.78
480.0,78.0,24.0,18.0,5.0,1852.57,2602.98
480.0,82.0,22.0,20.0,5.0,1752.98,2663.51
480.0,75.0,22.0,21.0,5.0,1758.82,2808.14
480.0,72.0,19.0,25.0,4.0,1609.12,2680.63
480.0,84.0,42.0,11.0,4.0,2498.59,2908.16
480.0,74.0,45.0,10.0,0.0,2315.37,2628.43
480.0,87.0,43.0,8.0,2.0,2360.93,2601.95
480.0,85.0,47.0,8.0,3.0,2621.65,2876.24
480.0,77.0,47.0,6.0,0.0,2391.11,2492.27
480.0,68.0,4.0,53.0,6.0,1511.58,3688.23
480.0,80.0,2.0,50.0,9.0,1534.5,3788.44
480.0,72.0,3.0,50.0,9.0,1575.28,3777.08
480.0,90.0,3.0,52.0,10.0,1657.63,3977.64
480.0,72.0,4.0,53.0,6.0,1513.06,3704.68
480.0,65.0,5.0,37.0,6.0,1266.94,2868.5
480.0,82.0,5.0,40.0,2.0,1081.88,2622.87
480.0,88.0,5.0,38.0,7.0,1351.62,2967.55
480.0,84.0,3.0,41.0,5.0,1191.8,2910.69
480.0,70.0,4.0,39.0,4.0,1187.67,2789.46
480.0,77.0,17.0,36.0,5.0,1843.68,3358.48
480.0,69.0,26.0,30.0,7.0,2278.65,3522.81
480.0,85.0,27.0,25.0,4.0,2089.51,3159.09
480.0,77.0,25.0,30.0,8.0,2227.12,3657.3
480.0,71.0,23.0,35.0,5.0,2030.91,3515.92
480.0,81.0,44.0,20.0,6.0,2913.72,3694.72
480.0,68.0,37.0,18.0,7.0,2598.29,3342.02
480.0,82.0,42.0,22.0,8.0,2989.38,3832.91
480.0,88.0,46.0,13.0,4.0,2686.74,3231.45
480.0,71.0,44.0,19.0,2.0,2630.19,3248.63
480.0,89.0,44.0,19.0,6.0,2952.41,3760.79
480.0,80.0,40.0,20.0,7.0,2810.64,3640.06
480.0,72.0,42.0,14.0,8.0,2863.13,3482.79
480.0,75.0,45.0,17.0,2.0,2625.48,3190.23
480.0,70.0,44.0,15.0,4.0,2648.54,3252.56
480.0,78.0,13.0,48.0,12.0,2203.23,4427.96
480.0,77.0,9.0,50.0,6.0,1696.26,3867.03
480.0,79.0,13.0,42.0,14.0,2327.06,4332.98
480.0,83.0,8.0,51.0,8.0,1783.67,4022.56
480.0,73.0,13.0,51.0,2.0,1660.49,3643.01
480.0,80.0,46.0,2.0,3.0,2486.06,2469.31
480.0,86.0,43.0,2.0,4.0,2446.61,2447.76
480.0,90.0,42.0,2.0,3.0,2416.88,2374.14
480.0,69.0,44.0,2.0,4.0,2534.93,2489.22
480.0,81.0,47.0,1.0,1.0,2356.37,2283.1
480.0,80.0,2.0,54.0,6.0,1425.89,3585.61
480.0,71.0,0.0,47.0,11.0,1527.52,3678.49
480.0,72.0,0.0,45.0,7.0,1215.17,3086.87
480.0,84.0,2.0,53.0,7.0,1463.16,3653.09
480.0,67.0,0.0,56.0,4.0,1249.68,3423.14
480.0,73.0,42.0,7.0,5.0,2539.53,2709.37
480.0,75.0,44.0,7.0,4.0,2507.74,2720.01
480.0,86.0,40.0,9.0,4.0,2459.43,2668.63
480.0,80.0,47.0,5.0,4.0,2624.04,2714.39
480.0,79.0,45.0,4.0,4.0,2541.26,2595.15
480.0,68.0,1.0,40.0,7.0,1190.12,2920.32
480.0,80.0,4.0,40.0,4.0,1157.7,2770.28
480.0,78.0,0.0,38.0,9.0,1212.1,2911.41
480.0,78.0,0.0,43.0,6.0,1142.72,2941.24
480.0,76.0,1.0,44.0,4.0,1096.56,2882.84
480.0,84.0,0.0,48.0,6.0,1235.26,3225.24
480.0,82.0,1.0,51.0,5.0,1272.98,3309.66
480.0,78.0,0.0,38.0,9.0,1211.37,2925.02
480.0,79.0,1.0,47.0,6.0,1279.52,3256.63
480.0,72.0,0.0,50.0,5.0,1204.45,3229.43
480.0,90.0,40.0,31.0,7.0,2938.23,4205.42
480.0,70.0,32.0,27.0,5.0,2393.0,3487.31
480.0,88.0,39.0,34.0,11.0,3276.95,4639.81
480.0,94.0,38.0,36.0,11.0,3260.85,4687.89
480.0,78.0,41.0,25.0,8.0,2889.2,4057.31
480.0,68.0,8.0,49.0,8.0,1804.57,3951.94
480.0,77.0,6.0,51.0,8.0,1756.71,4009.92
480.0,87.0,15.0,45.0,10.0,2116.14,4184.71
480.0,87.0,7.0,50.0,10.0,1823.09,4100.93
480.0,72.0,8.0,45.0,12.0,1966.97,4096.14
480.0,75.0,45.0,1.0,2.0,2354.14,2158.78
480.0,79.0,42.0,0.0,3.0,2384.4,2147.84
480.0,87.0,43.0,1.0,4.0,2389.17,2245.79
480.0,86.0,47.0,2.0,1.0,2387.9,2229.32
480.0,69.0,45.0,1.0,2.0,2325.28,2128.96
480.0,85.0,46.0,4.0,4.0,2566.06,2623.61
480.0,75.0,44.0,7.0,4.0,2507.74,2710.98
480.0,80.0,43.0,3.0,5.0,2445.59,2533.32
480.0,74.0,46.0,7.0,4.0,2641.77,2766.18
480.0,68.0,45.0,9.0,4.0,2626.13,2881.21
480.0,79.0,5.0,42.0,5.0,1294.54,3090.19
480.0,75.0,2.0,40.0,9.0,1338.68,3208.6
480.0,77.0,5.0,32.0,10.0,1405.33,3026.24
480.0,72.0,3.0,48.0,2.0,1131.05,2993.88
480.0,74.0,0.0,47.0,4.0,1082.72,2976.18
480.0,76.0,23.0,26.0,3.0,1781.75,2868.51
480.0,82.0,26.0,19.0,2.0,1732.3,2526.83
480.0,81.0,30.0,14.0,4.0,1968.26,2530.61
480.0,72.0,28.0,17.0,5.0,1987.63,2753.97
480.0,71.0,23.0,22.0,4.0,1766.19,2757.23
480.0,83.0,29.0,34.0,10.0,2695.32,4140.23
480.0,74.0,27.0,40.0,3.0,2253.77,3802.78
480.0,71.0,32.0,23.0,9.0,2519.82,3617.81
480.0,84.0,41.0,25.0,6.0,2787.36,3800.81
480.0,81.0,35.0,30.0,10.0,2959.09,4259.91
480.0,85.0,16.0,31.0,11.0,1978.13,3582.8
480.0,81.0,23.0,24.0,6.0,1905.15,3001.48
480.0,76.0,21.0,25.0,5.0,1761.01,2828.28
480.0,81.0,25.0,29.0,5.0,2098.96,3283.31
480.0,72.0,20.0,27.0,8.0,1926.84,3252.63
480.0,85.0,42.0,24.0,6.0,2986.41,3881.14
480.0,71.0,38.0,23.0,8.0,2847.68,3798.62
480.0,84.0,37.0,26.0,8.0,2846.26,3972.14
480.0,86.0,39.0,21.0,7.0,2730.65,3582.83
480.0,73.0,33.0,30.0,6.0,2493.05,3788.05
480.0,79.0,25.0,32.0,4.0,2043.92,3347.7
480.0,74.0,21.0,36.0,8.0,2110.74,3722.98
480.0,77.0,27.0,20.0,10.0,2309.1,3269.58
480.0,74.0,27.0,30.0,4.0,2084.87,3347.6
480.0,76.0,28.0,32.0,3.0,2120.99,3420.25
480.0,74.0,4.0,44.0,8.0,1477.61,3339.56
480.0,80.0,3.0,45.0,7.0,1357.41,3249.55
480.0,78.0,10.0,29.0,10.0,1590.95,3089.62
480.0,79.0,6.0,42.0,9.0,1565.4,3427.07
480.0,74.0,4.0,43.0,9.0,1488.2,3384.89
480.0,82.0,13.0,43.0,3.0,1565.63,3248.37
480.0,75.0,8.0,44.0,9.0,1703.19,3604.92
480.0,87.0,14.0,34.0,7.0,1731.38,3243.12
480.0,80.0,10.0,46.0,6.0,1693.74,3571.77
480.0,74.0,8.0,44.0,8.0,1767.24,3567.65
480.0,75.0,20.0,31.0,5.0,1865.56,3120.01
480.0,76.0,20.0,34.0,4.0,1914.97,3225.13
480.0,83.0,25.0,23.0,7.0,2075.01,3146.84
480.0,88.0,21.0,28.0,8.0,2041.66,3359.53
480.0,68.0,22.0,27.0,8.0,2039.67,3317.44
480.0,86.0,19.0,53.0,7.0,2426.66,4545.9
480.0,79.0,30.0,40.0,5.0,2475.3,4124.95
480.0,87.0,38.0,36.0,10.0,3079.54,4662.48
480.0,91.0,31.0,41.0,10.0,2877.93,4550.91
480.0,84.0,23.0,47.0,8.0,2559.73,4493.23
480.0,81.0,10.0,45.0,14.0,2134.9,4272.65
480.0,68.0,11.0,43.0,9.0,1825.03,3735.01
480.0,80.0,12.0,45.0,15.0,2336.85,4390.81
480.0,82.0,12.0,53.0,6.0,1917.46,4047.13
480.0,69.0,10.0,48.0,5.0,1687.77,3620.98
480.0,80.0,27.0,17.0,5.0,1955.99,2669.82
480.0,78.0,21.0,24.0,5.0,1798.48,2779.19
480.0,73.0,19.0,21.0,8.0,1831.78,2807.55
480.0,70.0,21.0,23.0,4.0,1791.46,2648.35
480.0,77.0,22.0,24.0,2.0,1646.3,2601.54
480.0,87.0,38.0,18.0,5.0,2481.27,3259.97
480.0,77.0,34.0,23.0,8.0,2661.4,3680.36
480.0,74.0,32.0,22.0,5.0,2389.02,3238.97
480.0,76.0,40.0,15.0,6.0,2620.8,3215.56
480.0,82.0,33.0,18.0,6.0,2305.42,3119.14
480.0,82.0,27.0,43.0,8.0,2541.95,4345.54
480.0,75.0,33.0,31.0,7.0,2653.19,3914.42
480.0,89.0,35.0,40.0,9.0,3022.01,4590.03
480.0,90.0,31.0,37.0,9.0,2749.07,4305.17
480.0,77.0,21.0,43.0,6.0,2203.2,3918.19
480.0,63.0,8.0,43.0,5.0,1447.57,3227.41
480.0,75.0,5.0,44.0,8.0,1498.62,3392.3
480.0,84.0,10.0,35.0,11.0,1774.69,3446.04
480.0,81.0,15.0,40.0,4.0,1667.81,3307.62
480.0,70.0,4.0,47.0,6.0,1404.43,3413.8
480.0,75.0,43.0,3.0,5.0,2575.73,2617.06
480.0,74.0,42.0,4.0,5.0,2523.09,2632.77
480.0,80.0,43.0,6.0,5.0,2541.94,2815.17
480.0,79.0,44.0,7.0,4.0,2623.98,2836.44
480.0,83.0,44.0,5.0,5.0,2601.62,2827.99
480.0,92.0,0.0,50.0,11.0,1557.93,3786.39
480.0,73.0,0.0,50.0,9.0,1431.35,3586.42
480.0,78.0,1.0,44.0,14.0,1666.51,3781.51
480.0,78.0,1.0,58.0,4.0,1325.38,3554.14
480.0,78.0,0.0,53.0,7.0,1374.45,3575.21
480.0,86.0,38.0,36.0,5.0,2791.48,4219.86
480.0,73.0,35.0,25.0,9.0,2748.21,3989.02
480.0,79.0,39.0,24.0,8.0,2865.33,4003.13
480.0,73.0,33.0,28.0,5.0,2418.07,3714.05
480.0,70.0,32.0,29.0,6.0,2424.16,3746.91
480.0,81.0,1.0,50.0,8.0,1463.98,3628.69
480.0,79.0,0.0,45.0,8.0,1278.99,3213.67
480.0,75.0,0.0,43.0,8.0,1258.23,3143.56
480.0,85.0,2.0,48.0,7.0,1381.74,3419.58
480.0,68.0,1.0,43.0,7.0,1227.48,3064.55
480.0,79.0,2.0,45.0,9.0,1449.08,3417.53
480.0,67.0,1.0,48.0,11.0,1559.09,3711.51
480.0,72.0,0.0,45.0,7.0,1215.17,3088.39
480.0,79.0,1.0,48.0,6.0,1314.75,3330.3
480.0,78.0,2.0,53.0,7.0,1469.04,3678.54
480.0,69.0,0.0,50.0,7.0,1307.42,3529.8
480.0,80.0,1.0,48.0,12.0,1659.24,3983.47
480.0,82.0,2.0,45.0,14.0,1735.98,4068.84
480.0,79.0,1.0,56.0,5.0,1365.15,3727.11
480.0,76.0,0.0,51.0,9.0,1449.8,3783.26
480.0,84.0,0.0,48.0,6.0,1235.26,3225.19
480.0,81.0,0.0,50.0,7.0,1324.81,3415.49
480.0,75.0,0.0,43.0,8.0,1258.23,3138.72
480.0,81.0,1.0,50.0,5.0,1247.46,3253.05
480.0,69.0,0.0,47.0,6.0,1190.46,3107.0
480.0,81.0,45.0,5.0,4.0,2592.89,2670.96
480.0,68.0,40.0,9.0,3.0,2368.22,2620.02
480.0,83.0,42.0,7.0,3.0,2450.93,2710.23
480.0,78.0,45.0,4.0,3.0,2529.87,2537.88
480.0,67.0,47.0,6.0,1.0,2436.39,2533.93
480.0,81.0,12.0,44.0,11.0,2059.01,4095.44
480.0,72.0,12.0,52.0,4.0,1743.84,3793.74
480.0,90.0,14.0,46.0,11.0,2211.35,4281.95
480.0,86.0,8.0,56.0,7.0,1831.42,4081.71
480.0,72.0,7.0,48.0,10.0,1870.61,3947.81
480.0,85.0,16.0,31.0,11.0,1978.13,3586.44
480.0,81.0,23.0,24.0,6.0,1905.15,3004.99
480.0,73.0,28.0,17.0,5.0,1926.21,2737.46
480.0,81.0,25.0,29.0,5.0,2098.96,3287.24
480.0,77.0,15.0,33.0,6.0,1729.4,3153.37
480.0,61.0,43.0,8.0,3.0,2459.42,2603.49
480.0,71.0,45.0,6.0,2.0,2390.89,2542.82
480.0,84.0,41.0,4.0,5.0,2443.88,2530.46
480.0,75.0,47.0,6.0,4.0,2640.49,2772.22
480.0,79.0,45.0,4.0,4.0,2541.26,2598.34
480.0,80.0,29.0,34.0,8.0,2641.75,4072.89
480.0,67.0,30.0,25.0,6.0,2255.53,3519.5
480.0,68.0,33.0,23.0,6.0,2433.17,3425.1
480.0,68.0,29.0,27.0,7.0,2310.76,3597.33
480.0,78.0,39.0,31.0,3.0,2618.47,3816.73
480.0,78.0,41.0,22.0,6.0,2763.22,3793.61
480.0,82.0,39.0,30.0,7.0,2950.58,4163.69
480.0,84.0,41.0,19.0,7.0,2794.18,3654.2
480.0,93.0,40.0,21.0,8.0,2926.93,3869.0
480.0,71.0,42.0,16.0,9.0,2841.63,3731.31
480.0,77.0,18.0,39.0,2.0,1759.15,3329.76
480.0,76.0,22.0,23.0,7.0,1924.15,3083.77
480.0,78.0,23.0,22.0,6.0,1945.38,2928.74
480.0,80.0,24.0,30.0,6.0,2071.44,3464.31
480.0,72.0,17.0,25.0,11.0,1981.46,3470.34
480.0,94.0,43.0,43.0,5.0,3218.44,4762.42
480.0,71.0,30.0,30.0,9.0,2546.65,3878.38
480.0,78.0,37.0,26.0,11.0,2986.35,4193.35
480.0,67.0,25.0,32.0,5.0,2111.94,3444.29
480.0,74.0,35.0,30.0,5.0,2587.03,3803.77
480.0,83.0,28.0,35.0,5.0,2264.82,3781.33
480.0,76.0,22.0,34.0,9.0,2241.93,3775.29
480.0,77.0,34.0,26.0,6.0,2496.12,3664.75
480.0,75.0,24.0,37.0,4.0,2144.55,3628.27
480.0,73.0,19.0,43.0,7.0,2144.78,4016.93
480.0,75.0,6.0,53.0,5.0,1585.1,3785.36
480.0,81.0,5.0,48.0,10.0,1741.87,3975.35
480.0,72.0,3.0,50.0,9.0,1575.28,3782.11
480.0,93.0,3.0,54.0,8.0,1580.74,3901.63
480.0,72.0,4.0,53.0,6.0,1513.06,3708.15
480.0,95.0,38.0,29.0,12.0,3379.53,4525.46
480.0,83.0,40.0,31.0,7.0,2940.81,4220.78
480.0,73.0,38.0,25.0,5.0,2652.81,3647.23
480.0,71.0,33.0,28.0,5.0,2443.32,3582.34
480.0,74.0,36.0,30.0,4.0,2563.55,3732.74
480.0,85.0,23.0,49.0,7.0,2409.14,4433.64
480.0,80.0,29.0,40.0,5.0,2427.98,4088.78
480.0,86.0,35.0,33.0,14.0,3136.24,4706.04
480.0,91.0,31.0,41.0,10.0,2877.93,4551.82
480.0,76.0,17.0,49.0,6.0,2119.72,4112.74
480.0,84.0,36.0,35.0,6.0,2815.36,4174.79
480.0,67.0,28.0,23.0,11.0,2599.17,3673.81
480.0,80.0,35.0,33.0,11.0,3068.67,4432.36
480.0,80.0,27.0,40.0,5.0,2419.38,3902.94
480.0,70.0,38.0,23.0,5.0,2513.89,3539.28
480.0,71.0,25.0,32.0,4.0,2107.91,3410.3
480.0,74.0,22.0,35.0,6.0,2051.05,3556.33
480.0,80.0,25.0,25.0,9.0,2221.92,3440.37
480.0,78.0,21.0,37.0,2.0,1895.04,3349.22
480.0,73.0,13.0,44.0,2.0,1636.7,3325.56
480.0,67.0,0.0,44.0,4.0,1041.64,2795.12
480.0,80.0,0.0,39.0,8.0,1166.9,2849.73
480.0,78.0,0.0,38.0,9.0,1211.37,2893.84
480.0,76.0,0.0,44.0,5.0,1084.95,2837.26
480.0,73.0,0.0,44.0,3.0,991.35,2720.61
480.0,81.0,35.0,35.0,6.0,2756.38,4125.83
480.0,74.0,36.0,25.0,8.0,2760.89,3819.17
480.0,87.0,31.0,37.0,15.0,3151.03,4809.41
480.0,94.0,32.0,43.0,4.0,2662.96,4193.51
480.0,69.0,36.0,25.0,4.0,2430.34,3504.1
480.0,76.0,26.0,37.0,8.0,2512.34,4018.06
480.0,74.0,32.0,30.0,9.0,2726.14,4041.89
480.0,89.0,35.0,40.0,9.0,3022.01,4596.57
480.0,91.0,29.0,47.0,10.0,2883.35,4765.19
480.0,72.0,20.0,46.0,4.0,2046.84,3853.0
480.0,72.0,45.0,11.0,3.0,2595.19,2981.86
480.0,79.0,42.0,12.0,6.0,2724.81,3164.92
480.0,88.0,44.0,5.0,4.0,2534.65,2875.99
480.0,66.0,42.0,10.0,5.0,2648.8,2949.88
480.0,81.0,46.0,12.0,3.0,2650.67,3125.05
480.0,75.0,29.0,32.0,2.0,2078.25,3332.49
480.0,75.0,27.0,25.0,10.0,2429.92,3514.99
480.0,85.0,33.0,23.0,8.0,2582.77,3589.31
480.0,85.0,27.0,29.0,9.0,2399.51,3731.32
480.0,85.0,24.0,33.0,7.0,2222.43,3636.01
480.0,97.0,45.0,38.0,4.0,3139.59,4568.66
480.0,64.0,32.0,21.0,8.0,2441.35,3584.41
480.0,92.0,44.0,30.0,11.0,3360.62,4765.41
480.0,82.0,32.0,35.0,7.0,2619.25,4102.16
480.0,78.0,40.0,27.0,5.0,2790.26,3889.02
480.0,76.0,31.0,30.0,7.0,2645.83,3786.42
480.0,72.0,35.0,28.0,8.0,2653.99,3942.19
480.0,91.0,40.0,31.0,11.0,3269.35,4627.49
480.0,87.0,39.0,32.0,9.0,3017.9,4375.96
480.0,87.0,41.0,32.0,4.0,2834.96,4078.53
480.0,76.0,0.0,53.0,8.0,1436.47,3777.39
480.0,66.0,0.0,50.0,9.0,1449.13,3693.98
480.0,80.0,0.0,49.0,9.0,1458.54,3730.23
480.0,84.0,1.0,55.0,6.0,1397.6,3724.28
480.0,71.0,0.0,50.0,9.0,1453.52,3753.29
480.0,70.0,45.0,6.0,3.0,2484.18,2617.75
480.0,88.0,42.0,4.0,4.0,2467.53,2457.14
480.0,81.0,43.0,3.0,3.0,2319.67,2383.26
480.0,88.0,47.0,4.0,1.0,2422.21,2386.11
480.0,67.0,43.0,4.0,6.0,2597.4,2651.55
480.0,73.0,1.0,41.0,9.0,1316.26,3226.44
480.0,72.0,1.0,46.0,7.0,1277.52,3232.24
480.0,84.0,5.0,40.0,6.0,1336.76,3079.63
480.0,72.0,3.0,48.0,2.0,1131.05,2995.14
480.0,74.0,0.0,47.0,4.0,1082.72,2977.81
480.0,83.0,40.0,7.0,3.0,2322.97,2415.32
480.0,77.0,43.0,4.0,4.0,2467.51,2399.31
480.0,88.0,38.0,2.0,7.0,2469.32,2362.47
480.0,69.0,37.0,7.0,4.0,2267.96,2373.24
480.0,79.0,35.0,7.0,5.0,2180.45,2452.86
480.0,85.0,26.0,33.0,4.0,2134.57,3418.59
480.0,77.0,33.0,28.0,3.0,2343.6,3365.08
480.0,85.0,27.0,24.0,6.0,2143.1,3235.46
480.0,79.0,31.0,27.0,3.0,2177.92,3334.34
480.0,78.0,24.0,30.0,2.0,1844.71,3095.25
480.0,88.0,42.0,22.0,8.0,3047.49,3977.37
480.0,73.0,39.0,19.0,6.0,2641.33,3513.38
480.0,77.0,40.0,24.0,7.0,2872.74,3881.03
480.0,93.0,43.0,22.0,8.0,3061.49,4092.29
480.0,78.0,43.0,20.0,3.0,2638.62,3374.03
480.0,86.0,27.0,42.0,13.0,2968.57,4801.14
480.0,70.0,34.0,26.0,7.0,2515.48,3633.86
480.0,83.0,35.0,34.0,9.0,2933.13,4415.18
480.0,71.0,26.0,37.0,4.0,2166.12,3631.1
480.0,70.0,20.0,37.0,8.0,2090.49,3761.59
480.0,73.0,26.0,39.0,5.0,2299.25,3922.68
480.0,75.0,32.0,29.0,10.0,2803.47,4044.83
480.0,80.0,33.0,33.0,7.0,2626.73,4085.03
480.0,91.0,32.0,42.0,5.0,2623.23,4307.61
480.0,76.0,21.0,42.0,7.0,2244.53,4035.11
480.0,85.0,44.0,30.0,5.0,3104.25,4190.79
480.0,75.0,36.0,27.0,9.0,2880.61,3941.38
480.0,73.0,33.0,21.0,14.0,2981.74,3976.01
480.0,79.0,38.0,29.0,6.0,2790.19,3861.14
480.0,78.0,38.0,30.0,7.0,2797.99,4095.32
480.0,70.0,21.0,26.0,7.0,1971.3,3117.76
480.0,73.0,20.0,25.0,7.0,1900.88,2990.11
480.0,79.0,29.0,21.0,8.0,2255.03,3304.87
480.0,91.0,26.0,28.0,9.0,2416.24,3635.68
480.0,71.0,25.0,25.0,5.0,2011.04,3192.7
480.0,75.0,19.0,24.0,4.0,1704.72,2717.78
480.0,77.0,22.0,24.0,4.0,1779.38,2804.17
480.0,81.0,25.0,19.0,3.0,1741.74,2558.92
480.0,77.0,18.0,29.0,1.0,1461.5,2619.21
480.0,65.0,16.0,29.0,4.0,1518.13,2772.34
480.0,59.0,7.0,41.0,4.0,1341.99,3025.04
480.0,69.0,8.0,43.0,4.0,1389.15,3142.63
480.0,73.0,16.0,28.0,5.0,1623.18,2970.26
480.0,73.0,10.0,40.0,6.0,1541.83,3267.78
480.0,76.0,5.0,41.0,5.0,1286.1,3038.69
480.0,72.0,39.0,25.0,5.0,2644.15,3659.41
480.0,70.0,38.0,23.0,6.0,2687.18,3551.22
480.0,76.0,39.0,18.0,10.0,2953.55,3728.97
480.0,84.0,38.0,35.0,3.0,2727.7,3919.95
480.0,75.0,42.0,24.0,5.0,2730.83,3723.55
480.0,74.0,6.0,45.0,5.0,1415.8,3213.01
480.0,83.0,4.0,44.0,8.0,1484.99,3384.08
480.0,78.0,12.0,28.0,11.0,1731.78,3240.52
480.0,79.0,6.0,42.0,9.0,1565.4,3425.41
480.0,74.0,7.0,39.0,6.0,1421.15,3056.86
480.0,67.0,0.0,44.0,4.0,1041.64,2792.44
480.0,76.0,1.0,42.0,4.0,1043.07,2710.15
480.0,78.0,0.0,38.0,9.0,1211.37,2891.85
480.0,76.0,0.0,44.0,5.0,1084.95,2834.24
480.0,73.0,0.0,44.0,3.0,991.35,2717.58
480.0,89.0,42.0,14.0,11.0,3071.96,3853.17
480.0,69.0,40.0,20.0,3.0,2555.7,3339.06
480.0,76.0,45.0,11.0,4.0,2612.82,3116.85
480.0,90.0,37.0,29.0,8.0,2810.82,4122.71
480.0,75.0,43.0,16.0,4.0,2666.23,3289.54
480.0,75.0,45.0,1.0,2.0,2354.14,2158.81
480.0,79.0,42.0,0.0,3.0,2384.4,2147.88
480.0,87.0,43.0,0.0,4.0,2413.56,2219.02
480.0,78.0,45.0,1.0,3.0,2452.24,2257.49
480.0,69.0,45.0,1.0,2.0,2325.28,2128.99
480.0,74.0,8.0,44.0,4.0,1420.87,3224.67
480.0,89.0,11.0,45.0,7.0,1813.9,3737.11
480.0,82.0,11.0,26.0,15.0,1909.56,3461.13
480.0,76.0,6.0,49.0,4.0,1403.06,3332.87
480.0,80.0,8.0,44.0,6.0,1554.75,3380.67
480.0,74.0,30.0,19.0,7.0,2237.62,3163.96
480.0,73.0,34.0,22.0,3.0,2185.71,3098.72
480.0,78.0,29.0,21.0,4.0,2169.83,3018.14
480.0,82.0,36.0,17.0,4.0,2308.0,3002.64
480.0,71.0,32.0,26.0,3.0,2290.81,3223.71
480.0,96.0,42.0,41.0,7.0,3280.63,4790.7
480.0,74.0,35.0,28.0,8.0,2719.87,3898.54
480.0,80.0,35.0,27.0,11.0,2887.31,4137.56
480.0,67.0,24.0,33.0,5.0,2091.65,3471.89
480.0,75.0,38.0,25.0,7.0,2711.41,3837.12
480.0,70.0,13.0,46.0,6.0,1807.85,3755.55
480.0,71.0,9.0,46.0,6.0,1655.02,3621.97
480.0,79.0,13.0,47.0,13.0,2357.76,4434.77
480.0,80.0,14.0,48.0,7.0,1990.79,4010.02
480.0,76.0,14.0,50.0,7.0,2002.33,4107.42
480.0,69.0,10.0,43.0,9.0,1813.53,3910.04
480.0,73.0,6.0,51.0,9.0,1797.12,4060.24
480.0,83.0,9.0,49.0,6.0,1691.66,3835.71
480.0,86.0,7.0,50.0,9.0,1863.39,4150.07
480.0,83.0,6.0,52.0,6.0,1611.89,3888.25
480.0,80.0,43.0,28.0,4.0,2896.44,3911.22
480.0,75.0,40.0,26.0,4.0,2747.04,3709.12
480.0,79.0,40.0,27.0,9.0,2981.15,4196.53
480.0,80.0,43.0,24.0,5.0,2836.51,3830.39
480.0,74.0,43.0,23.0,6.0,2880.06,3846.47
480.0,78.0,6.0,46.0,6.0,1474.72,3389.37
480.0,80.0,3.0,45.0,7.0,1357.41,3242.93
480.0,81.0,14.0,32.0,10.0,1866.36,3419.89
480.0,74.0,8.0,42.0,6.0,1488.86,3242.33
480.0,75.0,7.0,39.0,8.0,1536.58,3256.61
480.0,71.0,3.0,42.0,6.0,1267.78,3055.09
480.0,74.0,1.0,41.0,7.0,1195.05,2939.21
480.0,78.0,1.0,36.0,10.0,1282.55,2947.03
480.0,71.0,1.0,43.0,7.0,1251.12,3098.66
480.0,69.0,0.0,46.0,4.0,1068.42,2888.15
480.0,74.0,44.0,7.0,2.0,2493.07,2676.9
480.0,80.0,44.0,7.0,4.0,2552.44,2822.56
480.0,82.0,41.0,3.0,5.0,2484.18,2640.54
480.0,80.0,45.0,6.0,4.0,2614.6,2807.51
480.0,71.0,46.0,5.0,5.0,2642.42,2856.52
480.0,74.0,6.0,45.0,5.0,1415.8,3211.69
480.0,83.0,4.0,44.0,8.0,1484.99,3382.53
480.0,78.0,12.0,28.0,11.0,1731.78,3238.74
480.0,79.0,6.0,42.0,9.0,1565.4,3423.86
480.0,74.0,7.0,39.0,6.0,1421.15,3055.54
480.0,82.0,0.0,60.0,2.0,1195.42,3533.27
480.0,71.0,1.0,55.0,5.0,1323.28,3597.97
480.0,73.0,0.0,45.0,14.0,1632.85,3950.9
480.0,84.0,1.0,54.0,7.0,1435.66,3788.59
480.0,75.0,0.0,55.0,4.0,1281.31,3586.44
480.0,79.0,2.0,45.0,9.0,1449.08,3435.02
480.0,80.0,3.0,48.0,9.0,1546.47,3676.66
480.0,72.0,0.0,45.0,7.0,1215.17,3106.42
480.0,79.0,1.0,48.0,6.0,1314.75,3344.71
480.0,72.0,1.0,44.0,10.0,1425.84,3412.13
480.0,87.0,24.0,28.0,5.0,2009.77,3215.01
480.0,66.0,23.0,33.0,3.0,1916.91,3221.03
480.0,80.0,31.0,15.0,7.0,2208.75,2936.95
480.0,85.0,25.0,25.0,5.0,2023.41,3074.45
480.0,67.0,18.0,32.0,6.0,1832.63,3190.13
480.0,70.0,40.0,4.0,4.0,2309.72,2344.6
480.0,81.0,43.0,1.0,4.0,2387.61,2264.13
480.0,85.0,41.0,2.0,3.0,2271.4,2132.55
480.0,69.0,38.0,6.0,4.0,2298.07,2387.54
480.0,76.0,44.0,2.0,1.0,2254.37,2115.43
480.0,71.0,39.0,5.0,4.0,2255.91,2429.56
480.0,80.0,41.0,6.0,1.0,2127.71,2302.86
480.0,81.0,35.0,7.0,5.0,2204.64,2465.17
480.0,78.0,38.0,9.0,2.0,2114.37,2462.8
480.0,73.0,41.0,6.0,2.0,2230.96,2342.73
480.0,83.0,20.0,32.0,3.0,1761.07,3156.88
480.0,81.0,23.0,24.0,6.0,1905.15,3007.37
480.0,87.0,22.0,23.0,9.0,2162.49,3276.28
480.0,84.0,25.0,26.0,8.0,2174.7,3386.24
480.0,77.0,15.0,33.0,6.0,1729.4,3156.31
480.0,76.0,23.0,33.0,4.0,1959.59,3294.26
480.0,80.0,27.0,29.0,6.0,2313.85,3414.16
480.0,86.0,22.0,28.0,7.0,2113.49,3224.97
480.0,78.0,20.0,32.0,6.0,1919.49,3291.89
480.0,72.0,24.0,32.0,3.0,2006.19,3175.37
480.0,70.0,9.0,41.0,5.0,1499.49,3195.68
480.0,82.0,10.0,47.0,5.0,1626.1,3529.53
480.0,83.0,16.0,32.0,10.0,1958.34,3491.0
480.0,79.0,6.0,42.0,9.0,1565.4,3417.9
480.0,77.0,5.0,49.0,4.0,1404.25,3385.53
480.0,73.0,38.0,6.0,7.0,2485.14,2635.32
480.0,76.0,37.0,7.0,2.0,2134.1,2315.07
480.0,82.0,39.0,3.0,6.0,2448.22,2427.23
480.0,76.0,42.0,6.0,2.0,2311.13,2374.73
480.0,83.0,36.0,8.0,5.0,2240.39,2561.4
480.0,84.0,3.0,41.0,7.0,1294.44,3052.1
480.0,74.0,1.0,41.0,7.0,1195.05,2947.3
480.0,73.0,2.0,33.0,12.0,1421.97,3039.54
480.0,79.0,2.0,43.0,5.0,1178.71,2941.92
480.0,69.0,2.0,46.0,3.0,1096.64,2870.07
480.0,78.0,34.0,22.0,4.0,2295.29,3195.26
480.0,77.0,23.0,29.0,7.0,2116.21,3407.34
480.0,73.0,29.0,18.0,2.0,1820.13,2587.52
480.0,83.0,27.0,21.0,7.0,2103.0,3173.17
480.0,73.0,23.0,28.0,2.0,1747.9,2853.88
480.0,78.0,30.0,31.0,10.0,2636.21,4148.63
480.0,71.0,31.0,33.0,5.0,2404.16,3784.33
480.0,79.0,30.0,36.0,5.0,2418.7,3878.12
480.0,83.0,34.0,30.0,9.0,2741.58,4122.89
480.0,76.0,24.0,43.0,4.0,2339.27,3987.79
480.0,87.0,31.0,22.0,7.0,2353.78,3354.12
480.0,73.0,25.0,25.0,6.0,2022.26,3112.91
480.0,71.0,29.0,20.0,3.0,1949.52,2716.84
480.0,79.0,27.0,28.0,4.0,2043.67,3146.03
480.0,78.0,24.0,27.0,4.0,1891.92,3036.58
480.0,67.0,0.0,44.0,4.0,1039.52,2880.9
480.0,82.0,1.0,41.0,5.0,1084.52,2818.82
480.0,91.0,0.0,34.0,11.0,1314.48,3099.56
480.0,78.0,0.0,40.0,8.0,1206.2,3046.7
480.0,73.0,0.0,43.0,5.0,1061.74,2869.0
480.0,88.0,25.0,49.0,5.0,2439.34,4369.76
480.0,73.0,29.0,35.0,6.0,2487.83,3856.4
480.0,81.0,31.0,34.0,14.0,3031.83,4621.64
480.0,86.0,32.0,36.0,8.0,2656.14,4289.29
480.0,84.0,29.0,44.0,7.0,2628.53,4441.34
480.0,88.0,33.0,36.0,14.0,3219.14,4856.75
480.0,77.0,29.0,35.0,7.0,2511.41,4008.68
480.0,79.0,28.0,35.0,10.0,2717.55,4321.29
480.0,70.0,21.0,41.0,2.0,1862.5,3481.26
480.0,75.0,29.0,36.0,7.0,2494.31,4024.09
480.0,87.0,30.0,28.0,2.0,2090.56,3172.74
480.0,69.0,30.0,23.0,3.0,2046.12,2934.45
480.0,81.0,32.0,17.0,4.0,2074.5,2851.36
480.0,71.0,30.0,19.0,7.0,2290.72,3090.73
480.0,76.0,37.0,19.0,0.0,2115.09,2785.18
480.0,70.0,40.0,4.0,4.0,2309.72,2383.09
480.0,77.0,42.0,2.0,5.0,2446.24,2400.7
480.0,85.0,41.0,2.0,3.0,2271.4,2155.75
480.0,69.0,38.0,8.0,3.0,2205.36,2419.62
480.0,70.0,41.0,3.0,3.0,2311.34,2275.17
480.0,78.0,2.0,51.0,8.0,1482.51,3633.36
480.0,66.0,1.0,48.0,12.0,1646.16,3791.08
480.0,78.0,0.0,49.0,6.0,1271.52,3252.86
480.0,84.0,2.0,52.0,6.0,1391.23,3508.58
480.0,71.0,2.0,52.0,4.0,1271.04,3318.77
480.0,74.0,22.0,42.0,5.0,2122.14,3893.79
480.0,70.0,26.0,37.0,5.0,2334.87,3782.53
480.0,76.0,20.0,33.0,13.0,2463.91,4145.33
480.0,85.0,30.0,37.0,9.0,2673.6,4390.34
480.0,73.0,24.0,38.0,8.0,2367.12,4039.14
480.0,76.0,44.0,8.0,4.0,2586.74,2881.24
480.0,64.0,45.0,10.0,3.0,2564.04,2896.3
480.0,87.0,45.0,7.0,3.0,2498.86,2880.62
480.0,77.0,44.0,6.0,4.0,2600.44,2796.13
480.0,83.0,47.0,8.0,1.0,2488.8,2818.66
480.0,76.0,42.0,5.0,8.0,2718.14,2901.01
480.0,75.0,46.0,4.0,2.0,2372.62,2514.05
480.0,75.0,42.0,6.0,2.0,2322.03,2395.56
480.0,84.0,45.0,6.0,4.0,2608.06,2677.61
480.0,69.0,44.0,5.0,3.0,2424.96,2560.83
480.0,82.0,27.0,43.0,8.0,2541.95,4348.58
480.0,75.0,33.0,31.0,7.0,2653.19,3916.1
480.0,89.0,35.0,40.0,9.0,3022.01,4591.47
480.0,92.0,32.0,40.0,4.0,2565.76,4113.04
480.0,72.0,19.0,47.0,5.0,2071.7,3920.21
480.0,75.0,0.0,41.0,7.0,1165.51,2930.25
480.0,78.0,4.0,39.0,4.0,1132.69,2707.83
480.0,78.0,0.0,38.0,9.0,1211.37,2910.84
480.0,82.0,0.0,45.0,3.0,998.2,2751.58
480.0,69.0,0.0,43.0,5.0,1068.37,2804.76
480.0,87.0,42.0,28.0,10.0,3235.42,4350.01
480.0,71.0,35.0,25.0,9.0,2762.12,3839.26
480.0,73.0,38.0,21.0,8.0,2763.94,3627.96
480.0,90.0,39.0,35.0,5.0,2843.78,4151.51
480.0,70.0,33.0,26.0,8.0,2688.96,3859.42
480.0,96.0,42.0,41.0,7.0,3280.63,4794.14
480.0,71.0,30.0,31.0,8.0,2469.76,3839.83
480.0,84.0,41.0,31.0,9.0,3134.98,4390.47
480.0,93.0,39.0,39.0,6.0,3007.16,4445.97
480.0,74.0,35.0,30.0,5.0,2587.03,3803.71
480.0,71.0,34.0,28.0,5.0,2564.84,3599.85
480.0,74.0,28.0,30.0,14.0,2880.63,4191.59
480.0,85.0,24.0,39.0,12.0,2704.72,4429.96
480.0,89.0,32.0,39.0,9.0,2821.09,4461.24
480.0,70.0,20.0,42.0,7.0,2176.4,3899.12
480.0,84.0,30.0,36.0,8.0,2630.03,4275.76
480.0,58.0,22.0,30.0,6.0,2046.07,3228.08
480.0,87.0,37.0,34.0,8.0,2891.01,4309.91
480.0,80.0,32.0,35.0,5.0,2487.79,3912.47
480.0,70.0,30.0,29.0,6.0,2340.62,3631.0
480.0,69.0,24.0,22.0,2.0,1692.47,2590.85
480.0,80.0,21.0,24.0,2.0,1557.16,2573.4
480.0,90.0,23.0,20.0,3.0,1656.17,2520.89
480.0,69.0,15.0,28.0,6.0,1647.72,2869.64
480.0,73.0,16.0,27.0,5.0,1618.7,2741.99
480.0,71.0,10.0,48.0,5.0,1632.02,3578.06
480.0,69.0,11.0,41.0,11.0,1957.77,3848.26
480.0,69.0,15.0,41.0,7.0,1851.26,3592.12
480.0,94.0,10.0,53.0,8.0,1957.06,4131.29
480.0,75.0,11.0,49.0,8.0,1871.22,3928.46
480.0,80.0,40.0,30.0,5.0,2800.6,3974.72
480.0,70.0,33.0,26.0,6.0,2521.26,3651.53
480.0,81.0,36.0,26.0,14.0,3150.7,4352.84
480.0,81.0,29.0,40.0,2.0,2264.2,3759.34
480.0,77.0,33.0,33.0,3.0,2361.77,3620.52
480.0,76.0,3.0,46.0,9.0,1502.37,3558.09
480.0,79.0,9.0,49.0,5.0,1615.4,3644.55
480.0,71.0,10.0,40.0,11.0,1841.78,3791.04
480.0,83.0,2.0,54.0,7.0,1493.43,3776.27
480.0,82.0,8.0,49.0,6.0,1633.83,3725.33
480.0,81.0,0.0,53.0,5.0,1259.2,3365.34
480.0,87.0,1.0,50.0,7.0,1370.23,3467.06
480.0,74.0,0.0,44.0,8.0,1268.28,3176.1
480.0,80.0,0.0,51.0,7.0,1345.43,3456.5
480.0,75.0,0.0,52.0,6.0,1281.54,3365.61
480.0,79.0,2.0,45.0,9.0,1449.08,3415.86
480.0,74.0,2.0,48.0,8.0,1435.42,3485.27
480.0,74.0,0.0,44.0,8.0,1268.28,3178.02
480.0,79.0,1.0,48.0,6.0,1314.75,3328.03
480.0,78.0,1.0,54.0,2.0,1140.06,3179.02
480.0,91.0,40.0,35.0,10.0,3209.89,4647.32
480.0,64.0,27.0,26.0,7.0,2268.55,3355.57
480.0,80.0,37.0,31.0,10.0,3047.02,4304.85
480.0,87.0,40.0,33.0,9.0,3156.16,4503.25
480.0,73.0,36.0,32.0,2.0,2428.78,3646.15
480.0,86.0,40.0,31.0,7.0,2949.43,4228.92
480.0,70.0,33.0,28.0,5.0,2417.11,3552.21
480.0,80.0,37.0,27.0,11.0,3093.22,4292.69
480.0,96.0,39.0,35.0,9.0,3139.31,4504.73
480.0,88.0,45.0,28.0,6.0,3061.02,4191.01
480.0,70.0,25.0,24.0,2.0,1792.17,2758.28
480.0,74.0,23.0,26.0,2.0,1693.91,2767.42
480.0,88.0,24.0,24.0,3.0,1855.82,2824.62
480.0,77.0,21.0,25.0,6.0,1914.16,3086.67
480.0,67.0,24.0,20.0,4.0,1758.84,2708.54
480.0,72.0,33.0,25.0,4.0,2370.6,3290.05
480.0,77.0,34.0,18.0,7.0,2537.57,3199.91
480.0,81.0,37.0,15.0,7.0,2687.11,3185.51
480.0,81.0,37.0,18.0,6.0,2602.56,3297.66
480.0,81.0,26.0,30.0,4.0,2101.66,3373.74
480.0,80.0,2.0,52.0,9.0,1563.05,3824.11
480.0,72.0,1.0,52.0,8.0,1525.17,3734.91
480.0,80.0,2.0,46.0,12.0,1673.48,3884.84
480.0,79.0,1.0,54.0,7.0,1449.54,3725.93
480.0,88.0,2.0,55.0,4.0,1341.85,3604.44
480.0,75.0,11.0,40.0,6.0,1596.51,3324.96
480.0,77.0,8.0,47.0,6.0,1616.92,3543.79
480.0,80.0,11.0,46.0,8.0,1820.54,3794.67
480.0,81.0,10.0,46.0,10.0,1900.44,3962.69
480.0,73.0,11.0,46.0,4.0,1602.55,3509.23
480.0,81.0,24.0,44.0,6.0,2363.44,4177.03
480.0,66.0,24.0,37.0,2.0,1954.66,3361.42
480.0,91.0,34.0,44.0,10.0,3102.05,4804.99
480.0,75.0,30.0,37.0,5.0,2452.67,3904.26
480.0,77.0,31.0,36.0,7.0,2532.08,4118.84
480.0,87.0,43.0,4.0,6.0,2654.0,2824.62
480.0,91.0,43.0,6.0,5.0,2579.15,2870.04
480.0,87.0,43.0,3.0,5.0,2507.07,2723.76
480.0,80.0,43.0,6.0,5.0,2564.06,2801.56
480.0,80.0,46.0,6.0,2.0,2486.21,2679.47
480.0,72.0,45.0,11.0,3.0,2595.19,2981.85
480.0,76.0,41.0,9.0,6.0,2654.07,2964.66
480.0,82.0,39.0,4.0,9.0,2672.36,2901.73
480.0,66.0,42.0,10.0,5.0,2648.8,2949.87
480.0,81.0,46.0,12.0,3.0,2650.67,3125.03
480.0,75.0,22.0,34.0,2.0,1817.29,3118.01
480.0,82.0,32.0,26.0,5.0,2454.34,3501.33
480.0,68.0,34.0,20.0,3.0,2152.89,3039.92
480.0,88.0,38.0,30.0,3.0,2562.64,3673.9
480.0,74.0,26.0,34.0,7.0,2305.08,3814.63
480.0,87.0,43.0,33.0,4.0,2912.73,4110.51
480.0,73.0,36.0,27.0,9.0,2933.86,3922.29
480.0,73.0,37.0,23.0,9.0,2841.13,3770.54
480.0,90.0,39.0,35.0,5.0,2843.78,4148.18
480.0,83.0,41.0,26.0,3.0,2616.61,3680.67
480.0,81.0,0.0,53.0,5.0,1259.2,3365.36
480.0,87.0,1.0,50.0,7.0,1370.23,3467.1
480.0,74.0,0.0,44.0,8.0,1268.28,3176.12
480.0,80.0,0.0,51.0,7.0,1345.43,3456.52
480.0,75.0,0.0,52.0,6.0,1281.54,3365.62
480.0,78.0,43.0,2.0,6.0,2616.02,2674.13
480.0,79.0,42.0,5.0,5.0,2538.45,2703.47
480.0,78.0,45.0,3.0,2.0,2381.23,2426.14
480.0,75.0,45.0,4.0,3.0,2473.68,2591.25
480.0,74.0,45.0,4.0,4.0,2558.88,2725.08
480.0,69.0,1.0,40.0,9.0,1307.85,3110.93
480.0,80.0,4.0,40.0,4.0,1157.7,2772.75
480.0,78.0,0.0,38.0,9.0,1212.1,2913.02
480.0,78.0,0.0,43.0,6.0,1142.72,2941.1
480.0,73.0,0.0,47.0,3.0,1018.92,2817.44
480.0,75.0,45.0,1.0,2.0,2354.14,2172.25
480.0,79.0,42.0,0.0,3.0,2384.4,2155.43
480.0,87.0,43.0,1.0,4.0,2389.17,2265.12
480.0,82.0,43.0,0.0,5.0,2520.72,2303.47
480.0,77.0,40.0,4.0,3.0,2272.3,2260.91
480.0,82.0,47.0,1.0,1.0,2380.29,2347.96
480.0,79.0,45.0,0.0,2.0,2330.58,2271.37
480.0,77.0,43.0,0.0,4.0,2408.38,2354.09
480.0,81.0,44.0,0.0,5.0,2536.52,2460.01
480.0,72.0,45.0,0.0,3.0,2417.98,2321.82
480.0,80.0,26.0,21.0,5.0,1991.95,2806.27
480.0,74.0,27.0,19.0,6.0,2090.33,2954.25
480.0,70.0,29.0,20.0,4.0,2003.65,2795.27
480.0,84.0,25.0,24.0,7.0,2130.85,3191.3
480.0,75.0,31.0,22.0,1.0,1947.12,2848.16
480.0,72.0,26.0,33.0,8.0,2512.99,3876.12
480.0,71.0,34.0,28.0,7.0,2625.65,3812.62
480.0,93.0,36.0,36.0,14.0,3291.66,4970.32
480.0,91.0,38.0,33.0,8.0,2922.95,4353.77
480.0,68.0,33.0,28.0,7.0,2473.72,3745.84
480.0,81.0,32.0,24.0,2.0,2138.92,3102.42
480.0,86.0,31.0,28.0,5.0,2373.84,3483.58
480.0,85.0,35.0,17.0,6.0,2382.35,3187.59
480.0,72.0,32.0,20.0,4.0,2244.17,3008.78
480.0,80.0,32.0,21.0,2.0,2111.9,2997.82
480.0,74.0,20.0,32.0,5.0,1891.45,3220.41
480.0,82.0,13.0,37.0,3.0,1504.55,3023.34
480.0,74.0,23.0,21.0,8.0,2044.36,2987.54
480.0,61.0,26.0,27.0,5.0,2019.17,3253.94
480.0,73.0,21.0,31.0,4.0,1823.96,3134.92
480.0,71.0,39.0,5.0,4.0,2255.91,2405.91
480.0,77.0,44.0,0.0,2.0,2315.31,2075.92
480.0,87.0,39.0,5.0,2.0,2130.84,2222.74
480.0,68.0,39.0,6.0,3.0,2260.07,2356.62
480.0,66.0,38.0,5.0,5.0,2276.62,2399.98
480.0,75.0,36.0,28.0,4.0,2484.13,3608.7
480.0,71.0,26.0,34.0,8.0,2528.45,3816.25
480.0,88.0,38.0,31.0,10.0,3220.95,4387.62
480.0,83.0,34.0,36.0,5.0,2600.21,4013.45
480.0,73.0,33.0,33.0,4.0,2432.93,3730.6
480.0,78.0,29.0,41.0,3.0,2285.73,3866.07
480.0,68.0,28.0,27.0,9.0,2407.8,3757.59
480.0,79.0,39.0,27.0,7.0,2762.09,3951.55
480.0,84.0,28.0,34.0,10.0,2598.24,4149.31
480.0,71.0,25.0,38.0,6.0,2264.82,3835.05
480.0,80.0,31.0,19.0,4.0,2146.71,2880.96
480.0,80.0,28.0,29.0,7.0,2408.57,3629.5
480.0,72.0,31.0,17.0,4.0,2018.52,2803.14
480.0,85.0,32.0,23.0,4.0,2233.65,3157.06
480.0,79.0,30.0,32.0,3.0,2251.04,3444.58
480.0,87.0,3.0,40.0,5.0,1163.89,2833.31
480.0,76.0,4.0,40.0,3.0,1095.15,2681.12
480.0,73.0,5.0,33.0,9.0,1377.76,2864.81
480.0,77.0,2.0,38.0,8.0,1260.61,2942.0
480.0,68.0,4.0,38.0,6.0,1225.3,2841.21
480.0,79.0,19.0,24.0,5.0,1699.49,2758.78
480.0,80.0,18.0,27.0,3.0,1520.98,2669.37
480.0,81.0,21.0,22.0,4.0,1623.11,2658.83
480.0,76.0,28.0,19.0,1.0,1771.93,2534.59
480.0,73.0,18.0,28.0,3.0,1530.49,2728.51
480.0,67.0,0.0,44.0,4.0,1041.64,2814.1
480.0,82.0,3.0,38.0,6.0,1187.47,2807.25
480.0,78.0,0.0,38.0,9.0,1211.37,2921.67
480.0,82.0,0.0,45.0,3.0,998.2,2758.49
480.0,70.0,0.0,36.0,12.0,1349.75,3105.03
480.0,72.0,44.0,20.0,2.0,2657.49,3414.57
480.0,70.0,37.0,19.0,8.0,2612.6,3498.83
480.0,83.0,40.0,25.0,9.0,3065.99,4003.49
480.0,89.0,39.0,34.0,6.0,2910.89,4221.21
480.0,74.0,35.0,26.0,7.0,2719.31,3800.08
480.0,77.0,17.0,36.0,5.0,1843.68,3358.38
480.0,69.0,26.0,30.0,7.0,2278.65,3522.66
480.0,85.0,27.0,25.0,4.0,2089.51,3158.79
480.0,94.0,29.0,29.0,11.0,2584.52,3962.1
480.0,70.0,21.0,37.0,5.0,1953.1,3496.24
480.0,78.0,36.0,30.0,6.0,2736.61,3922.23
480.0,73.0,31.0,34.0,6.0,2466.03,3857.85
480.0,81.0,33.0,29.0,15.0,3070.09,4535.96
480.0,92.0,36.0,37.0,4.0,2681.05,4120.72
480.0,75.0,28.0,38.0,7.0,2515.61,4074.53
480.0,80.0,42.0,25.0,6.0,2882.95,3890.62
480.0,70.0,35.0,26.0,4.0,2405.47,3447.55
480.0,70.0,31.0,23.0,12.0,2839.89,3776.42
480.0,79.0,34.0,32.0,7.0,2695.29,3963.13
480.0,72.0,33.0,27.0,9.0,2620.91,3871.86
480.0,86.0,42.0,7.0,1.0,2248.67,2385.27
480.0,77.0,41.0,2.0,5.0,2435.17,2380.7
480.0,87.0,41.0,3.0,5.0,2456.36,2412.55
480.0,83.0,45.0,5.0,2.0,2428.37,2444.64
480.0,74.0,37.0,9.0,1.0,2057.54,2340.06
480.0,88.0,4.0,50.0,11.0,1740.83,4034.25
480.0,76.0,4.0,52.0,7.0,1617.62,3821.99
480.0,84.0,2.0,51.0,7.0,1460.03,3676.68
480.0,74.0,1.0,57.0,5.0,1403.36,3665.36
480.0,81.0,1.0,50.0,10.0,1539.09,3793.44
480.0,71.0,42.0,2.0,5.0,2486.13,2364.22
480.0,72.0,42.0,1.0,5.0,2471.53,2348.14
480.0,87.0,42.0,2.0,4.0,2359.69,2279.92
480.0,76.0,47.0,1.0,1.0,2377.25,2192.53
480.0,78.0,43.0,5.0,1.0,2267.4,2268.8
480.0,71.0,39.0,5.0,4.0,2255.91,2428.0
480.0,72.0,36.0,9.0,3.0,2120.57,2386.2
480.0,80.0,39.0,6.0,2.0,2133.94,2239.57
480.0,68.0,39.0,8.0,2.0,2168.28,2369.0
480.0,70.0,40.0,6.0,5.0,2452.68,2707.13
480.0,69.0,44.0,4.0,4.0,2482.67,2495.58
480.0,82.0,41.0,6.0,6.0,2565.37,2643.7
480.0,81.0,43.0,3.0,3.0,2318.96,2350.24
480.0,81.0,44.0,6.0,3.0,2503.75,2563.01
480.0,76.0,41.0,9.0,2.0,2277.53,2508.58
480.0,75.0,45.0,1.0,2.0,2354.14,2158.93
480.0,79.0,42.0,0.0,3.0,2384.4,2147.99
480.0,87.0,43.0,1.0,4.0,2389.17,2245.93
480.0,86.0,47.0,2.0,1.0,2387.9,2229.32
480.0,69.0,45.0,1.0,2.0,2325.28,2129.1
480.0,79.0,10.0,33.0,7.0,1540.47,2966.74
480.0,76.0,5.0,37.0,5.0,1214.23,2778.79
480.0,93.0,8.0,30.0,8.0,1450.29,2834.44
480.0,86.0,3.0,39.0,7.0,1265.28,2934.72
480.0,81.0,7.0,36.0,6.0,1448.64,2972.44
480.0,91.0,26.0,25.0,7.0,2202.76,3395.63
480.0,73.0,22.0,25.0,5.0,1854.83,2982.7
480.0,87.0,32.0,18.0,8.0,2437.62,3304.11
480.0,71.0,32.0,22.0,3.0,2131.04,3049.52
480.0,78.0,23.0,26.0,5.0,1905.57,3145.4
480.0,84.0,7.0,50.0,9.0,1778.03,4007.15
480.0,75.0,2.0,52.0,8.0,1494.72,3727.94
480.0,76.0,4.0,47.0,12.0,1749.74,3938.08
480.0,77.0,4.0,57.0,4.0,1491.57,3773.3
480.0,77.0,5.0,54.0,5.0,1516.64,3742.01
480.0,80.0,3.0,52.0,5.0,1385.95,3537.46
480.0,77.0,2.0,47.0,11.0,1592.84,3778.71
480.0,82.0,3.0,41.0,9.0,1429.47,3399.01
480.0,70.0,0.0,48.0,5.0,1166.21,3258.43
480.0,71.0,3.0,49.0,3.0,1243.51,3308.1
480.0,84.0,20.0,35.0,5.0,1968.93,3348.28
480.0,80.0,17.0,37.0,7.0,2012.59,3472.79
480.0,82.0,18.0,25.0,5.0,1715.77,2830.84
480.0,75.0,21.0,30.0,5.0,1891.84,3145.05
480.0,77.0,22.0,34.0,5.0,2013.35,3395.64
480.0,74.0,22.0,22.0,5.0,1804.52,2783.73
480.0,73.0,21.0,28.0,3.0,1794.55,2859.71
480.0,88.0,25.0,20.0,3.0,1840.98,2645.19
480.0,76.0,19.0,27.0,7.0,1857.76,3067.31
480.0,69.0,17.0,30.0,3.0,1556.63,2866.44
480.0,80.0,22.0,25.0,5.0,1874.77,2848.42
480.0,75.0,26.0,33.0,2.0,2009.36,3281.16
480.0,79.0,27.0,22.0,5.0,2011.24,3028.81
480.0,75.0,21.0,30.0,5.0,1891.84,3146.83
480.0,67.0,18.0,32.0,6.0,1832.63,3167.06
480.0,75.0,22.0,34.0,2.0,1817.29,3096.85
480.0,82.0,32.0,26.0,5.0,2454.34,3459.84
480.0,68.0,34.0,20.0,3.0,2152.89,3010.94
480.0,77.0,31.0,31.0,5.0,2366.6,3609.01
480.0,77.0,30.0,30.0,7.0,2451.31,3740.25
480.0,87.0,40.0,27.0,6.0,2781.68,3944.89
480.0,79.0,36.0,33.0,7.0,2826.67,4114.43
480.0,78.0,42.0,22.0,7.0,2931.7,3899.05
480.0,71.0,41.0,24.0,4.0,2680.76,3613.22
480.0,75.0,42.0,20.0,8.0,2926.68,3813.72
480.0,74.0,47.0,17.0,0.0,2563.31,3116.08
480.0,72.0,37.0,20.0,10.0,2874.46,3832.91
480.0,76.0,45.0,11.0,4.0,2612.82,3130.7
480.0,92.0,40.0,21.0,7.0,2810.4,3721.95
480.0,75.0,44.0,22.0,5.0,2847.92,3750.82
480.0,79.0,29.0,32.0,6.0,2377.51,3704.15
480.0,74.0,24.0,38.0,7.0,2333.11,3883.0
480.0,83.0,28.0,26.0,5.0,2153.48,3213.37
480.0,75.0,23.0,35.0,8.0,2224.81,3825.09
480.0,76.0,21.0,35.0,9.0,2204.41,3888.14
480.0,82.0,1.0,47.0,4.0,1140.92,3018.29
480.0,81.0,0.0,50.0,7.0,1324.81,3416.15
480.0,75.0,0.0,43.0,8.0,1258.23,3139.38
480.0,81.0,1.0,47.0,7.0,1318.48,3308.78
480.0,80.0,0.0,53.0,6.0,1324.12,3490.32
480.0,88.0,43.0,30.0,6.0,3086.26,4178.61
480.0,83.0,40.0,32.0,5.0,2840.21,4045.12
480.0,86.0,36.0,33.0,8.0,2896.38,4212.39
480.0,72.0,42.0,24.0,4.0,2681.13,3630.76
480.0,70.0,35.0,27.0,7.0,2616.35,3765.79
480.0,79.0,5.0,42.0,5.0,1294.54,3078.91
480.0,78.0,2.0,43.0,8.0,1330.61,3227.27
480.0,77.0,5.0,32.0,10.0,1405.33,3019.89
480.0,72.0,3.0,48.0,2.0,1131.05,2986.0
480.0,77.0,1.0,45.0,6.0,1243.98,3122.17
480.0,70.0,22.0,20.0,6.0,1800.71,2751.98
480.0,75.0,26.0,17.0,6.0,1961.61,2762.8
480.0,83.0,23.0,18.0,6.0,1817.25,2653.53
480.0,75.0,29.0,16.0,3.0,1890.2,2593.8
480.0,73.0,19.0,25.0,4.0,1687.68,2723.22
480.0,70.0,40.0,4.0,4.0,2309.72,2346.68
480.0,75.0,44.0,0.0,3.0,2352.81,2118.95
480.0,85.0,41.0,2.0,3.0,2271.4,2133.81
480.0,69.0,38.0,8.0,3.0,2205.36,2389.99
480.0,73.0,44.0,2.0,1.0,2254.37,2117.06
480.0,92.0,0.0,50.0,11.0,1557.93,3783.24
480.0,73.0,0.0,50.0,9.0,1431.35,3583.34
480.0,78.0,1.0,44.0,14.0,1666.51,3775.52
480.0,78.0,1.0,58.0,4.0,1325.38,3548.14
480.0,78.0,0.0,53.0,7.0,1374.45,3572.15
480.0,78.0,42.0,8.0,4.0,2461.49,2704.28
480.0,76.0,44.0,6.0,2.0,2422.37,2480.97
480.0,77.0,42.0,4.0,5.0,2473.71,2470.31
480.0,79.0,43.0,7.0,3.0,2476.4,2540.14
480.0,69.0,39.0,8.0,5.0,2446.09,2650.97
480.0,76.0,0.0,38.0,11.0,1335.59,3109.68
480.0,78.0,3.0,39.0,6.0,1208.41,2857.39
480.0,78.0,0.0,38.0,9.0,1211.37,2889.83
480.0,80.0,1.0,43.0,7.0,1232.9,3032.89
480.0,69.0,0.0,46.0,4.0,1068.42,2881.25
480.0,82.0,3.0,49.0,8.0,1535.82,3663.79
480.0,71.0,3.0,50.0,9.0,1637.79,3806.34
480.0,79.0,2.0,45.0,11.0,1580.5,3592.49
480.0,84.0,2.0,52.0,6.0,1391.23,3508.06
480.0,71.0,2.0,52.0,4.0,1271.04,3319.63
480.0,74.0,25.0,23.0,4.0,1847.45,2856.09
480.0,74.0,20.0,25.0,5.0,1767.44,2871.7
480.0,91.0,23.0,17.0,8.0,1992.21,2786.83
480.0,87.0,22.0,27.0,2.0,1690.79,2751.62
480.0,67.0,19.0,27.0,3.0,1562.97,2715.51
480.0,76.0,23.0,33.0,4.0,1959.59,3294.19
480.0,78.0,26.0,25.0,8.0,2271.06,3404.82
480.0,86.0,22.0,28.0,7.0,2113.49,3224.91
480.0,78.0,20.0,32.0,6.0,1919.49,3291.85
480.0,72.0,24.0,32.0,3.0,2006.19,3175.32
480.0,75.0,15.0,25.0,8.0,1730.68,2875.73
480.0,74.0,18.0,26.0,5.0,1649.98,2764.46
480.0,77.0,22.0,21.0,5.0,1779.85,2690.5
480.0,75.0,24.0,23.0,1.0,1654.42,2547.34
480.0,83.0,19.0,27.0,3.0,1636.22,2717.8
480.0,68.0,38.0,5.0,5.0,2326.56,2397.47
480.0,82.0,35.0,7.0,4.0,2191.65,2322.45
480.0,85.0,36.0,8.0,2.0,2070.74,2237.71
480.0,77.0,40.0,7.0,1.0,2125.48,2288.8
480.0,81.0,36.0,6.0,5.0,2207.18,2428.34
480.0,75.0,21.0,26.0,7.0,1942.64,3095.23
480.0,76.0,25.0,29.0,3.0,1950.49,3091.48
480.0,90.0,29.0,20.0,4.0,2040.24,2880.41
480.0,71.0,26.0,20.0,6.0,2041.21,2922.02
480.0,72.0,17.0,29.0,4.0,1621.06,2809.42
480.0,89.0,44.0,19.0,6.0,2952.41,3762.29
480.0,80.0,40.0,20.0,7.0,2810.64,3642.02
480.0,79.0,44.0,9.0,4.0,2553.58,2881.36
480.0,74.0,44.0,20.0,2.0,2677.26,3336.31
480.0,70.0,44.0,15.0,4.0,2648.54,3254.45
480.0,72.0,15.0,34.0,9.0,1923.28,3464.09
480.0,71.0,26.0,27.0,9.0,2335.78,3557.88
480.0,77.0,28.0,27.0,5.0,2098.52,3265.99
480.0,77.0,26.0,30.0,8.0,2248.29,3638.65
480.0,69.0,14.0,36.0,6.0,1671.27,3231.4
480.0,83.0,2.0,49.0,11.0,1671.42,3941.53
480.0,67.0,3.0,52.0,5.0,1431.58,3554.32
480.0,83.0,3.0,48.0,11.0,1662.65,3876.22
480.0,65.0,2.0,51.0,7.0,1426.62,3549.25
480.0,73.0,3.0,52.0,8.0,1553.05,3766.86
480.0,96.0,42.0,41.0,7.0,3280.63,4793.18
480.0,71.0,30.0,31.0,8.0,2469.76,3837.01
480.0,84.0,41.0,31.0,9.0,3134.98,4389.5
480.0,88.0,38.0,35.0,5.0,2821.59,4145.93
480.0,74.0,35.0,30.0,5.0,2587.03,3802.42
480.0,65.0,1.0,50.0,7.0,1361.2,3461.21
480.0,68.0,2.0,54.0,6.0,1411.62,3607.91
480.0,75.0,1.0,44.0,14.0,1664.73,3899.13
480.0,79.0,1.0,51.0,7.0,1380.47,3519.62
480.0,69.0,0.0,52.0,7.0,1355.38,3578.66
480.0,71.0,39.0,5.0,4.0,2255.91,2392.2
480.0,78.0,39.0,5.0,3.0,2182.83,2260.32
480.0,77.0,37.0,5.0,5.0,2230.16,2371.95
480.0,69.0,41.0,4.0,3.0,2314.41,2292.54
480.0,72.0,39.0,8.0,3.0,2235.68,2451.28
480.0,78.0,1.0,45.0,9.0,1394.04,3334.64
480.0,74.0,2.0,50.0,8.0,1457.62,3529.61
480.0,74.0,0.0,44.0,8.0,1268.28,3149.72
480.0,79.0,1.0,48.0,6.0,1311.25,3308.43
480.0,78.0,1.0,54.0,2.0,1140.06,3168.31
480.0,83.0,28.0,35.0,5.0,2264.82,3781.85
480.0,68.0,27.0,33.0,5.0,2188.02,3582.58
480.0,84.0,25.0,27.0,12.0,2465.64,3918.03
480.0,75.0,24.0,37.0,4.0,2144.55,3627.63
480.0,71.0,22.0,32.0,7.0,2098.2,3529.94
480.0,70.0,39.0,4.0,5.0,2347.71,2382.05
480.0,77.0,44.0,0.0,2.0,2315.31,2081.95
480.0,82.0,42.0,0.0,4.0,2378.77,2200.83
480.0,77.0,43.0,1.0,4.0,2437.43,2250.13
480.0,69.0,42.0,3.0,2.0,2241.82,2196.9
480.0,75.0,45.0,1.0,2.0,2354.14,2154.15
480.0,79.0,42.0,0.0,3.0,2384.4,2141.56
480.0,87.0,43.0,0.0,4.0,2413.56,2211.04
480.0,86.0,47.0,2.0,1.0,2387.9,2226.76
480.0,69.0,45.0,1.0,2.0,2325.28,2124.17
480.0,83.0,1.0,56.0,4.0,1350.0,3636.92
480.0,70.0,1.0,54.0,5.0,1324.87,3522.4
480.0,76.0,4.0,45.0,13.0,1820.69,3981.95
480.0,74.0,4.0,56.0,5.0,1496.97,3736.47
480.0,84.0,1.0,58.0,2.0,1215.12,3476.09
480.0,76.0,45.0,3.0,6.0,2672.81,2820.7
480.0,83.0,43.0,4.0,2.0,2411.27,2430.05
480.0,73.0,41.0,6.0,2.0,2260.41,2358.02
480.0,71.0,37.0,8.0,7.0,2565.9,2913.6
480.0,75.0,38.0,7.0,3.0,2167.88,2382.09
480.0,75.0,4.0,47.0,11.0,1732.37,3918.54
480.0,63.0,1.0,55.0,4.0,1265.34,3387.83
480.0,83.0,4.0,44.0,14.0,1843.53,4046.87
480.0,89.0,4.0,56.0,4.0,1491.1,3780.95
480.0,77.0,2.0,53.0,7.0,1466.39,3706.88
480.0,84.0,0.0,48.0,6.0,1235.26,3224.62
480.0,83.0,1.0,51.0,6.0,1327.1,3404.28
480.0,75.0,0.0,43.0,8.0,1258.23,3138.0
480.0,81.0,1.0,50.0,5.0,1247.46,3252.73
480.0,69.0,0.0,47.0,6.0,1190.46,3106.43
480.0,76.0,21.0,37.0,10.0,2392.94,4077.0
480.0,71.0,30.0,33.0,6.0,2371.38,3802.29
480.0,79.0,30.0,36.0,5.0,2418.7,3883.39
480.0,87.0,27.0,41.0,7.0,2523.43,4209.08
480.0,76.0,24.0,43.0,4.0,2339.27,3993.07
480.0,85.0,5.0,41.0,4.0,1214.13,2875.04
480.0,73.0,10.0,33.0,6.0,1413.13,2875.44
480.0,75.0,12.0,25.0,10.0,1676.38,2999.54
480.0,82.0,9.0,33.0,7.0,1493.17,3060.77
480.0,68.0,6.0,38.0,5.0,1267.75,2861.49
480.0,81.0,0.0,53.0,5.0,1259.2,3365.65
480.0,87.0,1.0,50.0,7.0,1370.23,3467.77
480.0,74.0,0.0,44.0,8.0,1268.28,3176.51
480.0,80.0,0.0,51.0,7.0,1345.43,3456.81
480.0,75.0,0.0,52.0,6.0,1281.54,3365.92
480.0,72.0,14.0,42.0,8.0,1907.66,3747.34
480.0,74.0,11.0,47.0,7.0,1775.58,3711.4
480.0,81.0,20.0,31.0,8.0,2014.16,3444.89
480.0,94.0,9.0,47.0,8.0,1834.38,3757.49
480.0,67.0,14.0,40.0,8.0,1927.9,3671.44
480.0,75.0,15.0,25.0,8.0,1730.68,2874.81
480.0,82.0,18.0,27.0,2.0,1461.51,2537.68
480.0,78.0,13.0,27.0,8.0,1634.04,2871.47
480.0,70.0,22.0,26.0,1.0,1628.6,2605.59
480.0,73.0,16.0,30.0,3.0,1481.77,2719.54
480.0,91.0,42.0,28.0,10.0,3265.31,4439.75
480.0,74.0,36.0,27.0,6.0,2701.1,3791.02
480.0,77.0,45.0,18.0,6.0,2919.7,3769.31
480.0,94.0,38.0,33.0,8.0,3011.79,4419.28
480.0,86.0,42.0,32.0,6.0,3073.78,4278.55
480.0,89.0,45.0,10.0,4.0,2632.98,3124.29
480.0,73.0,40.0,11.0,7.0,2692.68,3188.7
480.0,83.0,44.0,8.0,4.0,2542.55,2949.12
480.0,74.0,46.0,9.0,4.0,2658.55,3102.94
480.0,76.0,47.0,8.0,3.0,2602.42,2965.48
480.0,71.0,2.0,51.0,7.0,1480.35,3661.31
480.0,74.0,0.0,47.0,13.0,1646.51,3871.63
480.0,80.0,1.0,46.0,13.0,1647.03,3876.42
480.0,87.0,0.0,54.0,8.0,1439.4,3783.43
480.0,73.0,2.0,52.0,7.0,1498.82,3743.73
480.0,75.0,1.0,46.0,9.0,1413.02,3450.13
480.0,74.0,1.0,47.0,12.0,1605.35,3834.19
480.0,78.0,0.0,49.0,6.0,1271.52,3287.02
480.0,79.0,1.0,51.0,7.0,1380.47,3507.68
480.0,71.0,2.0,52.0,4.0,1271.04,3353.06
480.0,72.0,16.0,43.0,7.0,1953.11,3857.05
480.0,74.0,16.0,45.0,8.0,2075.74,4030.53
480.0,86.0,26.0,32.0,11.0,2499.03,4125.7
480.0,75.0,18.0,36.0,8.0,2068.71,3732.66
480.0,77.0,18.0,41.0,7.0,2070.17,3918.64
480.0,93.0,30.0,51.0,7.0,2811.5,4845.36
480.0,65.0,21.0,38.0,4.0,1992.62,3506.63
480.0,84.0,32.0,31.0,17.0,3351.47,4915.58
480.0,78.0,30.0,36.0,7.0,2589.11,4084.85
480.0,75.0,36.0,27.0,8.0,2756.48,3993.51
480.0,65.0,23.0,26.0,2.0,1686.61,2820.25
480.0,74.0,23.0,26.0,2.0,1693.91,2766.74
480.0,88.0,24.0,24.0,3.0,1855.82,2823.92
480.0,77.0,21.0,25.0,6.0,1914.16,3085.99
480.0,71.0,14.0,29.0,6.0,1590.99,2923.98
480.0,90.0,37.0,41.0,8.0,3057.46,4696.75
480.0,70.0,17.0,37.0,10.0,2300.25,3886.82
480.0,81.0,34.0,32.0,12.0,3042.72,4506.54
480.0,71.0,22.0,40.0,2.0,1921.26,3475.17
480.0,74.0,26.0,39.0,7.0,2370.49,4093.31
480.0,85.0,35.0,36.0,6.0,2772.75,4146.63
480.0,68.0,27.0,32.0,5.0,2244.33,3551.6
480.0,89.0,43.0,32.0,8.0,3129.05,4459.68
480.0,76.0,27.0,36.0,8.0,2508.08,3980.9
480.0,65.0,29.0,23.0,7.0,2340.18,3467.78
480.0,79.0,34.0,31.0,8.0,2736.15,4016.14
480.0,62.0,22.0,25.0,13.0,2394.22,3646.64
480.0,70.0,33.0,17.0,10.0,2503.24,3501.57
480.0,87.0,32.0,33.0,13.0,2978.66,4485.34
480.0,70.0,28.0,28.0,9.0,2453.96,3722.78
480.0,85.0,10.0,55.0,6.0,1848.41,4121.4
480.0,65.0,8.0,44.0,7.0,1642.04,3654.05
480.0,80.0,14.0,48.0,9.0,2086.36,4158.73
480.0,82.0,11.0,52.0,7.0,1906.7,4140.42
480.0,70.0,10.0,52.0,6.0,1768.46,3942.3
480.0,85.0,22.0,52.0,5.0,2310.2,4420.68
480.0,67.0,13.0,41.0,8.0,1860.59,3715.99
480.0,80.0,29.0,32.0,17.0,3031.6,4652.87
480.0,87.0,24.0,45.0,8.0,2541.84,4351.58
480.0,80.0,25.0,46.0,6.0,2494.8,4324.23
480.0,76.0,43.0,25.0,4.0,2745.0,3740.77
480.0,81.0,44.0,23.0,3.0,2754.09,3615.57
480.0,78.0,42.0,19.0,7.0,2852.11,3599.11
480.0,84.0,42.0,22.0,5.0,2812.82,3634.07
480.0,70.0,35.0,24.0,3.0,2370.06,3286.02
480.0,95.0,44.0,35.0,3.0,2953.76,4196.54
480.0,74.0,35.0,29.0,6.0,2642.18,3832.61
480.0,76.0,39.0,18.0,10.0,2953.55,3760.14
480.0,88.0,42.0,28.0,6.0,2909.85,4001.12
480.0,80.0,35.0,34.0,5.0,2652.11,4006.37
480.0,79.0,48.0,0.0,0.0,2321.61,2247.9
480.0,81.0,43.0,0.0,4.0,2410.06,2367.9
480.0,85.0,42.0,0.0,5.0,2446.46,2399.32
480.0,70.0,48.0,0.0,1.0,2376.99,2262.97
480.0,86.0,43.0,0.0,4.0,2495.39,2446.92
480.0,74.0,0.0,47.0,2.0,976.01,2757.8
480.0,76.0,1.0,42.0,4.0,1043.07,2710.4
480.0,78.0,0.0,38.0,9.0,1211.37,2891.34
480.0,78.0,0.0,43.0,6.0,1142.72,2924.79
480.0,76.0,0.0,45.0,4.0,1068.49,2868.33
480.0,83.0,44.0,32.0,3.0,2926.19,4051.12
480.0,73.0,31.0,34.0,6.0,2466.03,3860.11
480.0,72.0,34.0,27.0,8.0,2686.43,3843.68
480.0,97.0,39.0,35.0,9.0,3112.31,4546.11
480.0,72.0,30.0,34.0,5.0,2384.66,3793.56
480.0,88.0,7.0,39.0,4.0,1287.54,2914.45
480.0,74.0,1.0,41.0,7.0,1195.05,2972.99
480.0,86.0,5.0,36.0,8.0,1351.79,2956.5
480.0,75.0,3.0,40.0,7.0,1285.55,3037.38
480.0,80.0,2.0,45.0,4.0,1145.3,2950.79
480.0,74.0,7.0,49.0,7.0,1662.51,3818.14
480.0,67.0,7.0,48.0,7.0,1645.55,3723.8
480.0,80.0,16.0,48.0,11.0,2331.49,4379.2
480.0,71.0,8.0,53.0,2.0,1490.68,3534.05
480.0,82.0,4.0,47.0,11.0,1721.29,3955.04
480.0,81.0,12.0,44.0,11.0,2059.01,4094.08
480.0,72.0,12.0,52.0,4.0,1743.84,3791.99
480.0,90.0,14.0,46.0,11.0,2211.35,4280.51
480.0,86.0,8.0,56.0,7.0,1831.42,4080.63
480.0,72.0,7.0,48.0,10.0,1870.61,3946.73
480.0,75.0,5.0,46.0,9.0,1605.83,3627.66
480.0,77.0,3.0,51.0,9.0,1622.89,3776.99
480.0,80.0,1.0,45.0,11.0,1529.72,3533.83
480.0,84.0,2.0,52.0,6.0,1391.23,3515.0
480.0,71.0,2.0,52.0,4.0,1271.04,3326.08
480.0,64.0,28.0,20.0,8.0,2286.34,3193.83
480.0,73.0,29.0,28.0,7.0,2414.76,3532.07
480.0,73.0,28.0,21.0,12.0,2516.48,3564.33
480.0,77.0,39.0,18.0,5.0,2603.05,3234.55
480.0,82.0,30.0,30.0,5.0,2283.4,3543.12
480.0,80.0,31.0,19.0,4.0,2146.71,2880.96
480.0,80.0,28.0,29.0,7.0,2408.57,3629.5
480.0,72.0,29.0,18.0,2.0,1819.71,2570.03
480.0,86.0,31.0,21.0,5.0,2229.25,3149.09
480.0,79.0,30.0,32.0,3.0,2251.04,3444.58
480.0,71.0,15.0,38.0,10.0,2017.1,3793.35
480.0,71.0,16.0,44.0,6.0,1915.19,3758.58
480.0,84.0,22.0,33.0,6.0,2048.47,3473.64
480.0,88.0,18.0,48.0,4.0,2030.17,3933.43
480.0,85.0,19.0,44.0,9.0,2269.07,4175.89
480.0,76.0,27.0,27.0,4.0,2131.84,3193.16
480.0,70.0,28.0,22.0,6.0,2119.64,3152.07
480.0,79.0,34.0,18.0,4.0,2240.22,3005.49
480.0,72.0,32.0,20.0,4.0,2244.17,3005.97
480.0,69.0,30.0,23.0,4.0,2130.11,3051.63
480.0,91.0,40.0,35.0,10.0,3209.89,4671.25
480.0,68.0,25.0,32.0,6.0,2233.34,3545.66
480.0,78.0,35.0,28.0,13.0,3119.12,4372.21
480.0,87.0,40.0,33.0,9.0,3156.16,4524.01
480.0,74.0,39.0,28.0,2.0,2531.3,3629.73
480.0,80.0,0.0,54.0,7.0,1396.89,3627.02
480.0,75.0,0.0,48.0,11.0,1514.02,3639.53
480.0,81.0,0.0,46.0,11.0,1476.63,3531.77
480.0,84.0,0.0,55.0,6.0,1358.41,3577.58
480.0,76.0,0.0,50.0,9.0,1475.33,3643.58
480.0,78.0,14.0,46.0,6.0,1899.72,3887.79
480.0,72.0,12.0,52.0,4.0,1743.84,3798.4
480.0,81.0,9.0,46.0,10.0,1890.57,4010.33
480.0,91.0,5.0,57.0,6.0,1688.57,3960.9
480.0,73.0,6.0,48.0,11.0,1834.66,3979.69
480.0,80.0,5.0,39.0,5.0,1248.98,2901.89
480.0,80.0,6.0,38.0,5.0,1271.82,2896.05
480.0,87.0,12.0,28.0,7.0,1504.54,2843.47
480.0,87.0,3.0,42.0,5.0,1221.15,2972.08
480.0,75.0,5.0,36.0,7.0,1323.96,2902.27
480.0,89.0,18.0,55.0,5.0,2174.4,4324.94
480.0,88.0,13.0,50.0,10.0,2158.36,4316.28
480.0,87.0,14.0,47.0,12.0,2289.53,4360.26
480.0,87.0,5.0,55.0,7.0,1687.01,3950.75
480.0,72.0,4.0,50.0,11.0,1758.98,3954.61
480.0,85.0,41.0,22.0,12.0,3178.65,4204.94
480.0,71.0,36.0,25.0,8.0,2730.31,3775.02
480.0,95.0,41.0,30.0,7.0,3065.32,4143.41
480.0,87.0,38.0,27.0,6.0,2735.81,3857.73
480.0,69.0,37.0,16.0,9.0,2677.98,3436.32
480.0,78.0,41.0,27.0,4.0,2713.68,3751.16
480.0,67.0,32.0,21.0,5.0,2346.72,3280.76
480.0,81.0,34.0,30.0,13.0,3080.27,4414.16
480.0,94.0,39.0,32.0,10.0,3183.06,4510.41
480.0,79.0,39.0,31.0,7.0,2923.35,4128.35
480.0,85.0,23.0,49.0,7.0,2409.14,4430.61
480.0,79.0,30.0,40.0,5.0,2475.3,4122.21
480.0,87.0,38.0,36.0,10.0,3079.54,4658.54
480.0,87.0,29.0,35.0,12.0,2904.75,4468.2
480.0,84.0,23.0,47.0,8.0,2559.73,4489.2
480.0,85.0,40.0,30.0,7.0,2998.61,4278.74
480.0,72.0,37.0,26.0,5.0,2612.93,3594.24
480.0,80.0,39.0,27.0,11.0,3144.94,4263.65
480.0,91.0,42.0,28.0,11.0,3290.18,4533.69
480.0,69.0,34.0,24.0,7.0,2550.5,3556.62
480.0,87.0,42.0,28.0,10.0,3235.42,4349.27
480.0,73.0,36.0,27.0,9.0,2933.86,3922.29
480.0,73.0,35.0,26.0,9.0,2719.89,3842.1
480.0,90.0,33.0,34.0,10.0,2875.72,4296.31
480.0,76.0,41.0,24.0,8.0,2854.19,3987.48
480.0,71.0,44.0,3.0,5.0,2579.88,2575.95
480.0,75.0,43.0,4.0,3.0,2395.16,2444.66
480.0,75.0,42.0,6.0,2.0,2322.03,2399.08
480.0,76.0,45.0,8.0,2.0,2475.89,2704.16
480.0,71.0,44.0,6.0,5.0,2603.33,2710.32
480.0,67.0,37.0,14.0,3.0,2222.21,2740.73
480.0,74.0,34.0,14.0,7.0,2437.42,3001.59
480.0,77.0,33.0,16.0,2.0,1965.92,2611.07
480.0,87.0,38.0,13.0,5.0,2484.7,2921.84
480.0,74.0,35.0,18.0,2.0,2195.43,2809.92
480.0,77.0,26.0,42.0,5.0,2324.42,4006.8
480.0,71.0,25.0,38.0,4.0,2205.66,3730.68
480.0,78.0,35.0,28.0,10.0,2865.15,4295.66
480.0,94.0,37.0,41.0,5.0,2846.88,4425.13
480.0,78.0,29.0,38.0,7.0,2590.8,4219.06
480.0,70.0,35.0,9.0,5.0,2229.55,2546.35
480.0,87.0,33.0,11.0,4.0,2126.53,2453.82
480.0,86.0,28.0,16.0,3.0,1869.38,2512.67
480.0,69.0,33.0,16.0,4.0,2119.77,2763.73
480.0,75.0,30.0,15.0,3.0,1930.54,2462.41
480.0,66.0,0.0,51.0,7.0,1339.77,3519.27
480.0,76.0,1.0,51.0,9.0,1535.98,3762.35
480.0,91.0,2.0,50.0,9.0,1530.67,3808.75
480.0,82.0,1.0,55.0,7.0,1442.81,3750.57
480.0,75.0,0.0,54.0,5.0,1323.03,3579.19
480.0,69.0,44.0,4.0,4.0,2482.67,2492.7
480.0,82.0,41.0,6.0,6.0,2565.37,2641.27
480.0,81.0,43.0,3.0,3.0,2318.96,2348.62
480.0,81.0,44.0,6.0,3.0,2503.75,2561.38
480.0,76.0,41.0,9.0,2.0,2277.53,2507.37
480.0,71.0,27.0,27.0,4.0,2105.11,3201.8
480.0,73.0,29.0,28.0,7.0,2414.76,3507.54
480.0,78.0,28.0,21.0,8.0,2217.59,3219.38
480.0,82.0,30.0,27.0,9.0,2530.32,3744.49
480.0,80.0,23.0,40.0,4.0,2101.0,3701.24
480.0,70.0,40.0,4.0,4.0,2309.72,2378.65
480.0,77.0,42.0,2.0,5.0,2446.24,2395.51
480.0,84.0,42.0,2.0,4.0,2385.5,2349.58
480.0,69.0,38.0,8.0,3.0,2205.36,2414.43
480.0,70.0,41.0,3.0,3.0,2311.34,2271.12
480.0,86.0,44.0,9.0,4.0,2666.97,3075.89
480.0,70.0,44.0,7.0,4.0,2552.86,2827.29
480.0,82.0,40.0,1.0,7.0,2531.34,2626.45
480.0,70.0,46.0,3.0,4.0,2569.52,2695.41
480.0,76.0,46.0,7.0,3.0,2625.28,2954.13
480.0,80.0,44.0,4.0,5.0,2632.16,2743.25
480.0,75.0,46.0,4.0,2.0,2372.62,2511.99
480.0,75.0,42.0,6.0,2.0,2322.03,2394.61
480.0,84.0,45.0,6.0,4.0,2608.06,2676.62
480.0,76.0,44.0,5.0,3.0,2420.78,2577.98
480.0,70.0,11.0,46.0,6.0,1720.66,3699.7
480.0,70.0,12.0,44.0,5.0,1664.72,3570.42
480.0,86.0,20.0,48.0,11.0,2524.34,4586.15
480.0,74.0,14.0,50.0,3.0,1775.73,3778.66
480.0,74.0,9.0,47.0,12.0,1976.25,4167.61
480.0,78.0,19.0,25.0,4.0,1628.92,2700.82
480.0,79.0,16.0,27.0,4.0,1488.48,2662.01
480.0,85.0,22.0,21.0,4.0,1685.56,2623.21
480.0,81.0,18.0,28.0,1.0,1509.05,2685.27
480.0,80.0,17.0,25.0,5.0,1630.51,2754.6
480.0,65.0,36.0,21.0,3.0,2319.03,3105.76
480.0,70.0,38.0,23.0,6.0,2687.18,3551.22
480.0,76.0,39.0,18.0,10.0,2953.55,3728.97
480.0,84.0,38.0,35.0,3.0,2727.7,3919.95
480.0,75.0,42.0,24.0,5.0,2730.83,3723.55
480.0,86.0,7.0,46.0,6.0,1520.09,3452.69
480.0,77.0,3.0,51.0,9.0,1622.89,3776.99
480.0,78.0,4.0,44.0,10.0,1597.83,3554.83
480.0,82.0,6.0,52.0,4.0,1482.92,3526.07
480.0,73.0,5.0,49.0,8.0,1633.42,3778.5
480.0,73.0,4.0,47.0,5.0,1332.35,3208.52
480.0,83.0,7.0,49.0,8.0,1686.82,3741.77
480.0,79.0,8.0,41.0,11.0,1831.82,3651.05
480.0,81.0,6.0,53.0,4.0,1485.23,3564.64
480.0,75.0,6.0,46.0,6.0,1466.39,3342.05
480.0,74.0,5.0,52.0,8.0,1694.17,3920.4
480.0,81.0,3.0,50.0,9.0,1582.34,3807.78
480.0,76.0,7.0,47.0,14.0,2013.15,4180.27
480.0,74.0,3.0,55.0,6.0,1492.63,3736.89
480.0,70.0,3.0,52.0,7.0,1516.34,3717.76
480.0,79.0,40.0,5.0,6.0,2506.69,2577.23
480.0,82.0,42.0,3.0,4.0,2488.55,2478.55
480.0,76.0,39.0,5.0,4.0,2373.61,2444.86
480.0,87.0,42.0,7.0,5.0,2556.41,2741.55
480.0,70.0,40.0,10.0,2.0,2350.14,2646.09
480.0,85.0,37.0,34.0,7.0,2862.55,4239.82
480.0,77.0,31.0,31.0,11.0,2834.52,4161.25
480.0,81.0,37.0,23.0,9.0,2984.85,3900.7
480.0,78.0,36.0,26.0,7.0,2653.32,3771.13
480.0,75.0,33.0,30.0,4.0,2439.3,3584.6
480.0,74.0,35.0,31.0,3.0,2518.46,3669.66
480.0,70.0,33.0,29.0,4.0,2320.22,3489.86
480.0,78.0,39.0,29.0,7.0,2868.78,3994.02
480.0,92.0,41.0,33.0,8.0,3132.6,4426.71
480.0,84.0,37.0,30.0,9.0,2942.43,4226.26
480.0,75.0,39.0,23.0,6.0,2766.3,3702.83
480.0,75.0,38.0,30.0,4.0,2759.0,3834.4
480.0,76.0,43.0,18.0,8.0,2949.23,3770.57
480.0,81.0,41.0,26.0,6.0,2821.94,3954.27
480.0,75.0,33.0,26.0,9.0,2723.94,3870.56
480.0,97.0,43.0,36.0,8.0,3326.34,4740.85
480.0,72.0,36.0,23.0,9.0,2819.53,3808.36
480.0,73.0,40.0,24.0,5.0,2694.81,3669.93
480.0,90.0,42.0,30.0,9.0,3099.35,4454.77
480.0,75.0,36.0,28.0,4.0,2523.82,3688.93
480.0,74.0,46.0,13.0,2.0,2598.31,3095.68
480.0,73.0,38.0,19.0,8.0,2835.89,3593.34
480.0,86.0,40.0,13.0,9.0,2867.37,3521.7
480.0,77.0,44.0,13.0,3.0,2629.85,3100.7
480.0,71.0,45.0,15.0,1.0,2575.17,3074.45
480.0,85.0,6.0,38.0,5.0,1297.71,2847.07
480.0,80.0,5.0,38.0,4.0,1197.57,2773.61
480.0,73.0,2.0,33.0,12.0,1421.97,3011.92
480.0,71.0,2.0,43.0,5.0,1174.86,2927.83
480.0,65.0,6.0,37.0,5.0,1244.35,2785.21
480.0,85.0,43.0,5.0,3.0,2424.12,2404.5
480.0,82.0,41.0,1.0,6.0,2466.19,2322.53
480.0,87.0,41.0,3.0,5.0,2456.36,2351.24
480.0,80.0,46.0,2.0,3.0,2494.28,2399.13
480.0,74.0,37.0,9.0,1.0,2057.54,2292.35
480.0,65.0,39.0,6.0,3.0,2210.38,2344.58
480.0,82.0,38.0,7.0,2.0,2119.85,2273.35
480.0,83.0,33.0,10.0,3.0,1963.38,2412.04
480.0,75.0,34.0,7.0,8.0,2409.07,2757.8
480.0,67.0,41.0,6.0,2.0,2195.21,2317.61
480.0,81.0,32.0,21.0,6.0,2346.3,3211.89
480.0,78.0,25.0,24.0,5.0,1989.86,2998.95
480.0,71.0,31.0,20.0,3.0,2066.51,2779.45
480.0,71.0,30.0,19.0,7.0,2290.72,3096.44
480.0,77.0,28.0,24.0,3.0,1967.48,2956.18
480.0,77.0,43.0,15.0,6.0,2809.13,3357.9
480.0,73.0,42.0,20.0,6.0,2783.02,3581.27
480.0,83.0,46.0,17.0,7.0,2914.54,3694.06
480.0,99.0,44.0,22.0,4.0,2827.31,3623.79
480.0,76.0,43.0,19.0,6.0,2881.92,3655.27
480.0,77.0,34.0,21.0,3.0,2202.84,3065.72
480.0,78.0,25.0,25.0,2.0,1840.09,2827.53
480.0,74.0,23.0,21.0,8.0,2044.36,2986.09
480.0,61.0,26.0,27.0,5.0,2019.17,3252.45
480.0,68.0,17.0,37.0,5.0,1784.59,3365.76
480.0,80.0,20.0,31.0,7.0,1986.38,3310.5
480.0,80.0,14.0,38.0,8.0,1944.98,3601.27
480.0,77.0,21.0,20.0,9.0,1995.58,3057.47
480.0,76.0,13.0,38.0,5.0,1619.13,3172.91
480.0,69.0,14.0,35.0,6.0,1685.06,3184.08
480.0,72.0,1.0,46.0,9.0,1413.02,3450.44
480.0,74.0,1.0,47.0,12.0,1605.35,3835.35
480.0,80.0,1.0,45.0,11.0,1529.72,3585.54
480.0,79.0,1.0,51.0,7.0,1380.47,3508.07
480.0,81.0,0.0,52.0,6.0,1294.32,3440.71
480.0,86.0,43.0,26.0,6.0,2988.67,3960.62
480.0,65.0,36.0,18.0,8.0,2588.27,3422.82
480.0,79.0,43.0,24.0,8.0,3041.22,4011.12
480.0,88.0,37.0,28.0,11.0,3138.97,4272.33
480.0,80.0,38.0,29.0,4.0,2622.98,3782.66
480.0,77.0,17.0,36.0,5.0,1843.68,3357.78
480.0,69.0,26.0,30.0,7.0,2278.65,3522.25
480.0,72.0,22.0,31.0,3.0,1771.9,3065.23
480.0,77.0,25.0,30.0,8.0,2227.12,3656.65
480.0,71.0,23.0,35.0,5.0,2030.91,3515.38
480.0,74.0,47.0,17.0,0.0,2563.31,3136.58
480.0,72.0,40.0,15.0,5.0,2602.12,3324.58
480.0,82.0,44.0,11.0,5.0,2653.9,3200.68
480.0,87.0,45.0,15.0,3.0,2642.44,3198.93
480.0,77.0,44.0,17.0,4.0,2734.18,3424.94
480.0,64.0,0.0,43.0,8.0,1240.5,3138.16
480.0,76.0,2.0,43.0,4.0,1097.21,2848.1
480.0,78.0,0.0,37.0,10.0,1248.91,3024.67
480.0,73.0,0.0,44.0,6.0,1143.02,3019.25
480.0,74.0,0.0,47.0,4.0,1082.72,2977.33
480.0,81.0,28.0,41.0,5.0,2426.51,4148.45
480.0,66.0,18.0,40.0,6.0,1987.14,3600.67
480.0,76.0,28.0,38.0,7.0,2451.71,4102.12
480.0,88.0,32.0,39.0,9.0,2785.12,4497.26
480.0,67.0,20.0,37.0,8.0,2200.35,3791.75
480.0,73.0,26.0,15.0,7.0,1986.77,2707.27
480.0,81.0,28.0,18.0,1.0,1730.24,2371.24
480.0,78.0,22.0,19.0,6.0,1830.84,2658.88
480.0,83.0,20.0,22.0,6.0,1745.98,2778.83
480.0,66.0,27.0,21.0,0.0,1665.95,2479.36
480.0,76.0,27.0,38.0,8.0,2462.5,4137.2
480.0,76.0,31.0,34.0,6.0,2522.01,3922.2
480.0,87.0,34.0,38.0,11.0,3041.48,4716.4
480.0,77.0,27.0,37.0,4.0,2193.22,3728.48
480.0,71.0,18.0,42.0,8.0,2160.82,4031.59
480.0,80.0,3.0,47.0,13.0,1788.34,4056.11
480.0,74.0,3.0,51.0,8.0,1540.44,3766.1
480.0,74.0,1.0,46.0,13.0,1640.28,3824.56
480.0,84.0,4.0,57.0,4.0,1500.41,3805.71
480.0,81.0,3.0,57.0,2.0,1307.91,3560.01
480.0,75.0,45.0,1.0,2.0,2354.14,2159.99
480.0,79.0,42.0,0.0,3.0,2384.4,2149.31
480.0,87.0,43.0,0.0,4.0,2413.56,2220.75
480.0,86.0,47.0,2.0,1.0,2387.9,2230.7
480.0,69.0,45.0,1.0,2.0,2325.28,2130.02
480.0,67.0,35.0,8.0,5.0,2258.83,2441.72
480.0,77.0,44.0,0.0,2.0,2315.31,2072.28
480.0,80.0,39.0,6.0,2.0,2132.74,2210.69
480.0,69.0,40.0,5.0,3.0,2287.94,2305.31
480.0,74.0,40.0,6.0,2.0,2183.61,2235.51
480.0,78.0,0.0,49.0,12.0,1600.24,3870.43
480.0,76.0,0.0,52.0,7.0,1359.16,3584.58
480.0,70.0,0.0,47.0,11.0,1496.37,3647.57
480.0,69.0,0.0,54.0,6.0,1321.31,3517.64
480.0,87.0,0.0,57.0,3.0,1207.86,3503.16
480.0,78.0,1.0,50.0,8.0,1421.57,3498.2
480.0,71.0,1.0,48.0,12.0,1600.31,3738.77
480.0,82.0,0.0,50.0,7.0,1384.3,3417.76
480.0,84.0,2.0,52.0,6.0,1391.23,3494.41
480.0,85.0,2.0,51.0,7.0,1431.29,3546.66
480.0,80.0,38.0,33.0,5.0,2749.05,4011.37
480.0,69.0,28.0,31.0,5.0,2290.05,3520.59
480.0,84.0,32.0,38.0,10.0,2878.0,4517.54
480.0,80.0,31.0,33.0,8.0,2637.69,4060.96
480.0,79.0,39.0,31.0,7.0,2923.35,4105.44
480.0,75.0,33.0,29.0,5.0,2608.56,3762.69
480.0,71.0,27.0,30.0,10.0,2548.47,3894.52
480.0,87.0,38.0,34.0,12.0,3279.36,4668.83
480.0,94.0,40.0,37.0,5.0,2976.85,4345.47
480.0,66.0,29.0,29.0,5.0,2229.67,3445.91
480.0,76.0,46.0,4.0,5.0,2648.2,2809.82
480.0,75.0,45.0,5.0,7.0,2715.88,3020.53
480.0,73.0,41.0,3.0,7.0,2574.3,2687.53
480.0,76.0,46.0,5.0,3.0,2544.25,2643.72
480.0,75.0,44.0,8.0,5.0,2656.61,2919.34
480.0,93.0,34.0,44.0,8.0,2963.99,4647.09
480.0,58.0,27.0,25.0,6.0,2093.91,3217.56
480.0,83.0,38.0,32.0,8.0,2985.79,4198.44
480.0,86.0,38.0,33.0,6.0,2821.09,4142.7
480.0,70.0,35.0,28.0,6.0,2507.43,3708.14
480.0,93.0,45.0,32.0,7.0,3227.38,4507.87
480.0,73.0,34.0,27.0,6.0,2523.59,3788.65
480.0,86.0,42.0,28.0,9.0,3077.91,4353.11
480.0,81.0,34.0,30.0,7.0,2685.85,3932.04
480.0,75.0,39.0,24.0,5.0,2623.22,3699.93
480.0,75.0,25.0,41.0,6.0,2321.92,4047.29
480.0,71.0,26.0,31.0,9.0,2322.01,3855.46
480.0,80.0,30.0,35.0,12.0,2861.5,4444.18
480.0,89.0,30.0,42.0,7.0,2704.73,4479.52
480.0,70.0,20.0,43.0,7.0,2160.91,3996.92
480.0,71.0,39.0,5.0,4.0,2255.91,2457.75
480.0,81.0,39.0,6.0,3.0,2238.81,2415.54
480.0,80.0,39.0,6.0,2.0,2133.94,2257.94
480.0,69.0,41.0,4.0,3.0,2314.41,2343.2
480.0,70.0,39.0,5.0,3.0,2252.81,2312.74
480.0,76.0,1.0,42.0,5.0,1113.89,2873.69
480.0,78.0,2.0,40.0,5.0,1122.03,2809.57
480.0,83.0,0.0,39.0,7.0,1147.21,2881.48
480.0,80.0,0.0,39.0,9.0,1242.24,3032.81
480.0,68.0,1.0,42.0,4.0,1062.36,2786.41
480.0,71.0,26.0,18.0,5.0,1950.79,2840.59
480.0,77.0,14.0,32.0,6.0,1631.18,3056.3
480.0,74.0,26.0,15.0,7.0,1966.0,2794.11
480.0,78.0,25.0,25.0,4.0,1933.61,2928.38
480.0,68.0,17.0,28.0,2.0,1461.65,2617.54
480.0,78.0,47.0,4.0,4.0,2583.33,2672.78
480.0,74.0,43.0,7.0,4.0,2457.81,2673.72
480.0,89.0,40.0,7.0,6.0,2541.93,2787.85
480.0,83.0,46.0,9.0,3.0,2590.63,2806.4
480.0,74.0,47.0,10.0,2.0,2556.5,2831.48
480.0,66.0,36.0,8.0,4.0,2162.99,2514.29
480.0,82.0,38.0,8.0,1.0,2026.78,2301.48
480.0,83.0,29.0,12.0,4.0,2005.13,2561.67
480.0,77.0,39.0,7.0,2.0,2154.08,2377.48
480.0,71.0,37.0,9.0,2.0,2060.62,2387.05
480.0,88.0,45.0,21.0,6.0,2958.2,3804.84
480.0,84.0,40.0,25.0,3.0,2635.89,3578.77
480.0,77.0,44.0,9.0,5.0,2630.72,3084.16
480.0,78.0,45.0,15.0,4.0,2697.35,3275.14
480.0,81.0,47.0,19.0,6.0,2969.46,3742.56
480.0,77.0,0.0,50.0,6.0,1264.54,3296.87
480.0,87.0,1.0,50.0,7.0,1370.23,3459.4
480.0,78.0,0.0,51.0,5.0,1207.39,3227.27
480.0,89.0,0.0,56.0,4.0,1288.6,3476.74
480.0,73.0,0.0,53.0,4.0,1187.13,3249.74
480.0,86.0,29.0,27.0,4.0,2132.62,3239.77
480.0,75.0,25.0,30.0,4.0,2051.39,3237.99
480.0,81.0,31.0,15.0,7.0,2251.42,2984.12
480.0,75.0,21.0,30.0,5.0,1891.84,3169.63
480.0,72.0,22.0,27.0,7.0,1970.72,3221.22
480.0,84.0,3.0,39.0,10.0,1436.96,3234.69
480.0,77.0,3.0,40.0,8.0,1397.94,3228.0
480.0,82.0,1.0,38.0,9.0,1259.88,2974.88
480.0,71.0,4.0,44.0,4.0,1213.07,2968.81
480.0,68.0,0.0,46.0,6.0,1185.44,3093.36
480.0,83.0,6.0,50.0,11.0,1830.46,4113.95
480.0,71.0,11.0,48.0,8.0,1948.38,4020.59
480.0,81.0,16.0,49.0,6.0,1994.48,4064.72
480.0,72.0,3.0,55.0,8.0,1705.32,3916.87
480.0,79.0,6.0,52.0,8.0,1698.14,3957.81
480.0,73.0,28.0,39.0,3.0,2247.41,3780.11
480.0,71.0,21.0,35.0,8.0,2184.07,3786.21
480.0,75.0,26.0,39.0,6.0,2308.22,3978.67
480.0,82.0,27.0,35.0,11.0,2691.58,4395.86
480.0,74.0,21.0,45.0,7.0,2218.72,4168.47
480.0,82.0,0.0,54.0,7.0,1399.35,3696.44
480.0,68.0,1.0,46.0,13.0,1652.99,3827.98
480.0,86.0,3.0,47.0,12.0,1701.97,3931.59
480.0,73.0,1.0,52.0,7.0,1406.24,3612.97
480.0,69.0,0.0,54.0,6.0,1332.14,3552.54
480.0,83.0,38.0,33.0,6.0,2899.46,4105.73
480.0,73.0,30.0,28.0,9.0,2649.87,3800.53
480.0,80.0,24.0,39.0,13.0,2793.91,4523.64
480.0,78.0,22.0,39.0,9.0,2332.09,4059.55
480.0,78.0,34.0,37.0,2.0,2451.76,3818.41
480.0,68.0,1.0,40.0,7.0,1190.12,2917.7
480.0,80.0,4.0,40.0,4.0,1157.7,2768.87
480.0,78.0,0.0,38.0,9.0,1211.37,2907.71
480.0,78.0,0.0,43.0,6.0,1142.72,2938.72
480.0,76.0,1.0,44.0,4.0,1096.56,2880.76
480.0,76.0,21.0,24.0,4.0,1704.52,2712.26
480.0,84.0,17.0,27.0,4.0,1607.5,2743.8
480.0,86.0,18.0,22.0,8.0,1813.81,2886.82
480.0,78.0,18.0,27.0,4.0,1624.59,2772.36
480.0,66.0,17.0,29.0,4.0,1576.43,2836.75
480.0,81.0,16.0,38.0,6.0,1837.87,3457.59
480.0,77.0,8.0,47.0,6.0,1616.92,3541.52
480.0,82.0,6.0,43.0,6.0,1430.26,3267.3
480.0,80.0,5.0,57.0,3.0,1445.74,3624.03
480.0,77.0,12.0,48.0,5.0,1740.92,3715.0
480.0,90.0,37.0,41.0,8.0,3057.46,4696.56
480.0,65.0,23.0,32.0,5.0,2135.99,3428.88
480.0,81.0,34.0,32.0,12.0,3042.72,4506.16
480.0,71.0,20.0,41.0,5.0,2042.76,3688.03
480.0,74.0,26.0,39.0,7.0,2370.49,4092.95
480.0,78.0,43.0,0.0,5.0,2509.21,2337.85
480.0,79.0,42.0,0.0,3.0,2384.4,2183.59
480.0,85.0,42.0,0.0,4.0,2390.69,2192.87
480.0,79.0,45.0,0.0,4.0,2491.97,2299.06
480.0,73.0,44.0,0.0,3.0,2403.37,2189.03
480.0,80.0,31.0,19.0,4.0,2146.71,2880.17
480.0,80.0,28.0,29.0,7.0,2408.57,3628.71
480.0,72.0,29.0,18.0,2.0,1819.71,2569.05
480.0,86.0,31.0,21.0,5.0,2229.25,3148.11
480.0,79.0,30.0,32.0,3.0,2251.32,3448.29
480.0,93.0,41.0,11.0,9.0,2880.94,3407.0
480.0,71.0,45.0,4.0,5.0,2578.07,2763.57
480.0,81.0,41.0,6.0,6.0,2576.53,2806.32
480.0,85.0,44.0,10.0,5.0,2690.5,3117.96
480.0,72.0,47.0,12.0,1.0,2560.44,3002.02
480.0,78.0,35.0,30.0,6.0,2750.94,4014.71
480.0,86.0,33.0,34.0,8.0,2768.23,4138.24
480.0,79.0,35.0,32.0,7.0,2788.83,4037.25
480.0,87.0,29.0,42.0,5.0,2537.6,4090.34
480.0,80.0,38.0,34.0,5.0,2794.83,4068.7
480.0,81.0,45.0,26.0,3.0,2860.14,3726.13
480.0,67.0,24.0,26.0,12.0,2490.23,3679.08
480.0,84.0,29.0,37.0,14.0,3047.55,4591.17
480.0,91.0,37.0,36.0,9.0,3131.96,4536.04
480.0,75.0,29.0,32.0,8.0,2503.57,3865.11
480.0,72.0,4.0,48.0,4.0,1290.86,3180.97
480.0,78.0,2.0,50.0,4.0,1223.18,3160.64
480.0,81.0,4.0,40.0,6.0,1260.21,2940.2
480.0,77.0,2.0,49.0,5.0,1279.82,3256.74
480.0,80.0,3.0,47.0,4.0,1226.07,3091.05
480.0,77.0,0.0,56.0,6.0,1353.7,3638.46
480.0,80.0,0.0,47.0,13.0,1647.85,3870.4
480.0,90.0,0.0,49.0,10.0,1475.8,3732.66
480.0,82.0,0.0,52.0,9.0,1477.33,3744.45
480.0,86.0,0.0,50.0,9.0,1449.52,3719.74
480.0,70.0,40.0,4.0,4.0,2309.72,2344.41
480.0,77.0,44.0,0.0,2.0,2315.31,2081.47
480.0,85.0,41.0,2.0,3.0,2271.4,2132.91
480.0,75.0,39.0,5.0,4.0,2325.5,2360.12
480.0,73.0,44.0,2.0,1.0,2254.37,2108.49
480.0,83.0,27.0,30.0,6.0,2261.48,3526.56
480.0,74.0,29.0,25.0,7.0,2260.03,3393.62
480.0,77.0,23.0,26.0,8.0,2063.84,3329.22
480.0,78.0,22.0,31.0,5.0,1914.38,3332.21
480.0,77.0,20.0,38.0,4.0,1936.69,3502.19
480.0,73.0,32.0,18.0,4.0,2132.95,2890.71
480.0,79.0,28.0,28.0,7.0,2332.79,3483.49
480.0,81.0,28.0,22.0,7.0,2217.89,3269.25
480.0,74.0,30.0,22.0,10.0,2503.38,3592.9
480.0,77.0,24.0,31.0,5.0,2079.44,3291.08
480.0,71.0,1.0,42.0,4.0,1100.15,2830.51
480.0,78.0,2.0,40.0,5.0,1122.03,2770.13
480.0,78.0,0.0,38.0,9.0,1212.1,2892.33
480.0,83.0,1.0,41.0,6.0,1150.97,2872.29
480.0,73.0,0.0,44.0,3.0,991.35,2718.06
480.0,78.0,4.0,52.0,4.0,1370.44,3429.51
480.0,82.0,1.0,47.0,8.0,1403.76,3506.61
480.0,82.0,6.0,43.0,8.0,1538.31,3496.41
480.0,78.0,5.0,50.0,5.0,1458.2,3526.11
480.0,75.0,2.0,47.0,8.0,1423.35,3506.84
480.0,79.0,12.0,39.0,8.0,1741.16,3483.46
480.0,82.0,5.0,44.0,5.0,1407.35,3193.12
480.0,81.0,10.0,41.0,5.0,1554.85,3278.78
480.0,82.0,9.0,48.0,4.0,1535.72,3466.31
480.0,77.0,8.0,48.0,5.0,1584.46,3519.67
480.0,82.0,18.0,26.0,5.0,1654.8,2781.45
480.0,74.0,18.0,26.0,5.0,1649.98,2765.25
480.0,78.0,13.0,27.0,8.0,1634.04,2872.9
480.0,70.0,22.0,26.0,1.0,1628.6,2603.97
480.0,77.0,16.0,29.0,3.0,1487.49,2646.19
480.0,63.0,8.0,41.0,7.0,1521.89,3283.32
480.0,80.0,3.0,43.0,9.0,1439.6,3293.58
480.0,73.0,6.0,33.0,7.0,1336.27,2875.97
480.0,84.0,4.0,45.0,8.0,1483.21,3422.04
480.0,86.0,7.0,50.0,3.0,1422.04,3373.59
480.0,73.0,31.0,22.0,4.0,2148.04,3119.77
480.0,73.0,28.0,19.0,5.0,2124.59,2874.85
480.0,82.0,26.0,19.0,5.0,1902.71,2811.75
480.0,89.0,34.0,19.0,5.0,2269.14,3166.92
480.0,78.0,32.0,21.0,3.0,2107.98,3004.67
480.0,82.0,43.0,4.0,3.0,2379.88,2409.4
480.0,77.0,42.0,2.0,5.0,2446.24,2394.78
480.0,85.0,41.0,2.0,3.0,2271.4,2153.34
480.0,77.0,45.0,4.0,1.0,2321.51,2305.07
480.0,73.0,44.0,2.0,1.0,2254.37,2128.75
480.0,68.0,38.0,5.0,5.0,2326.56,2397.47
480.0,82.0,35.0,7.0,4.0,2191.65,2322.45
480.0,85.0,36.0,8.0,2.0,2070.74,2237.71
480.0,77.0,40.0,7.0,1.0,2125.48,2288.8
480.0,81.0,36.0,6.0,5.0,2207.18,2428.34
480.0,77.0,47.0,6.0,2.0,2528.03,2747.54
480.0,66.0,46.0,5.0,0.0,2278.27,2408.09
480.0,75.0,42.0,4.0,5.0,2450.35,2684.1
480.0,76.0,46.0,5.0,5.0,2665.23,2878.92
480.0,73.0,45.0,8.0,4.0,2617.8,2923.69
480.0,88.0,43.0,30.0,7.0,3109.04,4296.51
480.0,75.0,39.0,30.0,4.0,2697.89,3856.15
480.0,86.0,44.0,25.0,10.0,3196.79,4382.58
480.0,85.0,41.0,32.0,5.0,2841.99,4170.68
480.0,73.0,35.0,30.0,4.0,2468.07,3712.26
480.0,78.0,39.0,6.0,4.0,2284.29,2387.87
480.0,78.0,43.0,3.0,2.0,2302.36,2253.82
480.0,85.0,41.0,6.0,2.0,2274.16,2316.02
480.0,86.0,41.0,8.0,3.0,2364.99,2561.17
480.0,72.0,38.0,8.0,3.0,2222.87,2377.63
480.0,90.0,27.0,23.0,9.0,2332.64,3503.65
480.0,74.0,27.0,29.0,4.0,2090.52,3230.05
480.0,76.0,32.0,21.0,7.0,2326.0,3297.52
480.0,83.0,39.0,23.0,4.0,2636.49,3434.92
480.0,69.0,34.0,26.0,1.0,2195.53,3206.32
480.0,77.0,33.0,35.0,8.0,2749.74,4176.75
480.0,63.0,28.0,28.0,3.0,2086.96,3176.64
480.0,85.0,37.0,31.0,6.0,2859.28,4070.26
480.0,67.0,32.0,28.0,5.0,2337.8,3605.78
480.0,75.0,28.0,36.0,9.0,2537.07,4119.33
480.0,82.0,35.0,33.0,5.0,2673.81,3966.08
480.0,86.0,41.0,33.0,9.0,3160.3,4531.65
480.0,76.0,35.0,29.0,7.0,2749.27,4039.69
480.0,91.0,41.0,28.0,13.0,3341.5,4629.26
480.0,67.0,26.0,32.0,7.0,2363.73,3652.52
480.0,63.0,28.0,26.0,5.0,2150.28,3259.96
480.0,81.0,36.0,30.0,8.0,2884.91,4111.6
480.0,78.0,38.0,31.0,3.0,2619.05,3892.26
480.0,65.0,30.0,26.0,3.0,2157.39,3141.96
480.0,89.0,38.0,45.0,4.0,2851.03,4570.48
480.0,72.0,29.0,31.0,7.0,2364.91,3760.02
480.0,68.0,32.0,24.0,7.0,2421.74,3526.45
480.0,85.0,41.0,29.0,5.0,2875.25,4020.55
480.0,67.0,26.0,33.0,6.0,2205.13,3631.07
480.0,75.0,27.0,32.0,8.0,2453.63,3838.96
480.0,70.0,29.0,28.0,8.0,2511.81,3651.13
480.0,73.0,35.0,29.0,7.0,2625.67,3835.71
480.0,83.0,38.0,31.0,7.0,2876.45,4071.04
480.0,84.0,38.0,38.0,4.0,2762.57,4253.75
480.0,79.0,28.0,36.0,12.0,2781.32,4362.42
480.0,79.0,41.0,25.0,6.0,2792.65,3883.12
480.0,71.0,27.0,33.0,7.0,2391.51,3760.22
480.0,79.0,34.0,35.0,3.0,2549.33,3937.14
480.0,68.0,26.0,31.0,6.0,2228.62,3601.85
480.0,74.0,33.0,32.0,4.0,2431.3,3779.54
480.0,76.0,30.0,30.0,10.0,2633.52,4028.64
480.0,89.0,32.0,41.0,9.0,2870.58,4579.18
480.0,78.0,32.0,37.0,4.0,2496.44,3970.23
480.0,75.0,34.0,30.0,9.0,2824.37,4088.13
480.0,68.0,30.0,27.0,6.0,2330.53,3491.8
480.0,77.0,29.0,35.0,7.0,2513.93,3939.7
480.0,91.0,47.0,33.0,6.0,3252.68,4442.62
480.0,86.0,33.0,35.0,10.0,2854.81,4407.9
480.0,76.0,37.0,31.0,3.0,2596.89,3712.64
480.0,81.0,36.0,36.0,5.0,2786.71,4142.7
480.0,79.0,34.0,34.0,9.0,2876.05,4323.4
480.0,72.0,33.0,34.0,3.0,2358.85,3697.19
480.0,81.0,32.0,32.0,12.0,2900.66,4428.22
480.0,79.0,28.0,31.0,13.0,2882.88,4271.08
480.0,69.0,31.0,24.0,9.0,2629.62,3622.69
480.0,84.0,32.0,36.0,9.0,2785.47,4303.9
480.0,67.0,32.0,28.0,6.0,2437.95,3533.28
480.0,74.0,26.0,34.0,8.0,2403.48,3960.31
480.0,80.0,28.0,41.0,6.0,2520.51,4200.78
480.0,75.0,31.0,33.0,9.0,2651.14,4117.24
480.0,86.0,41.0,28.0,6.0,2879.19,4002.22
480.0,88.0,36.0,29.0,9.0,2941.68,4187.94
480.0,89.0,36.0,40.0,4.0,2719.52,4218.06
480.0,77.0,41.0,26.0,8.0,2922.19,4104.18
480.0,67.0,33.0,26.0,5.0,2401.83,3521.78
480.0,69.0,32.0,27.0,9.0,2563.7,3867.81
480.0,78.0,33.0,33.0,7.0,2693.96,4057.58
480.0,71.0,30.0,23.0,12.0,2700.8,3777.0
480.0,72.0,28.0,35.0,4.0,2240.17,3710.41
480.0,57.0,29.0,23.0,4.0,2052.72,3089.61
480.0,78.0,33.0,36.0,2.0,2398.18,3774.18
480.0,71.0,34.0,27.0,6.0,2488.1,3653.66
480.0,83.0,37.0,27.0,10.0,2984.62,4091.72
480.0,85.0,36.0,35.0,5.0,2750.78,4084.07
480.0,74.0,31.0,33.0,8.0,2619.99,4036.22
480.0,71.0,33.0,30.0,4.0,2381.07,3562.09
480.0,75.0,36.0,29.0,6.0,2680.26,3949.92
480.0,70.0,28.0,33.0,2.0,2077.01,3395.07
480.0,82.0,41.0,32.0,6.0,2906.1,4207.41
480.0,75.0,33.0,32.0,10.0,2712.91,4162.99
480.0,76.0,33.0,30.0,8.0,2680.6,3936.54
480.0,64.0,29.0,31.0,2.0,2072.87,3353.49
480.0,80.0,33.0,32.0,11.0,2882.47,4335.4
480.0,73.0,33.0,29.0,8.0,2614.78,3912.21
480.0,72.0,25.0,31.0,9.0,2436.75,3743.26
480.0,65.0,28.0,28.0,5.0,2219.13,3345.57
480.0,72.0,21.0,37.0,8.0,2277.55,3959.29
480.0,85.0,40.0,31.0,7.0,3086.55,4226.64
480.0,70.0,27.0,30.0,8.0,2352.83,3710.14
480.0,69.0,28.0,29.0,10.0,2494.39,3855.92
480.0,78.0,36.0,30.0,7.0,2718.01,3977.75
480.0,69.0,31.0,23.0,11.0,2664.43,3784.47
480.0,75.0,29.0,37.0,4.0,2350.19,3808.36
480.0,83.0,32.0,34.0,12.0,2976.39,4458.34
480.0,81.0,41.0,30.0,5.0,2894.51,4159.03
480.0,76.0,41.0,24.0,7.0,2840.83,3843.32
480.0,90.0,41.0,34.0,6.0,3009.9,4324.12
480.0,75.0,27.0,34.0,10.0,2545.42,4103.96
480.0,67.0,31.0,23.0,8.0,2497.11,3586.12
480.0,84.0,39.0,32.0,5.0,2855.08,4000.3
480.0,74.0,38.0,28.0,4.0,2588.75,3722.67
480.0,81.0,31.0,32.0,13.0,3060.34,4470.59
480.0,67.0,29.0,28.0,7.0,2415.79,3559.24
480.0,72.0,27.0,32.0,9.0,2453.05,3849.89
480.0,76.0,31.0,27.0,11.0,2695.26,4031.82
480.0,87.0,37.0,27.0,16.0,3445.6,4738.16
480.0,68.0,30.0,28.0,7.0,2375.18,3712.98
480.0,77.0,38.0,31.0,3.0,2575.43,3764.68
480.0,80.0,38.0,28.0,9.0,2911.88,4164.84
480.0,73.0,34.0,23.0,11.0,2848.69,3850.88
480.0,69.0,36.0,23.0,8.0,2696.5,3658.64
480.0,68.0,30.0,27.0,6.0,2353.78,3484.11
480.0,76.0,42.0,23.0,5.0,2759.85,3675.38
480.0,61.0,36.0,20.0,2.0,2256.34,3003.67
480.0,81.0,32.0,36.0,10.0,2896.7,4390.98
480.0,72.0,34.0,28.0,5.0,2489.79,3605.66
480.0,76.0,43.0,21.0,8.0,3057.98,3802.42
480.0,80.0,40.0,25.0,6.0,2808.51,3768.85
480.0,74.0,45.0,18.0,4.0,2803.48,3391.67
480.0,75.0,43.0,25.0,4.0,2787.93,3689.38
480.0,63.0,34.0,20.0,5.0,2325.58,3202.36
480.0,69.0,40.0,19.0,8.0,2813.37,3583.13
480.0,79.0,36.0,30.0,7.0,2733.09,3993.91
480.0,62.0,34.0,17.0,4.0,2289.34,2887.52
480.0,94.0,42.0,31.0,9.0,3117.64,4491.31
480.0,85.0,42.0,26.0,5.0,2867.58,3922.44
480.0,67.0,35.0,24.0,4.0,2378.46,3400.13
480.0,79.0,32.0,34.0,5.0,2515.44,3856.13
480.0,78.0,39.0,25.0,3.0,2589.5,3548.89
480.0,75.0,43.0,28.0,2.0,2736.6,3738.8
480.0,73.0,32.0,30.0,9.0,2672.32,3955.55
480.0,81.0,40.0,31.0,5.0,2883.67,3920.1
480.0,81.0,42.0,28.0,6.0,2896.68,4063.82
480.0,63.0,32.0,24.0,6.0,2361.69,3395.4
480.0,73.0,38.0,26.0,8.0,2781.36,3931.87
480.0,79.0,37.0,31.0,6.0,2824.09,4033.61
480.0,75.0,42.0,21.0,4.0,2725.33,3526.5
480.0,75.0,39.0,27.0,4.0,2654.75,3710.75
480.0,72.0,42.0,22.0,5.0,2747.59,3634.77
480.0,88.0,36.0,34.0,11.0,3127.47,4622.22
480.0,71.0,33.0,20.0,9.0,2502.8,3567.05
480.0,88.0,45.0,29.0,3.0,2879.59,3951.87
480.0,78.0,41.0,28.0,3.0,2703.45,3705.34
480.0,73.0,41.0,19.0,7.0,2798.53,3615.72
480.0,64.0,29.0,23.0,10.0,2496.57,3620.6
480.0,75.0,37.0,31.0,5.0,2702.14,3857.83
480.0,89.0,44.0,30.0,8.0,3198.74,4353.31
480.0,80.0,32.0,35.0,10.0,2820.42,4303.61
480.0,73.0,41.0,21.0,5.0,2725.24,3492.97
480.0,73.0,39.0,24.0,8.0,2918.06,3884.27
480.0,74.0,43.0,20.0,4.0,2761.38,3557.03
480.0,80.0,38.0,31.0,7.0,2927.95,4170.88
480.0,74.0,33.0,31.0,6.0,2528.29,3843.98
480.0,81.0,42.0,20.0,11.0,3165.98,4053.25
480.0,63.0,27.0,23.0,10.0,2481.3,3509.61
480.0,93.0,41.0,30.0,12.0,3378.17,4626.31
480.0,78.0,45.0,23.0,4.0,2821.38,3761.85
480.0,86.0,42.0,30.0,9.0,3156.07,4385.8
480.0,75.0,43.0,22.0,3.0,2631.89,3483.13
480.0,77.0,41.0,22.0,10.0,2998.04,4007.5
480.0,74.0,36.0,24.0,9.0,2767.94,3829.43
480.0,83.0,32.0,34.0,7.0,2716.7,4152.37
480.0,75.0,40.0,23.0,5.0,2664.41,3589.47
480.0,79.0,42.0,27.0,4.0,2937.71,3851.55
480.0,80.0,41.0,27.0,3.0,2702.73,3706.41
480.0,78.0,40.0,25.0,6.0,2814.86,3885.53
480.0,72.0,43.0,22.0,5.0,2801.62,3638.2
480.0,73.0,35.0,32.0,4.0,2575.55,3736.7
480.0,72.0,33.0,26.0,6.0,2415.42,3604.78
480.0,70.0,36.0,25.0,5.0,2500.87,3636.01
480.0,70.0,39.0,22.0,4.0,2539.02,3482.09
480.0,70.0,39.0,16.0,8.0,2687.6,3464.33
480.0,81.0,43.0,24.0,7.0,3027.04,3961.14
480.0,100.0,44.0,22.0,10.0,3244.98,4253.78
480.0,73.0,33.0,28.0,8.0,2745.27,3913.35
480.0,78.0,38.0,21.0,10.0,2931.67,3853.21
480.0,77.0,40.0,18.0,14.0,3218.3,4055.51
480.0,73.0,44.0,19.0,4.0,2785.94,3449.41
480.0,72.0,39.0,27.0,4.0,2683.73,3717.27
480.0,90.0,46.0,26.0,9.0,3321.39,4449.28
480.0,78.0,39.0,25.0,5.0,2635.17,3748.7
480.0,83.0,40.0,27.0,8.0,2973.92,4086.27
480.0,82.0,45.0,27.0,7.0,3117.03,4124.43
480.0,83.0,40.0,26.0,8.0,2941.01,4030.72
480.0,80.0,44.0,24.0,5.0,2948.18,3802.27
480.0,73.0,35.0,27.0,6.0,2581.66,3761.91
480.0,76.0,36.0,32.0,3.0,2576.68,3757.75
480.0,74.0,35.0,32.0,5.0,2600.84,3883.52
480.0,58.0,28.0,21.0,7.0,2219.72,3150.93
480.0,77.0,40.0,16.0,9.0,2857.28,3563.32
480.0,72.0,34.0,29.0,3.0,2349.59,3485.57
480.0,74.0,45.0,17.0,5.0,2826.26,3449.49
480.0,63.0,26.0,25.0,6.0,2143.86,3207.83
480.0,74.0,36.0,24.0,6.0,2613.16,3602.98
480.0,72.0,41.0,24.0,3.0,2595.75,3471.47
480.0,68.0,37.0,26.0,2.0,2421.42,3362.08
480.0,88.0,42.0,29.0,5.0,2896.27,4003.91
480.0,75.0,44.0,25.0,3.0,2762.26,3672.09
480.0,76.0,43.0,23.0,7.0,2961.62,3928.69
480.0,81.0,36.0,28.0,6.0,2712.87,3792.89
480.0,81.0,43.0,29.0,6.0,3009.5,4061.6
480.0,85.0,44.0,29.0,6.0,3064.77,4172.19
480.0,60.0,43.0,11.0,4.0,2526.76,3018.96
480.0,77.0,32.0,27.0,10.0,2687.27,3891.81
480.0,81.0,32.0,28.0,13.0,2979.07,4225.31
480.0,79.0,37.0,24.0,9.0,2852.37,3901.25
480.0,69.0,37.0,24.0,5.0,2651.99,3507.45
480.0,77.0,42.0,26.0,5.0,2844.5,3845.47
480.0,71.0,42.0,18.0,6.0,2798.37,3478.69
480.0,76.0,32.0,31.0,8.0,2619.14,3953.74
480.0,71.0,42.0,2.0,4.0,2398.42,2247.6
480.0,69.0,47.0,0.0,1.0,2337.63,2090.66
480.0,73.0,42.0,0.0,3.0,2283.96,2045.56
480.0,60.0,44.0,0.0,3.0,2358.52,2132.54
480.0,74.0,43.0,0.0,3.0,2313.93,2081.76
480.0,70.0,42.0,1.0,4.0,2394.22,2197.0
480.0,72.0,45.0,0.0,4.0,2497.1,2252.94
480.0,76.0,42.0,1.0,4.0,2400.94,2212.46
480.0,73.0,42.0,0.0,4.0,2388.73,2158.21
480.0,84.0,49.0,0.0,0.0,2339.58,2088.99
480.0,63.0,47.0,1.0,1.0,2354.48,2149.49
480.0,70.0,47.0,0.0,2.0,2414.49,2160.11
480.0,76.0,45.0,0.0,3.0,2431.86,2229.43
480.0,67.0,38.0,0.0,9.0,2604.04,2401.48
480.0,83.0,44.0,3.0,3.0,2402.74,2292.58
480.0,75.0,48.0,0.0,0.0,2300.92,2066.74
480.0,59.0,44.0,1.0,3.0,2391.89,2189.34
480.0,82.0,45.0,1.0,2.0,2370.59,2165.17
480.0,70.0,43.0,1.0,1.0,2152.79,1991.84
480.0,85.0,45.0,1.0,2.0,2335.72,2133.54
480.0,71.0,42.0,2.0,5.0,2480.66,2317.9
480.0,80.0,44.0,0.0,5.0,2539.9,2290.79
480.0,72.0,46.0,1.0,2.0,2413.0,2202.41
480.0,76.0,45.0,1.0,1.0,2254.1,2060.44
480.0,78.0,44.0,0.0,3.0,2401.3,2158.32
480.0,81.0,47.0,1.0,1.0,2374.78,2166.72
480.0,71.0,43.0,0.0,3.0,2334.45,2100.99
480.0,74.0,47.0,0.0,1.0,2367.72,2108.16
480.0,75.0,46.0,1.0,4.0,2527.56,2370.85
480.0,82.0,47.0,0.0,2.0,2418.36,2157.15
480.0,63.0,45.0,0.0,2.0,2339.23,2091.38
480.0,92.0,47.0,0.0,2.0,2413.67,2166.48
480.0,75.0,44.0,0.0,4.0,2477.76,2243.38
480.0,84.0,43.0,2.0,4.0,2469.01,2308.1
480.0,70.0,43.0,0.0,5.0,2502.19,2257.47
480.0,79.0,46.0,0.0,3.0,2461.96,2199.97
480.0,95.0,45.0,1.0,3.0,2457.8,2248.93
480.0,85.0,44.0,0.0,5.0,2533.71,2337.19
480.0,78.0,45.0,0.0,3.0,2429.38,2174.53
480.0,69.0,44.0,1.0,3.0,2370.94,2175.94
480.0,82.0,45.0,1.0,2.0,2373.14,2170.6
480.0,80.0,46.0,0.0,2.0,2381.94,2180.08
480.0,72.0,41.0,2.0,6.0,2532.25,2368.79
480.0,81.0,46.0,0.0,2.0,2393.72,2143.97
480.0,72.0,39.0,1.0,7.0,2519.42,2321.94
480.0,76.0,48.0,0.0,1.0,2369.49,2113.11
480.0,80.0,42.0,0.0,5.0,2466.08,2225.56
480.0,78.0,43.0,1.0,6.0,2599.17,2393.38
480.0,84.0,47.0,0.0,1.0,2366.92,2123.56
480.0,77.0,44.0,1.0,3.0,2495.86,2277.85
480.0,78.0,43.0,0.0,4.0,2398.87,2165.37
480.0,76.0,46.0,1.0,1.0,2302.76,2114.03
480.0,80.0,46.0,0.0,2.0,2398.79,2150.53
480.0,83.0,48.0,0.0,1.0,2381.38,2149.73
480.0,77.0,44.0,3.0,2.0,2363.4,2256.22
480.0,84.0,44.0,1.0,3.0,2420.76,2227.89
480.0,72.0,47.0,0.0,1.0,2374.03,2119.04
480.0,64.0,44.0,1.0,2.0,2298.67,2123.6
480.0,74.0,45.0,1.0,3.0,2444.49,2253.05
480.0,65.0,46.0,0.0,1.0,2321.21,2074.02
480.0,86.0,48.0,0.0,1.0,2355.65,2157.41
480.0,84.0,46.0,0.0,2.0,2409.18,2159.13
480.0,72.0,42.0,1.0,4.0,2373.86,2181.61
480.0,85.0,48.0,0.0,0.0,2326.34,2064.06
480.0,66.0,43.0,1.0,5.0,2532.36,2315.92
480.0,73.0,44.0,0.0,3.0,2390.13,2161.04
480.0,79.0,44.0,0.0,3.0,2385.9,2150.73
480.0,71.0,48.0,1.0,0.0,2307.17,2097.65
480.0,72.0,47.0,1.0,1.0,2357.25,2152.28
480.0,88.0,44.0,0.0,4.0,2463.3,2209.62
480.0,69.0,43.0,0.0,5.0,2477.7,2231.84
480.0,73.0,46.0,0.0,3.0,2459.72,2211.48
480.0,88.0,43.0,1.0,4.0,2453.72,2256.87
480.0,80.0,45.0,1.0,2.0,2331.78,2140.02
480.0,71.0,43.0,0.0,4.0,2377.19,2183.09
480.0,72.0,45.0,2.0,2.0,2353.96,2201.07
480.0,65.0,44.0,2.0,2.0,2318.39,2217.79
480.0,90.0,46.0,2.0,2.0,2434.94,2275.31
480.0,72.0,43.0,0.0,4.0,2411.63,2171.43
480.0,71.0,47.0,0.0,3.0,2477.78,2257.56
480.0,80.0,45.0,1.0,2.0,2381.9,2174.51
480.0,72.0,45.0,0.0,4.0,2514.77,2254.42
480.0,69.0,43.0,0.0,4.0,2418.55,2176.56
480.0,76.0,47.0,0.0,2.0,2404.45,2161.58
480.0,81.0,47.0,0.0,2.0,2403.29,2151.76
480.0,65.0,43.0,2.0,4.0,2471.57,2311.19
480.0,87.0,48.0,0.0,1.0,2379.2,2123.51
480.0,72.0,45.0,0.0,1.0,2269.39,2031.69
480.0,67.0,41.0,2.0,5.0,2446.02,2294.94
480.0,85.0,45.0,1.0,0.0,2194.77,1999.95
480.0,78.0,47.0,0.0,1.0,2324.5,2076.05
480.0,86.0,46.0,0.0,3.0,2487.26,2289.36
480.0,67.0,43.0,1.0,3.0,2359.04,2168.83
480.0,80.0,44.0,1.0,3.0,2422.45,2231.8
480.0,83.0,44.0,1.0,4.0,2509.31,2296.56
480.0,82.0,44.0,0.0,3.0,2459.02,2206.78
480.0,73.0,45.0,0.0,2.0,2352.04,2116.05
480.0,84.0,43.0,0.0,5.0,2525.67,2278.53
480.0,78.0,48.0,1.0,1.0,2391.06,2194.15
480.0,76.0,37.0,2.0,8.0,2547.61,2389.13
480.0,77.0,0.0,44.0,4.0,1039.27,2777.09
480.0,69.0,0.0,41.0,7.0,1147.84,2874.98
480.0,77.0,0.0,41.0,3.0,978.54,2630.06
480.0,69.0,0.0,40.0,7.0,1132.51,2837.66
480.0,68.0,0.0,40.0,6.0,1072.77,2719.07
480.0,69.0,0.0,39.0,8.0,1185.19,2900.86
480.0,75.0,0.0,43.0,6.0,1127.11,2881.29
480.0,71.0,0.0,42.0,4.0,1011.01,2702.16
480.0,77.0,0.0,43.0,5.0,1076.79,2820.59
480.0,78.0,0.0,46.0,3.0,1001.91,2757.16
480.0,61.0,0.0,38.0,9.0,1254.71,2992.38
480.0,75.0,0.0,38.0,11.0,1328.61,3082.3
480.0,73.0,0.0,41.0,7.0,1188.85,2963.52
480.0,68.0,0.0,38.0,10.0,1269.87,2978.44
480.0,88.0,0.0,40.0,8.0,1245.55,3026.83
480.0,81.0,0.0,44.0,4.0,1034.96,2770.11
480.0,72.0,0.0,40.0,8.0,1186.96,2904.8
480.0,85.0,0.0,45.0,3.0,998.63,2745.27
480.0,70.0,0.0,42.0,3.0,938.82,2595.43
480.0,74.0,0.0,44.0,4.0,1028.27,2756.73
480.0,69.0,0.0,46.0,3.0,1013.4,2786.44
480.0,75.0,0.0,38.0,11.0,1331.74,3092.89
480.0,74.0,0.0,43.0,5.0,1091.51,2853.6
480.0,72.0,0.0,39.0,8.0,1173.49,2877.2
480.0,71.0,0.0,46.0,2.0,942.27,2657.55
480.0,86.0,0.0,42.0,7.0,1170.31,2925.85
480.0,74.0,0.0,39.0,6.0,1065.29,2734.74
480.0,70.0,0.0,43.0,6.0,1127.14,2886.37
480.0,74.0,0.0,37.0,12.0,1368.81,3112.29
480.0,70.0,0.0,44.0,5.0,1087.73,2851.52
480.0,68.0,0.0,41.0,6.0,1103.42,2826.41
480.0,98.0,1.0,41.0,7.0,1197.85,2929.56
480.0,79.0,0.0,42.0,6.0,1130.8,2894.77
480.0,74.0,0.0,41.0,8.0,1207.64,2960.57
480.0,70.0,0.0,40.0,9.0,1249.82,3012.52
480.0,77.0,0.0,37.0,12.0,1374.22,3126.47
480.0,91.0,0.0,43.0,6.0,1129.53,2889.8
480.0,83.0,0.0,43.0,6.0,1127.0,2884.24
480.0,68.0,0.0,43.0,6.0,1135.2,2912.88
480.0,73.0,0.0,42.0,6.0,1114.54,2844.06
480.0,81.0,0.0,44.0,4.0,1024.27,2751.73
480.0,64.0,0.0,42.0,5.0,1064.26,2796.48
480.0,81.0,0.0,43.0,6.0,1136.52,2912.87
480.0,82.0,0.0,41.0,7.0,1156.84,2899.2
480.0,73.0,1.0,38.0,8.0,1211.39,2887.31
480.0,78.0,0.0,45.0,4.0,1046.84,2804.28
480.0,76.0,0.0,42.0,6.0,1107.29,2827.67
480.0,85.0,0.0,43.0,6.0,1138.39,2917.91
480.0,79.0,1.0,43.0,4.0,1111.58,2836.44
480.0,73.0,0.0,41.0,7.0,1167.66,2929.07
480.0,72.0,0.0,41.0,6.0,1088.33,2786.5
480.0,78.0,0.0,39.0,8.0,1181.83,2894.92
480.0,80.0,0.0,37.0,11.0,1358.85,3092.76
480.0,78.0,0.0,40.0,8.0,1227.27,2993.67
480.0,87.0,0.0,39.0,8.0,1191.31,2905.9
480.0,83.0,0.0,40.0,7.0,1180.69,2919.1
480.0,71.0,0.0,44.0,6.0,1147.45,2945.88
480.0,77.0,0.0,38.0,9.0,1222.09,2916.23
480.0,67.0,0.0,46.0,2.0,959.08,2707.6
480.0,71.0,0.0,42.0,6.0,1110.69,2844.21
480.0,83.0,0.0,44.0,5.0,1090.79,2859.21
480.0,88.0,0.0,44.0,5.0,1087.38,2848.92
480.0,83.0,0.0,42.0,6.0,1111.96,2839.24
480.0,91.0,0.0,38.0,11.0,1334.07,3098.61
480.0,75.0,0.0,44.0,4.0,1032.19,2769.22
480.0,80.0,0.0,42.0,4.0,1039.74,2744.01
480.0,78.0,1.0,43.0,3.0,1017.01,2707.87
480.0,69.0,0.0,42.0,6.0,1114.54,2849.42
480.0,75.0,0.0,45.0,3.0,992.9,2727.53
480.0,80.0,0.0,43.0,5.0,1061.71,2781.15
480.0,71.0,0.0,42.0,6.0,1112.61,2846.37
480.0,72.0,0.0,39.0,8.0,1221.05,2968.26
480.0,78.0,0.0,41.0,8.0,1207.03,2957.62
480.0,81.0,0.0,40.0,6.0,1108.69,2818.72
480.0,68.0,0.0,39.0,9.0,1241.59,2985.68
480.0,66.0,0.0,39.0,9.0,1228.08,2945.89
480.0,65.0,0.0,41.0,7.0,1153.78,2897.59
480.0,88.0,0.0,40.0,8.0,1205.12,2957.63
480.0,61.0,0.0,39.0,8.0,1177.81,2897.11
480.0,71.0,0.0,46.0,3.0,1017.0,2782.93
480.0,80.0,0.0,40.0,9.0,1253.97,3016.34
480.0,83.0,0.0,41.0,9.0,1264.83,3052.8
480.0,69.0,1.0,39.0,7.0,1171.63,2860.55
480.0,68.0,0.0,43.0,6.0,1121.04,2875.8
480.0,82.0,0.0,41.0,8.0,1203.26,2956.06
480.0,64.0,0.0,39.0,7.0,1138.52,2832.42
480.0,83.0,0.0,39.0,9.0,1270.93,3037.73
480.0,78.0,0.0,38.0,8.0,1173.29,2858.8
480.0,69.0,0.0,45.0,3.0,999.5,2744.4
480.0,73.0,0.0,41.0,5.0,1048.01,2734.56
480.0,72.0,0.0,44.0,4.0,1040.64,2786.53
480.0,80.0,0.0,41.0,9.0,1267.03,3056.23
480.0,76.0,0.0,40.0,8.0,1211.04,2970.5
480.0,77.0,0.0,39.0,7.0,1175.73,2903.93
480.0,74.0,0.0,46.0,3.0,1013.75,2785.56
480.0,86.0,0.0,40.0,7.0,1195.26,2936.14
480.0,77.0,0.0,42.0,5.0,1060.37,2770.43
480.0,86.0,0.0,39.0,9.0,1241.95,2985.69
480.0,83.0,0.0,42.0,7.0,1179.6,2946.83
480.0,83.0,0.0,41.0,7.0,1152.45,2874.34
480.0,77.0,28.0,36.0,6.0,2486.53,3938.87
480.0,60.0,21.0,36.0,2.0,1771.15,3205.12
480.0,82.0,33.0,39.0,3.0,2519.78,4044.22
480.0,63.0,19.0,32.0,7.0,1938.96,3424.49
480.0,75.0,32.0,36.0,2.0,2354.73,3710.29
480.0,71.0,25.0,35.0,7.0,2265.5,3851.15
480.0,70.0,22.0,33.0,13.0,2556.32,4150.77
480.0,91.0,30.0,43.0,9.0,2804.38,4643.96
480.0,69.0,34.0,30.0,3.0,2331.43,3543.12
480.0,71.0,25.0,34.0,7.0,2304.1,3752.85
480.0,73.0,27.0,35.0,7.0,2331.0,3903.71
480.0,65.0,26.0,31.0,7.0,2193.46,3651.43
480.0,82.0,30.0,39.0,4.0,2386.07,3976.36
480.0,72.0,31.0,35.0,4.0,2371.95,3813.77
480.0,90.0,24.0,55.0,7.0,2629.53,4829.66
480.0,80.0,35.0,35.0,4.0,2614.75,4022.07
480.0,64.0,30.0,24.0,8.0,2402.67,3602.75
480.0,80.0,31.0,38.0,4.0,2453.64,3912.37
480.0,66.0,19.0,36.0,6.0,1968.35,3514.28
480.0,86.0,29.0,46.0,7.0,2646.1,4504.43
480.0,74.0,29.0,34.0,6.0,2441.98,3845.22
480.0,71.0,22.0,39.0,6.0,2166.63,3841.27
480.0,78.0,35.0,32.0,6.0,2713.17,4016.19
480.0,77.0,33.0,31.0,9.0,2722.59,4147.46
480.0,77.0,30.0,38.0,6.0,2594.59,4200.94
480.0,86.0,36.0,42.0,4.0,2776.16,4347.37
480.0,71.0,24.0,32.0,13.0,2640.99,4154.48
480.0,78.0,27.0,42.0,4.0,2320.41,3987.61
480.0,70.0,27.0,31.0,8.0,2403.61,3759.1
480.0,90.0,32.0,39.0,14.0,3107.42,4955.6
480.0,77.0,32.0,34.0,8.0,2676.33,4133.36
480.0,87.0,30.0,41.0,9.0,2880.33,4533.27
480.0,68.0,24.0,34.0,7.0,2206.59,3750.29
480.0,75.0,35.0,30.0,7.0,2746.06,4009.07
480.0,76.0,26.0,38.0,10.0,2605.04,4303.35
480.0,80.0,23.0,43.0,10.0,2597.94,4421.79
480.0,87.0,36.0,39.0,9.0,3006.0,4659.24
480.0,73.0,29.0,31.0,7.0,2480.0,3813.17
480.0,73.0,27.0,32.0,12.0,2643.07,4166.92
480.0,79.0,32.0,37.0,5.0,2532.61,4093.64
480.0,77.0,25.0,39.0,9.0,2485.47,4214.52
480.0,76.0,36.0,30.0,6.0,2702.65,3902.56
480.0,69.0,27.0,31.0,9.0,2394.39,3921.99
480.0,78.0,30.0,37.0,7.0,2570.08,4103.02
480.0,67.0,34.0,24.0,4.0,2383.32,3338.3
480.0,84.0,23.0,50.0,6.0,2348.49,4383.98
480.0,76.0,32.0,37.0,5.0,2493.41,4070.37
480.0,69.0,22.0,37.0,7.0,2203.22,3796.31
480.0,79.0,25.0,44.0,7.0,2502.77,4301.71
480.0,79.0,35.0,30.0,9.0,2808.43,4128.52
480.0,69.0,28.0,30.0,8.0,2445.65,3784.47
480.0,87.0,30.0,34.0,13.0,2921.71,4540.93
480.0,82.0,31.0,33.0,11.0,2778.38,4356.89
480.0,82.0,29.0,41.0,8.0,2787.34,4514.31
480.0,94.0,35.0,46.0,5.0,2813.25,4632.08
480.0,71.0,26.0,38.0,6.0,2342.11,3929.88
480.0,74.0,20.0,42.0,5.0,2044.22,3878.85
480.0,66.0,21.0,37.0,8.0,2247.52,3762.93
480.0,68.0,31.0,32.0,3.0,2253.29,3583.16
480.0,71.0,26.0,35.0,5.0,2276.61,3711.88
480.0,79.0,31.0,38.0,6.0,2605.76,4180.08
480.0,68.0,29.0,27.0,9.0,2457.44,3761.04
480.0,78.0,31.0,32.0,10.0,2765.24,4155.9
480.0,85.0,30.0,43.0,9.0,2799.06,4626.66
480.0,67.0,22.0,33.0,5.0,1966.42,3432.62
480.0,82.0,27.0,42.0,8.0,2636.82,4378.46
480.0,89.0,36.0,39.0,11.0,3187.21,4809.72
480.0,87.0,34.0,42.0,5.0,2825.17,4473.58
480.0,81.0,22.0,45.0,7.0,2396.14,4352.54
480.0,74.0,27.0,38.0,9.0,2541.5,4179.36
480.0,77.0,22.0,40.0,8.0,2291.11,4001.13
480.0,74.0,23.0,39.0,9.0,2347.62,4097.12
480.0,91.0,39.0,36.0,12.0,3244.59,4927.98
480.0,69.0,28.0,28.0,8.0,2390.14,3799.35
480.0,85.0,33.0,38.0,10.0,2897.89,4570.56
480.0,76.0,25.0,35.0,10.0,2544.73,4131.64
480.0,71.0,33.0,31.0,4.0,2382.98,3668.95
480.0,70.0,22.0,38.0,8.0,2312.1,3931.73
480.0,59.0,28.0,22.0,7.0,2193.3,3291.71
480.0,69.0,26.0,32.0,8.0,2364.32,3861.35
480.0,80.0,28.0,33.0,11.0,2738.01,4250.0
480.0,71.0,24.0,36.0,8.0,2408.71,3908.92
480.0,79.0,25.0,36.0,10.0,2582.93,4312.52
480.0,77.0,31.0,34.0,9.0,2680.17,4179.0
480.0,88.0,37.0,40.0,6.0,2852.13,4469.85
480.0,66.0,29.0,28.0,8.0,2378.24,3672.57
480.0,85.0,41.0,33.0,5.0,2939.26,4232.47
480.0,69.0,29.0,31.0,7.0,2454.3,3745.81
480.0,75.0,25.0,37.0,8.0,2482.68,4055.9
480.0,86.0,34.0,38.0,11.0,3117.2,4731.93
480.0,74.0,29.0,34.0,8.0,2591.35,4099.12
480.0,81.0,37.0,35.0,8.0,2884.31,4370.29
480.0,67.0,24.0,37.0,3.0,2045.36,3515.98
480.0,73.0,17.0,41.0,9.0,2220.9,4023.56
480.0,84.0,29.0,39.0,10.0,2750.2,4419.2
480.0,82.0,33.0,37.0,9.0,2809.9,4437.57
480.0,84.0,30.0,43.0,6.0,2657.7,4379.98
480.0,83.0,32.0,36.0,9.0,2804.42,4397.33
480.0,75.0,30.0,35.0,4.0,2357.98,3759.69
480.0,76.0,28.0,30.0,12.0,2777.47,4152.97
480.0,82.0,36.0,8.0,4.0,2202.6,2426.11
480.0,64.0,42.0,3.0,2.0,2310.6,2224.53
480.0,76.0,37.0,6.0,3.0,2140.22,2203.86
480.0,72.0,40.0,5.0,2.0,2137.69,2227.8
480.0,72.0,34.0,6.0,5.0,2183.6,2363.19
480.0,68.0,41.0,3.0,2.0,2245.11,2221.78
480.0,77.0,41.0,1.0,7.0,2550.18,2417.63
480.0,75.0,36.0,7.0,4.0,2210.86,2378.23
480.0,77.0,39.0,3.0,4.0,2284.18,2215.9
480.0,73.0,42.0,5.0,2.0,2247.92,2298.24
480.0,65.0,41.0,6.0,1.0,2126.55,2264.17
480.0,86.0,38.0,7.0,3.0,2181.18,2416.97
480.0,71.0,38.0,7.0,4.0,2269.56,2437.56
480.0,74.0,38.0,6.0,3.0,2200.14,2317.82
480.0,84.0,42.0,4.0,3.0,2253.51,2324.86
480.0,82.0,40.0,8.0,0.0,2068.42,2233.52
480.0,63.0,37.0,8.0,0.0,1989.95,2239.32
480.0,89.0,41.0,4.0,3.0,2279.58,2308.89
480.0,67.0,34.0,7.0,3.0,2007.41,2141.89
480.0,81.0,41.0,3.0,3.0,2295.41,2256.11
480.0,69.0,37.0,7.0,5.0,2301.77,2472.92
480.0,79.0,38.0,5.0,4.0,2270.01,2348.04
480.0,74.0,38.0,5.0,5.0,2321.54,2380.22
480.0,76.0,41.0,3.0,3.0,2192.34,2261.47
480.0,80.0,43.0,3.0,1.0,2191.63,2166.62
480.0,79.0,41.0,5.0,3.0,2248.79,2359.75
480.0,74.0,42.0,3.0,1.0,2175.98,2105.38
480.0,70.0,41.0,4.0,4.0,2322.22,2370.58
480.0,77.0,37.0,5.0,6.0,2368.07,2486.52
480.0,69.0,38.0,6.0,5.0,2262.32,2471.86
480.0,67.0,35.0,8.0,5.0,2231.07,2463.35
480.0,76.0,41.0,6.0,2.0,2247.6,2293.16
480.0,70.0,41.0,5.0,2.0,2260.56,2256.61
480.0,88.0,38.0,6.0,3.0,2174.89,2292.51
480.0,78.0,38.0,6.0,4.0,2241.8,2353.75
480.0,82.0,37.0,6.0,6.0,2367.18,2493.09
480.0,78.0,36.0,5.0,7.0,2454.24,2504.75
480.0,83.0,37.0,5.0,6.0,2387.38,2448.18
480.0,67.0,39.0,6.0,3.0,2242.81,2359.53
480.0,68.0,36.0,7.0,5.0,2238.35,2461.95
480.0,83.0,43.0,4.0,1.0,2203.83,2173.75
480.0,80.0,40.0,4.0,4.0,2280.28,2359.16
480.0,69.0,40.0,4.0,5.0,2384.14,2396.86
480.0,76.0,40.0,6.0,2.0,2211.09,2275.12
480.0,72.0,40.0,5.0,2.0,2178.91,2230.92
480.0,75.0,40.0,6.0,3.0,2244.23,2362.07
480.0,84.0,41.0,3.0,3.0,2277.98,2235.5
480.0,83.0,33.0,10.0,6.0,2224.57,2563.34
480.0,78.0,41.0,6.0,1.0,2182.85,2241.9
480.0,72.0,40.0,6.0,1.0,2140.55,2229.24
480.0,71.0,38.0,5.0,5.0,2339.88,2362.05
480.0,86.0,35.0,8.0,4.0,2122.55,2375.72
480.0,92.0,38.0,6.0,4.0,2258.47,2389.66
480.0,81.0,35.0,11.0,3.0,2152.81,2469.62
480.0,77.0,37.0,7.0,3.0,2195.44,2301.84
480.0,86.0,39.0,5.0,4.0,2340.53,2352.96
480.0,81.0,41.0,6.0,2.0,2254.15,2299.93
480.0,73.0,40.0,3.0,4.0,2286.62,2254.25
480.0,70.0,43.0,4.0,1.0,2262.66,2214.56
480.0,57.0,34.0,13.0,1.0,1941.16,2389.31
480.0,79.0,37.0,8.0,4.0,2138.49,2538.09
480.0,80.0,37.0,10.0,1.0,2044.86,2329.94
480.0,77.0,41.0,3.0,3.0,2323.62,2240.08
480.0,85.0,37.0,5.0,6.0,2421.23,2435.98
480.0,73.0,39.0,5.0,3.0,2284.72,2340.33
480.0,87.0,37.0,6.0,4.0,2237.2,2295.01
480.0,81.0,40.0,2.0,4.0,2337.3,2281.23
480.0,72.0,41.0,5.0,2.0,2189.28,2276.34
480.0,72.0,38.0,8.0,2.0,2152.78,2291.43
480.0,85.0,41.0,6.0,1.0,2138.02,2243.27
480.0,68.0,42.0,2.0,4.0,2375.68,2244.72
480.0,76.0,46.0,1.0,1.0,2338.2,2129.56
480.0,80.0,40.0,6.0,3.0,2246.02,2355.93
480.0,78.0,43.0,3.0,2.0,2246.65,2211.31
480.0,64.0,41.0,3.0,4.0,2308.02,2323.77
480.0,67.0,33.0,8.0,6.0,2193.2,2482.78
480.0,63.0,38.0,5.0,5.0,2312.2,2428.35
480.0,87.0,38.0,7.0,3.0,2191.95,2380.64
480.0,63.0,40.0,2.0,5.0,2360.83,2307.3
480.0,70.0,40.0,4.0,4.0,2375.18,2383.75
480.0,77.0,41.0,4.0,3.0,2325.94,2278.46
480.0,77.0,38.0,7.0,3.0,2210.37,2384.38
480.0,75.0,39.0,4.0,4.0,2266.61,2286.56
480.0,78.0,39.0,4.0,5.0,2374.71,2365.88
480.0,78.0,40.0,5.0,4.0,2297.27,2367.96
480.0,72.0,41.0,6.0,0.0,2067.36,2150.24
480.0,88.0,40.0,6.0,3.0,2251.05,2353.41
480.0,73.0,40.0,5.0,1.0,2086.75,2165.17
480.0,72.0,35.0,8.0,5.0,2267.73,2439.69
480.0,81.0,39.0,6.0,1.0,2071.69,2189.38
480.0,86.0,37.0,5.0,6.0,2343.85,2401.54
480.0,85.0,43.0,3.0,4.0,2431.96,2376.87
480.0,65.0,35.0,7.0,4.0,2134.86,2332.06
480.0,79.0,33.0,9.0,5.0,2181.24,2471.5
480.0,63.0,36.0,8.0,5.0,2298.99,2462.82
480.0,76.0,40.0,7.0,1.0,2134.07,2255.86
480.0,74.0,39.0,4.0,4.0,2276.02,2289.82
480.0,85.0,39.0,5.0,4.0,2344.84,2346.69
480.0,82.0,42.0,4.0,3.0,2334.25,2281.15
480.0,80.0,38.0,2.0,7.0,2446.49,2354.54
480.0,70.0,33.0,26.0,8.0,2633.65,3772.8
480.0,68.0,36.0,25.0,4.0,2442.22,3480.11
480.0,75.0,34.0,29.0,5.0,2443.24,3679.84
480.0,60.0,30.0,22.0,6.0,2319.71,3200.3
480.0,72.0,26.0,37.0,5.0,2232.28,3731.09
480.0,75.0,31.0,31.0,8.0,2595.07,3931.36
480.0,78.0,32.0,32.0,10.0,2872.55,4191.65
480.0,78.0,33.0,34.0,6.0,2651.11,3930.22
480.0,84.0,38.0,27.0,5.0,2734.45,3875.64
480.0,82.0,35.0,34.0,11.0,3019.42,4490.15
480.0,75.0,37.0,28.0,7.0,2714.47,3936.78
480.0,71.0,35.0,23.0,9.0,2727.6,3833.87
480.0,70.0,37.0,23.0,7.0,2685.98,3688.93
480.0,75.0,37.0,24.0,8.0,2736.17,3801.31
480.0,83.0,41.0,34.0,5.0,2892.84,4239.3
480.0,77.0,43.0,25.0,4.0,2764.29,3764.32
480.0,66.0,30.0,24.0,10.0,2649.85,3772.12
480.0,85.0,45.0,29.0,4.0,2960.53,4053.64
480.0,70.0,33.0,27.0,7.0,2662.07,3760.7
480.0,72.0,44.0,23.0,2.0,2669.54,3477.61
480.0,84.0,34.0,34.0,12.0,2994.48,4559.87
480.0,82.0,35.0,38.0,7.0,2792.92,4343.81
480.0,69.0,42.0,22.0,3.0,2607.03,3473.77
480.0,72.0,41.0,24.0,4.0,2627.55,3641.63
480.0,72.0,30.0,34.0,7.0,2524.04,3944.96
480.0,83.0,33.0,38.0,5.0,2628.39,4070.62
480.0,70.0,29.0,27.0,8.0,2380.07,3655.32
480.0,85.0,32.0,42.0,7.0,2792.39,4475.84
480.0,81.0,35.0,27.0,9.0,2816.42,3981.74
480.0,92.0,38.0,34.0,10.0,3210.21,4656.36
480.0,69.0,31.0,26.0,8.0,2570.38,3702.5
480.0,80.0,37.0,33.0,5.0,2725.27,4048.6
480.0,73.0,31.0,33.0,7.0,2587.78,3942.39
480.0,79.0,37.0,33.0,8.0,3003.77,4199.79
480.0,70.0,35.0,24.0,6.0,2588.57,3525.52
480.0,87.0,39.0,35.0,7.0,3019.54,4415.37
480.0,89.0,41.0,32.0,10.0,3241.63,4555.9
480.0,84.0,32.0,36.0,12.0,2952.43,4594.23
480.0,77.0,38.0,27.0,6.0,2761.14,3884.82
480.0,59.0,26.0,28.0,3.0,1956.59,3133.55
480.0,75.0,31.0,35.0,5.0,2431.22,3863.25
480.0,72.0,26.0,36.0,4.0,2181.14,3717.59
480.0,78.0,38.0,28.0,6.0,2800.54,3894.22
480.0,85.0,40.0,33.0,7.0,2987.4,4307.15
480.0,67.0,29.0,25.0,10.0,2617.63,3735.41
480.0,87.0,34.0,36.0,3.0,2516.64,3938.33
480.0,71.0,39.0,22.0,8.0,2900.29,3725.65
480.0,79.0,31.0,37.0,7.0,2685.64,4187.6
480.0,88.0,37.0,41.0,6.0,2949.84,4548.64
480.0,67.0,29.0,27.0,4.0,2190.28,3332.39
480.0,89.0,40.0,32.0,4.0,2817.84,4038.9
480.0,76.0,33.0,27.0,9.0,2682.13,3867.75
480.0,80.0,36.0,30.0,8.0,2788.08,4105.0
480.0,76.0,36.0,27.0,7.0,2752.86,3813.36
480.0,60.0,22.0,30.0,8.0,2101.94,3473.21
480.0,80.0,28.0,41.0,10.0,2766.54,4423.87
480.0,68.0,33.0,29.0,2.0,2253.01,3425.26
480.0,71.0,27.0,29.0,13.0,2776.4,4048.3
480.0,67.0,28.0,30.0,4.0,2201.63,3471.01
480.0,70.0,32.0,28.0,6.0,2412.35,3689.07
480.0,78.0,29.0,41.0,1.0,2214.82,3771.31
480.0,78.0,35.0,28.0,6.0,2558.33,3769.36
480.0,77.0,38.0,28.0,6.0,2780.21,3835.73
480.0,89.0,40.0,30.0,9.0,3105.2,4323.92
480.0,70.0,26.0,29.0,6.0,2207.66,3411.38
480.0,82.0,41.0,32.0,5.0,2921.49,4128.06
480.0,81.0,36.0,30.0,8.0,2899.18,4122.81
480.0,85.0,38.0,32.0,7.0,2886.52,4211.99
480.0,79.0,34.0,36.0,6.0,2726.4,4129.46
480.0,79.0,32.0,36.0,8.0,2773.82,4207.04
480.0,76.0,34.0,32.0,3.0,2370.64,3635.41
480.0,77.0,34.0,27.0,9.0,2845.58,4008.44
480.0,92.0,45.0,34.0,6.0,3138.88,4474.64
480.0,80.0,33.0,39.0,5.0,2604.88,4163.6
480.0,84.0,34.0,36.0,7.0,2875.93,4273.73
480.0,71.0,35.0,28.0,4.0,2521.59,3633.03
480.0,67.0,36.0,24.0,3.0,2327.11,3312.87
480.0,79.0,30.0,39.0,5.0,2471.29,4090.04
480.0,78.0,31.0,33.0,8.0,2671.37,4031.94
480.0,73.0,29.0,26.0,8.0,2487.34,3684.83
480.0,72.0,30.0,36.0,3.0,2329.66,3727.56
480.0,79.0,28.0,36.0,9.0,2725.59,4298.86
480.0,78.0,28.0,32.0,13.0,2918.82,4250.75
480.0,78.0,42.0,26.0,5.0,2809.36,3873.51
480.0,78.0,40.0,33.0,1.0,2574.38,3756.85
480.0,70.0,36.0,29.0,3.0,2454.55,3610.04
480.0,88.0,38.0,39.0,5.0,2890.42,4340.97
480.0,63.0,32.0,24.0,4.0,2200.88,3232.76
480.0,65.0,34.0,22.0,6.0,2495.44,3522.67
480.0,89.0,38.0,35.0,8.0,2939.28,4414.63
480.0,73.0,32.0,31.0,6.0,2449.34,3842.02
480.0,87.0,32.0,39.0,7.0,2837.86,4374.81
480.0,69.0,33.0,25.0,5.0,2357.3,3475.75
480.0,75.0,35.0,30.0,6.0,2680.12,3879.93
480.0,82.0,35.0,32.0,8.0,2861.33,4218.61
480.0,83.0,35.0,31.0,11.0,3057.12,4346.82
480.0,78.0,36.0,34.0,4.0,2639.27,3961.7
480.0,86.0,38.0,32.0,11.0,3208.32,4486.04
480.0,77.0,29.0,31.0,13.0,2825.81,4361.53
480.0,70.0,34.0,19.0,12.0,2824.99,3779.45
480.0,76.0,30.0,31.0,8.0,2627.78,3941.97
480.0,72.0,21.0,40.0,7.0,2178.77,3842.71
480.0,73.0,24.0,37.0,6.0,2289.08,3731.86
480.0,72.0,28.0,31.0,8.0,2421.76,3848.77
480.0,74.0,31.0,34.0,6.0,2502.6,3881.75
480.0,69.0,21.0,39.0,7.0,2146.55,3803.56
480.0,78.0,30.0,32.0,12.0,2784.24,4264.14
480.0,78.0,29.0,35.0,10.0,2698.29,4194.14
480.0,68.0,40.0,17.0,4.0,2493.17,3198.62
480.0,71.0,26.0,35.0,5.0,2304.86,3698.68
480.0,68.0,30.0,28.0,6.0,2414.12,3533.4
480.0,73.0,28.0,39.0,2.0,2183.07,3700.65
480.0,69.0,26.0,35.0,7.0,2303.0,3777.51
480.0,79.0,35.0,29.0,7.0,2719.04,3911.16
480.0,85.0,38.0,35.0,8.0,3005.75,4477.21
480.0,65.0,22.0,35.0,5.0,1990.61,3439.3
480.0,64.0,27.0,29.0,5.0,2170.62,3373.12
480.0,76.0,37.0,27.0,4.0,2515.97,3553.36
480.0,74.0,33.0,32.0,7.0,2606.77,3948.75
480.0,81.0,30.0,38.0,7.0,2741.99,4237.51
480.0,70.0,33.0,25.0,9.0,2656.33,3748.43
480.0,83.0,34.0,38.0,6.0,2786.26,4283.68
480.0,77.0,27.0,35.0,7.0,2447.34,3858.55
480.0,77.0,30.0,35.0,6.0,2478.56,3911.78
480.0,86.0,38.0,32.0,11.0,3130.92,4466.55
480.0,80.0,32.0,33.0,8.0,2615.37,4057.53
480.0,78.0,31.0,35.0,7.0,2665.86,4085.61
480.0,81.0,27.0,41.0,8.0,2593.94,4298.43
480.0,67.0,28.0,31.0,5.0,2188.95,3585.83
480.0,78.0,34.0,31.0,9.0,2783.11,4177.62
480.0,66.0,26.0,29.0,5.0,2108.95,3396.36
480.0,80.0,28.0,39.0,8.0,2656.21,4253.49
480.0,74.0,26.0,41.0,4.0,2208.59,3819.77
480.0,69.0,35.0,24.0,7.0,2617.35,3644.19
480.0,74.0,34.0,29.0,6.0,2640.13,3776.1
480.0,86.0,39.0,37.0,4.0,2838.5,4237.08
480.0,91.0,40.0,33.0,9.0,3272.27,4421.91
480.0,91.0,35.0,37.0,10.0,3055.78,4618.29
480.0,77.0,32.0,33.0,5.0,2524.38,3832.86
480.0,83.0,28.0,41.0,7.0,2595.4,4230.68
480.0,73.0,30.0,37.0,3.0,2327.3,3721.25
480.0,75.0,28.0,37.0,6.0,2436.54,3907.74
480.0,75.0,34.0,33.0,7.0,2690.99,4075.73
480.0,80.0,33.0,30.0,12.0,2958.36,4274.41
480.0,61.0,30.0,24.0,6.0,2273.15,3264.39
480.0,81.0,35.0,33.0,12.0,3055.1,4463.69
480.0,72.0,21.0,38.0,8.0,2243.92,3797.58
480.0,78.0,26.0,40.0,9.0,2609.26,4278.62
480.0,81.0,34.0,38.0,5.0,2610.31,4127.96
480.0,80.0,37.0,31.0,5.0,2661.58,3878.37
480.0,78.0,31.0,35.0,7.0,2678.78,4014.14
480.0,79.0,33.0,31.0,8.0,2731.27,3994.1
480.0,75.0,35.0,26.0,10.0,2826.13,4003.23
480.0,69.0,22.0,28.0,15.0,2574.01,4050.36
480.0,62.0,23.0,30.0,7.0,2065.26,3368.09
480.0,79.0,33.0,36.0,8.0,2759.06,4228.75
480.0,77.0,31.0,35.0,3.0,2345.03,3711.74
480.0,70.0,33.0,29.0,6.0,2497.3,3661.6
480.0,70.0,29.0,34.0,3.0,2204.9,3601.26
480.0,75.0,29.0,34.0,8.0,2562.45,4009.87
480.0,81.0,31.0,40.0,5.0,2563.84,4118.05
480.0,70.0,36.0,20.0,4.0,2361.43,3244.24
480.0,77.0,31.0,32.0,9.0,2707.99,4066.09
480.0,83.0,30.0,35.0,13.0,2949.94,4482.05
480.0,65.0,26.0,33.0,5.0,2159.08,3530.76
480.0,77.0,34.0,32.0,3.0,2439.73,3609.47
480.0,74.0,34.0,32.0,6.0,2629.83,3859.66
480.0,78.0,29.0,36.0,5.0,2419.52,3829.88
480.0,76.0,29.0,35.0,8.0,2490.64,4025.35
480.0,83.0,28.0,42.0,10.0,2756.66,4454.55
480.0,67.0,25.0,30.0,8.0,2231.93,3639.37
480.0,75.0,22.0,42.0,6.0,2196.33,3915.99
480.0,82.0,37.0,32.0,6.0,2721.34,4051.84
480.0,68.0,23.0,35.0,7.0,2176.41,3685.17
480.0,80.0,35.0,35.0,6.0,2759.54,4150.15
480.0,81.0,32.0,34.0,8.0,2724.16,4029.95
480.0,75.0,27.0,34.0,7.0,2389.57,3882.22
480.0,95.0,37.0,47.0,6.0,3017.3,4764.8
480.0,65.0,27.0,27.0,7.0,2209.96,3398.46
480.0,71.0,22.0,38.0,7.0,2230.82,3837.21
480.0,86.0,37.0,27.0,14.0,3134.08,4538.69
480.0,66.0,25.0,30.0,9.0,2255.13,3705.99
480.0,74.0,32.0,32.0,5.0,2517.69,3833.64
480.0,68.0,26.0,30.0,7.0,2365.83,3526.02
480.0,84.0,29.0,40.0,9.0,2656.72,4367.35
480.0,68.0,36.0,23.0,8.0,2602.9,3687.25
480.0,85.0,40.0,38.0,2.0,2744.86,4156.9
480.0,72.0,26.0,37.0,6.0,2349.45,3806.53
480.0,65.0,26.0,29.0,8.0,2335.75,3577.97
480.0,80.0,33.0,33.0,5.0,2494.38,3825.88
480.0,81.0,34.0,31.0,10.0,2824.19,4240.96
480.0,83.0,31.0,40.0,10.0,2914.49,4587.37
480.0,59.0,23.0,30.0,4.0,1946.59,3209.63
480.0,82.0,22.0,37.0,13.0,2688.4,4315.9
480.0,86.0,37.0,31.0,11.0,3062.47,4434.66
480.0,76.0,33.0,27.0,10.0,2794.93,3916.17
480.0,80.0,34.0,37.0,5.0,2641.3,4113.28
480.0,88.0,36.0,30.0,11.0,3019.26,4313.57
480.0,67.0,37.0,22.0,7.0,2609.97,3520.38
480.0,70.0,36.0,20.0,8.0,2724.62,3624.83
480.0,75.0,25.0,19.0,8.0,2027.0,3030.34
480.0,67.0,21.0,26.0,4.0,1779.37,2858.77
480.0,76.0,20.0,27.0,3.0,1650.27,2816.16
480.0,69.0,21.0,26.0,6.0,1891.82,3167.69
480.0,74.0,21.0,23.0,7.0,1898.53,2989.77
480.0,71.0,24.0,24.0,3.0,1836.01,2902.87
480.0,81.0,27.0,23.0,4.0,1969.25,3007.51
480.0,70.0,19.0,23.0,4.0,1664.56,2685.97
480.0,76.0,30.0,20.0,3.0,1996.29,2865.63
480.0,70.0,21.0,26.0,4.0,1737.88,2908.76
480.0,71.0,26.0,27.0,4.0,1978.39,3181.69
480.0,82.0,22.0,23.0,8.0,2052.39,3139.2
480.0,73.0,26.0,19.0,7.0,2047.6,3110.9
480.0,83.0,23.0,19.0,7.0,1929.31,2901.23
480.0,93.0,27.0,28.0,4.0,2059.66,3244.17
480.0,70.0,26.0,25.0,2.0,1844.74,2879.33
480.0,74.0,27.0,22.0,6.0,2091.34,3273.81
480.0,77.0,20.0,27.0,4.0,1718.68,2933.32
480.0,67.0,24.0,20.0,4.0,1791.95,2679.38
480.0,77.0,27.0,22.0,5.0,1981.23,3092.95
480.0,65.0,22.0,25.0,4.0,1750.48,2894.41
480.0,78.0,21.0,30.0,4.0,1831.94,3079.26
480.0,72.0,25.0,22.0,6.0,1950.69,3045.13
480.0,76.0,33.0,15.0,2.0,2014.21,2650.0
480.0,84.0,28.0,21.0,6.0,2071.34,3127.79
480.0,83.0,26.0,21.0,7.0,2105.39,3111.2
480.0,75.0,23.0,21.0,7.0,2021.75,3099.33
480.0,68.0,25.0,28.0,2.0,1859.17,2943.15
480.0,68.0,21.0,26.0,9.0,2133.42,3372.23
480.0,66.0,21.0,21.0,9.0,2071.6,3224.1
480.0,63.0,17.0,18.0,14.0,2111.17,3238.53
480.0,89.0,19.0,29.0,5.0,1770.36,3068.73
480.0,77.0,23.0,23.0,5.0,1888.59,2926.56
480.0,82.0,18.0,24.0,6.0,1712.15,2908.1
480.0,73.0,28.0,16.0,9.0,2238.74,3109.22
480.0,75.0,24.0,25.0,4.0,1884.72,2966.45
480.0,90.0,29.0,20.0,5.0,2083.63,3000.32
480.0,86.0,25.0,22.0,7.0,2068.47,3163.07
480.0,64.0,17.0,28.0,6.0,1744.49,3030.59
480.0,75.0,23.0,26.0,3.0,1810.98,2885.0
480.0,76.0,28.0,21.0,6.0,2090.18,3138.18
480.0,83.0,27.0,24.0,2.0,1834.49,2865.95
480.0,82.0,27.0,18.0,7.0,2075.21,2994.85
480.0,78.0,30.0,18.0,4.0,2056.88,2874.35
480.0,72.0,21.0,22.0,12.0,2188.66,3441.53
480.0,84.0,25.0,27.0,3.0,1894.84,3080.52
480.0,81.0,21.0,22.0,6.0,1785.51,2937.02
480.0,73.0,26.0,25.0,3.0,1938.7,2999.42
480.0,82.0,28.0,26.0,4.0,2052.44,3217.02
480.0,76.0,24.0,25.0,5.0,2027.39,3202.98
480.0,77.0,33.0,15.0,6.0,2238.84,3035.92
480.0,77.0,22.0,25.0,6.0,1899.08,3107.58
480.0,90.0,20.0,26.0,6.0,1853.46,3112.02
480.0,83.0,30.0,20.0,1.0,1842.88,2644.8
480.0,80.0,21.0,27.0,7.0,2012.8,3209.03
480.0,89.0,17.0,26.0,9.0,1896.36,3203.85
480.0,80.0,26.0,24.0,2.0,1811.05,2829.36
480.0,75.0,27.0,18.0,5.0,1970.99,2819.86
480.0,72.0,25.0,28.0,2.0,1827.53,2998.25
480.0,63.0,29.0,19.0,3.0,1968.21,2782.14
480.0,76.0,23.0,28.0,3.0,1787.66,2950.15
480.0,72.0,29.0,20.0,6.0,2202.98,3067.88
480.0,73.0,22.0,23.0,5.0,1854.63,2875.78
480.0,82.0,25.0,24.0,6.0,2048.57,3120.09
480.0,75.0,20.0,22.0,8.0,1972.41,3125.87
480.0,74.0,28.0,18.0,7.0,2092.19,3071.2
480.0,73.0,26.0,20.0,5.0,1904.87,2920.95
480.0,73.0,27.0,26.0,0.0,1758.39,2747.27
480.0,75.0,22.0,26.0,4.0,1813.2,2933.89
480.0,83.0,21.0,23.0,4.0,1779.07,2814.56
480.0,73.0,27.0,27.0,4.0,2084.73,3236.53
480.0,69.0,27.0,21.0,7.0,2209.18,3275.77
480.0,82.0,23.0,27.0,5.0,1969.09,3084.03
480.0,80.0,26.0,19.0,5.0,1943.05,2858.61
480.0,65.0,23.0,19.0,6.0,1894.76,2900.7
480.0,67.0,15.0,28.0,9.0,1904.42,3190.19
480.0,75.0,26.0,27.0,3.0,1924.85,3131.35
480.0,92.0,18.0,27.0,8.0,1870.81,3230.25
480.0,72.0,29.0,14.0,7.0,2107.93,2935.64
480.0,82.0,23.0,26.0,5.0,1952.58,3054.93
480.0,79.0,27.0,23.0,2.0,1846.04,2789.88
480.0,76.0,26.0,24.0,8.0,2257.97,3384.03
480.0,67.0,24.0,22.0,5.0,1916.58,2949.79
480.0,72.0,24.0,25.0,4.0,1849.83,2973.58
480.0,74.0,23.0,23.0,4.0,1798.28,2888.25
480.0,76.0,27.0,18.0,3.0,1795.13,2626.56
480.0,86.0,25.0,25.0,6.0,2076.59,3171.98
480.0,74.0,23.0,19.0,8.0,2058.52,2974.8
480.0,66.0,22.0,23.0,6.0,1899.04,3084.71
480.0,72.0,21.0,22.0,4.0,1623.46,2708.34
480.0,78.0,19.0,23.0,9.0,1887.51,3112.4
480.0,85.0,28.0,23.0,3.0,2031.43,3046.97
480.0,63.0,23.0,23.0,6.0,1901.17,3042.03
480.0,78.0,25.0,25.0,3.0,1838.5,2972.09
480.0,74.0,26.0,26.0,2.0,1836.3,2879.54
480.0,92.0,23.0,26.0,4.0,1847.55,2994.14
480.0,86.0,24.0,22.0,5.0,1873.28,2990.27
480.0,76.0,26.0,25.0,3.0,1899.71,2975.52
480.0,86.0,25.0,26.0,5.0,2042.99,3136.43
480.0,76.0,29.0,14.0,6.0,2078.21,2769.99
480.0,78.0,2.0,50.0,5.0,1299.96,3303.51
480.0,73.0,0.0,48.0,6.0,1225.26,3170.07
480.0,73.0,0.0,50.0,3.0,1081.63,2989.12
480.0,60.0,0.0,46.0,9.0,1380.47,3301.86
480.0,68.0,0.0,45.0,9.0,1341.46,3278.3
480.0,71.0,2.0,44.0,10.0,1470.36,3395.98
480.0,79.0,0.0,51.0,7.0,1329.38,3426.34
480.0,79.0,1.0,48.0,8.0,1391.69,3438.33
480.0,72.0,0.0,42.0,9.0,1363.83,3287.12
480.0,74.0,1.0,41.0,11.0,1484.03,3375.63
480.0,58.0,1.0,47.0,7.0,1301.92,3241.06
480.0,72.0,0.0,50.0,8.0,1381.09,3462.7
480.0,62.0,1.0,54.0,4.0,1259.41,3338.05
480.0,79.0,1.0,45.0,13.0,1669.18,3782.85
480.0,87.0,0.0,53.0,7.0,1367.69,3538.87
480.0,84.0,1.0,54.0,7.0,1432.45,3616.21
480.0,68.0,0.0,44.0,9.0,1330.12,3257.27
480.0,62.0,3.0,41.0,8.0,1349.77,3133.79
480.0,69.0,0.0,53.0,3.0,1144.11,3189.21
480.0,78.0,0.0,53.0,6.0,1312.57,3431.8
480.0,75.0,2.0,49.0,6.0,1335.1,3327.55
480.0,75.0,1.0,48.0,8.0,1375.24,3370.18
480.0,77.0,0.0,47.0,6.0,1210.88,3136.09
480.0,73.0,1.0,50.0,6.0,1305.61,3334.1
480.0,83.0,0.0,57.0,3.0,1209.09,3373.42
480.0,78.0,1.0,51.0,9.0,1491.49,3630.33
480.0,70.0,0.0,49.0,6.0,1272.08,3317.22
480.0,63.0,0.0,45.0,6.0,1191.55,3087.51
480.0,62.0,0.0,45.0,11.0,1462.28,3469.98
480.0,79.0,1.0,46.0,8.0,1378.31,3344.32
480.0,68.0,2.0,49.0,8.0,1457.02,3513.71
480.0,79.0,3.0,48.0,7.0,1420.27,3392.38
480.0,76.0,3.0,48.0,4.0,1257.43,3152.19
480.0,76.0,2.0,48.0,8.0,1436.38,3445.04
480.0,80.0,2.0,46.0,7.0,1380.75,3363.3
480.0,77.0,2.0,49.0,6.0,1326.16,3289.83
480.0,86.0,0.0,50.0,11.0,1582.33,3747.85
480.0,74.0,1.0,44.0,9.0,1404.43,3356.44
480.0,69.0,3.0,45.0,5.0,1329.08,3169.87
480.0,84.0,0.0,48.0,8.0,1341.82,3356.53
480.0,76.0,1.0,44.0,9.0,1380.72,3300.5
480.0,72.0,0.0,52.0,4.0,1209.54,3214.91
480.0,71.0,0.0,42.0,12.0,1466.27,3406.51
480.0,74.0,0.0,46.0,6.0,1174.79,3042.17
480.0,69.0,1.0,47.0,8.0,1402.81,3367.38
480.0,88.0,0.0,56.0,6.0,1352.84,3560.59
480.0,72.0,2.0,42.0,12.0,1553.78,3488.0
480.0,79.0,0.0,53.0,9.0,1490.93,3698.71
480.0,87.0,2.0,47.0,9.0,1474.6,3465.8
480.0,70.0,1.0,45.0,8.0,1339.46,3295.93
480.0,88.0,1.0,54.0,6.0,1386.95,3572.58
480.0,80.0,0.0,51.0,8.0,1399.77,3540.23
480.0,82.0,0.0,49.0,10.0,1467.88,3579.23
480.0,84.0,0.0,53.0,6.0,1330.1,3474.92
480.0,77.0,0.0,46.0,9.0,1372.13,3363.55
480.0,80.0,2.0,45.0,9.0,1433.61,3362.15
480.0,74.0,2.0,44.0,9.0,1415.67,3303.0
480.0,77.0,3.0,41.0,9.0,1430.51,3277.7
480.0,71.0,1.0,50.0,6.0,1303.81,3306.01
480.0,86.0,0.0,53.0,6.0,1356.15,3544.07
480.0,77.0,0.0,52.0,3.0,1129.73,3128.56
480.0,72.0,0.0,48.0,9.0,1391.03,3430.58
480.0,76.0,3.0,46.0,7.0,1396.44,3327.11
480.0,86.0,2.0,56.0,5.0,1396.36,3579.74
480.0,84.0,3.0,45.0,7.0,1379.91,3282.9
480.0,74.0,2.0,48.0,5.0,1326.23,3322.03
480.0,85.0,1.0,47.0,8.0,1406.78,3460.87
480.0,85.0,0.0,55.0,3.0,1230.62,3376.83
480.0,74.0,1.0,49.0,7.0,1355.73,3382.02
480.0,83.0,1.0,49.0,5.0,1219.19,3158.74
480.0,68.0,0.0,47.0,8.0,1305.0,3267.73
480.0,70.0,2.0,50.0,9.0,1526.93,3665.91
480.0,79.0,1.0,44.0,11.0,1516.38,3506.84
480.0,76.0,4.0,47.0,6.0,1385.27,3307.04
480.0,84.0,1.0,43.0,12.0,1519.95,3496.77
480.0,69.0,1.0,46.0,5.0,1216.46,3110.17
480.0,68.0,1.0,53.0,6.0,1359.19,3476.07
480.0,83.0,1.0,51.0,8.0,1451.62,3577.98
480.0,73.0,1.0,47.0,11.0,1564.39,3676.79
480.0,70.0,0.0,49.0,9.0,1419.23,3503.89
480.0,79.0,3.0,50.0,2.0,1222.3,3139.87
480.0,75.0,2.0,47.0,10.0,1548.85,3624.3
480.0,71.0,1.0,45.0,9.0,1389.57,3336.58
480.0,62.0,0.0,55.0,3.0,1163.88,3218.63
480.0,82.0,2.0,51.0,5.0,1312.65,3324.47
480.0,67.0,2.0,51.0,8.0,1491.46,3626.37
480.0,85.0,0.0,50.0,9.0,1442.72,3589.69
480.0,76.0,2.0,49.0,8.0,1446.38,3505.61
480.0,60.0,3.0,41.0,9.0,1410.25,3224.06
480.0,78.0,2.0,48.0,4.0,1223.49,3054.5
480.0,72.0,0.0,52.0,8.0,1417.7,3573.39
480.0,92.0,1.0,54.0,7.0,1449.57,3656.58
480.0,67.0,1.0,45.0,8.0,1337.51,3268.49
480.0,71.0,3.0,47.0,9.0,1556.67,3615.94
480.0,71.0,0.0,48.0,11.0,1548.46,3688.93
480.0,80.0,1.0,47.0,12.0,1606.35,3742.93
480.0,72.0,2.0,50.0,5.0,1299.64,3308.82
480.0,86.0,2.0,50.0,11.0,1633.11,3792.68
480.0,87.0,0.0,48.0,9.0,1442.87,3528.44
480.0,76.0,1.0,49.0,8.0,1439.75,3508.09
480.0,82.0,30.0,23.0,7.0,2319.05,3341.55
480.0,62.0,30.0,23.0,4.0,2143.46,3063.72
480.0,74.0,32.0,14.0,6.0,2213.84,2813.43
480.0,66.0,31.0,18.0,7.0,2352.55,3117.37
480.0,75.0,34.0,20.0,4.0,2243.98,3057.56
480.0,65.0,38.0,13.0,4.0,2380.26,2852.85
480.0,65.0,35.0,13.0,6.0,2300.98,2934.44
480.0,88.0,26.0,26.0,3.0,1979.24,2991.31
480.0,63.0,33.0,13.0,6.0,2255.1,2904.23
480.0,77.0,30.0,21.0,4.0,2134.17,2894.33
480.0,69.0,29.0,26.0,3.0,2097.39,3063.37
480.0,71.0,32.0,17.0,6.0,2281.13,3010.75
480.0,74.0,32.0,21.0,3.0,2157.65,2983.18
480.0,68.0,25.0,23.0,10.0,2279.7,3360.49
480.0,92.0,24.0,25.0,9.0,2154.37,3339.12
480.0,71.0,32.0,19.0,3.0,2035.89,2839.11
480.0,68.0,32.0,18.0,6.0,2270.2,3036.14
480.0,69.0,28.0,23.0,4.0,2072.11,2995.8
480.0,70.0,34.0,19.0,5.0,2348.96,3070.36
480.0,63.0,26.0,19.0,8.0,2108.21,3061.77
480.0,75.0,34.0,19.0,5.0,2315.91,3126.87
480.0,79.0,34.0,22.0,4.0,2299.35,3184.23
480.0,72.0,29.0,23.0,7.0,2333.82,3288.94
480.0,88.0,35.0,18.0,3.0,2245.6,2952.58
480.0,68.0,29.0,27.0,5.0,2189.02,3286.68
480.0,73.0,29.0,24.0,6.0,2242.49,3195.98
480.0,76.0,22.0,21.0,7.0,2017.86,2963.49
480.0,79.0,30.0,22.0,4.0,2127.33,3012.22
480.0,88.0,33.0,18.0,6.0,2379.5,3146.17
480.0,80.0,27.0,18.0,10.0,2444.5,3198.95
480.0,67.0,27.0,21.0,5.0,2002.38,2968.3
480.0,88.0,35.0,18.0,5.0,2359.03,3084.92
480.0,76.0,35.0,18.0,8.0,2555.66,3379.64
480.0,74.0,30.0,18.0,6.0,2228.12,2951.5
480.0,73.0,34.0,17.0,6.0,2410.41,3048.86
480.0,89.0,28.0,24.0,10.0,2461.2,3534.84
480.0,82.0,35.0,16.0,5.0,2356.99,3066.87
480.0,86.0,31.0,22.0,6.0,2278.24,3268.87
480.0,72.0,39.0,14.0,4.0,2408.71,2905.84
480.0,71.0,27.0,23.0,10.0,2418.75,3447.5
480.0,76.0,37.0,15.0,4.0,2312.09,2904.82
480.0,77.0,27.0,27.0,4.0,2096.11,3160.08
480.0,75.0,33.0,19.0,7.0,2364.8,3268.13
480.0,81.0,30.0,19.0,6.0,2217.35,3008.8
480.0,67.0,27.0,24.0,7.0,2214.84,3313.74
480.0,84.0,29.0,23.0,4.0,2119.84,2999.3
480.0,76.0,33.0,21.0,7.0,2496.18,3398.87
480.0,66.0,26.0,24.0,8.0,2255.14,3252.02
480.0,84.0,36.0,25.0,2.0,2331.97,3163.66
480.0,78.0,35.0,24.0,2.0,2221.85,3134.94
480.0,77.0,33.0,21.0,2.0,2130.47,2909.09
480.0,71.0,25.0,23.0,7.0,2031.05,3124.19
480.0,87.0,33.0,24.0,2.0,2186.43,3058.94
480.0,75.0,35.0,22.0,5.0,2426.12,3303.67
480.0,92.0,35.0,22.0,5.0,2462.19,3353.04
480.0,84.0,30.0,21.0,6.0,2197.87,3170.54
480.0,78.0,37.0,21.0,5.0,2563.34,3295.92
480.0,71.0,31.0,18.0,5.0,2223.17,2901.95
480.0,71.0,31.0,23.0,3.0,2097.64,3035.41
480.0,62.0,39.0,14.0,4.0,2454.08,2965.12
480.0,86.0,33.0,25.0,3.0,2203.03,3203.8
480.0,79.0,30.0,18.0,7.0,2231.68,3039.88
480.0,85.0,39.0,16.0,5.0,2501.45,3189.38
480.0,80.0,33.0,20.0,5.0,2250.4,3135.89
480.0,67.0,28.0,20.0,5.0,2071.34,2919.89
480.0,86.0,34.0,19.0,6.0,2345.07,3178.64
480.0,82.0,28.0,21.0,3.0,1933.5,2800.37
480.0,71.0,35.0,19.0,2.0,2158.6,2841.74
480.0,80.0,33.0,19.0,3.0,2168.81,2926.61
480.0,90.0,27.0,29.0,3.0,2068.8,3148.6
480.0,75.0,25.0,20.0,8.0,2153.74,3142.78
480.0,80.0,28.0,27.0,3.0,2093.19,3105.73
480.0,84.0,30.0,18.0,7.0,2278.11,3044.05
480.0,77.0,25.0,20.0,11.0,2243.5,3265.07
480.0,76.0,37.0,16.0,3.0,2281.98,2819.85
480.0,71.0,36.0,18.0,1.0,2129.82,2759.88
480.0,66.0,30.0,22.0,3.0,2063.92,2909.6
480.0,87.0,33.0,22.0,7.0,2512.39,3422.59
480.0,68.0,36.0,11.0,6.0,2309.68,2862.64
480.0,79.0,39.0,19.0,6.0,2601.24,3457.26
480.0,67.0,27.0,22.0,4.0,2034.56,2874.76
480.0,68.0,31.0,23.0,6.0,2344.2,3328.64
480.0,67.0,22.0,21.0,8.0,2062.44,3045.19
480.0,81.0,34.0,24.0,3.0,2312.05,3242.1
480.0,85.0,34.0,25.0,5.0,2434.28,3419.73
480.0,75.0,30.0,20.0,2.0,1959.17,2811.11
480.0,84.0,34.0,18.0,7.0,2392.49,3240.59
480.0,66.0,26.0,18.0,7.0,1992.39,2848.11
480.0,66.0,28.0,18.0,8.0,2252.02,3038.94
480.0,80.0,32.0,14.0,10.0,2498.12,3202.54
480.0,81.0,32.0,16.0,7.0,2279.89,3060.42
480.0,76.0,31.0,22.0,6.0,2313.29,3201.98
480.0,68.0,36.0,18.0,4.0,2331.83,3076.4
480.0,66.0,28.0,22.0,7.0,2244.86,3209.8
480.0,80.0,31.0,20.0,6.0,2282.7,3070.82
480.0,83.0,37.0,15.0,10.0,2856.34,3430.95
480.0,69.0,36.0,18.0,3.0,2275.95,2902.31
480.0,89.0,35.0,24.0,5.0,2521.18,3444.66
480.0,85.0,32.0,24.0,6.0,2330.78,3387.93
480.0,70.0,34.0,17.0,7.0,2430.88,3181.67
480.0,82.0,43.0,4.0,4.0,2482.79,2428.74
480.0,69.0,45.0,7.0,3.0,2474.96,2648.53
480.0,72.0,41.0,6.0,2.0,2279.34,2348.43
480.0,72.0,45.0,2.0,2.0,2387.35,2348.02
480.0,77.0,42.0,6.0,3.0,2379.04,2409.91
480.0,68.0,44.0,3.0,4.0,2501.66,2450.94
480.0,81.0,44.0,6.0,2.0,2415.99,2481.05
480.0,74.0,44.0,3.0,2.0,2354.89,2264.68
480.0,83.0,43.0,7.0,4.0,2558.77,2631.14
480.0,73.0,47.0,6.0,3.0,2549.98,2654.76
480.0,68.0,42.0,8.0,4.0,2554.84,2689.53
480.0,69.0,44.0,6.0,4.0,2544.43,2566.29
480.0,68.0,42.0,3.0,7.0,2626.35,2623.49
480.0,76.0,43.0,2.0,6.0,2541.01,2557.56
480.0,86.0,45.0,4.0,4.0,2540.24,2570.66
480.0,78.0,46.0,5.0,2.0,2460.77,2443.65
480.0,61.0,40.0,2.0,5.0,2333.65,2309.79
480.0,69.0,45.0,7.0,2.0,2383.15,2546.3
480.0,68.0,40.0,5.0,2.0,2241.69,2308.67
480.0,79.0,43.0,5.0,4.0,2494.57,2568.18
480.0,66.0,40.0,5.0,4.0,2406.43,2445.36
480.0,75.0,40.0,7.0,4.0,2357.72,2499.17
480.0,77.0,43.0,5.0,5.0,2571.66,2581.6
480.0,78.0,44.0,2.0,3.0,2375.28,2297.82
480.0,73.0,46.0,6.0,3.0,2531.6,2600.49
480.0,84.0,46.0,5.0,3.0,2548.38,2597.2
480.0,65.0,46.0,3.0,3.0,2429.66,2460.65
480.0,88.0,43.0,7.0,2.0,2413.67,2524.17
480.0,78.0,45.0,4.0,3.0,2521.84,2433.29
480.0,69.0,44.0,3.0,4.0,2439.49,2417.97
480.0,64.0,42.0,4.0,5.0,2508.0,2504.59
480.0,85.0,49.0,5.0,0.0,2419.97,2384.7
480.0,75.0,47.0,6.0,1.0,2462.44,2463.39
480.0,81.0,40.0,2.0,6.0,2503.53,2364.88
480.0,68.0,41.0,9.0,5.0,2554.95,2690.11
480.0,83.0,42.0,6.0,2.0,2290.13,2329.49
480.0,87.0,41.0,10.0,3.0,2386.03,2574.47
480.0,87.0,44.0,10.0,1.0,2388.02,2586.38
480.0,66.0,46.0,1.0,1.0,2290.92,2149.01
480.0,73.0,41.0,6.0,3.0,2329.69,2392.5
480.0,74.0,45.0,1.0,3.0,2420.35,2242.61
480.0,70.0,41.0,3.0,5.0,2456.89,2395.08
480.0,80.0,41.0,5.0,7.0,2628.16,2644.95
480.0,84.0,45.0,4.0,3.0,2504.2,2437.06
480.0,66.0,42.0,4.0,4.0,2482.78,2463.44
480.0,81.0,45.0,3.0,2.0,2464.29,2394.25
480.0,82.0,43.0,6.0,4.0,2504.57,2550.82
480.0,85.0,40.0,12.0,3.0,2387.14,2674.01
480.0,77.0,45.0,1.0,3.0,2467.99,2283.02
480.0,81.0,43.0,7.0,5.0,2620.58,2741.3
480.0,73.0,40.0,7.0,3.0,2357.5,2432.99
480.0,83.0,43.0,4.0,2.0,2427.31,2380.86
480.0,82.0,47.0,5.0,2.0,2509.95,2535.52
480.0,78.0,46.0,6.0,3.0,2569.28,2588.36
480.0,72.0,45.0,6.0,3.0,2507.09,2529.28
480.0,79.0,45.0,5.0,2.0,2422.21,2450.29
480.0,77.0,45.0,1.0,4.0,2513.2,2339.14
480.0,78.0,42.0,1.0,4.0,2438.19,2311.8
480.0,75.0,45.0,4.0,1.0,2359.38,2302.08
480.0,65.0,43.0,6.0,2.0,2312.73,2424.59
480.0,77.0,47.0,2.0,3.0,2506.97,2445.47
480.0,71.0,47.0,4.0,2.0,2542.38,2493.99
480.0,74.0,40.0,8.0,2.0,2263.22,2390.86
480.0,84.0,47.0,4.0,3.0,2528.6,2521.15
480.0,75.0,43.0,4.0,3.0,2349.14,2394.01
480.0,87.0,42.0,4.0,6.0,2575.7,2620.88
480.0,79.0,44.0,5.0,3.0,2476.82,2454.01
480.0,73.0,42.0,4.0,5.0,2528.28,2465.76
480.0,80.0,44.0,6.0,4.0,2564.26,2578.34
480.0,84.0,47.0,4.0,1.0,2413.43,2353.55
480.0,68.0,46.0,5.0,2.0,2459.94,2450.76
480.0,78.0,39.0,6.0,8.0,2690.77,2805.19
480.0,93.0,44.0,8.0,2.0,2400.02,2508.45
480.0,84.0,46.0,4.0,2.0,2413.24,2417.6
480.0,68.0,44.0,4.0,3.0,2403.01,2410.19
480.0,76.0,44.0,4.0,3.0,2413.03,2402.0
480.0,66.0,44.0,4.0,3.0,2477.67,2536.01
480.0,77.0,42.0,7.0,4.0,2486.89,2607.4
480.0,63.0,38.0,4.0,6.0,2373.02,2457.54
480.0,70.0,44.0,7.0,4.0,2560.85,2627.05
480.0,77.0,46.0,1.0,2.0,2384.22,2194.36
480.0,74.0,44.0,5.0,6.0,2703.23,2711.55
480.0,74.0,39.0,3.0,6.0,2546.46,2465.48
480.0,83.0,45.0,5.0,4.0,2552.11,2593.72
480.0,98.0,46.0,4.0,3.0,2522.86,2492.52
480.0,68.0,41.0,5.0,5.0,2494.29,2592.59
480.0,90.0,46.0,5.0,2.0,2464.92,2454.21
480.0,72.0,45.0,1.0,2.0,2326.3,2160.82
480.0,73.0,44.0,6.0,4.0,2578.47,2585.26
480.0,78.0,38.0,9.0,2.0,2157.15,2401.07
480.0,81.0,42.0,7.0,5.0,2551.88,2659.33
480.0,85.0,46.0,6.0,3.0,2520.06,2647.8
480.0,70.0,42.0,4.0,4.0,2484.38,2468.72
480.0,76.0,43.0,7.0,7.0,2733.79,2924.53
480.0,75.0,46.0,3.0,3.0,2509.82,2432.72
480.0,99.0,44.0,2.0,5.0,2563.77,2463.85
480.0,73.0,45.0,6.0,2.0,2425.01,2438.97
480.0,85.0,45.0,3.0,5.0,2577.37,2574.15
480.0,81.0,44.0,4.0,6.0,2666.61,2637.07
480.0,78.0,36.0,5.0,10.0,2663.97,2715.44
480.0,79.0,0.0,47.0,5.0,1152.96,3088.43
480.0,66.0,1.0,45.0,2.0,986.98,2739.27
480.0,75.0,0.0,39.0,5.0,1073.54,2798.5
480.0,68.0,0.0,41.0,7.0,1185.22,3017.83
480.0,75.0,0.0,40.0,8.0,1227.87,3076.86
480.0,70.0,0.0,38.0,8.0,1210.37,2994.69
480.0,80.0,1.0,46.0,5.0,1171.28,3084.67
480.0,83.0,0.0,42.0,7.0,1161.88,3001.43
480.0,64.0,0.0,37.0,10.0,1272.16,3113.36
480.0,64.0,0.0,45.0,4.0,1044.68,2868.37
480.0,61.0,1.0,44.0,6.0,1206.2,3092.08
480.0,78.0,0.0,42.0,9.0,1286.77,3216.4
480.0,76.0,2.0,43.0,6.0,1227.0,3081.1
480.0,69.0,0.0,35.0,12.0,1347.85,3130.4
480.0,84.0,0.0,42.0,8.0,1226.5,3092.56
480.0,69.0,0.0,48.0,5.0,1156.8,3123.34
480.0,69.0,0.0,44.0,9.0,1328.25,3343.49
480.0,74.0,1.0,43.0,7.0,1230.45,3085.28
480.0,68.0,0.0,41.0,8.0,1207.28,3066.13
480.0,71.0,0.0,42.0,7.0,1174.34,3035.7
480.0,83.0,1.0,45.0,3.0,1069.24,2886.91
480.0,74.0,0.0,37.0,12.0,1374.98,3248.14
480.0,74.0,0.0,39.0,8.0,1181.79,2981.74
480.0,79.0,1.0,43.0,5.0,1117.71,2907.41
480.0,80.0,0.0,45.0,4.0,1101.98,2951.89
480.0,74.0,0.0,41.0,11.0,1370.85,3334.39
480.0,71.0,0.0,44.0,4.0,1083.68,2932.23
480.0,68.0,0.0,40.0,9.0,1253.13,3128.34
480.0,73.0,0.0,41.0,10.0,1339.99,3299.96
480.0,84.0,0.0,45.0,4.0,1074.27,2933.38
480.0,67.0,0.0,42.0,6.0,1122.85,2943.62
480.0,85.0,0.0,48.0,5.0,1158.16,3129.52
480.0,74.0,0.0,42.0,7.0,1167.84,2974.45
480.0,84.0,0.0,42.0,6.0,1109.38,2885.2
480.0,69.0,0.0,42.0,8.0,1227.81,3120.6
480.0,85.0,1.0,40.0,8.0,1245.3,3074.87
480.0,86.0,0.0,44.0,11.0,1443.6,3542.73
480.0,83.0,2.0,41.0,6.0,1174.68,2950.89
480.0,71.0,0.0,42.0,6.0,1165.86,3036.27
480.0,70.0,0.0,43.0,5.0,1076.36,2884.19
480.0,84.0,1.0,45.0,3.0,1031.79,2816.38
480.0,79.0,1.0,44.0,5.0,1135.45,2967.21
480.0,83.0,1.0,42.0,7.0,1224.67,3072.52
480.0,73.0,0.0,43.0,7.0,1184.83,3061.85
480.0,67.0,1.0,44.0,4.0,1087.99,2883.67
480.0,80.0,1.0,42.0,6.0,1160.24,2962.97
480.0,80.0,0.0,37.0,12.0,1409.71,3260.91
480.0,86.0,0.0,43.0,9.0,1305.93,3272.69
480.0,85.0,1.0,45.0,4.0,1099.01,2936.09
480.0,77.0,0.0,44.0,7.0,1209.75,3143.73
480.0,73.0,1.0,43.0,7.0,1227.08,3082.32
480.0,84.0,0.0,41.0,7.0,1155.56,2945.11
480.0,78.0,0.0,41.0,10.0,1320.44,3224.52
480.0,77.0,2.0,47.0,2.0,1060.83,2863.93
480.0,78.0,0.0,47.0,5.0,1136.79,3072.02
480.0,79.0,0.0,43.0,8.0,1291.58,3243.31
480.0,81.0,1.0,41.0,8.0,1310.73,3193.55
480.0,73.0,0.0,39.0,11.0,1357.84,3236.63
480.0,68.0,0.0,40.0,10.0,1325.62,3221.44
480.0,62.0,1.0,41.0,6.0,1200.53,3034.85
480.0,77.0,0.0,47.0,3.0,1034.24,2900.15
480.0,89.0,0.0,46.0,5.0,1127.43,2995.08
480.0,81.0,0.0,42.0,7.0,1167.63,2977.45
480.0,86.0,0.0,41.0,8.0,1207.84,3053.33
480.0,80.0,0.0,47.0,3.0,1043.6,2921.44
480.0,74.0,1.0,37.0,9.0,1310.01,3118.24
480.0,79.0,0.0,43.0,8.0,1259.66,3218.63
480.0,80.0,0.0,46.0,6.0,1181.72,3103.22
480.0,80.0,1.0,43.0,4.0,1112.11,2918.77
480.0,87.0,0.0,45.0,3.0,995.33,2774.72
480.0,77.0,0.0,41.0,10.0,1362.03,3300.23
480.0,73.0,0.0,44.0,8.0,1257.52,3186.36
480.0,78.0,0.0,42.0,7.0,1208.72,3081.66
480.0,84.0,0.0,45.0,6.0,1198.45,3098.11
480.0,82.0,0.0,43.0,8.0,1242.57,3158.93
480.0,69.0,0.0,40.0,8.0,1182.58,2981.47
480.0,68.0,0.0,41.0,9.0,1288.56,3211.35
480.0,84.0,1.0,43.0,8.0,1288.1,3214.7
480.0,66.0,0.0,40.0,7.0,1141.28,2930.08
480.0,68.0,1.0,44.0,5.0,1160.2,3020.49
480.0,81.0,1.0,42.0,7.0,1216.92,3075.12
480.0,72.0,1.0,44.0,7.0,1262.55,3209.77
480.0,68.0,2.0,40.0,7.0,1236.06,3045.61
480.0,70.0,1.0,42.0,7.0,1205.4,3037.62
480.0,80.0,1.0,46.0,5.0,1170.69,3084.33
480.0,68.0,0.0,40.0,8.0,1201.21,3038.93
480.0,83.0,0.0,42.0,7.0,1168.39,3027.69
480.0,66.0,1.0,42.0,5.0,1093.03,2852.1
480.0,71.0,1.0,44.0,6.0,1195.84,3081.12
480.0,76.0,1.0,43.0,3.0,997.08,2716.21
480.0,76.0,0.0,46.0,6.0,1177.08,3114.77
480.0,84.0,1.0,47.0,5.0,1227.28,3215.72
480.0,65.0,0.0,42.0,5.0,1057.14,2833.3
480.0,79.0,0.0,45.0,5.0,1104.44,2974.2
480.0,70.0,1.0,47.0,5.0,1183.72,3103.51
480.0,88.0,0.0,42.0,7.0,1168.71,3014.86
480.0,73.0,1.0,39.0,8.0,1226.42,3032.51
480.0,82.0,2.0,39.0,11.0,1457.89,3380.38
480.0,86.0,0.0,43.0,10.0,1364.85,3376.4
480.0,74.0,0.0,41.0,8.0,1209.02,3057.05
480.0,74.0,0.0,43.0,5.0,1100.03,2871.63
480.0,65.0,0.0,47.0,2.0,978.12,2758.2
480.0,77.0,0.0,41.0,3.0,978.54,2632.69
480.0,63.0,0.0,40.0,7.0,1162.01,2891.58
480.0,68.0,0.0,40.0,6.0,1072.77,2721.71
480.0,67.0,0.0,42.0,6.0,1158.4,2917.25
480.0,73.0,0.0,43.0,6.0,1170.96,2983.02
480.0,74.0,0.0,39.0,9.0,1243.94,2998.02
480.0,76.0,0.0,36.0,11.0,1290.78,2974.04
480.0,64.0,0.0,45.0,4.0,1044.68,2801.11
480.0,61.0,0.0,38.0,9.0,1254.71,2995.01
480.0,67.0,0.0,46.0,5.0,1123.89,2948.99
480.0,71.0,0.0,40.0,10.0,1321.77,3137.65
480.0,68.0,0.0,39.0,10.0,1289.37,3037.29
480.0,83.0,0.0,45.0,5.0,1106.56,2898.4
480.0,79.0,0.0,49.0,3.0,1071.48,2955.11
480.0,72.0,0.0,40.0,8.0,1186.96,2907.43
480.0,71.0,0.0,44.0,6.0,1140.58,2920.9
480.0,73.0,0.0,42.0,3.0,937.84,2585.72
480.0,80.0,0.0,41.0,8.0,1211.53,2973.59
480.0,84.0,0.0,42.0,8.0,1237.33,3040.98
480.0,73.0,0.0,40.0,10.0,1306.18,3092.26
480.0,79.0,0.0,33.0,14.0,1439.79,3164.84
480.0,73.0,0.0,41.0,7.0,1144.55,2867.5
480.0,75.0,0.0,47.0,1.0,956.7,2715.92
480.0,85.0,0.0,46.0,4.0,1081.03,2897.14
480.0,71.0,0.0,44.0,4.0,1083.68,2875.76
480.0,72.0,0.0,43.0,7.0,1197.04,3001.91
480.0,73.0,0.0,38.0,12.0,1384.66,3168.08
480.0,66.0,0.0,43.0,6.0,1125.72,2876.52
480.0,61.0,0.0,36.0,11.0,1292.62,2989.2
480.0,85.0,0.0,48.0,5.0,1158.16,3055.36
480.0,88.0,0.0,42.0,9.0,1339.56,3198.01
480.0,75.0,0.0,41.0,8.0,1212.09,2980.75
480.0,71.0,0.0,43.0,6.0,1135.72,2905.95
480.0,84.0,0.0,42.0,9.0,1290.8,3120.11
480.0,92.0,0.0,45.0,7.0,1221.7,3079.37
480.0,86.0,0.0,48.0,3.0,1036.63,2857.6
480.0,70.0,0.0,42.0,6.0,1107.65,2832.45
480.0,73.0,0.0,42.0,6.0,1114.54,2846.69
480.0,80.0,0.0,45.0,5.0,1103.01,2895.49
480.0,85.0,0.0,41.0,7.0,1158.62,2898.36
480.0,77.0,0.0,43.0,7.0,1191.05,2989.08
480.0,72.0,1.0,37.0,10.0,1339.42,3042.15
480.0,64.0,0.0,42.0,6.0,1154.62,2934.78
480.0,82.0,0.0,46.0,5.0,1126.57,2954.14
480.0,77.0,0.0,44.0,6.0,1154.1,2965.01
480.0,86.0,0.0,45.0,7.0,1227.58,3092.01
480.0,82.0,1.0,43.0,6.0,1181.22,2952.33
480.0,80.0,0.0,45.0,6.0,1168.8,3002.16
480.0,71.0,0.0,44.0,4.0,1022.73,2750.05
480.0,80.0,0.0,42.0,6.0,1122.85,2875.89
480.0,80.0,0.0,43.0,7.0,1188.33,2972.12
480.0,75.0,0.0,50.0,3.0,1083.86,2980.73
480.0,74.0,0.0,39.0,9.0,1245.37,2997.25
480.0,84.0,0.0,38.0,11.0,1320.03,3069.71
480.0,80.0,0.0,41.0,9.0,1270.95,3059.49
480.0,74.0,0.0,39.0,11.0,1356.68,3159.87
480.0,63.0,0.0,47.0,2.0,977.55,2753.87
480.0,65.0,0.0,37.0,11.0,1323.86,3063.29
480.0,77.0,0.0,47.0,3.0,1034.24,2844.78
480.0,83.0,0.0,43.0,7.0,1188.26,2975.61
480.0,79.0,0.0,40.0,7.0,1193.17,2939.03
480.0,86.0,0.0,41.0,8.0,1207.84,2959.02
480.0,73.0,0.0,42.0,7.0,1181.74,2968.26
480.0,80.0,0.0,45.0,4.0,1061.56,2846.92
480.0,71.0,1.0,40.0,8.0,1246.61,2992.16
480.0,69.0,0.0,42.0,6.0,1114.54,2852.05
480.0,82.0,0.0,47.0,3.0,1030.76,2839.59
480.0,80.0,0.0,43.0,5.0,1061.71,2781.29
480.0,66.0,0.0,44.0,5.0,1082.56,2840.69
480.0,84.0,0.0,47.0,5.0,1138.57,2994.46
480.0,81.0,0.0,39.0,10.0,1328.15,3118.32
480.0,82.0,0.0,44.0,5.0,1086.73,2852.17
480.0,87.0,0.0,43.0,6.0,1122.54,2876.99
480.0,66.0,0.0,39.0,9.0,1228.08,2948.52
480.0,66.0,0.0,45.0,6.0,1176.55,3027.16
480.0,83.0,0.0,44.0,8.0,1269.55,3139.08
480.0,65.0,0.0,34.0,13.0,1380.43,3080.12
480.0,72.0,0.0,48.0,3.0,1046.93,2872.58
480.0,79.0,0.0,45.0,5.0,1106.35,2895.16
480.0,77.0,0.0,44.0,7.0,1265.7,3148.58
480.0,74.0,0.0,40.0,8.0,1201.01,2939.96
480.0,75.0,1.0,41.0,7.0,1192.76,2904.81
480.0,75.0,0.0,43.0,5.0,1099.87,2853.1
480.0,75.0,0.0,39.0,10.0,1300.74,3080.31
480.0,83.0,0.0,39.0,9.0,1270.93,3038.03
480.0,70.0,0.0,43.0,6.0,1126.65,2882.19
480.0,67.0,0.0,41.0,8.0,1235.33,3043.23
480.0,73.0,0.0,41.0,5.0,1048.01,2737.2
480.0,73.0,0.0,41.0,8.0,1235.48,3023.82
480.0,78.0,0.0,45.0,4.0,1044.56,2796.45
480.0,60.0,0.0,40.0,7.0,1133.98,2833.31
480.0,77.0,0.0,43.0,5.0,1121.38,2876.21
480.0,70.0,0.0,45.0,6.0,1162.17,2978.69
480.0,71.0,0.0,45.0,4.0,1056.18,2836.39
480.0,81.0,0.0,44.0,6.0,1163.27,2986.59
480.0,76.0,0.0,42.0,8.0,1215.58,2984.51
480.0,88.0,0.0,45.0,6.0,1159.22,2975.26
480.0,77.0,0.0,39.0,10.0,1286.49,3035.86
480.0,73.0,28.0,24.0,5.0,2166.05,3191.87
480.0,61.0,23.0,29.0,3.0,1801.82,3017.48
480.0,74.0,29.0,18.0,8.0,2244.82,3096.27
480.0,70.0,24.0,26.0,9.0,2223.29,3418.53
480.0,78.0,25.0,23.0,3.0,1905.32,2771.01
480.0,66.0,34.0,15.0,8.0,2411.1,3220.23
480.0,78.0,33.0,17.0,6.0,2289.98,3045.7
480.0,85.0,23.0,26.0,8.0,2126.77,3284.27
480.0,77.0,29.0,22.0,5.0,2085.87,3058.83
480.0,79.0,27.0,26.0,3.0,1952.24,3007.53
480.0,65.0,33.0,24.0,1.0,2166.04,3063.86
480.0,76.0,33.0,22.0,8.0,2531.91,3481.33
480.0,76.0,29.0,22.0,8.0,2253.93,3365.44
480.0,73.0,29.0,20.0,6.0,2207.73,3048.31
480.0,97.0,26.0,23.0,9.0,2227.8,3396.67
480.0,72.0,31.0,23.0,6.0,2256.85,3322.16
480.0,71.0,25.0,25.0,7.0,2208.93,3346.14
480.0,81.0,27.0,29.0,7.0,2298.82,3521.25
480.0,79.0,30.0,17.0,5.0,2136.46,2891.73
480.0,76.0,31.0,22.0,5.0,2212.11,3134.59
480.0,69.0,23.0,26.0,8.0,2118.92,3327.66
480.0,61.0,31.0,18.0,7.0,2252.58,3136.2
480.0,69.0,35.0,18.0,3.0,2182.18,2949.02
480.0,76.0,23.0,26.0,7.0,2051.56,3325.69
480.0,74.0,33.0,20.0,6.0,2446.8,3217.93
480.0,74.0,37.0,22.0,2.0,2267.1,3102.18
480.0,73.0,24.0,22.0,5.0,1890.63,2866.74
480.0,72.0,24.0,27.0,5.0,2060.25,3226.31
480.0,72.0,30.0,21.0,5.0,2130.04,3062.47
480.0,80.0,26.0,20.0,9.0,2227.64,3144.28
480.0,70.0,27.0,21.0,4.0,1982.81,2869.53
480.0,86.0,30.0,22.0,7.0,2272.76,3277.8
480.0,76.0,20.0,31.0,9.0,2138.33,3567.43
480.0,78.0,28.0,23.0,7.0,2223.6,3209.04
480.0,68.0,33.0,16.0,5.0,2250.44,2907.6
480.0,78.0,29.0,22.0,8.0,2309.81,3364.29
480.0,87.0,25.0,23.0,6.0,2056.44,3002.51
480.0,85.0,31.0,21.0,8.0,2445.15,3393.65
480.0,69.0,29.0,19.0,6.0,2207.66,3037.84
480.0,72.0,29.0,27.0,4.0,2180.8,3302.41
480.0,73.0,25.0,28.0,6.0,2149.79,3293.08
480.0,77.0,27.0,27.0,4.0,2096.33,3169.4
480.0,79.0,26.0,28.0,6.0,2171.57,3341.09
480.0,69.0,28.0,20.0,5.0,2009.01,2909.5
480.0,68.0,21.0,27.0,6.0,1981.43,3153.66
480.0,82.0,25.0,28.0,1.0,1758.25,2884.22
480.0,79.0,37.0,17.0,7.0,2495.62,3336.86
480.0,77.0,24.0,26.0,6.0,2082.69,3151.66
480.0,82.0,35.0,24.0,2.0,2215.3,3124.07
480.0,72.0,25.0,22.0,7.0,2095.32,3087.85
480.0,72.0,26.0,26.0,3.0,1952.93,3011.43
480.0,76.0,29.0,21.0,7.0,2236.74,3253.75
480.0,77.0,36.0,18.0,1.0,2138.28,2828.37
480.0,79.0,25.0,31.0,3.0,2013.27,3228.31
480.0,65.0,24.0,28.0,6.0,2076.23,3217.7
480.0,85.0,22.0,27.0,6.0,1914.87,3142.45
480.0,77.0,25.0,24.0,6.0,2056.91,3130.09
480.0,83.0,25.0,28.0,3.0,1941.45,3062.52
480.0,68.0,25.0,28.0,4.0,1998.44,3148.77
480.0,58.0,31.0,17.0,4.0,2091.12,2751.45
480.0,93.0,33.0,26.0,1.0,2140.67,3055.08
480.0,83.0,34.0,22.0,7.0,2486.82,3433.31
480.0,71.0,30.0,18.0,5.0,2107.43,2877.81
480.0,79.0,29.0,25.0,7.0,2366.79,3472.32
480.0,76.0,26.0,26.0,6.0,2214.0,3250.69
480.0,88.0,26.0,24.0,7.0,2168.01,3217.16
480.0,79.0,28.0,19.0,4.0,1920.04,2818.02
480.0,76.0,31.0,24.0,3.0,2102.28,3100.1
480.0,81.0,28.0,23.0,5.0,2199.36,3042.06
480.0,81.0,35.0,19.0,5.0,2392.29,3192.04
480.0,72.0,23.0,28.0,4.0,1865.93,3048.35
480.0,70.0,27.0,24.0,9.0,2363.2,3429.75
480.0,87.0,29.0,23.0,5.0,2236.5,3107.93
480.0,89.0,27.0,20.0,7.0,2198.93,3040.52
480.0,70.0,36.0,17.0,1.0,2114.31,2689.38
480.0,73.0,22.0,25.0,6.0,1975.49,3006.36
480.0,78.0,37.0,24.0,2.0,2325.86,3252.17
480.0,90.0,27.0,32.0,2.0,1996.93,3283.65
480.0,56.0,25.0,19.0,8.0,2093.53,3018.14
480.0,80.0,29.0,34.0,4.0,2315.5,3645.5
480.0,68.0,24.0,25.0,4.0,1847.31,2887.48
480.0,73.0,33.0,22.0,6.0,2389.25,3315.05
480.0,71.0,28.0,27.0,3.0,2130.4,3103.58
480.0,70.0,28.0,26.0,5.0,2153.35,3221.61
480.0,76.0,33.0,23.0,7.0,2413.92,3462.49
480.0,71.0,35.0,17.0,5.0,2323.85,3071.53
480.0,85.0,38.0,19.0,7.0,2584.25,3424.32
480.0,76.0,31.0,21.0,5.0,2240.99,3124.33
480.0,67.0,28.0,20.0,8.0,2288.32,3182.27
480.0,78.0,31.0,16.0,9.0,2461.39,3272.14
480.0,87.0,32.0,25.0,3.0,2174.48,3190.19
480.0,83.0,37.0,20.0,4.0,2412.0,3175.08
480.0,72.0,30.0,25.0,4.0,2198.44,3196.15
480.0,69.0,26.0,28.0,4.0,2036.54,3229.68
480.0,90.0,26.0,26.0,7.0,2230.04,3243.49
480.0,78.0,28.0,26.0,6.0,2271.76,3253.11
480.0,67.0,31.0,24.0,4.0,2192.65,3136.46
480.0,86.0,33.0,28.0,5.0,2477.7,3528.32
480.0,87.0,33.0,21.0,8.0,2462.27,3467.59
480.0,81.0,18.0,23.0,13.0,2164.36,3355.59
480.0,73.0,41.0,6.0,4.0,2434.06,2496.58
480.0,67.0,47.0,9.0,1.0,2453.22,2688.51
480.0,72.0,41.0,6.0,3.0,2324.69,2435.63
480.0,73.0,43.0,3.0,3.0,2395.89,2400.37
480.0,68.0,45.0,1.0,2.0,2325.48,2238.6
480.0,63.0,46.0,1.0,2.0,2384.62,2303.5
480.0,76.0,43.0,5.0,5.0,2613.34,2611.72
480.0,70.0,45.0,2.0,1.0,2297.98,2204.59
480.0,75.0,44.0,6.0,2.0,2471.97,2528.0
480.0,80.0,46.0,4.0,1.0,2400.32,2405.32
480.0,69.0,45.0,8.0,3.0,2536.14,2687.1
480.0,79.0,43.0,1.0,5.0,2584.21,2494.0
480.0,63.0,46.0,3.0,5.0,2631.35,2613.04
480.0,70.0,44.0,4.0,3.0,2428.78,2451.26
480.0,87.0,45.0,5.0,2.0,2386.26,2517.61
480.0,68.0,44.0,5.0,5.0,2635.7,2661.75
480.0,80.0,42.0,5.0,3.0,2328.77,2377.05
480.0,66.0,47.0,7.0,2.0,2544.83,2684.33
480.0,66.0,40.0,5.0,2.0,2207.05,2240.4
480.0,76.0,45.0,2.0,4.0,2455.87,2477.37
480.0,77.0,42.0,8.0,5.0,2545.98,2805.51
480.0,77.0,46.0,6.0,2.0,2482.62,2529.67
480.0,77.0,44.0,5.0,2.0,2349.24,2417.88
480.0,76.0,44.0,4.0,3.0,2431.9,2412.58
480.0,72.0,44.0,2.0,3.0,2441.08,2350.69
480.0,80.0,46.0,4.0,5.0,2649.25,2762.84
480.0,73.0,44.0,3.0,2.0,2320.85,2319.69
480.0,66.0,45.0,4.0,2.0,2411.66,2417.37
480.0,74.0,44.0,5.0,5.0,2640.1,2706.69
480.0,91.0,45.0,6.0,2.0,2428.08,2489.34
480.0,63.0,42.0,4.0,4.0,2450.98,2490.83
480.0,92.0,44.0,8.0,2.0,2360.26,2599.15
480.0,73.0,43.0,4.0,5.0,2594.53,2552.87
480.0,87.0,41.0,1.0,7.0,2591.38,2480.11
480.0,63.0,46.0,2.0,4.0,2537.81,2514.64
480.0,73.0,46.0,7.0,2.0,2527.97,2626.43
480.0,91.0,47.0,5.0,4.0,2646.58,2777.5
480.0,78.0,43.0,6.0,5.0,2619.14,2674.47
480.0,73.0,47.0,3.0,1.0,2400.67,2317.65
480.0,81.0,47.0,4.0,1.0,2422.72,2401.16
480.0,81.0,45.0,3.0,2.0,2366.9,2303.72
480.0,79.0,45.0,3.0,1.0,2325.36,2269.43
480.0,81.0,48.0,2.0,1.0,2417.58,2276.61
480.0,79.0,41.0,5.0,6.0,2656.85,2661.79
480.0,75.0,43.0,5.0,1.0,2255.41,2260.98
480.0,82.0,43.0,5.0,4.0,2493.2,2529.01
480.0,78.0,44.0,3.0,4.0,2498.63,2458.56
480.0,82.0,44.0,8.0,3.0,2500.09,2715.6
480.0,75.0,43.0,11.0,3.0,2547.11,2813.25
480.0,76.0,44.0,5.0,4.0,2566.46,2720.81
480.0,70.0,42.0,6.0,4.0,2479.41,2529.04
480.0,86.0,43.0,1.0,6.0,2541.87,2495.86
480.0,88.0,44.0,4.0,5.0,2608.74,2638.59
480.0,86.0,49.0,6.0,0.0,2448.43,2517.82
480.0,82.0,46.0,4.0,3.0,2488.12,2513.19
480.0,84.0,42.0,7.0,4.0,2487.75,2621.9
480.0,83.0,48.0,3.0,2.0,2486.37,2470.65
480.0,76.0,40.0,3.0,3.0,2283.75,2292.94
480.0,74.0,47.0,2.0,1.0,2399.13,2289.59
480.0,56.0,44.0,2.0,4.0,2489.25,2360.19
480.0,77.0,45.0,8.0,2.0,2464.67,2588.92
480.0,69.0,44.0,6.0,2.0,2382.98,2482.05
480.0,79.0,41.0,3.0,6.0,2545.77,2539.1
480.0,90.0,42.0,4.0,5.0,2545.03,2520.54
480.0,77.0,44.0,5.0,4.0,2520.17,2568.18
480.0,76.0,43.0,4.0,5.0,2590.27,2711.83
480.0,78.0,44.0,1.0,2.0,2381.15,2229.67
480.0,65.0,42.0,4.0,5.0,2524.91,2502.55
480.0,80.0,46.0,3.0,3.0,2488.41,2445.36
480.0,84.0,47.0,5.0,1.0,2431.4,2416.5
480.0,76.0,45.0,1.0,5.0,2544.59,2469.93
480.0,69.0,42.0,5.0,6.0,2583.21,2687.47
480.0,100.0,43.0,6.0,5.0,2622.31,2744.82
480.0,76.0,40.0,6.0,7.0,2628.56,2691.59
480.0,79.0,45.0,6.0,4.0,2575.91,2706.55
480.0,69.0,44.0,4.0,3.0,2413.23,2442.46
480.0,61.0,45.0,4.0,3.0,2520.82,2491.71
480.0,91.0,42.0,4.0,7.0,2701.12,2745.31
480.0,64.0,45.0,2.0,1.0,2284.83,2136.93
480.0,63.0,48.0,6.0,1.0,2480.39,2514.84
480.0,79.0,47.0,1.0,2.0,2434.47,2260.28
480.0,66.0,41.0,7.0,6.0,2611.27,2772.54
480.0,71.0,37.0,5.0,8.0,2570.93,2586.32
480.0,77.0,46.0,4.0,4.0,2567.86,2634.38
480.0,72.0,48.0,5.0,1.0,2430.51,2463.89
480.0,71.0,43.0,5.0,3.0,2379.17,2432.95
480.0,84.0,43.0,6.0,2.0,2351.58,2467.62
480.0,74.0,41.0,8.0,4.0,2468.74,2599.2
480.0,70.0,43.0,5.0,5.0,2600.64,2607.31
480.0,78.0,45.0,4.0,2.0,2395.86,2427.5
480.0,81.0,40.0,4.0,7.0,2586.83,2628.42
480.0,90.0,44.0,2.0,5.0,2546.56,2493.38
480.0,73.0,45.0,2.0,3.0,2435.92,2368.39
480.0,81.0,42.0,4.0,6.0,2610.38,2662.64
480.0,80.0,40.0,8.0,6.0,2548.55,2757.02
480.0,66.0,46.0,8.0,3.0,2555.16,2766.09
480.0,72.0,46.0,5.0,0.0,2329.25,2365.74
480.0,85.0,44.0,8.0,5.0,2671.86,2880.77
480.0,84.0,45.0,4.0,3.0,2523.42,2484.08
480.0,74.0,43.0,4.0,5.0,2525.44,2529.99
480.0,75.0,2.0,51.0,5.0,1337.34,3389.06
480.0,66.0,2.0,50.0,6.0,1353.81,3392.96
480.0,74.0,1.0,45.0,6.0,1222.24,3100.05
480.0,59.0,1.0,43.0,9.0,1354.43,3272.07
480.0,70.0,3.0,41.0,11.0,1529.85,3453.02
480.0,71.0,4.0,51.0,4.0,1422.42,3474.77
480.0,76.0,1.0,50.0,10.0,1561.58,3726.84
480.0,79.0,1.0,48.0,10.0,1504.96,3638.18
480.0,73.0,2.0,44.0,13.0,1655.58,3751.02
480.0,72.0,1.0,49.0,8.0,1407.81,3506.59
480.0,65.0,3.0,44.0,7.0,1389.71,3252.98
480.0,69.0,2.0,51.0,8.0,1497.92,3647.35
480.0,58.0,1.0,43.0,9.0,1361.14,3297.35
480.0,71.0,2.0,45.0,12.0,1684.73,3744.25
480.0,83.0,0.0,52.0,8.0,1408.6,3606.64
480.0,90.0,2.0,53.0,7.0,1461.88,3675.13
480.0,67.0,1.0,43.0,12.0,1541.72,3586.17
480.0,69.0,2.0,50.0,4.0,1241.04,3260.19
480.0,71.0,2.0,51.0,7.0,1425.53,3543.29
480.0,75.0,1.0,45.0,11.0,1529.55,3631.57
480.0,77.0,2.0,56.0,5.0,1399.3,3623.09
480.0,73.0,1.0,47.0,8.0,1378.83,3409.34
480.0,68.0,3.0,40.0,11.0,1548.98,3399.42
480.0,67.0,3.0,47.0,7.0,1451.64,3485.21
480.0,84.0,4.0,50.0,4.0,1371.57,3415.53
480.0,80.0,2.0,52.0,6.0,1438.09,3615.74
480.0,82.0,1.0,48.0,7.0,1361.35,3413.8
480.0,75.0,1.0,48.0,13.0,1713.5,3973.63
480.0,70.0,1.0,47.0,10.0,1478.69,3558.28
480.0,78.0,2.0,45.0,16.0,1858.42,3998.63
480.0,66.0,5.0,43.0,8.0,1482.03,3362.63
480.0,87.0,1.0,54.0,7.0,1430.44,3627.73
480.0,70.0,5.0,46.0,10.0,1692.64,3714.19
480.0,69.0,1.0,44.0,10.0,1425.06,3400.16
480.0,72.0,4.0,48.0,9.0,1586.88,3690.93
480.0,78.0,4.0,44.0,8.0,1480.38,3440.06
480.0,85.0,4.0,52.0,10.0,1741.68,3965.38
480.0,81.0,4.0,47.0,9.0,1586.04,3605.12
480.0,82.0,3.0,54.0,4.0,1354.28,3490.8
480.0,66.0,1.0,48.0,6.0,1274.58,3260.87
480.0,71.0,1.0,44.0,10.0,1448.94,3421.13
480.0,67.0,1.0,46.0,8.0,1373.06,3365.27
480.0,74.0,1.0,53.0,7.0,1442.01,3579.42
480.0,81.0,4.0,50.0,7.0,1560.08,3695.7
480.0,74.0,6.0,46.0,7.0,1575.26,3541.71
480.0,87.0,6.0,55.0,6.0,1678.56,3917.23
480.0,75.0,6.0,44.0,8.0,1553.21,3505.28
480.0,76.0,0.0,54.0,5.0,1277.94,3431.76
480.0,84.0,3.0,49.0,9.0,1595.57,3691.41
480.0,75.0,1.0,51.0,11.0,1612.22,3868.53
480.0,87.0,2.0,50.0,7.0,1418.37,3522.84
480.0,82.0,0.0,48.0,11.0,1520.22,3692.58
480.0,80.0,1.0,50.0,11.0,1599.38,3832.82
480.0,79.0,1.0,50.0,6.0,1348.58,3428.04
480.0,71.0,0.0,45.0,9.0,1374.67,3360.72
480.0,81.0,1.0,53.0,6.0,1391.8,3593.49
480.0,75.0,6.0,54.0,2.0,1376.81,3408.63
480.0,68.0,5.0,39.0,11.0,1598.22,3476.66
480.0,76.0,1.0,49.0,8.0,1418.24,3525.58
480.0,70.0,4.0,46.0,10.0,1608.76,3678.32
480.0,75.0,0.0,55.0,4.0,1225.25,3345.62
480.0,71.0,0.0,58.0,5.0,1366.66,3604.59
480.0,75.0,5.0,44.0,8.0,1511.05,3428.18
480.0,91.0,1.0,55.0,5.0,1339.34,3527.21
480.0,74.0,3.0,48.0,9.0,1575.4,3645.38
480.0,77.0,6.0,48.0,9.0,1677.03,3744.66
480.0,80.0,2.0,52.0,7.0,1453.76,3636.82
480.0,76.0,0.0,45.0,10.0,1440.43,3476.05
480.0,80.0,3.0,45.0,7.0,1432.41,3394.09
480.0,78.0,3.0,51.0,5.0,1353.76,3397.26
480.0,81.0,1.0,54.0,5.0,1348.35,3560.11
480.0,74.0,0.0,54.0,8.0,1475.67,3695.58
480.0,86.0,1.0,50.0,8.0,1457.76,3548.61
480.0,76.0,3.0,46.0,7.0,1382.2,3321.13
480.0,69.0,5.0,41.0,13.0,1733.86,3708.22
480.0,70.0,2.0,49.0,5.0,1284.83,3291.55
480.0,66.0,3.0,43.0,12.0,1674.31,3748.83
480.0,82.0,2.0,51.0,8.0,1486.81,3614.95
480.0,76.0,5.0,40.0,13.0,1742.44,3741.23
480.0,65.0,3.0,51.0,3.0,1239.51,3216.59
480.0,83.0,2.0,48.0,12.0,1699.8,3902.45
480.0,80.0,4.0,47.0,15.0,1928.11,4198.64
480.0,70.0,0.0,43.0,14.0,1602.16,3662.1
480.0,74.0,2.0,47.0,7.0,1356.97,3328.73
480.0,80.0,0.0,52.0,5.0,1223.81,3260.6
480.0,73.0,1.0,52.0,8.0,1452.24,3629.07
480.0,86.0,1.0,47.0,11.0,1582.05,3676.04
480.0,77.0,4.0,43.0,10.0,1562.29,3525.11
480.0,74.0,4.0,49.0,7.0,1490.47,3577.41
480.0,73.0,1.0,51.0,4.0,1194.8,3180.61
480.0,72.0,1.0,52.0,8.0,1447.91,3604.8
480.0,83.0,1.0,49.0,10.0,1525.91,3668.64
480.0,66.0,1.0,49.0,4.0,1178.11,3148.3
480.0,90.0,5.0,49.0,7.0,1549.77,3622.63
480.0,71.0,0.0,54.0,7.0,1374.01,3542.51
480.0,76.0,2.0,50.0,7.0,1417.87,3509.27
480.0,72.0,4.0,46.0,7.0,1472.29,3497.52
480.0,90.0,5.0,50.0,6.0,1508.36,3602.53
480.0,82.0,2.0,53.0,7.0,1457.03,3645.63
480.0,77.0,3.0,47.0,8.0,1493.6,3492.78
480.0,79.0,27.0,32.0,6.0,2345.97,3722.28
480.0,69.0,29.0,31.0,3.0,2161.54,3376.55
480.0,82.0,22.0,35.0,5.0,2003.66,3469.31
480.0,75.0,24.0,27.0,5.0,1997.56,3131.57
480.0,72.0,21.0,35.0,5.0,1979.66,3380.28
480.0,68.0,26.0,31.0,6.0,2181.68,3603.4
480.0,72.0,28.0,29.0,7.0,2304.09,3670.28
480.0,70.0,26.0,30.0,5.0,2125.64,3329.39
480.0,73.0,23.0,29.0,7.0,2103.38,3360.93
480.0,78.0,20.0,33.0,3.0,1755.79,3107.96
480.0,61.0,22.0,29.0,6.0,1999.03,3242.72
480.0,74.0,29.0,25.0,7.0,2313.63,3450.1
480.0,68.0,27.0,31.0,4.0,2088.85,3430.63
480.0,70.0,30.0,27.0,6.0,2385.75,3408.85
480.0,87.0,23.0,38.0,6.0,2197.39,3779.81
480.0,76.0,24.0,30.0,6.0,2118.85,3446.25
480.0,66.0,27.0,23.0,5.0,1998.96,3071.62
480.0,69.0,20.0,32.0,8.0,2081.73,3563.24
480.0,61.0,21.0,26.0,6.0,1938.08,3181.05
480.0,69.0,18.0,36.0,5.0,1903.85,3373.72
480.0,73.0,25.0,31.0,3.0,1949.32,3246.71
480.0,78.0,23.0,34.0,6.0,2091.94,3553.02
480.0,86.0,27.0,27.0,7.0,2231.62,3526.43
480.0,76.0,21.0,24.0,8.0,1969.18,3186.46
480.0,76.0,26.0,30.0,10.0,2489.43,3854.71
480.0,81.0,26.0,31.0,5.0,2118.9,3443.21
480.0,71.0,28.0,25.0,4.0,2035.73,3115.06
480.0,72.0,29.0,31.0,4.0,2222.49,3520.02
480.0,69.0,21.0,30.0,8.0,2098.62,3385.54
480.0,73.0,28.0,23.0,8.0,2368.01,3485.24
480.0,70.0,27.0,24.0,5.0,2074.16,3093.53
480.0,96.0,24.0,29.0,9.0,2237.43,3724.03
480.0,86.0,28.0,33.0,5.0,2283.01,3576.1
480.0,80.0,25.0,29.0,4.0,1980.53,3262.5
480.0,67.0,23.0,19.0,9.0,2108.97,3061.78
480.0,77.0,30.0,25.0,8.0,2460.37,3525.17
480.0,87.0,25.0,36.0,6.0,2249.95,3765.49
480.0,80.0,29.0,30.0,12.0,2620.94,4127.76
480.0,71.0,24.0,29.0,5.0,2002.32,3259.93
480.0,69.0,25.0,33.0,3.0,1991.89,3365.93
480.0,83.0,28.0,31.0,4.0,2181.72,3425.49
480.0,66.0,19.0,33.0,5.0,1866.32,3261.22
480.0,75.0,21.0,31.0,9.0,2189.72,3535.98
480.0,75.0,31.0,27.0,7.0,2477.87,3756.7
480.0,63.0,22.0,31.0,4.0,1974.81,3158.75
480.0,78.0,29.0,27.0,8.0,2376.4,3581.74
480.0,77.0,20.0,33.0,7.0,2019.35,3598.22
480.0,84.0,27.0,37.0,5.0,2244.53,3782.09
480.0,79.0,20.0,40.0,4.0,1929.93,3546.59
480.0,71.0,22.0,32.0,3.0,1839.82,3177.14
480.0,71.0,26.0,30.0,5.0,2126.48,3393.56
480.0,73.0,18.0,37.0,7.0,2054.21,3613.54
480.0,83.0,25.0,32.0,10.0,2451.13,3895.64
480.0,81.0,23.0,30.0,8.0,2161.38,3525.95
480.0,76.0,25.0,32.0,6.0,2145.56,3533.37
480.0,81.0,24.0,37.0,5.0,2186.54,3690.01
480.0,77.0,32.0,30.0,7.0,2608.0,3821.52
480.0,70.0,25.0,28.0,7.0,2180.54,3392.86
480.0,82.0,26.0,34.0,7.0,2301.16,3803.47
480.0,71.0,22.0,31.0,7.0,2107.25,3483.51
480.0,80.0,17.0,41.0,5.0,1870.82,3575.16
480.0,70.0,24.0,28.0,8.0,2119.57,3513.7
480.0,80.0,24.0,28.0,8.0,2263.08,3397.52
480.0,86.0,26.0,37.0,4.0,2199.48,3666.27
480.0,71.0,23.0,35.0,0.0,1749.0,3115.84
480.0,77.0,27.0,22.0,10.0,2297.73,3460.84
480.0,87.0,24.0,28.0,9.0,2370.37,3515.6
480.0,83.0,34.0,24.0,4.0,2297.86,3300.31
480.0,84.0,25.0,33.0,6.0,2265.88,3663.9
480.0,82.0,27.0,35.0,4.0,2185.14,3594.56
480.0,90.0,26.0,33.0,9.0,2390.15,3923.41
480.0,75.0,33.0,27.0,4.0,2322.39,3398.05
480.0,89.0,26.0,26.0,7.0,2154.67,3328.79
480.0,89.0,22.0,27.0,10.0,2155.54,3500.82
480.0,71.0,24.0,30.0,5.0,2052.3,3287.8
480.0,76.0,23.0,36.0,7.0,2239.97,3723.68
480.0,70.0,23.0,32.0,4.0,1984.8,3245.06
480.0,72.0,22.0,40.0,7.0,2238.85,3906.42
480.0,63.0,25.0,22.0,8.0,2112.97,3139.79
480.0,73.0,25.0,36.0,6.0,2351.13,3737.66
480.0,67.0,25.0,30.0,6.0,2158.45,3489.95
480.0,75.0,31.0,29.0,6.0,2406.35,3596.09
480.0,70.0,26.0,26.0,4.0,1988.73,3098.82
480.0,71.0,18.0,37.0,10.0,2195.0,3848.87
480.0,77.0,26.0,30.0,5.0,2096.29,3458.02
480.0,67.0,28.0,23.0,5.0,2043.97,3122.43
480.0,84.0,27.0,33.0,9.0,2499.68,3947.93
480.0,78.0,26.0,27.0,6.0,2066.07,3288.0
480.0,73.0,24.0,33.0,7.0,2227.25,3615.1
480.0,72.0,23.0,32.0,8.0,2145.41,3671.91
480.0,81.0,30.0,34.0,4.0,2352.13,3690.78
480.0,84.0,27.0,27.0,9.0,2421.17,3580.74
480.0,60.0,21.0,29.0,9.0,2085.91,3509.53
480.0,74.0,22.0,34.0,5.0,2000.16,3454.62
480.0,90.0,26.0,31.0,8.0,2366.94,3745.09
480.0,71.0,28.0,29.0,6.0,2333.76,3613.55
480.0,62.0,23.0,29.0,5.0,2008.92,3288.41
480.0,84.0,31.0,23.0,10.0,2603.03,3668.38
480.0,87.0,31.0,26.0,8.0,2432.69,3632.18
480.0,74.0,24.0,25.0,9.0,2231.7,3369.29
480.0,70.0,32.0,29.0,5.0,2420.57,3637.24
480.0,68.0,39.0,22.0,3.0,2515.57,3324.74
480.0,80.0,43.0,25.0,8.0,3044.37,4135.86
480.0,60.0,31.0,25.0,2.0,2088.4,3031.28
480.0,77.0,37.0,30.0,5.0,2723.02,3846.95
480.0,66.0,29.0,23.0,6.0,2297.97,3302.93
480.0,82.0,41.0,25.0,7.0,2979.51,3884.65
480.0,79.0,43.0,25.0,4.0,2789.87,3708.8
480.0,77.0,41.0,22.0,5.0,2710.61,3608.52
480.0,82.0,44.0,29.0,4.0,2909.13,3997.55
480.0,79.0,41.0,33.0,2.0,2736.53,3930.23
480.0,62.0,30.0,18.0,10.0,2480.84,3313.39
480.0,73.0,31.0,33.0,4.0,2360.51,3645.96
480.0,72.0,34.0,22.0,12.0,2860.95,3918.15
480.0,97.0,44.0,38.0,6.0,3270.15,4724.99
480.0,76.0,40.0,29.0,0.0,2454.24,3509.19
480.0,72.0,41.0,23.0,3.0,2608.6,3432.95
480.0,87.0,38.0,34.0,4.0,2705.61,4030.13
480.0,69.0,37.0,23.0,4.0,2484.13,3393.96
480.0,80.0,45.0,24.0,4.0,2901.76,3783.73
480.0,74.0,37.0,27.0,6.0,2682.41,3764.04
480.0,82.0,41.0,34.0,4.0,2930.3,4134.22
480.0,77.0,39.0,27.0,7.0,2798.52,3931.73
480.0,80.0,34.0,32.0,3.0,2405.35,3694.64
480.0,57.0,30.0,20.0,4.0,2103.66,2997.63
480.0,77.0,33.0,34.0,4.0,2475.86,3770.03
480.0,71.0,38.0,19.0,9.0,2839.61,3624.79
480.0,69.0,32.0,29.0,6.0,2460.49,3665.36
480.0,78.0,38.0,25.0,8.0,2888.91,3912.08
480.0,87.0,41.0,33.0,8.0,3112.93,4416.77
480.0,67.0,42.0,16.0,5.0,2650.96,3274.74
480.0,86.0,43.0,26.0,5.0,2834.1,3877.62
480.0,83.0,45.0,24.0,3.0,2824.28,3639.34
480.0,80.0,38.0,28.0,10.0,3018.96,4180.57
480.0,67.0,32.0,25.0,5.0,2352.03,3362.01
480.0,79.0,39.0,26.0,10.0,2998.89,4187.72
480.0,83.0,43.0,25.0,11.0,3229.2,4354.64
480.0,81.0,40.0,28.0,8.0,2955.12,4089.57
480.0,63.0,29.0,26.0,4.0,2208.28,3229.72
480.0,76.0,43.0,22.0,3.0,2657.37,3533.38
480.0,68.0,41.0,19.0,3.0,2537.06,3220.5
480.0,85.0,41.0,32.0,8.0,3039.44,4392.05
480.0,77.0,44.0,24.0,8.0,3016.36,4042.61
480.0,84.0,38.0,23.0,12.0,3235.22,4113.28
480.0,60.0,34.0,19.0,5.0,2372.07,3197.63
480.0,86.0,44.0,26.0,10.0,3281.54,4333.88
480.0,78.0,40.0,24.0,6.0,2825.86,3790.31
480.0,60.0,37.0,15.0,7.0,2520.63,3139.71
480.0,69.0,31.0,24.0,5.0,2268.41,3262.22
480.0,80.0,46.0,23.0,7.0,3073.49,4041.64
480.0,66.0,29.0,30.0,2.0,2105.51,3345.5
480.0,68.0,33.0,25.0,7.0,2576.07,3545.61
480.0,82.0,44.0,25.0,3.0,2827.15,3672.42
480.0,80.0,39.0,27.0,6.0,2819.72,3885.45
480.0,70.0,34.0,25.0,2.0,2284.38,3258.72
480.0,78.0,39.0,33.0,3.0,2715.42,3900.13
480.0,74.0,34.0,27.0,8.0,2617.83,3824.64
480.0,80.0,39.0,28.0,6.0,2758.19,3879.07
480.0,66.0,27.0,35.0,3.0,2144.7,3544.15
480.0,71.0,32.0,30.0,4.0,2443.67,3615.69
480.0,90.0,45.0,34.0,3.0,3035.31,4181.47
480.0,81.0,41.0,27.0,7.0,2890.51,3987.3
480.0,85.0,41.0,32.0,8.0,3044.77,4352.13
480.0,85.0,38.0,28.0,10.0,3109.53,4330.06
480.0,75.0,37.0,27.0,8.0,2811.42,3944.52
480.0,80.0,39.0,21.0,10.0,2978.54,3895.29
480.0,67.0,33.0,23.0,4.0,2284.16,3242.6
480.0,81.0,45.0,19.0,3.0,2773.42,3498.16
480.0,72.0,36.0,25.0,4.0,2507.28,3473.54
480.0,77.0,42.0,29.0,4.0,2792.09,3909.36
480.0,67.0,34.0,24.0,5.0,2430.42,3438.87
480.0,80.0,41.0,30.0,7.0,2981.43,4195.95
480.0,92.0,44.0,23.0,6.0,2981.36,3885.23
480.0,84.0,42.0,29.0,6.0,2860.03,4097.21
480.0,90.0,45.0,26.0,6.0,3062.41,4047.03
480.0,74.0,43.0,20.0,3.0,2680.45,3401.27
480.0,74.0,34.0,30.0,4.0,2516.47,3658.19
480.0,79.0,37.0,31.0,4.0,2596.8,3867.16
480.0,69.0,31.0,27.0,9.0,2600.49,3737.63
480.0,71.0,34.0,25.0,10.0,2814.3,3908.43
480.0,72.0,34.0,30.0,1.0,2252.89,3349.72
480.0,72.0,36.0,23.0,9.0,2729.89,3754.68
480.0,64.0,29.0,25.0,6.0,2341.19,3331.43
480.0,65.0,29.0,24.0,10.0,2517.97,3600.05
480.0,90.0,44.0,34.0,6.0,3063.36,4447.54
480.0,71.0,38.0,23.0,5.0,2587.74,3509.11
480.0,82.0,45.0,24.0,7.0,3054.07,4007.63
480.0,58.0,33.0,16.0,7.0,2254.23,3102.86
480.0,70.0,38.0,25.0,4.0,2584.1,3529.29
480.0,86.0,41.0,33.0,4.0,2832.94,4097.38
480.0,72.0,38.0,20.0,14.0,3133.46,4096.33
480.0,76.0,44.0,22.0,7.0,3006.62,3897.06
480.0,69.0,39.0,21.0,3.0,2442.93,3288.55
480.0,72.0,37.0,22.0,9.0,2793.42,3757.52
480.0,98.0,41.0,40.0,5.0,3067.92,4500.75
480.0,90.0,44.0,19.0,11.0,3198.5,4124.43
480.0,72.0,41.0,21.0,5.0,2703.1,3580.77
480.0,84.0,34.0,31.0,13.0,3077.74,4473.29
480.0,86.0,46.0,20.0,4.0,2864.98,3619.89
480.0,73.0,28.0,33.0,10.0,2707.45,4044.9
480.0,72.0,2.0,47.0,8.0,1458.47,3592.79
480.0,77.0,2.0,53.0,7.0,1472.38,3714.06
480.0,76.0,3.0,49.0,8.0,1535.75,3709.22
480.0,67.0,2.0,53.0,8.0,1535.26,3779.26
480.0,72.0,2.0,49.0,9.0,1512.24,3678.57
480.0,63.0,6.0,45.0,6.0,1516.71,3434.22
480.0,76.0,5.0,45.0,13.0,1813.58,3982.06
480.0,80.0,8.0,49.0,5.0,1639.7,3732.49
480.0,67.0,2.0,51.0,9.0,1570.48,3766.6
480.0,74.0,2.0,54.0,7.0,1484.38,3734.44
480.0,75.0,7.0,57.0,4.0,1607.28,3847.15
480.0,80.0,3.0,46.0,16.0,1917.57,4200.9
480.0,66.0,2.0,41.0,12.0,1544.94,3542.72
480.0,60.0,7.0,38.0,9.0,1542.14,3321.69
480.0,88.0,1.0,57.0,5.0,1384.8,3738.86
480.0,86.0,6.0,51.0,9.0,1774.27,4063.79
480.0,88.0,4.0,48.0,10.0,1704.06,3968.65
480.0,77.0,0.0,53.0,8.0,1436.7,3698.87
480.0,62.0,2.0,51.0,5.0,1320.63,3409.19
480.0,72.0,1.0,52.0,9.0,1534.65,3740.57
480.0,79.0,3.0,53.0,8.0,1581.77,3873.25
480.0,86.0,4.0,54.0,9.0,1715.71,3993.35
480.0,80.0,3.0,50.0,10.0,1712.86,3948.3
480.0,70.0,2.0,48.0,9.0,1492.01,3612.95
480.0,66.0,2.0,50.0,7.0,1418.54,3542.85
480.0,82.0,2.0,52.0,10.0,1617.93,3912.04
480.0,68.0,3.0,49.0,6.0,1384.27,3463.64
480.0,72.0,2.0,53.0,8.0,1529.59,3791.04
480.0,72.0,5.0,49.0,8.0,1611.91,3769.93
480.0,93.0,2.0,50.0,12.0,1701.31,4040.27
480.0,68.0,4.0,52.0,6.0,1535.52,3690.4
480.0,85.0,1.0,55.0,8.0,1547.52,3882.16
480.0,89.0,10.0,53.0,8.0,1919.9,4212.05
480.0,69.0,5.0,50.0,8.0,1642.72,3771.09
480.0,71.0,4.0,52.0,8.0,1606.58,3801.9
480.0,80.0,5.0,52.0,8.0,1691.6,3968.01
480.0,85.0,7.0,58.0,6.0,1782.93,4059.13
480.0,80.0,2.0,53.0,10.0,1656.53,3943.7
480.0,71.0,2.0,51.0,8.0,1497.62,3676.94
480.0,72.0,1.0,53.0,8.0,1478.07,3732.55
480.0,81.0,4.0,54.0,5.0,1505.8,3767.68
480.0,74.0,3.0,57.0,3.0,1361.42,3606.98
480.0,71.0,2.0,55.0,8.0,1602.49,3875.25
480.0,69.0,5.0,52.0,5.0,1523.88,3645.01
480.0,70.0,2.0,47.0,13.0,1710.85,3910.77
480.0,83.0,5.0,52.0,10.0,1766.98,4057.93
480.0,69.0,3.0,53.0,7.0,1544.17,3691.09
480.0,73.0,2.0,51.0,10.0,1604.78,3841.07
480.0,72.0,2.0,53.0,7.0,1451.68,3652.43
480.0,70.0,2.0,53.0,7.0,1462.42,3676.98
480.0,72.0,3.0,55.0,7.0,1668.76,3904.16
480.0,85.0,4.0,52.0,7.0,1553.7,3782.49
480.0,87.0,4.0,50.0,11.0,1742.42,4049.06
480.0,82.0,4.0,53.0,9.0,1682.48,3993.17
480.0,78.0,3.0,55.0,6.0,1484.25,3732.72
480.0,77.0,4.0,56.0,6.0,1552.9,3845.96
480.0,75.0,2.0,51.0,9.0,1561.96,3801.26
480.0,77.0,6.0,52.0,6.0,1627.01,3813.38
480.0,67.0,2.0,52.0,7.0,1480.36,3621.99
480.0,70.0,5.0,53.0,6.0,1567.26,3747.15
480.0,70.0,3.0,55.0,7.0,1549.17,3790.19
480.0,83.0,2.0,55.0,7.0,1516.1,3839.08
480.0,74.0,7.0,50.0,8.0,1780.45,3917.81
480.0,87.0,4.0,50.0,11.0,1739.58,4033.28
480.0,63.0,2.0,45.0,6.0,1275.16,3225.61
480.0,86.0,8.0,56.0,4.0,1627.75,3866.46
480.0,73.0,0.0,56.0,4.0,1254.63,3480.72
480.0,71.0,0.0,54.0,6.0,1336.52,3563.63
480.0,69.0,3.0,53.0,6.0,1485.01,3633.06
480.0,86.0,4.0,55.0,6.0,1544.41,3843.55
480.0,72.0,1.0,55.0,5.0,1369.78,3605.93
480.0,75.0,3.0,51.0,10.0,1655.93,3908.9
480.0,88.0,2.0,55.0,7.0,1533.9,3826.26
480.0,78.0,4.0,49.0,7.0,1485.67,3592.88
480.0,83.0,0.0,51.0,12.0,1650.53,3958.11
480.0,72.0,1.0,53.0,5.0,1306.34,3484.73
480.0,76.0,3.0,51.0,10.0,1656.07,3921.21
480.0,76.0,3.0,51.0,10.0,1670.48,3955.61
480.0,65.0,4.0,48.0,10.0,1680.42,3785.45
480.0,73.0,1.0,53.0,7.0,1477.84,3734.26
480.0,73.0,3.0,54.0,6.0,1468.1,3679.16
480.0,76.0,5.0,49.0,10.0,1708.64,3898.85
480.0,60.0,3.0,43.0,10.0,1577.17,3583.67
480.0,79.0,4.0,50.0,11.0,1750.41,4007.74
480.0,77.0,3.0,50.0,11.0,1744.68,4017.18
480.0,70.0,3.0,50.0,8.0,1526.81,3700.0
480.0,84.0,3.0,55.0,8.0,1637.66,3940.67
480.0,80.0,2.0,45.0,14.0,1727.38,3932.77
480.0,74.0,5.0,46.0,11.0,1763.16,3930.99
480.0,79.0,2.0,46.0,11.0,1599.42,3771.23
480.0,79.0,5.0,55.0,5.0,1572.38,3843.4
480.0,86.0,4.0,52.0,9.0,1697.36,4026.6
480.0,76.0,6.0,50.0,7.0,1605.49,3746.25
480.0,83.0,2.0,51.0,9.0,1549.98,3815.12
480.0,87.0,2.0,54.0,8.0,1534.9,3842.02
480.0,82.0,3.0,48.0,11.0,1713.06,3950.67
480.0,71.0,3.0,40.0,14.0,1695.0,3735.56
480.0,89.0,6.0,46.0,15.0,2076.12,4356.23
480.0,68.0,2.0,52.0,8.0,1505.71,3716.66
480.0,73.0,4.0,48.0,9.0,1674.16,3792.4
480.0,75.0,4.0,52.0,4.0,1371.12,3490.89
480.0,68.0,5.0,53.0,6.0,1560.06,3724.93
480.0,76.0,2.0,54.0,4.0,1310.77,3472.71
480.0,66.0,3.0,53.0,9.0,1694.75,3882.03
480.0,77.0,5.0,51.0,8.0,1664.45,3813.44
480.0,71.0,2.0,53.0,7.0,1497.44,3673.48
480.0,89.0,7.0,56.0,6.0,1700.73,3996.11
480.0,82.0,3.0,49.0,10.0,1619.69,3828.99
480.0,69.0,4.0,42.0,13.0,1790.6,3849.78
480.0,77.0,4.0,55.0,7.0,1638.49,3904.82
480.0,62.0,2.0,49.0,5.0,1324.25,3354.35
480.0,68.0,3.0,53.0,7.0,1569.45,3817.03
480.0,65.0,4.0,52.0,4.0,1363.35,3424.06
480.0,70.0,5.0,49.0,11.0,1771.77,3946.9
480.0,90.0,2.0,56.0,7.0,1588.67,3901.74
480.0,88.0,4.0,54.0,7.0,1575.03,3858.3
480.0,68.0,4.0,45.0,13.0,1821.25,3977.51
480.0,89.0,3.0,52.0,9.0,1647.04,3899.6
480.0,65.0,3.0,51.0,6.0,1450.26,3543.29
480.0,79.0,4.0,47.0,14.0,1855.92,4080.69
480.0,72.0,3.0,51.0,6.0,1428.21,3571.22
480.0,79.0,7.0,50.0,5.0,1528.52,3620.94
480.0,73.0,0.0,50.0,6.0,1342.87,3495.62
480.0,64.0,4.0,47.0,10.0,1649.97,3754.14
480.0,72.0,4.0,52.0,9.0,1655.03,3874.02
480.0,71.0,4.0,46.0,7.0,1442.13,3460.63
480.0,65.0,7.0,39.0,10.0,1636.11,3522.68
480.0,72.0,6.0,54.0,5.0,1560.52,3746.13
480.0,68.0,7.0,44.0,13.0,1919.5,3961.31
480.0,87.0,11.0,49.0,11.0,2107.07,4303.03
480.0,73.0,7.0,55.0,3.0,1544.04,3658.42
480.0,78.0,4.0,54.0,7.0,1631.53,3899.89
480.0,87.0,5.0,55.0,7.0,1731.34,4012.51
480.0,77.0,4.0,53.0,7.0,1601.7,3832.8
480.0,68.0,7.0,42.0,14.0,1942.8,4017.05
480.0,83.0,9.0,51.0,8.0,1826.39,4017.52
480.0,83.0,8.0,52.0,11.0,1983.34,4222.62
480.0,80.0,3.0,51.0,11.0,1703.22,3980.15
480.0,78.0,6.0,54.0,6.0,1618.17,3840.41
480.0,81.0,4.0,54.0,5.0,1534.32,3793.97
480.0,83.0,5.0,56.0,5.0,1582.9,3831.66
480.0,82.0,2.0,53.0,7.0,1475.14,3741.08
480.0,78.0,6.0,53.0,8.0,1735.95,3986.85
480.0,80.0,5.0,48.0,13.0,1892.69,4121.65
480.0,63.0,3.0,43.0,14.0,1732.48,3819.16
480.0,86.0,6.0,54.0,7.0,1702.12,4009.01
480.0,76.0,4.0,51.0,7.0,1529.37,3695.65
480.0,75.0,5.0,54.0,7.0,1630.81,3864.65
480.0,72.0,1.0,50.0,9.0,1483.95,3682.33
480.0,69.0,4.0,48.0,8.0,1616.19,3727.52
480.0,83.0,3.0,55.0,5.0,1432.37,3693.44
480.0,78.0,5.0,56.0,4.0,1522.5,3723.69
480.0,83.0,9.0,56.0,3.0,1695.7,3945.54
480.0,77.0,5.0,55.0,6.0,1612.79,3889.33
480.0,79.0,7.0,57.0,5.0,1685.05,3907.8
480.0,72.0,12.0,48.0,7.0,1864.79,3898.35
480.0,71.0,4.0,55.0,6.0,1543.99,3768.65
480.0,66.0,5.0,50.0,7.0,1550.17,3631.41
480.0,60.0,3.0,42.0,10.0,1485.72,3445.28
480.0,72.0,3.0,52.0,7.0,1528.96,3697.46
480.0,75.0,4.0,58.0,2.0,1415.11,3684.53
480.0,77.0,6.0,55.0,6.0,1627.73,3850.05
480.0,85.0,8.0,53.0,6.0,1744.14,3922.28
480.0,82.0,5.0,52.0,10.0,1793.33,4049.21
480.0,70.0,5.0,45.0,7.0,1461.41,3434.07
480.0,76.0,5.0,52.0,7.0,1652.78,3856.34
480.0,76.0,1.0,55.0,5.0,1339.98,3571.75
480.0,72.0,1.0,54.0,7.0,1439.7,3684.32
480.0,81.0,4.0,54.0,7.0,1619.9,3890.27
480.0,82.0,6.0,54.0,7.0,1672.9,3929.79
480.0,88.0,2.0,54.0,7.0,1480.38,3782.63
480.0,81.0,3.0,60.0,2.0,1350.3,3659.24
480.0,81.0,3.0,54.0,8.0,1575.59,3867.18
480.0,79.0,6.0,51.0,6.0,1555.61,3678.66
480.0,77.0,7.0,51.0,10.0,1849.61,4089.12
480.0,76.0,3.0,55.0,5.0,1432.85,3655.89
480.0,70.0,7.0,42.0,9.0,1648.34,3575.12
480.0,75.0,2.0,55.0,9.0,1676.88,3941.39
480.0,60.0,5.0,37.0,12.0,1645.44,3491.92
480.0,68.0,3.0,57.0,4.0,1416.07,3644.59
480.0,70.0,5.0,51.0,7.0,1602.51,3761.58
480.0,71.0,8.0,49.0,9.0,1809.29,3944.78
480.0,77.0,9.0,51.0,7.0,1767.85,3912.26
480.0,86.0,4.0,54.0,6.0,1543.78,3812.0
480.0,83.0,3.0,52.0,10.0,1668.47,3971.15
480.0,81.0,6.0,52.0,5.0,1570.36,3751.17
480.0,84.0,4.0,56.0,5.0,1507.41,3807.17
480.0,79.0,9.0,53.0,5.0,1686.07,3831.82
480.0,62.0,3.0,46.0,9.0,1543.99,3628.98
480.0,77.0,2.0,51.0,6.0,1379.31,3529.73
480.0,79.0,4.0,56.0,4.0,1491.48,3754.46
480.0,78.0,1.0,54.0,7.0,1490.83,3787.18
480.0,59.0,3.0,48.0,5.0,1344.44,3312.04
480.0,76.0,5.0,51.0,9.0,1687.28,3892.15
480.0,80.0,9.0,50.0,9.0,1863.66,4019.23
480.0,74.0,5.0,52.0,8.0,1642.97,3844.18
480.0,69.0,4.0,44.0,9.0,1509.61,3497.83
480.0,86.0,5.0,50.0,11.0,1875.68,4132.3
480.0,83.0,3.0,56.0,4.0,1453.72,3731.91
480.0,77.0,7.0,47.0,9.0,1756.63,3883.47
480.0,70.0,27.0,35.0,5.0,2310.36,3742.6
480.0,66.0,28.0,31.0,4.0,2170.56,3496.85
480.0,83.0,30.0,37.0,14.0,2975.63,4722.41
480.0,63.0,19.0,32.0,7.0,1938.96,3425.4
480.0,75.0,32.0,36.0,2.0,2354.73,3711.49
480.0,71.0,25.0,35.0,7.0,2265.5,3852.27
480.0,70.0,22.0,33.0,13.0,2556.32,4152.08
480.0,91.0,30.0,43.0,9.0,2804.38,4644.77
480.0,69.0,34.0,30.0,3.0,2331.43,3544.03
480.0,84.0,31.0,43.0,8.0,2757.8,4542.07
480.0,74.0,29.0,32.0,5.0,2372.75,3792.6
480.0,65.0,26.0,31.0,7.0,2193.46,3653.07
480.0,82.0,30.0,39.0,4.0,2386.07,3977.67
480.0,78.0,33.0,32.0,9.0,2739.95,4291.7
480.0,89.0,34.0,41.0,7.0,2887.35,4571.91
480.0,72.0,27.0,33.0,6.0,2308.94,3715.78
480.0,66.0,28.0,29.0,7.0,2314.21,3652.0
480.0,80.0,31.0,38.0,4.0,2453.64,3913.63
480.0,67.0,23.0,35.0,5.0,2143.35,3639.07
480.0,84.0,21.0,51.0,8.0,2435.62,4586.63
480.0,69.0,26.0,34.0,6.0,2337.58,3710.11
480.0,70.0,29.0,35.0,4.0,2304.68,3741.26
480.0,77.0,37.0,32.0,5.0,2699.57,3959.61
480.0,75.0,30.0,33.0,8.0,2585.68,4064.07
480.0,74.0,28.0,37.0,7.0,2408.56,4032.51
480.0,88.0,34.0,42.0,4.0,2674.66,4282.27
480.0,71.0,24.0,31.0,14.0,2687.93,4169.36
480.0,73.0,25.0,41.0,3.0,2171.9,3786.22
480.0,70.0,27.0,31.0,8.0,2403.61,3759.65
480.0,90.0,32.0,39.0,14.0,3107.42,4956.67
480.0,69.0,25.0,30.0,8.0,2314.85,3652.49
480.0,87.0,30.0,41.0,9.0,2880.33,4534.25
480.0,68.0,24.0,34.0,7.0,2206.59,3751.53
480.0,76.0,30.0,35.0,9.0,2783.97,4187.62
480.0,69.0,28.0,26.0,11.0,2571.86,3841.58
480.0,80.0,23.0,43.0,10.0,2597.94,4422.66
480.0,89.0,38.0,33.0,12.0,3263.6,4730.97
480.0,73.0,29.0,31.0,7.0,2480.0,3815.33
480.0,73.0,27.0,32.0,12.0,2643.07,4168.61
480.0,79.0,32.0,37.0,5.0,2532.61,4094.67
480.0,82.0,23.0,40.0,11.0,2624.65,4496.5
480.0,79.0,29.0,41.0,5.0,2479.28,4083.26
480.0,70.0,30.0,29.0,8.0,2428.31,3861.93
480.0,73.0,30.0,31.0,10.0,2620.43,4038.39
480.0,68.0,31.0,30.0,6.0,2437.26,3687.69
480.0,79.0,20.0,50.0,4.0,2122.36,4146.53
480.0,72.0,30.0,29.0,10.0,2609.64,4001.22
480.0,69.0,22.0,37.0,7.0,2203.22,3797.41
480.0,84.0,22.0,48.0,10.0,2585.9,4569.67
480.0,82.0,28.0,44.0,5.0,2556.36,4266.2
480.0,69.0,28.0,30.0,8.0,2445.65,3782.33
480.0,82.0,26.0,35.0,12.0,2737.27,4358.06
480.0,86.0,36.0,39.0,7.0,2940.09,4425.78
480.0,82.0,29.0,41.0,8.0,2787.34,4515.21
480.0,94.0,35.0,46.0,5.0,2813.25,4632.76
480.0,71.0,26.0,38.0,6.0,2342.11,3931.39
480.0,74.0,20.0,42.0,5.0,2044.22,3879.98
480.0,67.0,22.0,33.0,9.0,2293.93,3740.09
480.0,76.0,30.0,34.0,7.0,2534.47,4068.04
480.0,71.0,26.0,35.0,5.0,2276.61,3713.02
480.0,89.0,29.0,45.0,7.0,2693.44,4609.54
480.0,68.0,29.0,27.0,9.0,2457.44,3762.3
480.0,83.0,30.0,44.0,7.0,2708.15,4494.72
480.0,88.0,35.0,38.0,7.0,2787.29,4375.35
480.0,67.0,22.0,33.0,5.0,1966.42,3433.41
480.0,81.0,27.0,42.0,8.0,2623.42,4332.78
480.0,85.0,30.0,40.0,11.0,2950.03,4652.4
480.0,87.0,34.0,42.0,5.0,2825.17,4474.99
480.0,73.0,21.0,39.0,11.0,2370.99,4243.07
480.0,74.0,27.0,38.0,9.0,2541.5,4180.4
480.0,91.0,27.0,46.0,12.0,2921.27,4996.95
480.0,74.0,23.0,39.0,9.0,2347.62,4098.33
480.0,87.0,34.0,38.0,10.0,3009.88,4623.44
480.0,73.0,25.0,36.0,6.0,2330.73,3770.85
480.0,78.0,32.0,32.0,9.0,2711.91,4183.21
480.0,70.0,23.0,38.0,7.0,2230.31,3876.61
480.0,71.0,33.0,31.0,4.0,2382.98,3670.15
480.0,67.0,19.0,39.0,7.0,2030.92,3771.8
480.0,59.0,25.0,23.0,9.0,2227.71,3425.13
480.0,79.0,30.0,31.0,13.0,2902.63,4440.65
480.0,80.0,28.0,33.0,11.0,2738.01,4251.44
480.0,73.0,25.0,34.0,10.0,2496.62,4055.92
480.0,79.0,25.0,36.0,10.0,2582.93,4313.42
480.0,81.0,33.0,32.0,9.0,2720.26,4208.69
480.0,94.0,38.0,44.0,6.0,2988.48,4724.16
480.0,73.0,28.0,32.0,8.0,2478.88,3876.31
480.0,85.0,41.0,33.0,5.0,2939.26,4233.13
480.0,68.0,31.0,26.0,6.0,2342.9,3528.05
480.0,72.0,26.0,34.0,7.0,2376.33,3848.86
480.0,87.0,33.0,39.0,5.0,2677.94,4181.88
480.0,80.0,28.0,38.0,9.0,2668.35,4277.12
480.0,78.0,28.0,33.0,13.0,2806.87,4389.42
480.0,66.0,23.0,29.0,7.0,2212.18,3573.7
480.0,73.0,19.0,41.0,11.0,2415.35,4232.61
480.0,84.0,29.0,39.0,10.0,2750.2,4420.25
480.0,82.0,33.0,37.0,9.0,2809.9,4438.5
480.0,71.0,26.0,36.0,6.0,2270.07,3831.99
480.0,82.0,34.0,34.0,10.0,2913.94,4453.36
480.0,79.0,30.0,38.0,4.0,2378.13,3921.77
480.0,76.0,28.0,30.0,12.0,2777.47,4153.58
480.0,76.0,24.0,28.0,9.0,2308.76,3647.27
480.0,65.0,23.0,25.0,5.0,1923.2,2968.05
480.0,69.0,22.0,30.0,4.0,1845.1,3140.55
480.0,59.0,23.0,23.0,7.0,1976.51,3074.59
480.0,76.0,25.0,28.0,4.0,1991.21,3110.65
480.0,72.0,36.0,21.0,4.0,2368.79,3254.18
480.0,73.0,26.0,22.0,6.0,2053.1,3024.98
480.0,72.0,25.0,29.0,4.0,2083.26,3256.18
480.0,74.0,30.0,20.0,8.0,2444.25,3237.17
480.0,74.0,24.0,30.0,8.0,2271.87,3503.21
480.0,69.0,33.0,28.0,2.0,2264.45,3317.16
480.0,67.0,25.0,28.0,4.0,2018.82,3101.83
480.0,69.0,25.0,26.0,7.0,2119.24,3319.56
480.0,73.0,35.0,17.0,8.0,2525.69,3349.82
480.0,83.0,28.0,32.0,7.0,2335.88,3694.1
480.0,82.0,28.0,28.0,10.0,2532.46,3877.48
480.0,68.0,20.0,31.0,5.0,1902.05,3147.12
480.0,82.0,28.0,23.0,7.0,2378.61,3334.51
480.0,63.0,24.0,21.0,6.0,1931.86,2910.61
480.0,82.0,27.0,25.0,6.0,2149.43,3298.17
480.0,63.0,27.0,22.0,4.0,2039.71,2934.14
480.0,78.0,22.0,32.0,4.0,1931.78,3207.86
480.0,78.0,29.0,27.0,3.0,2127.72,3154.92
480.0,69.0,22.0,27.0,5.0,1853.13,2988.32
480.0,75.0,34.0,21.0,5.0,2335.17,3248.55
480.0,96.0,39.0,25.0,4.0,2598.79,3602.55
480.0,70.0,31.0,17.0,5.0,2106.14,2915.69
480.0,74.0,24.0,27.0,9.0,2278.25,3491.89
480.0,77.0,38.0,22.0,4.0,2499.86,3385.04
480.0,84.0,33.0,21.0,9.0,2526.64,3499.5
480.0,70.0,27.0,28.0,6.0,2258.75,3399.55
480.0,88.0,25.0,31.0,5.0,2128.6,3389.25
480.0,74.0,29.0,19.0,7.0,2198.52,3139.16
480.0,78.0,32.0,23.0,5.0,2273.07,3256.76
480.0,63.0,31.0,19.0,6.0,2274.54,3062.28
480.0,74.0,33.0,20.0,6.0,2344.46,3216.43
480.0,90.0,22.0,30.0,10.0,2279.99,3610.22
480.0,89.0,27.0,24.0,6.0,2135.0,3230.22
480.0,66.0,28.0,27.0,3.0,2074.13,3140.06
480.0,67.0,25.0,26.0,3.0,1842.09,2960.65
480.0,83.0,27.0,30.0,5.0,2244.11,3385.42
480.0,82.0,25.0,24.0,7.0,2093.31,3204.05
480.0,79.0,26.0,22.0,12.0,2454.69,3553.64
480.0,77.0,24.0,24.0,7.0,2083.3,3140.43
480.0,66.0,27.0,22.0,10.0,2389.24,3422.28
480.0,79.0,27.0,33.0,5.0,2226.11,3531.28
480.0,77.0,25.0,22.0,7.0,2022.28,3125.34
480.0,84.0,24.0,35.0,9.0,2512.59,3899.53
480.0,77.0,27.0,26.0,5.0,2111.0,3233.77
480.0,79.0,32.0,23.0,5.0,2329.02,3218.76
480.0,74.0,22.0,26.0,5.0,1869.38,2980.34
480.0,87.0,37.0,15.0,9.0,2627.62,3438.57
480.0,80.0,27.0,26.0,7.0,2195.51,3368.13
480.0,80.0,33.0,24.0,3.0,2233.79,3106.66
480.0,75.0,32.0,26.0,2.0,2162.98,3141.13
480.0,79.0,23.0,28.0,7.0,2010.03,3308.03
480.0,77.0,31.0,25.0,6.0,2408.04,3397.37
480.0,81.0,34.0,20.0,4.0,2329.14,3118.73
480.0,76.0,32.0,23.0,3.0,2139.72,3141.07
480.0,71.0,30.0,23.0,6.0,2295.53,3274.6
480.0,78.0,27.0,26.0,3.0,1983.99,3009.85
480.0,85.0,27.0,25.0,4.0,2038.22,3052.93
480.0,86.0,24.0,28.0,9.0,2316.49,3542.52
480.0,86.0,22.0,28.0,11.0,2345.1,3623.62
480.0,69.0,26.0,26.0,7.0,2137.52,3360.27
480.0,84.0,34.0,14.0,5.0,2255.28,2851.17
480.0,80.0,24.0,25.0,7.0,2029.83,3203.47
480.0,74.0,35.0,18.0,3.0,2201.46,2966.72
480.0,69.0,22.0,34.0,2.0,1864.77,3211.37
480.0,79.0,23.0,30.0,3.0,1846.17,3051.25
480.0,72.0,23.0,28.0,4.0,1840.95,3056.81
480.0,72.0,31.0,23.0,6.0,2369.07,3285.53
480.0,89.0,30.0,22.0,6.0,2242.58,3203.3
480.0,80.0,25.0,30.0,6.0,2141.12,3405.32
480.0,81.0,30.0,28.0,7.0,2391.88,3599.5
480.0,80.0,26.0,32.0,5.0,2188.45,3475.01
480.0,68.0,31.0,24.0,4.0,2182.24,3147.7
480.0,79.0,21.0,34.0,6.0,2057.92,3448.36
480.0,64.0,25.0,23.0,7.0,2086.47,3139.8
480.0,79.0,27.0,28.0,5.0,2150.22,3305.85
480.0,71.0,25.0,31.0,5.0,2096.01,3391.64
480.0,69.0,32.0,23.0,8.0,2513.97,3633.25
480.0,68.0,33.0,20.0,2.0,2078.33,2848.63
480.0,78.0,26.0,27.0,5.0,2092.18,3240.73
480.0,81.0,26.0,28.0,5.0,2142.42,3295.04
480.0,73.0,34.0,16.0,6.0,2343.57,3146.13
480.0,91.0,39.0,31.0,4.0,2695.08,3823.73
480.0,79.0,31.0,17.0,8.0,2355.84,3182.18
480.0,66.0,23.0,28.0,6.0,2013.91,3220.39
480.0,79.0,29.0,24.0,7.0,2331.86,3412.22
480.0,71.0,24.0,24.0,6.0,2026.3,3034.55
480.0,81.0,32.0,26.0,5.0,2338.82,3421.01
480.0,68.0,32.0,25.0,5.0,2309.12,3337.69
480.0,68.0,33.0,21.0,9.0,2580.99,3547.64
480.0,76.0,31.0,24.0,6.0,2280.2,3349.96
480.0,77.0,28.0,32.0,5.0,2316.34,3496.59
480.0,78.0,31.0,23.0,4.0,2201.93,3177.44
480.0,84.0,25.0,28.0,6.0,2080.08,3305.19
480.0,78.0,38.0,18.0,8.0,2630.39,3537.84
480.0,86.0,22.0,26.0,9.0,2188.4,3402.36
480.0,70.0,1.0,48.0,12.0,1656.01,3854.6
480.0,74.0,5.0,56.0,3.0,1484.13,3705.54
480.0,68.0,5.0,51.0,6.0,1555.25,3680.96
480.0,65.0,4.0,44.0,11.0,1672.62,3715.87
480.0,76.0,1.0,48.0,10.0,1510.71,3710.46
480.0,68.0,3.0,53.0,6.0,1458.64,3632.99
480.0,78.0,5.0,46.0,13.0,1827.53,4029.75
480.0,99.0,8.0,53.0,5.0,1666.78,3930.38
480.0,92.0,2.0,46.0,13.0,1734.41,4051.49
480.0,75.0,3.0,50.0,11.0,1737.95,4034.34
480.0,76.0,6.0,50.0,10.0,1868.03,4084.32
480.0,81.0,4.0,49.0,11.0,1766.21,4023.82
480.0,73.0,4.0,53.0,9.0,1673.0,3951.73
480.0,76.0,5.0,43.0,10.0,1646.17,3717.54
480.0,86.0,0.0,54.0,8.0,1454.82,3797.16
480.0,85.0,2.0,58.0,3.0,1318.73,3620.11
480.0,73.0,3.0,52.0,5.0,1393.69,3562.21
480.0,69.0,4.0,52.0,8.0,1693.19,3923.64
480.0,71.0,4.0,50.0,7.0,1518.66,3661.13
480.0,65.0,2.0,50.0,8.0,1479.32,3616.57
480.0,75.0,4.0,52.0,6.0,1502.74,3702.98
480.0,77.0,4.0,55.0,6.0,1544.2,3817.82
480.0,76.0,4.0,47.0,13.0,1815.01,4046.13
480.0,82.0,3.0,53.0,6.0,1455.72,3677.0
480.0,70.0,4.0,53.0,4.0,1381.02,3500.93
480.0,94.0,3.0,55.0,7.0,1546.91,3898.95
480.0,71.0,4.0,50.0,8.0,1596.44,3722.31
480.0,76.0,1.0,52.0,9.0,1526.81,3821.98
480.0,72.0,5.0,52.0,8.0,1674.85,3837.77
480.0,83.0,5.0,46.0,15.0,1991.7,4263.22
480.0,75.0,5.0,51.0,7.0,1602.18,3794.42
480.0,81.0,6.0,54.0,7.0,1696.97,3924.91
480.0,82.0,5.0,49.0,12.0,1836.25,4134.88
480.0,74.0,5.0,53.0,8.0,1660.72,3920.85
480.0,71.0,6.0,45.0,14.0,1923.54,4089.55
480.0,84.0,7.0,47.0,11.0,1868.69,4071.93
480.0,89.0,10.0,52.0,10.0,1987.97,4259.62
480.0,83.0,3.0,57.0,5.0,1499.67,3791.47
480.0,76.0,5.0,43.0,12.0,1729.88,3843.96
480.0,74.0,2.0,56.0,2.0,1235.32,3425.18
480.0,78.0,4.0,54.0,7.0,1581.72,3838.88
480.0,86.0,2.0,54.0,7.0,1514.6,3787.07
480.0,78.0,3.0,57.0,6.0,1560.43,3861.83
480.0,75.0,6.0,51.0,7.0,1613.69,3769.55
480.0,61.0,2.0,46.0,11.0,1605.82,3714.83
480.0,87.0,5.0,54.0,8.0,1686.05,4004.28
480.0,72.0,6.0,45.0,14.0,1948.64,4097.49
480.0,82.0,7.0,56.0,5.0,1640.64,3899.55
480.0,81.0,5.0,53.0,9.0,1742.2,4030.31
480.0,78.0,7.0,53.0,9.0,1820.15,4082.77
480.0,82.0,5.0,56.0,4.0,1495.27,3753.5
480.0,74.0,2.0,49.0,10.0,1603.62,3815.76
480.0,85.0,5.0,53.0,7.0,1654.07,3950.82
480.0,89.0,3.0,52.0,8.0,1609.2,3949.28
480.0,78.0,5.0,52.0,8.0,1671.89,3937.63
480.0,80.0,7.0,55.0,7.0,1738.87,4018.46
480.0,75.0,6.0,53.0,7.0,1696.8,3886.34
480.0,70.0,6.0,46.0,12.0,1813.66,3934.85
480.0,75.0,2.0,53.0,5.0,1363.54,3562.53
480.0,60.0,4.0,46.0,6.0,1412.46,3399.78
480.0,80.0,1.0,57.0,4.0,1327.87,3636.31
480.0,71.0,2.0,48.0,11.0,1611.87,3805.13
480.0,75.0,4.0,48.0,7.0,1497.28,3552.6
480.0,88.0,7.0,51.0,11.0,1900.88,4222.41
480.0,76.0,4.0,53.0,6.0,1500.47,3712.84
480.0,76.0,5.0,51.0,7.0,1634.32,3860.26
480.0,76.0,1.0,55.0,5.0,1339.98,3591.21
480.0,85.0,3.0,57.0,4.0,1415.77,3721.58
480.0,78.0,8.0,59.0,2.0,1584.22,3826.85
480.0,86.0,7.0,53.0,8.0,1758.64,4036.59
480.0,69.0,5.0,48.0,8.0,1579.07,3676.5
480.0,90.0,3.0,53.0,7.0,1571.63,3896.86
480.0,83.0,2.0,52.0,9.0,1563.53,3859.04
480.0,91.0,5.0,50.0,12.0,1869.21,4164.3
480.0,69.0,3.0,50.0,6.0,1428.73,3527.57
480.0,72.0,3.0,54.0,6.0,1467.37,3697.49
480.0,88.0,5.0,55.0,4.0,1476.36,3718.25
480.0,77.0,3.0,50.0,12.0,1740.24,4035.49
480.0,62.0,4.0,47.0,9.0,1569.6,3634.84
480.0,68.0,3.0,57.0,4.0,1416.07,3659.23
480.0,85.0,5.0,48.0,11.0,1768.02,3992.36
480.0,81.0,7.0,54.0,9.0,1874.04,4161.36
480.0,61.0,5.0,46.0,8.0,1536.33,3539.42
480.0,81.0,6.0,54.0,9.0,1914.65,4101.71
480.0,85.0,2.0,53.0,10.0,1667.76,3995.15
480.0,70.0,2.0,52.0,6.0,1392.49,3557.72
480.0,87.0,6.0,55.0,7.0,1692.54,4001.69
480.0,90.0,6.0,52.0,6.0,1587.63,3801.81
480.0,68.0,3.0,50.0,7.0,1460.8,3592.22
480.0,79.0,3.0,49.0,9.0,1558.17,3740.95
480.0,74.0,2.0,53.0,9.0,1566.05,3835.99
480.0,84.0,6.0,56.0,7.0,1748.31,4058.35
480.0,76.0,4.0,53.0,6.0,1508.21,3713.99
480.0,78.0,2.0,49.0,11.0,1626.73,3879.31
480.0,82.0,9.0,56.0,4.0,1673.88,3907.17
480.0,74.0,6.0,44.0,10.0,1697.76,3754.18
480.0,76.0,7.0,47.0,9.0,1721.34,3826.06
480.0,83.0,9.0,53.0,7.0,1826.91,4009.5
480.0,80.0,4.0,48.0,13.0,1826.85,4106.42
480.0,69.0,5.0,46.0,9.0,1650.63,3748.0
480.0,73.0,45.0,2.0,3.0,2459.53,2468.76
480.0,76.0,44.0,6.0,3.0,2560.69,2652.06
480.0,78.0,39.0,4.0,7.0,2501.82,2712.61
480.0,63.0,42.0,4.0,5.0,2487.72,2583.06
480.0,68.0,45.0,1.0,2.0,2325.48,2244.98
480.0,83.0,44.0,2.0,3.0,2427.25,2369.5
480.0,69.0,46.0,5.0,3.0,2555.1,2552.43
480.0,66.0,44.0,1.0,2.0,2320.57,2191.78
480.0,80.0,45.0,8.0,3.0,2558.14,2806.97
480.0,76.0,47.0,2.0,5.0,2626.12,2658.8
480.0,64.0,47.0,5.0,2.0,2442.37,2541.38
480.0,75.0,44.0,4.0,5.0,2619.75,2642.05
480.0,71.0,45.0,5.0,3.0,2506.55,2521.58
480.0,60.0,46.0,4.0,2.0,2458.94,2496.7
480.0,94.0,46.0,7.0,1.0,2439.32,2631.33
480.0,89.0,46.0,4.0,3.0,2525.95,2561.62
480.0,66.0,44.0,7.0,2.0,2416.99,2519.35
480.0,69.0,45.0,4.0,3.0,2502.13,2495.47
480.0,78.0,46.0,4.0,1.0,2376.83,2374.59
480.0,74.0,46.0,2.0,2.0,2412.78,2304.95
480.0,83.0,45.0,7.0,7.0,2798.42,3048.31
480.0,76.0,43.0,11.0,5.0,2657.11,3000.48
480.0,79.0,46.0,7.0,2.0,2528.88,2656.35
480.0,77.0,44.0,5.0,3.0,2455.33,2572.32
480.0,74.0,46.0,6.0,2.0,2491.26,2600.46
480.0,85.0,44.0,6.0,4.0,2587.39,2686.88
480.0,67.0,45.0,5.0,2.0,2403.03,2498.17
480.0,67.0,44.0,4.0,3.0,2458.19,2594.02
480.0,80.0,46.0,3.0,4.0,2580.34,2628.83
480.0,80.0,44.0,3.0,5.0,2591.56,2539.87
480.0,68.0,40.0,3.0,5.0,2449.2,2428.03
480.0,82.0,47.0,6.0,3.0,2593.56,2727.17
480.0,84.0,43.0,3.0,5.0,2572.58,2575.45
480.0,86.0,42.0,7.0,5.0,2606.06,2683.25
480.0,63.0,44.0,5.0,4.0,2551.0,2568.76
480.0,79.0,42.0,6.0,6.0,2704.45,2846.58
480.0,87.0,47.0,5.0,3.0,2573.88,2715.98
480.0,83.0,43.0,7.0,5.0,2635.36,2742.4
480.0,80.0,44.0,4.0,5.0,2602.89,2697.86
480.0,80.0,45.0,5.0,3.0,2518.03,2562.62
480.0,78.0,46.0,5.0,2.0,2456.98,2561.12
480.0,85.0,42.0,7.0,2.0,2339.83,2514.52
480.0,83.0,46.0,2.0,5.0,2616.32,2620.88
480.0,82.0,43.0,0.0,7.0,2633.76,2565.94
480.0,71.0,39.0,2.0,8.0,2622.67,2508.52
480.0,83.0,45.0,7.0,5.0,2693.13,2884.89
480.0,83.0,44.0,4.0,4.0,2515.94,2549.58
480.0,86.0,47.0,9.0,1.0,2511.6,2728.97
480.0,81.0,46.0,4.0,2.0,2478.87,2454.71
480.0,74.0,44.0,6.0,1.0,2344.89,2498.75
480.0,78.0,43.0,7.0,4.0,2534.08,2678.83
480.0,78.0,43.0,4.0,3.0,2443.81,2443.13
480.0,84.0,44.0,2.0,3.0,2531.27,2521.07
480.0,75.0,49.0,6.0,0.0,2447.27,2518.77
480.0,79.0,46.0,4.0,3.0,2491.72,2564.72
480.0,80.0,44.0,1.0,5.0,2560.96,2469.5
480.0,79.0,46.0,4.0,3.0,2525.42,2544.1
480.0,73.0,42.0,4.0,4.0,2430.86,2459.81
480.0,74.0,43.0,3.0,4.0,2483.43,2447.67
480.0,75.0,43.0,5.0,2.0,2359.17,2436.66
480.0,78.0,43.0,7.0,3.0,2456.34,2610.11
480.0,72.0,46.0,9.0,4.0,2677.72,2938.61
480.0,85.0,40.0,7.0,7.0,2629.36,2869.67
480.0,89.0,45.0,3.0,2.0,2405.8,2389.75
480.0,73.0,44.0,4.0,2.0,2367.26,2369.66
480.0,81.0,42.0,6.0,4.0,2492.5,2594.55
480.0,74.0,46.0,6.0,1.0,2414.13,2483.53
480.0,82.0,47.0,9.0,1.0,2473.24,2735.12
480.0,80.0,45.0,5.0,3.0,2480.5,2525.18
480.0,83.0,42.0,6.0,5.0,2563.77,2671.0
480.0,66.0,44.0,3.0,4.0,2508.88,2444.12
480.0,70.0,44.0,3.0,3.0,2457.64,2443.95
480.0,85.0,41.0,5.0,7.0,2735.2,2819.94
480.0,84.0,43.0,4.0,4.0,2473.56,2490.62
480.0,73.0,46.0,3.0,1.0,2357.14,2371.07
480.0,76.0,46.0,4.0,3.0,2514.74,2535.78
480.0,62.0,46.0,2.0,2.0,2428.09,2283.86
480.0,85.0,44.0,3.0,5.0,2598.85,2624.26
480.0,67.0,41.0,6.0,5.0,2497.68,2630.57
480.0,74.0,47.0,9.0,2.0,2566.56,2785.88
480.0,82.0,47.0,6.0,1.0,2436.84,2527.93
480.0,69.0,43.0,7.0,6.0,2697.77,2845.66
480.0,65.0,38.0,3.0,9.0,2679.19,2689.29
480.0,87.0,44.0,6.0,5.0,2640.65,2812.81
480.0,85.0,47.0,3.0,2.0,2466.61,2457.68
480.0,74.0,45.0,6.0,2.0,2429.72,2527.26
480.0,89.0,46.0,3.0,3.0,2495.85,2488.33
480.0,68.0,44.0,8.0,3.0,2510.55,2705.52
480.0,77.0,44.0,7.0,4.0,2601.95,2746.69
480.0,80.0,42.0,4.0,1.0,2196.11,2255.17
480.0,79.0,42.0,9.0,4.0,2535.04,2784.95
480.0,82.0,44.0,8.0,3.0,2566.47,2794.68
480.0,67.0,41.0,6.0,2.0,2254.87,2388.79
480.0,84.0,42.0,6.0,6.0,2644.54,2795.9
480.0,79.0,46.0,6.0,4.0,2618.42,2773.07
480.0,81.0,46.0,8.0,3.0,2587.62,2799.14
480.0,75.0,44.0,7.0,2.0,2443.28,2577.39
480.0,86.0,43.0,4.0,5.0,2582.43,2656.29
480.0,92.0,46.0,5.0,2.0,2504.13,2516.79
480.0,82.0,42.0,4.0,4.0,2471.22,2482.57
480.0,83.0,17.0,36.0,10.0,2080.48,3725.41
480.0,70.0,8.0,44.0,3.0,1363.79,3119.46
480.0,66.0,11.0,44.0,4.0,1623.56,3315.48
480.0,66.0,15.0,37.0,4.0,1618.39,3170.0
480.0,68.0,10.0,38.0,10.0,1821.1,3551.4
480.0,73.0,10.0,43.0,8.0,1724.6,3591.09
480.0,75.0,13.0,36.0,12.0,1989.02,3754.77
480.0,77.0,14.0,41.0,5.0,1737.4,3474.54
480.0,68.0,14.0,37.0,8.0,1830.99,3553.84
480.0,69.0,12.0,45.0,5.0,1683.62,3505.98
480.0,70.0,13.0,37.0,10.0,1943.03,3672.97
480.0,77.0,15.0,37.0,10.0,2014.2,3760.98
480.0,77.0,8.0,51.0,6.0,1694.34,3706.23
480.0,65.0,7.0,40.0,10.0,1662.93,3537.3
480.0,68.0,10.0,42.0,8.0,1702.86,3601.66
480.0,75.0,12.0,45.0,9.0,1918.11,3891.58
480.0,69.0,12.0,44.0,5.0,1679.34,3509.94
480.0,67.0,12.0,43.0,5.0,1699.86,3425.34
480.0,59.0,12.0,35.0,6.0,1554.09,3126.13
480.0,83.0,15.0,42.0,10.0,2077.23,3970.94
480.0,81.0,8.0,45.0,8.0,1762.65,3650.47
480.0,84.0,13.0,45.0,8.0,1902.27,3847.77
480.0,75.0,15.0,39.0,3.0,1608.0,3216.27
480.0,82.0,9.0,45.0,7.0,1686.28,3575.0
480.0,78.0,15.0,39.0,9.0,1977.4,3682.66
480.0,91.0,14.0,51.0,7.0,2120.86,4090.31
480.0,62.0,12.0,33.0,11.0,1855.26,3532.85
480.0,75.0,9.0,50.0,5.0,1651.94,3682.25
480.0,85.0,22.0,37.0,9.0,2250.38,3954.97
480.0,81.0,7.0,43.0,11.0,1778.51,3698.11
480.0,62.0,13.0,33.0,10.0,1828.86,3398.17
480.0,85.0,12.0,45.0,8.0,1984.59,3963.73
480.0,76.0,15.0,43.0,5.0,1814.06,3508.94
480.0,85.0,14.0,38.0,6.0,1805.08,3302.78
480.0,68.0,9.0,39.0,7.0,1606.43,3245.48
480.0,81.0,17.0,36.0,8.0,1971.37,3602.07
480.0,96.0,18.0,46.0,8.0,2246.1,4165.85
480.0,86.0,11.0,44.0,6.0,1672.9,3522.44
480.0,76.0,11.0,44.0,6.0,1711.2,3543.95
480.0,73.0,8.0,45.0,7.0,1599.92,3508.83
480.0,85.0,18.0,46.0,2.0,1812.06,3607.46
480.0,77.0,7.0,49.0,6.0,1561.55,3546.9
480.0,77.0,9.0,46.0,12.0,1959.18,4038.85
480.0,75.0,16.0,40.0,5.0,1835.8,3525.41
480.0,63.0,12.0,36.0,9.0,1812.94,3428.26
480.0,85.0,16.0,48.0,5.0,1954.67,3807.17
480.0,71.0,8.0,41.0,11.0,1823.37,3667.39
480.0,87.0,16.0,42.0,10.0,2142.41,3990.35
480.0,70.0,8.0,43.0,9.0,1675.23,3553.29
480.0,79.0,12.0,45.0,9.0,2018.45,3999.84
480.0,78.0,13.0,47.0,2.0,1627.67,3478.0
480.0,86.0,9.0,41.0,13.0,1968.28,3868.48
480.0,82.0,22.0,36.0,11.0,2385.53,4088.02
480.0,80.0,10.0,51.0,5.0,1745.28,3759.7
480.0,70.0,6.0,41.0,7.0,1436.45,3190.88
480.0,78.0,8.0,39.0,14.0,1976.4,3847.17
480.0,80.0,12.0,40.0,10.0,1966.73,3812.69
480.0,73.0,8.0,43.0,7.0,1596.23,3420.71
480.0,74.0,15.0,38.0,6.0,1769.86,3419.46
480.0,71.0,7.0,48.0,8.0,1671.04,3726.05
480.0,76.0,11.0,44.0,4.0,1590.2,3335.6
480.0,76.0,19.0,35.0,9.0,2091.93,3702.53
480.0,79.0,11.0,39.0,9.0,1813.13,3504.82
480.0,80.0,11.0,46.0,9.0,1949.63,3937.43
480.0,80.0,11.0,45.0,6.0,1729.27,3565.33
480.0,81.0,13.0,39.0,6.0,1741.59,3403.26
480.0,75.0,12.0,42.0,6.0,1703.9,3417.52
480.0,67.0,12.0,39.0,4.0,1562.5,3138.62
480.0,71.0,10.0,38.0,7.0,1567.44,3215.97
480.0,83.0,12.0,37.0,8.0,1722.93,3407.39
480.0,77.0,13.0,41.0,7.0,1811.31,3551.98
480.0,78.0,16.0,41.0,8.0,2008.37,3769.52
480.0,90.0,12.0,46.0,6.0,1760.66,3685.61
480.0,76.0,8.0,33.0,15.0,1910.17,3666.77
480.0,72.0,10.0,41.0,7.0,1748.61,3560.44
480.0,70.0,11.0,44.0,6.0,1744.97,3560.75
480.0,78.0,11.0,48.0,5.0,1691.31,3643.71
480.0,78.0,6.0,50.0,7.0,1621.34,3640.37
480.0,62.0,16.0,30.0,7.0,1774.38,3108.71
480.0,75.0,12.0,43.0,6.0,1718.53,3544.17
480.0,73.0,15.0,43.0,5.0,1793.63,3584.46
480.0,76.0,16.0,37.0,9.0,1994.6,3678.97
480.0,86.0,17.0,36.0,11.0,2282.65,3882.45
480.0,78.0,9.0,47.0,5.0,1602.65,3502.02
480.0,84.0,19.0,45.0,5.0,2040.54,3800.82
480.0,66.0,10.0,36.0,7.0,1612.67,3219.85
480.0,81.0,15.0,39.0,6.0,1799.81,3436.08
480.0,82.0,13.0,39.0,9.0,1899.65,3664.89
480.0,61.0,10.0,39.0,6.0,1580.76,3205.5
480.0,82.0,20.0,33.0,8.0,2010.54,3547.05
480.0,73.0,15.0,43.0,7.0,1886.99,3690.46
480.0,76.0,18.0,41.0,4.0,1831.67,3490.1
480.0,59.0,14.0,39.0,3.0,1546.61,3135.1
480.0,86.0,25.0,39.0,5.0,2203.2,3829.8
480.0,77.0,8.0,52.0,4.0,1600.74,3643.94
480.0,76.0,22.0,39.0,4.0,1998.93,3560.74
480.0,82.0,18.0,40.0,4.0,1820.12,3449.42
480.0,69.0,13.0,42.0,6.0,1743.97,3498.08
480.0,87.0,14.0,39.0,15.0,2306.22,4176.21
480.0,74.0,14.0,35.0,12.0,2150.94,3680.44
480.0,67.0,32.0,28.0,3.0,2322.7,3405.26
480.0,79.0,33.0,38.0,4.0,2546.84,4036.18
480.0,74.0,32.0,29.0,10.0,2761.08,4019.87
480.0,82.0,32.0,40.0,5.0,2620.56,4214.03
480.0,68.0,26.0,31.0,9.0,2457.83,3741.34
480.0,67.0,31.0,29.0,3.0,2250.25,3361.84
480.0,80.0,43.0,26.0,7.0,3077.75,4108.92
480.0,84.0,34.0,36.0,8.0,2884.02,4276.28
480.0,74.0,36.0,28.0,7.0,2722.41,3828.93
480.0,75.0,29.0,38.0,3.0,2297.51,3771.57
480.0,74.0,23.0,39.0,10.0,2474.57,4181.99
480.0,62.0,28.0,27.0,3.0,2027.77,3091.16
480.0,73.0,26.0,38.0,5.0,2274.75,3739.16
480.0,76.0,37.0,26.0,8.0,2808.65,3872.83
480.0,93.0,43.0,40.0,6.0,3110.05,4637.39
480.0,78.0,34.0,36.0,3.0,2475.12,3875.52
480.0,64.0,31.0,22.0,6.0,2404.95,3349.93
480.0,79.0,21.0,39.0,13.0,2674.11,4317.4
480.0,78.0,28.0,40.0,5.0,2400.62,4020.58
480.0,82.0,39.0,29.0,9.0,2996.69,4206.84
480.0,80.0,36.0,29.0,10.0,2957.59,4298.03
480.0,81.0,36.0,35.0,6.0,2716.15,4147.43
480.0,78.0,37.0,33.0,3.0,2583.17,3788.73
480.0,76.0,38.0,28.0,4.0,2566.17,3724.3
480.0,81.0,29.0,40.0,8.0,2645.57,4329.6
480.0,75.0,42.0,27.0,3.0,2742.74,3623.63
480.0,73.0,30.0,28.0,10.0,2581.92,3895.61
480.0,71.0,31.0,31.0,5.0,2453.25,3757.49
480.0,80.0,40.0,27.0,6.0,2832.32,3958.82
480.0,95.0,42.0,35.0,10.0,3283.96,4755.81
480.0,70.0,34.0,27.0,5.0,2499.84,3636.14
480.0,80.0,36.0,38.0,3.0,2634.0,4106.65
480.0,77.0,32.0,31.0,9.0,2785.08,4101.11
480.0,79.0,33.0,35.0,9.0,2909.22,4286.51
480.0,71.0,29.0,30.0,5.0,2329.28,3542.43
480.0,76.0,28.0,36.0,6.0,2388.7,3901.74
480.0,90.0,47.0,27.0,7.0,3195.88,4254.68
480.0,85.0,37.0,38.0,8.0,2969.58,4484.92
480.0,81.0,37.0,30.0,6.0,2722.68,3956.82
480.0,84.0,39.0,28.0,11.0,3100.51,4364.37
480.0,81.0,28.0,40.0,10.0,2738.77,4444.26
480.0,76.0,40.0,26.0,4.0,2703.87,3675.47
480.0,72.0,39.0,27.0,3.0,2595.93,3560.81
480.0,77.0,32.0,35.0,8.0,2709.18,4141.48
480.0,68.0,32.0,23.0,8.0,2515.45,3538.21
480.0,78.0,29.0,38.0,9.0,2656.39,4235.62
480.0,68.0,30.0,28.0,9.0,2607.31,3724.83
480.0,80.0,29.0,39.0,7.0,2650.12,4195.26
480.0,77.0,38.0,32.0,4.0,2704.38,3890.11
480.0,68.0,32.0,22.0,2.0,2074.88,3010.73
480.0,69.0,29.0,28.0,9.0,2527.22,3773.37
480.0,64.0,27.0,28.0,7.0,2311.48,3446.37
480.0,84.0,39.0,31.0,9.0,2985.72,4355.79
480.0,83.0,40.0,34.0,6.0,3023.14,4205.27
480.0,67.0,27.0,33.0,5.0,2205.54,3547.69
480.0,69.0,33.0,31.0,4.0,2466.02,3636.19
480.0,74.0,27.0,40.0,6.0,2410.0,3992.03
480.0,75.0,26.0,32.0,12.0,2590.29,4116.6
480.0,76.0,26.0,32.0,10.0,2436.63,3932.09
480.0,70.0,30.0,30.0,7.0,2389.51,3755.23
480.0,80.0,34.0,36.0,6.0,2651.55,4080.07
480.0,85.0,40.0,32.0,9.0,3186.34,4379.23
480.0,83.0,44.0,25.0,5.0,2954.35,3923.76
480.0,98.0,40.0,38.0,7.0,3056.74,4566.05
480.0,68.0,25.0,30.0,7.0,2205.75,3554.63
480.0,79.0,35.0,30.0,9.0,2888.03,4126.77
480.0,71.0,28.0,23.0,12.0,2580.46,3749.27
480.0,73.0,32.0,28.0,5.0,2423.49,3560.77
480.0,81.0,37.0,29.0,11.0,3059.2,4314.17
480.0,75.0,28.0,40.0,6.0,2443.44,4018.19
480.0,71.0,28.0,31.0,6.0,2322.07,3647.74
480.0,81.0,39.0,31.0,6.0,2856.1,4077.47
480.0,84.0,35.0,37.0,9.0,2943.43,4446.17
480.0,75.0,28.0,33.0,12.0,2747.76,4262.73
480.0,71.0,33.0,29.0,4.0,2480.16,3582.62
480.0,76.0,32.0,29.0,11.0,2800.92,4110.76
480.0,68.0,26.0,32.0,5.0,2151.41,3503.4
480.0,78.0,34.0,31.0,9.0,2708.26,4104.93
480.0,63.0,29.0,25.0,7.0,2276.69,3407.01
480.0,63.0,31.0,24.0,8.0,2461.83,3508.73
480.0,89.0,31.0,43.0,6.0,2754.04,4320.24
480.0,67.0,21.0,32.0,10.0,2296.45,3707.19
480.0,69.0,28.0,27.0,8.0,2407.7,3566.44
480.0,73.0,33.0,31.0,5.0,2522.5,3777.82
480.0,80.0,39.0,34.0,3.0,2694.91,3944.43
480.0,68.0,31.0,23.0,9.0,2435.0,3630.82
480.0,78.0,34.0,33.0,7.0,2746.29,4004.12
480.0,72.0,30.0,30.0,7.0,2413.34,3720.29
480.0,67.0,34.0,25.0,5.0,2452.65,3473.47
480.0,88.0,42.0,32.0,5.0,2954.12,4185.54
480.0,75.0,30.0,30.0,10.0,2676.1,4084.37
480.0,86.0,41.0,31.0,7.0,3008.24,4301.07
480.0,62.0,20.0,31.0,8.0,2073.41,3487.5
480.0,85.0,36.0,35.0,7.0,2865.71,4192.68
480.0,82.0,37.0,29.0,11.0,3133.37,4258.16
480.0,78.0,31.0,36.0,5.0,2599.38,3978.92
480.0,73.0,30.0,32.0,7.0,2557.18,3814.37
480.0,77.0,26.0,35.0,7.0,2376.73,3880.66
480.0,90.0,44.0,36.0,5.0,3154.19,4531.28
480.0,75.0,38.0,18.0,13.0,3001.23,3973.34
480.0,80.0,47.0,4.0,2.0,2437.65,2544.41
480.0,66.0,42.0,6.0,3.0,2354.3,2528.0
480.0,81.0,40.0,4.0,3.0,2272.93,2281.54
480.0,58.0,42.0,2.0,4.0,2357.8,2341.8
480.0,78.0,42.0,5.0,2.0,2274.15,2325.36
480.0,72.0,46.0,3.0,2.0,2424.08,2430.8
480.0,79.0,46.0,8.0,3.0,2572.68,2798.17
480.0,72.0,44.0,3.0,2.0,2355.4,2324.13
480.0,67.0,39.0,9.0,5.0,2563.5,2820.46
480.0,80.0,45.0,6.0,2.0,2437.1,2519.85
480.0,60.0,46.0,4.0,3.0,2507.55,2553.79
480.0,71.0,44.0,3.0,5.0,2500.12,2623.62
480.0,71.0,47.0,4.0,1.0,2407.48,2414.59
480.0,72.0,39.0,1.0,9.0,2647.56,2633.57
480.0,81.0,45.0,4.0,2.0,2396.66,2472.08
480.0,73.0,43.0,9.0,2.0,2389.47,2638.12
480.0,65.0,42.0,1.0,4.0,2288.15,2350.77
480.0,75.0,45.0,7.0,1.0,2397.98,2542.28
480.0,73.0,41.0,5.0,0.0,2052.39,2117.08
480.0,76.0,44.0,4.0,3.0,2383.46,2488.93
480.0,73.0,40.0,10.0,3.0,2342.19,2700.71
480.0,77.0,40.0,4.0,6.0,2539.57,2628.35
480.0,74.0,43.0,2.0,4.0,2424.42,2374.38
480.0,73.0,43.0,2.0,4.0,2380.51,2390.87
480.0,82.0,44.0,5.0,3.0,2496.46,2557.19
480.0,87.0,46.0,8.0,1.0,2429.89,2569.44
480.0,64.0,45.0,1.0,2.0,2334.72,2282.36
480.0,77.0,43.0,3.0,1.0,2286.43,2224.0
480.0,80.0,41.0,6.0,4.0,2376.9,2641.26
480.0,78.0,45.0,2.0,3.0,2447.98,2516.88
480.0,72.0,43.0,3.0,3.0,2376.53,2424.77
480.0,89.0,47.0,2.0,2.0,2446.75,2349.69
480.0,77.0,42.0,4.0,4.0,2435.4,2496.69
480.0,79.0,38.0,7.0,6.0,2441.97,2696.65
480.0,72.0,43.0,6.0,4.0,2596.51,2680.09
480.0,70.0,43.0,9.0,4.0,2459.41,2835.69
480.0,83.0,42.0,5.0,6.0,2579.56,2698.94
480.0,84.0,42.0,9.0,2.0,2373.44,2598.75
480.0,73.0,45.0,1.0,3.0,2448.36,2301.25
480.0,73.0,45.0,7.0,2.0,2453.12,2594.45
480.0,84.0,44.0,3.0,5.0,2557.09,2587.01
480.0,69.0,39.0,6.0,7.0,2500.72,2785.36
480.0,80.0,43.0,1.0,7.0,2633.01,2699.86
480.0,74.0,44.0,4.0,2.0,2370.1,2386.32
480.0,78.0,41.0,6.0,1.0,2236.92,2362.41
480.0,80.0,40.0,6.0,6.0,2510.93,2701.35
480.0,81.0,43.0,4.0,5.0,2548.7,2609.73
480.0,79.0,41.0,7.0,5.0,2473.94,2721.75
480.0,85.0,47.0,6.0,3.0,2575.78,2716.98
480.0,80.0,47.0,4.0,1.0,2405.82,2411.9
480.0,71.0,39.0,9.0,2.0,2189.95,2536.53
480.0,72.0,43.0,4.0,4.0,2530.64,2591.03
480.0,87.0,44.0,5.0,3.0,2488.46,2560.88
480.0,77.0,37.0,7.0,7.0,2569.75,2776.06
480.0,81.0,45.0,7.0,3.0,2546.0,2755.53
480.0,80.0,47.0,3.0,0.0,2334.35,2276.79
480.0,79.0,45.0,2.0,4.0,2530.99,2450.57
480.0,81.0,39.0,5.0,5.0,2345.99,2514.58
480.0,76.0,45.0,4.0,1.0,2357.97,2364.45
480.0,72.0,41.0,10.0,2.0,2341.96,2671.63
480.0,86.0,45.0,10.0,2.0,2477.88,2800.64
480.0,81.0,44.0,7.0,3.0,2516.84,2668.52
480.0,79.0,43.0,5.0,3.0,2405.95,2535.38
480.0,89.0,46.0,7.0,2.0,2500.34,2704.86
480.0,76.0,40.0,6.0,4.0,2355.96,2518.01
480.0,75.0,42.0,6.0,2.0,2325.36,2455.16
480.0,80.0,41.0,4.0,5.0,2487.11,2527.02
480.0,74.0,44.0,5.0,4.0,2507.52,2630.67
480.0,80.0,45.0,9.0,1.0,2399.87,2599.75
480.0,80.0,45.0,7.0,1.0,2363.58,2484.27
480.0,70.0,44.0,2.0,5.0,2542.88,2513.2
480.0,83.0,45.0,7.0,3.0,2539.49,2733.3
480.0,80.0,44.0,5.0,3.0,2416.38,2477.61
480.0,78.0,45.0,4.0,3.0,2449.36,2510.51
480.0,64.0,45.0,3.0,2.0,2337.33,2354.09
480.0,67.0,41.0,4.0,7.0,2613.35,2706.52
480.0,72.0,39.0,9.0,4.0,2364.64,2720.1
480.0,90.0,44.0,10.0,1.0,2406.08,2718.57
480.0,63.0,41.0,2.0,4.0,2334.85,2335.09
480.0,60.0,46.0,3.0,3.0,2499.72,2451.98
480.0,79.0,46.0,2.0,2.0,2404.46,2294.9
480.0,78.0,45.0,2.0,6.0,2666.08,2707.79
480.0,66.0,39.0,4.0,8.0,2625.73,2742.58
480.0,84.0,40.0,10.0,4.0,2389.73,2810.92
480.0,83.0,43.0,6.0,3.0,2457.55,2565.44
480.0,72.0,43.0,3.0,3.0,2387.78,2415.82
480.0,80.0,47.0,5.0,1.0,2407.56,2424.93
480.0,70.0,45.0,5.0,1.0,2358.85,2401.51
480.0,79.0,44.0,1.0,4.0,2486.89,2351.59
480.0,84.0,43.0,4.0,3.0,2387.39,2445.75
480.0,80.0,45.0,3.0,1.0,2293.73,2240.85
480.0,89.0,41.0,9.0,4.0,2477.5,2741.29
480.0,63.0,39.0,8.0,5.0,2449.79,2696.68
480.0,74.0,43.0,9.0,4.0,2532.05,2877.59
480.0,83.0,45.0,5.0,5.0,2641.53,2804.8
480.0,75.0,42.0,6.0,4.0,2497.18,2618.95
480.0,76.0,42.0,5.0,5.0,2548.49,2701.68
480.0,79.0,44.0,4.0,5.0,2584.89,2643.5
480.0,91.0,44.0,3.0,5.0,2607.42,2627.92
480.0,78.0,36.0,4.0,8.0,2479.72,2614.77
480.0,71.0,21.0,27.0,3.0,1708.42,2778.28
480.0,68.0,19.0,33.0,4.0,1756.04,3177.56
480.0,79.0,30.0,25.0,2.0,2033.44,2995.68
480.0,62.0,17.0,27.0,6.0,1739.4,2979.66
480.0,74.0,28.0,25.0,2.0,1978.1,3000.43
480.0,79.0,23.0,26.0,5.0,1884.52,3089.35
480.0,70.0,23.0,24.0,9.0,2230.2,3428.27
480.0,73.0,19.0,31.0,2.0,1602.6,2895.15
480.0,75.0,24.0,23.0,6.0,2004.49,3003.38
480.0,74.0,22.0,30.0,3.0,1759.8,3031.63
480.0,70.0,18.0,30.0,12.0,2253.7,3679.34
480.0,74.0,19.0,30.0,10.0,2061.22,3473.2
480.0,81.0,27.0,25.0,6.0,2113.33,3304.6
480.0,63.0,28.0,21.0,5.0,2089.46,2999.93
480.0,82.0,26.0,26.0,7.0,2135.39,3349.34
480.0,74.0,24.0,28.0,4.0,1891.46,3106.82
480.0,67.0,20.0,28.0,10.0,2138.61,3493.48
480.0,76.0,18.0,30.0,9.0,1984.49,3379.23
480.0,75.0,23.0,31.0,3.0,1900.04,3194.04
480.0,70.0,19.0,31.0,4.0,1747.49,2968.66
480.0,72.0,24.0,30.0,4.0,2001.42,3204.16
480.0,70.0,29.0,20.0,8.0,2254.09,3269.52
480.0,81.0,25.0,29.0,3.0,1946.44,3203.68
480.0,70.0,17.0,29.0,6.0,1710.51,3035.81
480.0,70.0,25.0,29.0,5.0,2038.23,3311.54
480.0,81.0,21.0,41.0,2.0,1929.16,3452.38
480.0,82.0,21.0,26.0,5.0,1861.12,3047.85
480.0,68.0,23.0,30.0,3.0,1851.32,3094.44
480.0,72.0,24.0,30.0,4.0,1994.09,3250.87
480.0,76.0,25.0,27.0,6.0,2073.99,3327.78
480.0,60.0,26.0,26.0,4.0,1945.47,3085.42
480.0,85.0,22.0,30.0,5.0,1910.43,3257.94
480.0,75.0,18.0,27.0,9.0,1963.55,3281.26
480.0,75.0,29.0,21.0,5.0,2112.93,3040.94
480.0,68.0,29.0,21.0,4.0,2132.44,2929.77
480.0,87.0,19.0,32.0,5.0,1820.76,3258.28
480.0,87.0,28.0,29.0,6.0,2334.88,3570.14
480.0,83.0,24.0,29.0,3.0,1823.17,3009.47
480.0,84.0,23.0,31.0,4.0,1958.65,3223.37
480.0,65.0,16.0,36.0,5.0,1733.99,3234.58
480.0,93.0,24.0,30.0,2.0,1883.79,3087.89
480.0,72.0,26.0,23.0,4.0,1938.06,2966.96
480.0,78.0,20.0,33.0,2.0,1691.31,2982.79
480.0,81.0,29.0,25.0,2.0,1983.45,2970.8
480.0,67.0,17.0,24.0,11.0,1925.36,3242.58
480.0,78.0,26.0,25.0,5.0,1980.25,3072.71
480.0,83.0,20.0,28.0,8.0,1938.77,3347.91
480.0,76.0,15.0,40.0,6.0,1817.63,3514.55
480.0,79.0,22.0,35.0,7.0,2074.0,3636.81
480.0,79.0,20.0,39.0,4.0,1978.17,3537.34
480.0,72.0,16.0,30.0,7.0,1751.75,3130.59
480.0,72.0,18.0,31.0,8.0,1916.68,3338.18
480.0,86.0,21.0,35.0,5.0,1919.14,3418.09
480.0,81.0,23.0,29.0,11.0,2393.3,3771.37
480.0,72.0,29.0,27.0,3.0,2037.99,3116.38
480.0,88.0,18.0,30.0,8.0,1866.03,3317.91
480.0,85.0,22.0,29.0,4.0,1913.33,3066.57
480.0,75.0,22.0,29.0,4.0,1850.5,3125.51
480.0,68.0,23.0,29.0,3.0,1866.26,3085.7
480.0,54.0,20.0,30.0,1.0,1585.72,2773.93
480.0,82.0,24.0,35.0,4.0,2030.78,3460.48
480.0,74.0,27.0,25.0,8.0,2302.7,3419.18
480.0,85.0,25.0,21.0,10.0,2313.91,3319.27
480.0,78.0,22.0,28.0,8.0,2011.2,3368.49
480.0,72.0,16.0,34.0,2.0,1552.46,2925.11
480.0,86.0,25.0,18.0,10.0,2242.58,3194.78
480.0,73.0,27.0,21.0,4.0,1903.24,2900.78
480.0,73.0,21.0,28.0,5.0,1915.07,3061.01
480.0,71.0,16.0,28.0,5.0,1570.49,2860.12
480.0,79.0,26.0,27.0,3.0,1944.88,3056.37
480.0,66.0,21.0,27.0,6.0,1845.52,3096.06
480.0,82.0,21.0,28.0,11.0,2209.16,3611.8
480.0,85.0,26.0,25.0,7.0,2204.16,3298.2
480.0,81.0,19.0,29.0,7.0,1982.54,3297.0
480.0,81.0,22.0,33.0,5.0,2090.11,3378.15
480.0,71.0,23.0,26.0,8.0,2160.36,3276.75
480.0,66.0,22.0,27.0,7.0,2019.36,3219.33
480.0,86.0,23.0,36.0,2.0,1889.27,3356.01
480.0,63.0,25.0,19.0,8.0,2103.76,3049.7
480.0,73.0,21.0,31.0,4.0,1939.43,3193.27
480.0,78.0,21.0,29.0,2.0,1666.05,2789.71
480.0,76.0,32.0,24.0,5.0,2291.51,3366.0
480.0,71.0,27.0,22.0,9.0,2298.25,3322.36
480.0,73.0,26.0,38.0,3.0,2159.01,3615.69
480.0,81.0,27.0,25.0,8.0,2260.0,3394.13
480.0,75.0,24.0,30.0,5.0,2038.02,3359.47
480.0,93.0,25.0,31.0,8.0,2258.42,3701.91
480.0,75.0,22.0,30.0,7.0,2064.27,3401.81
480.0,68.0,23.0,24.0,6.0,1900.11,3047.16
480.0,86.0,28.0,27.0,6.0,2193.55,3378.64
480.0,82.0,25.0,25.0,5.0,2029.73,3055.52
480.0,76.0,22.0,31.0,2.0,1789.62,2938.9
480.0,75.0,24.0,22.0,9.0,2084.16,3305.46
480.0,77.0,26.0,26.0,6.0,2101.11,3271.85
480.0,85.0,21.0,31.0,7.0,2035.58,3403.39
480.0,73.0,22.0,29.0,8.0,2110.18,3469.87
480.0,75.0,14.0,32.0,9.0,1883.68,3391.29
480.0,85.0,25.0,30.0,8.0,2391.6,3674.71
480.0,88.0,32.0,24.0,6.0,2307.65,3430.09
480.0,81.0,20.0,23.0,11.0,2159.29,3263.04
480.0,80.0,4.0,46.0,4.0,1267.05,3163.45
480.0,66.0,1.0,46.0,2.0,1009.74,2804.76
480.0,78.0,1.0,45.0,2.0,1015.93,2750.52
480.0,70.0,3.0,39.0,10.0,1437.54,3301.12
480.0,78.0,0.0,39.0,10.0,1294.54,3150.34
480.0,63.0,4.0,41.0,7.0,1339.96,3155.19
480.0,71.0,4.0,44.0,6.0,1330.75,3221.89
480.0,84.0,3.0,39.0,8.0,1313.09,3114.16
480.0,73.0,7.0,35.0,9.0,1489.8,3199.41
480.0,74.0,1.0,44.0,7.0,1252.84,3180.12
480.0,55.0,4.0,38.0,10.0,1455.85,3274.08
480.0,74.0,3.0,43.0,6.0,1264.58,3114.24
480.0,68.0,0.0,52.0,4.0,1209.15,3258.86
480.0,71.0,7.0,35.0,8.0,1451.44,3166.07
480.0,98.0,3.0,46.0,7.0,1398.32,3385.18
480.0,72.0,1.0,45.0,7.0,1281.77,3255.73
480.0,76.0,1.0,44.0,8.0,1364.23,3359.11
480.0,79.0,4.0,46.0,4.0,1292.14,3206.51
480.0,75.0,3.0,41.0,2.0,1055.45,2726.4
480.0,82.0,1.0,43.0,10.0,1415.06,3438.1
480.0,79.0,1.0,52.0,3.0,1169.73,3202.66
480.0,72.0,1.0,42.0,9.0,1369.01,3351.77
480.0,75.0,2.0,39.0,7.0,1225.57,2987.67
480.0,75.0,1.0,38.0,8.0,1229.39,3010.58
480.0,75.0,1.0,45.0,9.0,1435.01,3473.86
480.0,83.0,1.0,43.0,9.0,1355.07,3319.23
480.0,69.0,2.0,41.0,6.0,1200.29,2999.39
480.0,67.0,0.0,42.0,8.0,1238.42,3105.75
480.0,61.0,3.0,37.0,11.0,1466.95,3323.21
480.0,72.0,4.0,42.0,9.0,1474.34,3404.75
480.0,68.0,4.0,35.0,10.0,1428.05,3194.11
480.0,82.0,1.0,41.0,11.0,1444.6,3378.6
480.0,72.0,3.0,42.0,6.0,1258.56,3097.77
480.0,81.0,4.0,39.0,10.0,1471.15,3377.07
480.0,64.0,5.0,38.0,7.0,1339.28,3081.58
480.0,79.0,5.0,41.0,9.0,1514.01,3432.9
480.0,87.0,3.0,44.0,7.0,1347.59,3281.19
480.0,88.0,2.0,43.0,11.0,1519.82,3568.11
480.0,71.0,1.0,42.0,6.0,1206.23,3012.27
480.0,78.0,1.0,46.0,7.0,1302.21,3332.24
480.0,75.0,3.0,49.0,1.0,1093.58,2946.79
480.0,64.0,3.0,40.0,7.0,1282.4,3104.01
480.0,77.0,2.0,41.0,8.0,1333.7,3162.55
480.0,81.0,2.0,44.0,7.0,1320.55,3198.57
480.0,66.0,5.0,35.0,11.0,1528.92,3333.24
480.0,83.0,0.0,46.0,6.0,1192.85,3147.76
480.0,83.0,4.0,36.0,10.0,1438.52,3229.66
480.0,82.0,1.0,47.0,5.0,1199.41,3144.54
480.0,84.0,3.0,47.0,4.0,1225.13,3132.95
480.0,77.0,0.0,44.0,7.0,1209.75,3143.83
480.0,68.0,0.0,44.0,7.0,1204.54,3159.84
480.0,82.0,2.0,44.0,6.0,1256.61,3135.9
480.0,83.0,4.0,41.0,7.0,1351.5,3208.93
480.0,72.0,4.0,49.0,3.0,1251.53,3166.54
480.0,71.0,1.0,47.0,4.0,1122.63,3010.19
480.0,84.0,4.0,38.0,10.0,1469.36,3299.08
480.0,74.0,2.0,41.0,8.0,1307.42,3181.85
480.0,67.0,4.0,39.0,9.0,1415.65,3244.88
480.0,68.0,3.0,44.0,5.0,1241.46,3111.6
480.0,64.0,1.0,47.0,3.0,1077.96,2946.87
480.0,83.0,1.0,50.0,6.0,1315.81,3423.31
480.0,81.0,1.0,41.0,10.0,1457.66,3419.05
480.0,79.0,7.0,39.0,3.0,1225.64,2858.5
480.0,90.0,1.0,50.0,5.0,1240.44,3283.71
480.0,76.0,3.0,45.0,4.0,1222.62,3045.34
480.0,82.0,5.0,39.0,8.0,1417.78,3263.33
480.0,76.0,3.0,45.0,5.0,1263.56,3181.42
480.0,75.0,4.0,45.0,2.0,1129.77,2903.02
480.0,77.0,2.0,43.0,7.0,1284.35,3178.83
480.0,82.0,1.0,44.0,6.0,1243.72,3167.48
480.0,68.0,1.0,44.0,9.0,1362.77,3365.99
480.0,68.0,3.0,49.0,5.0,1313.71,3328.85
480.0,86.0,2.0,38.0,11.0,1420.95,3274.59
480.0,85.0,6.0,37.0,9.0,1480.89,3248.44
480.0,74.0,1.0,44.0,8.0,1310.86,3286.7
480.0,69.0,4.0,41.0,6.0,1277.9,3070.76
480.0,65.0,1.0,43.0,9.0,1366.57,3365.03
480.0,81.0,2.0,45.0,6.0,1266.22,3203.39
480.0,68.0,3.0,43.0,6.0,1280.32,3139.64
480.0,76.0,3.0,46.0,2.0,1101.83,2906.89
480.0,84.0,1.0,43.0,9.0,1378.77,3284.82
480.0,80.0,4.0,45.0,8.0,1516.03,3492.51
480.0,73.0,4.0,43.0,3.0,1176.59,2878.75
480.0,72.0,1.0,44.0,6.0,1200.38,3097.25
480.0,79.0,2.0,48.0,4.0,1206.75,3192.07
480.0,66.0,0.0,41.0,8.0,1253.62,3073.24
480.0,88.0,2.0,45.0,9.0,1472.62,3482.17
480.0,79.0,3.0,41.0,8.0,1363.07,3233.89
480.0,65.0,3.0,42.0,5.0,1204.76,2977.93
480.0,76.0,3.0,46.0,6.0,1320.03,3266.85
480.0,86.0,4.0,44.0,5.0,1292.33,3185.18
480.0,87.0,4.0,43.0,7.0,1384.92,3291.85
480.0,71.0,1.0,46.0,4.0,1116.26,2983.17
480.0,72.0,4.0,42.0,7.0,1366.09,3234.76
480.0,76.0,4.0,44.0,9.0,1539.47,3478.65
480.0,81.0,1.0,43.0,6.0,1191.53,3068.08
480.0,78.0,1.0,43.0,9.0,1361.85,3346.58
480.0,76.0,3.0,40.0,10.0,1481.99,3374.49
480.0,77.0,3.0,44.0,9.0,1472.16,3471.2
480.0,81.0,4.0,35.0,10.0,1433.43,3101.26
480.0,84.0,28.0,23.0,5.0,2133.37,3043.06
480.0,69.0,24.0,23.0,3.0,1746.7,2774.44
480.0,75.0,23.0,21.0,3.0,1711.45,2578.83
480.0,67.0,18.0,26.0,4.0,1588.46,2720.21
480.0,72.0,27.0,20.0,4.0,1912.24,2786.44
480.0,68.0,20.0,21.0,7.0,1888.64,2809.59
480.0,75.0,27.0,26.0,2.0,1871.21,2919.54
480.0,65.0,19.0,24.0,4.0,1614.01,2677.94
480.0,70.0,27.0,20.0,2.0,1849.82,2561.36
480.0,84.0,19.0,26.0,4.0,1637.21,2768.94
480.0,72.0,26.0,20.0,6.0,2022.47,2926.39
480.0,77.0,19.0,25.0,7.0,1844.22,3029.14
480.0,70.0,23.0,23.0,6.0,1906.4,2970.47
480.0,63.0,22.0,24.0,3.0,1690.85,2687.98
480.0,81.0,27.0,21.0,2.0,1807.73,2632.07
480.0,66.0,28.0,19.0,2.0,1800.45,2591.23
480.0,75.0,20.0,25.0,6.0,1825.86,2927.93
480.0,70.0,24.0,24.0,3.0,1798.76,2815.93
480.0,67.0,23.0,25.0,3.0,1746.84,2752.55
480.0,76.0,26.0,19.0,7.0,2095.51,2917.25
480.0,60.0,22.0,25.0,4.0,1768.38,2836.98
480.0,80.0,32.0,15.0,6.0,2217.32,2885.02
480.0,68.0,23.0,22.0,6.0,1963.62,2884.64
480.0,73.0,30.0,20.0,3.0,2017.2,2824.0
480.0,79.0,25.0,21.0,5.0,1960.58,2898.97
480.0,89.0,21.0,26.0,3.0,1720.01,2763.85
480.0,71.0,19.0,25.0,5.0,1692.6,2799.87
480.0,68.0,27.0,17.0,5.0,1914.08,2745.87
480.0,76.0,22.0,25.0,7.0,2045.94,3124.7
480.0,80.0,21.0,22.0,8.0,1952.5,3006.01
480.0,60.0,24.0,18.0,6.0,1883.37,2703.44
480.0,89.0,28.0,22.0,3.0,1907.27,2828.99
480.0,73.0,25.0,21.0,6.0,1963.02,2974.35
480.0,78.0,20.0,22.0,7.0,1897.76,2841.11
480.0,70.0,22.0,21.0,8.0,2004.15,2974.56
480.0,86.0,22.0,28.0,4.0,1855.98,2961.92
480.0,89.0,27.0,16.0,8.0,2169.88,2939.37
480.0,75.0,24.0,24.0,6.0,2000.43,3019.46
480.0,79.0,20.0,25.0,5.0,1732.98,2821.12
480.0,75.0,22.0,27.0,3.0,1768.82,2880.48
480.0,77.0,21.0,24.0,4.0,1747.44,2794.48
480.0,72.0,27.0,20.0,4.0,1914.48,2787.31
480.0,88.0,23.0,27.0,4.0,1855.22,2970.28
480.0,78.0,22.0,19.0,9.0,1993.96,2998.48
480.0,76.0,25.0,18.0,7.0,1941.88,2941.1
480.0,84.0,27.0,20.0,6.0,2001.67,2939.01
480.0,86.0,24.0,17.0,9.0,2093.82,2977.99
480.0,85.0,22.0,21.0,10.0,2095.41,3155.99
480.0,70.0,22.0,30.0,4.0,1845.48,3065.76
480.0,72.0,20.0,32.0,5.0,1882.77,3185.19
480.0,73.0,25.0,20.0,4.0,1874.53,2661.59
480.0,83.0,20.0,24.0,6.0,1791.75,2850.35
480.0,84.0,26.0,23.0,2.0,1783.28,2768.58
480.0,79.0,24.0,23.0,7.0,2092.83,3014.16
480.0,75.0,27.0,25.0,3.0,1967.99,2905.83
480.0,84.0,24.0,19.0,6.0,1922.54,2892.34
480.0,83.0,21.0,22.0,6.0,1857.75,2839.38
480.0,76.0,23.0,23.0,6.0,1926.23,2936.19
480.0,68.0,22.0,22.0,6.0,1844.31,2875.05
480.0,71.0,30.0,16.0,5.0,2044.73,2757.29
480.0,73.0,21.0,32.0,1.0,1626.68,2861.02
480.0,72.0,29.0,20.0,4.0,1984.09,2906.94
480.0,79.0,22.0,24.0,5.0,1873.87,2868.44
480.0,82.0,34.0,14.0,6.0,2215.83,2933.93
480.0,70.0,22.0,24.0,1.0,1631.75,2564.32
480.0,82.0,27.0,19.0,6.0,2006.07,2935.15
480.0,76.0,31.0,16.0,2.0,1915.77,2587.08
480.0,72.0,27.0,24.0,4.0,1971.39,2969.67
480.0,75.0,21.0,23.0,6.0,1840.82,2895.78
480.0,89.0,27.0,19.0,5.0,1957.34,2803.38
480.0,71.0,23.0,27.0,4.0,1884.65,3018.55
480.0,73.0,23.0,25.0,6.0,1952.1,3030.5
480.0,83.0,29.0,21.0,1.0,1817.97,2619.25
480.0,75.0,22.0,22.0,5.0,1746.74,2780.72
480.0,90.0,24.0,20.0,10.0,2156.45,3195.31
480.0,71.0,22.0,24.0,5.0,1807.83,2895.76
480.0,68.0,22.0,23.0,5.0,1851.88,2811.99
480.0,86.0,24.0,29.0,4.0,1962.38,3132.28
480.0,67.0,27.0,15.0,6.0,1984.27,2673.68
480.0,78.0,27.0,22.0,3.0,1928.62,2794.58
480.0,72.0,21.0,25.0,5.0,1804.53,2813.4
480.0,64.0,27.0,22.0,5.0,1984.98,3029.01
480.0,67.0,31.0,15.0,5.0,2136.97,2751.95
480.0,74.0,17.0,30.0,6.0,1791.34,3033.09
480.0,77.0,27.0,21.0,3.0,1841.84,2725.15
480.0,67.0,26.0,18.0,5.0,1948.31,2750.8
480.0,80.0,24.0,21.0,3.0,1796.88,2740.17
480.0,78.0,18.0,21.0,10.0,1947.99,2976.65
480.0,70.0,25.0,20.0,4.0,1928.57,2724.61
480.0,85.0,26.0,20.0,2.0,1829.18,2650.8
480.0,67.0,28.0,21.0,1.0,1774.45,2613.69
480.0,81.0,25.0,23.0,2.0,1865.55,2717.41
480.0,72.0,25.0,20.0,6.0,2008.06,2875.61
480.0,77.0,25.0,16.0,7.0,1962.11,2733.47
480.0,67.0,28.0,23.0,2.0,1982.13,2875.14
480.0,79.0,21.0,23.0,6.0,1947.18,2837.28
480.0,69.0,23.0,21.0,8.0,2005.02,3038.02
480.0,87.0,27.0,20.0,8.0,2238.1,3127.22
480.0,83.0,25.0,23.0,5.0,1982.27,2989.63
480.0,70.0,24.0,17.0,7.0,1966.2,2764.04
480.0,82.0,19.0,32.0,8.0,2090.08,3430.26
480.0,65.0,23.0,25.0,5.0,1923.2,2968.05
480.0,69.0,22.0,30.0,4.0,1845.1,3140.55
480.0,59.0,23.0,23.0,7.0,1976.51,3074.59
480.0,76.0,25.0,28.0,4.0,1991.21,3110.65
480.0,72.0,36.0,21.0,4.0,2368.79,3254.18
480.0,73.0,26.0,22.0,6.0,2053.1,3024.98
480.0,71.0,25.0,25.0,5.0,1998.78,3049.79
480.0,71.0,27.0,20.0,9.0,2263.26,3221.25
480.0,78.0,25.0,25.0,10.0,2383.59,3560.66
480.0,69.0,33.0,28.0,2.0,2264.45,3317.16
480.0,67.0,25.0,28.0,4.0,2018.82,3101.83
480.0,69.0,25.0,26.0,7.0,2119.24,3319.56
480.0,73.0,28.0,23.0,7.0,2337.08,3243.51
480.0,83.0,28.0,32.0,7.0,2335.88,3694.1
480.0,82.0,26.0,27.0,10.0,2433.61,3694.62
480.0,68.0,20.0,31.0,5.0,1902.05,3147.12
480.0,81.0,31.0,26.0,6.0,2389.38,3470.34
480.0,63.0,24.0,21.0,6.0,1931.86,2910.61
480.0,86.0,28.0,23.0,4.0,2067.36,3018.03
480.0,63.0,27.0,22.0,4.0,2039.71,2934.14
480.0,78.0,22.0,32.0,4.0,1931.78,3207.86
480.0,78.0,29.0,27.0,3.0,2127.72,3154.92
480.0,69.0,22.0,27.0,5.0,1853.13,2988.32
480.0,75.0,35.0,20.0,5.0,2352.74,3204.11
480.0,96.0,39.0,25.0,4.0,2598.79,3602.55
480.0,70.0,31.0,17.0,5.0,2106.14,2915.69
480.0,74.0,24.0,27.0,9.0,2278.25,3491.89
480.0,77.0,38.0,22.0,4.0,2499.86,3385.04
480.0,84.0,33.0,21.0,9.0,2526.64,3499.5
480.0,70.0,27.0,28.0,6.0,2258.75,3399.55
480.0,81.0,26.0,28.0,5.0,2077.16,3237.47
480.0,74.0,29.0,19.0,7.0,2198.52,3139.16
480.0,78.0,32.0,23.0,5.0,2273.07,3256.76
480.0,66.0,31.0,18.0,6.0,2254.98,3010.53
480.0,74.0,33.0,20.0,6.0,2344.46,3216.43
480.0,90.0,22.0,30.0,10.0,2279.99,3610.22
480.0,89.0,25.0,29.0,4.0,1986.23,3241.02
480.0,66.0,28.0,27.0,3.0,2074.13,3140.06
480.0,67.0,25.0,26.0,3.0,1842.09,2960.65
480.0,87.0,28.0,26.0,4.0,2145.62,3225.64
480.0,82.0,25.0,24.0,7.0,2093.31,3204.05
480.0,79.0,26.0,22.0,12.0,2454.69,3553.64
480.0,87.0,31.0,24.0,2.0,2052.02,2960.01
480.0,66.0,27.0,22.0,10.0,2389.24,3422.28
480.0,77.0,32.0,24.0,6.0,2419.94,3460.87
480.0,77.0,25.0,22.0,7.0,2022.28,3125.34
480.0,84.0,24.0,35.0,9.0,2512.59,3899.53
480.0,77.0,27.0,26.0,5.0,2111.0,3233.77
480.0,79.0,32.0,23.0,5.0,2329.02,3218.76
480.0,74.0,22.0,26.0,5.0,1869.38,2980.34
480.0,87.0,37.0,15.0,9.0,2627.62,3438.57
480.0,80.0,27.0,26.0,7.0,2195.51,3368.13
480.0,80.0,33.0,24.0,3.0,2233.79,3106.66
480.0,75.0,32.0,26.0,2.0,2162.98,3141.13
480.0,76.0,22.0,30.0,4.0,1888.08,3101.72
480.0,77.0,31.0,25.0,6.0,2408.04,3397.37
480.0,67.0,30.0,20.0,4.0,2099.35,2920.18
480.0,76.0,32.0,23.0,3.0,2139.72,3141.07
480.0,71.0,32.0,22.0,3.0,2183.72,3098.7
480.0,78.0,27.0,26.0,3.0,1983.99,3009.85
480.0,85.0,27.0,25.0,4.0,2038.22,3052.93
480.0,77.0,28.0,25.0,8.0,2369.27,3418.18
480.0,86.0,22.0,28.0,11.0,2345.1,3623.62
480.0,72.0,21.0,28.0,8.0,2077.53,3405.24
480.0,84.0,34.0,14.0,5.0,2255.28,2851.17
480.0,93.0,22.0,27.0,9.0,2143.0,3377.6
480.0,74.0,35.0,18.0,3.0,2201.46,2966.72
480.0,69.0,22.0,34.0,2.0,1864.77,3211.37
480.0,90.0,26.0,24.0,6.0,2026.12,3144.13
480.0,72.0,23.0,28.0,4.0,1840.95,3056.81
480.0,72.0,31.0,23.0,6.0,2369.07,3285.53
480.0,80.0,24.0,26.0,5.0,1908.93,3072.95
480.0,80.0,24.0,24.0,7.0,2045.97,3152.9
480.0,69.0,30.0,22.0,3.0,2141.89,3010.32
480.0,69.0,26.0,22.0,5.0,1938.97,3006.78
480.0,68.0,31.0,24.0,4.0,2182.24,3147.7
480.0,79.0,21.0,34.0,6.0,2057.92,3448.36
480.0,64.0,25.0,23.0,7.0,2086.47,3139.8
480.0,79.0,27.0,28.0,5.0,2150.22,3305.85
480.0,71.0,25.0,30.0,5.0,2064.61,3357.11
480.0,69.0,32.0,23.0,8.0,2513.97,3633.25
480.0,68.0,33.0,20.0,2.0,2078.33,2848.63
480.0,76.0,23.0,28.0,6.0,1997.89,3194.3
480.0,81.0,26.0,28.0,5.0,2142.42,3295.04
480.0,73.0,34.0,16.0,6.0,2343.57,3146.13
480.0,91.0,40.0,25.0,4.0,2674.03,3661.18
480.0,79.0,31.0,17.0,8.0,2355.84,3182.18
480.0,66.0,23.0,28.0,6.0,2013.91,3220.39
480.0,69.0,26.0,25.0,4.0,2027.76,3089.54
480.0,71.0,24.0,24.0,6.0,2026.3,3034.55
480.0,84.0,34.0,28.0,2.0,2245.44,3296.76
480.0,68.0,32.0,25.0,5.0,2309.12,3337.69
480.0,68.0,33.0,21.0,9.0,2580.99,3547.64
480.0,76.0,31.0,24.0,6.0,2280.2,3349.96
480.0,77.0,28.0,32.0,5.0,2316.34,3496.59
480.0,78.0,31.0,23.0,4.0,2201.93,3177.44
480.0,89.0,24.0,29.0,10.0,2488.22,3756.14
480.0,97.0,36.0,19.0,7.0,2532.97,3436.81
480.0,86.0,22.0,26.0,9.0,2188.4,3402.36
480.0,78.0,13.0,45.0,9.0,1994.76,3956.73
480.0,75.0,11.0,46.0,7.0,1773.81,3756.44
480.0,65.0,8.0,46.0,6.0,1587.03,3458.17
480.0,68.0,9.0,44.0,5.0,1517.47,3389.32
480.0,80.0,7.0,42.0,8.0,1646.65,3422.23
480.0,69.0,8.0,41.0,7.0,1535.78,3350.56
480.0,75.0,15.0,39.0,7.0,1831.14,3588.17
480.0,84.0,10.0,45.0,4.0,1524.13,3345.21
480.0,65.0,12.0,39.0,8.0,1792.43,3492.28
480.0,74.0,5.0,44.0,11.0,1795.85,3822.17
480.0,63.0,5.0,42.0,7.0,1478.22,3233.98
480.0,72.0,10.0,49.0,8.0,1872.43,3938.45
480.0,72.0,5.0,50.0,6.0,1554.89,3534.57
480.0,81.0,12.0,41.0,12.0,2039.28,4035.6
480.0,87.0,3.0,46.0,10.0,1563.2,3653.46
480.0,69.0,6.0,49.0,6.0,1515.61,3501.6
480.0,64.0,6.0,47.0,7.0,1570.68,3531.72
480.0,77.0,6.0,46.0,7.0,1555.48,3535.26
480.0,68.0,4.0,45.0,8.0,1560.98,3609.33
480.0,68.0,6.0,46.0,7.0,1520.3,3450.16
480.0,76.0,8.0,47.0,7.0,1666.1,3601.35
480.0,79.0,8.0,47.0,5.0,1611.54,3560.7
480.0,72.0,7.0,48.0,7.0,1610.5,3649.55
480.0,76.0,8.0,39.0,10.0,1688.11,3535.18
480.0,63.0,10.0,41.0,6.0,1575.23,3379.99
480.0,76.0,5.0,45.0,11.0,1726.84,3801.62
480.0,66.0,2.0,49.0,6.0,1357.73,3409.91
480.0,67.0,8.0,49.0,8.0,1819.14,3940.48
480.0,77.0,6.0,49.0,8.0,1670.52,3738.15
480.0,82.0,9.0,42.0,11.0,1870.38,3765.14
480.0,68.0,9.0,47.0,2.0,1401.34,3228.94
480.0,88.0,7.0,52.0,5.0,1580.31,3659.32
480.0,86.0,14.0,47.0,8.0,1987.27,4017.81
480.0,67.0,10.0,41.0,8.0,1695.8,3532.61
480.0,77.0,9.0,35.0,13.0,1922.74,3652.26
480.0,81.0,8.0,45.0,8.0,1703.83,3649.92
480.0,82.0,10.0,52.0,6.0,1908.78,3946.85
480.0,79.0,8.0,47.0,7.0,1683.56,3667.0
480.0,77.0,10.0,45.0,7.0,1751.98,3682.09
480.0,70.0,5.0,48.0,5.0,1402.41,3356.66
480.0,85.0,11.0,50.0,4.0,1738.67,3761.27
480.0,79.0,5.0,46.0,10.0,1646.98,3672.35
480.0,82.0,7.0,45.0,11.0,1790.0,3828.14
480.0,81.0,10.0,47.0,9.0,1903.35,3952.56
480.0,64.0,7.0,41.0,10.0,1738.1,3639.8
480.0,86.0,8.0,50.0,6.0,1671.25,3700.25
480.0,71.0,9.0,39.0,11.0,1812.66,3663.1
480.0,85.0,9.0,41.0,10.0,1798.42,3695.06
480.0,81.0,9.0,43.0,7.0,1652.62,3494.99
480.0,67.0,11.0,45.0,3.0,1605.67,3439.44
480.0,80.0,7.0,47.0,6.0,1560.71,3546.04
480.0,74.0,13.0,44.0,7.0,1804.61,3690.49
480.0,73.0,11.0,44.0,13.0,2191.27,4263.7
480.0,85.0,4.0,52.0,6.0,1512.41,3573.88
480.0,78.0,5.0,48.0,5.0,1418.19,3317.8
480.0,70.0,7.0,41.0,14.0,1931.88,3928.88
480.0,75.0,5.0,46.0,8.0,1591.47,3504.34
480.0,79.0,11.0,40.0,8.0,1764.95,3574.64
480.0,65.0,11.0,43.0,6.0,1713.3,3490.41
480.0,59.0,5.0,42.0,10.0,1606.52,3589.09
480.0,75.0,7.0,44.0,5.0,1489.0,3365.22
480.0,69.0,10.0,46.0,6.0,1654.29,3617.82
480.0,79.0,3.0,44.0,7.0,1436.84,3261.22
480.0,83.0,8.0,51.0,6.0,1681.48,3724.26
480.0,79.0,6.0,50.0,5.0,1487.38,3536.5
480.0,79.0,7.0,46.0,8.0,1631.65,3613.01
480.0,74.0,14.0,44.0,2.0,1580.86,3320.89
480.0,76.0,6.0,45.0,8.0,1595.67,3518.62
480.0,76.0,9.0,42.0,8.0,1652.05,3482.7
480.0,82.0,9.0,52.0,8.0,1835.73,4033.09
480.0,76.0,9.0,49.0,3.0,1500.47,3429.98
480.0,71.0,9.0,49.0,5.0,1662.2,3696.6
480.0,76.0,5.0,50.0,9.0,1647.81,3758.52
480.0,80.0,8.0,47.0,6.0,1620.22,3529.1
480.0,77.0,9.0,48.0,5.0,1586.41,3572.84
480.0,66.0,5.0,45.0,7.0,1511.86,3481.96
480.0,55.0,7.0,40.0,7.0,1481.46,3216.37
480.0,82.0,8.0,51.0,6.0,1699.9,3773.8
480.0,64.0,10.0,41.0,7.0,1696.94,3441.48
480.0,76.0,7.0,46.0,10.0,1765.68,3855.07
480.0,80.0,12.0,48.0,4.0,1682.57,3628.58
480.0,72.0,8.0,50.0,9.0,1826.43,3994.16
480.0,72.0,16.0,38.0,9.0,2058.46,3715.31
480.0,81.0,7.0,50.0,8.0,1742.05,3892.86
480.0,74.0,9.0,44.0,9.0,1744.1,3700.49
480.0,66.0,11.0,38.0,6.0,1585.27,3267.81
480.0,87.0,7.0,49.0,7.0,1634.91,3713.16
480.0,75.0,6.0,42.0,8.0,1521.56,3397.62
480.0,68.0,11.0,44.0,8.0,1784.27,3696.31
480.0,76.0,8.0,42.0,7.0,1545.04,3389.33
480.0,78.0,7.0,43.0,7.0,1536.24,3425.19
480.0,87.0,8.0,48.0,7.0,1724.69,3815.28
480.0,66.0,7.0,45.0,4.0,1416.3,3322.76
480.0,82.0,14.0,41.0,7.0,1817.39,3593.45
480.0,81.0,11.0,48.0,10.0,1968.56,4081.98
480.0,89.0,6.0,49.0,11.0,1921.08,3994.85
480.0,64.0,8.0,42.0,9.0,1676.2,3626.85
480.0,86.0,13.0,41.0,6.0,1768.73,3449.27
480.0,84.0,6.0,48.0,8.0,1687.14,3773.23
480.0,75.0,12.0,37.0,10.0,1898.57,3645.08
480.0,77.0,28.0,36.0,6.0,2486.53,3936.35
480.0,60.0,21.0,36.0,2.0,1771.15,3203.54
480.0,66.0,22.0,33.0,8.0,2191.62,3702.19
480.0,63.0,19.0,32.0,7.0,1938.96,3421.39
480.0,75.0,32.0,36.0,2.0,2354.73,3708.69
480.0,70.0,23.0,35.0,7.0,2170.54,3751.39
480.0,70.0,22.0,33.0,13.0,2556.32,4146.63
480.0,91.0,30.0,43.0,9.0,2804.38,4640.37
480.0,69.0,34.0,30.0,3.0,2331.43,3541.0
480.0,71.0,25.0,34.0,7.0,2304.1,3750.21
480.0,73.0,27.0,35.0,7.0,2331.0,3901.13
480.0,65.0,26.0,31.0,7.0,2193.46,3647.87
480.0,82.0,30.0,39.0,4.0,2386.07,3974.76
480.0,72.0,31.0,35.0,4.0,2371.95,3811.66
480.0,81.0,30.0,39.0,9.0,2769.24,4375.34
480.0,83.0,37.0,35.0,2.0,2545.01,3878.27
480.0,64.0,30.0,24.0,8.0,2402.67,3598.25
480.0,80.0,31.0,38.0,4.0,2453.64,3910.71
480.0,66.0,19.0,36.0,6.0,1968.35,3511.19
480.0,86.0,29.0,46.0,7.0,2646.1,4501.81
480.0,73.0,28.0,35.0,6.0,2419.32,3852.7
480.0,71.0,22.0,39.0,6.0,2166.63,3837.64
480.0,78.0,35.0,32.0,6.0,2713.17,4012.66
480.0,80.0,34.0,34.0,7.0,2671.22,4113.45
480.0,83.0,37.0,37.0,6.0,2828.47,4355.86
480.0,86.0,36.0,42.0,4.0,2776.16,4344.82
480.0,68.0,27.0,28.0,10.0,2497.38,3850.43
480.0,78.0,27.0,42.0,4.0,2320.41,3985.37
480.0,70.0,27.0,31.0,8.0,2403.61,3756.52
480.0,90.0,32.0,39.0,14.0,3107.42,4951.97
480.0,66.0,29.0,29.0,6.0,2341.96,3565.14
480.0,87.0,30.0,41.0,9.0,2880.33,4530.21
480.0,68.0,24.0,34.0,7.0,2206.59,3747.18
480.0,75.0,35.0,30.0,7.0,2746.06,4006.98
480.0,76.0,26.0,38.0,10.0,2605.04,4298.74
480.0,80.0,23.0,43.0,10.0,2597.94,4417.65
480.0,87.0,36.0,39.0,9.0,3006.0,4655.21
480.0,73.0,29.0,31.0,7.0,2480.0,3810.21
480.0,73.0,27.0,32.0,12.0,2643.07,4163.32
480.0,79.0,32.0,37.0,5.0,2532.61,4091.03
480.0,82.0,23.0,40.0,11.0,2624.65,4490.96
480.0,76.0,36.0,30.0,6.0,2702.65,3899.62
480.0,69.0,27.0,31.0,9.0,2394.39,3918.95
480.0,78.0,30.0,37.0,7.0,2570.08,4100.91
480.0,67.0,34.0,24.0,4.0,2383.32,3336.22
480.0,81.0,22.0,48.0,5.0,2417.96,4199.97
480.0,76.0,32.0,37.0,5.0,2493.41,4067.35
480.0,69.0,22.0,37.0,7.0,2203.22,3793.24
480.0,79.0,25.0,44.0,7.0,2502.77,4299.57
480.0,80.0,35.0,33.0,5.0,2629.39,4015.49
480.0,69.0,28.0,30.0,8.0,2445.65,3782.87
480.0,87.0,30.0,34.0,13.0,2921.71,4537.36
480.0,82.0,31.0,33.0,11.0,2778.38,4352.74
480.0,82.0,29.0,41.0,8.0,2787.34,4511.11
480.0,94.0,35.0,46.0,5.0,2813.25,4629.51
480.0,71.0,26.0,38.0,6.0,2342.11,3927.19
480.0,74.0,20.0,42.0,5.0,2044.22,3875.62
480.0,66.0,21.0,37.0,8.0,2247.52,3760.72
480.0,68.0,31.0,32.0,3.0,2253.29,3581.05
480.0,52.0,19.0,23.0,5.0,1689.83,2768.03
480.0,79.0,31.0,38.0,6.0,2605.76,4176.99
480.0,68.0,29.0,27.0,9.0,2457.44,3757.43
480.0,78.0,31.0,32.0,10.0,2765.24,4152.43
480.0,85.0,30.0,43.0,9.0,2799.06,4623.12
480.0,67.0,22.0,33.0,5.0,1966.42,3429.54
480.0,82.0,27.0,42.0,8.0,2636.82,4374.89
480.0,87.0,39.0,35.0,11.0,3258.66,4753.27
480.0,87.0,34.0,42.0,5.0,2825.17,4471.05
480.0,81.0,22.0,45.0,7.0,2396.14,4348.48
480.0,74.0,27.0,38.0,9.0,2541.5,4175.26
480.0,77.0,22.0,40.0,8.0,2291.11,3998.58
480.0,75.0,26.0,38.0,8.0,2432.09,4095.43
480.0,91.0,39.0,36.0,12.0,3244.59,4923.51
480.0,69.0,28.0,28.0,8.0,2390.14,3795.34
480.0,77.0,28.0,37.0,10.0,2759.76,4385.65
480.0,76.0,25.0,35.0,10.0,2544.73,4128.58
480.0,71.0,33.0,31.0,4.0,2382.98,3666.87
480.0,70.0,22.0,38.0,8.0,2312.1,3928.55
480.0,59.0,28.0,22.0,7.0,2193.3,3290.11
480.0,69.0,26.0,32.0,8.0,2364.32,3857.82
480.0,80.0,28.0,33.0,11.0,2738.01,4246.93
480.0,71.0,24.0,36.0,8.0,2408.71,3905.4
480.0,79.0,25.0,36.0,10.0,2582.93,4309.32
480.0,77.0,31.0,34.0,9.0,2680.17,4176.41
480.0,88.0,37.0,40.0,6.0,2852.13,4466.79
480.0,66.0,29.0,28.0,8.0,2378.24,3668.99
480.0,85.0,41.0,33.0,5.0,2939.26,4229.52
480.0,69.0,29.0,31.0,7.0,2454.3,3742.31
480.0,75.0,25.0,37.0,8.0,2482.68,4052.27
480.0,86.0,34.0,38.0,11.0,3117.2,4727.94
480.0,74.0,29.0,34.0,8.0,2591.35,4096.06
480.0,81.0,37.0,35.0,8.0,2884.31,4367.34
480.0,67.0,24.0,37.0,3.0,2045.36,3513.87
480.0,73.0,17.0,41.0,9.0,2220.9,4019.39
480.0,84.0,29.0,39.0,10.0,2750.2,4416.57
480.0,87.0,32.0,35.0,14.0,3019.32,4776.47
480.0,84.0,30.0,43.0,6.0,2657.7,4376.8
480.0,83.0,30.0,37.0,10.0,2802.74,4514.76
480.0,75.0,30.0,35.0,4.0,2357.98,3757.02
480.0,76.0,28.0,30.0,12.0,2777.47,4150.33
480.0,70.0,31.0,32.0,4.0,2378.77,3577.51
480.0,83.0,36.0,37.0,4.0,2651.8,4056.28
480.0,84.0,35.0,38.0,5.0,2801.89,4270.43
480.0,82.0,32.0,40.0,5.0,2620.56,4216.7
480.0,80.0,32.0,35.0,10.0,2907.01,4390.64
480.0,61.0,16.0,34.0,5.0,1750.41,3161.72
480.0,82.0,36.0,33.0,9.0,3024.65,4352.23
480.0,83.0,34.0,33.0,9.0,2875.98,4333.96
480.0,74.0,36.0,28.0,7.0,2722.41,3830.71
480.0,74.0,29.0,35.0,3.0,2198.69,3571.32
480.0,72.0,32.0,29.0,6.0,2434.51,3683.27
480.0,62.0,28.0,27.0,3.0,2027.77,3094.54
480.0,73.0,28.0,36.0,6.0,2397.97,3814.0
480.0,76.0,37.0,26.0,8.0,2808.65,3874.07
480.0,96.0,44.0,38.0,6.0,3166.7,4590.9
480.0,81.0,29.0,34.0,12.0,2803.75,4336.4
480.0,64.0,31.0,22.0,6.0,2404.95,3354.02
480.0,79.0,21.0,39.0,13.0,2674.11,4321.5
480.0,73.0,28.0,38.0,5.0,2385.33,3923.65
480.0,82.0,39.0,29.0,9.0,2996.69,4208.27
480.0,74.0,32.0,33.0,6.0,2600.91,3881.05
480.0,81.0,37.0,35.0,7.0,2868.46,4262.78
480.0,81.0,37.0,35.0,3.0,2629.6,3912.0
480.0,81.0,38.0,29.0,5.0,2630.92,3830.06
480.0,81.0,31.0,40.0,6.0,2584.24,4213.04
480.0,75.0,42.0,27.0,3.0,2742.74,3625.06
480.0,73.0,30.0,28.0,10.0,2604.89,3901.05
480.0,79.0,32.0,36.0,5.0,2565.67,4025.67
480.0,73.0,36.0,27.0,6.0,2689.95,3709.98
480.0,86.0,33.0,37.0,10.0,2864.74,4495.75
480.0,70.0,34.0,27.0,5.0,2499.84,3639.52
480.0,80.0,32.0,36.0,5.0,2525.31,3978.96
480.0,76.0,32.0,30.0,13.0,2905.59,4324.99
480.0,79.0,33.0,35.0,9.0,2909.22,4288.65
480.0,71.0,29.0,30.0,5.0,2329.28,3544.57
480.0,74.0,30.0,33.0,8.0,2555.27,3966.01
480.0,84.0,42.0,27.0,11.0,3286.22,4361.68
480.0,85.0,37.0,38.0,8.0,2969.58,4487.24
480.0,71.0,28.0,29.0,5.0,2373.88,3457.5
480.0,67.0,28.0,32.0,3.0,2137.0,3457.96
480.0,81.0,28.0,40.0,10.0,2738.77,4449.25
480.0,76.0,40.0,26.0,4.0,2703.87,3675.29
480.0,72.0,35.0,28.0,7.0,2684.08,3743.42
480.0,78.0,34.0,32.0,8.0,2797.36,4063.05
480.0,65.0,32.0,21.0,9.0,2527.08,3540.07
480.0,78.0,29.0,38.0,9.0,2656.39,4238.82
480.0,68.0,30.0,28.0,9.0,2607.31,3727.33
480.0,80.0,37.0,28.0,11.0,2966.85,4225.16
480.0,77.0,38.0,32.0,4.0,2704.38,3892.78
480.0,74.0,34.0,29.0,9.0,2732.52,3988.27
480.0,73.0,33.0,30.0,8.0,2645.34,3969.94
480.0,76.0,29.0,33.0,7.0,2508.67,3832.34
480.0,84.0,39.0,31.0,9.0,2985.72,4358.64
480.0,83.0,40.0,34.0,6.0,3023.14,4205.62
480.0,67.0,27.0,33.0,5.0,2205.54,3551.61
480.0,69.0,34.0,30.0,4.0,2498.15,3632.65
480.0,74.0,27.0,40.0,6.0,2410.0,3991.67
480.0,71.0,27.0,31.0,12.0,2602.23,4049.7
480.0,76.0,26.0,32.0,10.0,2436.63,3937.25
480.0,61.0,22.0,30.0,6.0,1974.62,3319.31
480.0,82.0,31.0,38.0,8.0,2701.65,4262.03
480.0,78.0,41.0,24.0,8.0,2919.06,4011.95
480.0,84.0,45.0,26.0,5.0,2970.73,3956.36
480.0,98.0,40.0,38.0,7.0,3056.74,4566.94
480.0,65.0,21.0,32.0,7.0,2056.37,3526.79
480.0,79.0,35.0,30.0,9.0,2888.03,4128.37
480.0,71.0,28.0,23.0,12.0,2580.46,3751.76
480.0,73.0,32.0,28.0,5.0,2423.49,3565.58
480.0,82.0,37.0,29.0,10.0,3007.56,4237.76
480.0,75.0,28.0,40.0,6.0,2443.44,4021.4
480.0,78.0,36.0,31.0,7.0,2804.54,4095.56
480.0,79.0,39.0,31.0,7.0,2899.13,4156.32
480.0,85.0,32.0,43.0,8.0,2864.8,4518.67
480.0,75.0,28.0,32.0,12.0,2731.98,4166.47
480.0,71.0,33.0,29.0,4.0,2480.16,3583.87
480.0,76.0,32.0,29.0,11.0,2800.92,4112.89
480.0,68.0,26.0,32.0,5.0,2151.41,3508.03
480.0,75.0,31.0,31.0,11.0,2707.37,4187.36
480.0,63.0,29.0,25.0,7.0,2276.69,3408.43
480.0,69.0,31.0,25.0,6.0,2334.71,3428.55
480.0,71.0,29.0,34.0,6.0,2483.25,3785.35
480.0,71.0,28.0,32.0,8.0,2520.5,3890.83
480.0,76.0,32.0,29.0,11.0,2827.49,4165.34
480.0,73.0,33.0,31.0,5.0,2522.5,3780.14
480.0,92.0,45.0,33.0,8.0,3242.71,4556.53
480.0,77.0,33.0,32.0,6.0,2517.4,3872.18
480.0,80.0,34.0,33.0,11.0,2942.18,4375.88
480.0,72.0,30.0,30.0,7.0,2413.34,3723.85
480.0,67.0,34.0,25.0,5.0,2452.65,3477.39
480.0,83.0,39.0,33.0,5.0,2798.74,4019.03
480.0,75.0,30.0,30.0,10.0,2688.39,4093.06
480.0,79.0,34.0,28.0,11.0,2926.62,4146.38
480.0,62.0,20.0,31.0,8.0,2073.41,3492.31
480.0,75.0,30.0,34.0,7.0,2530.33,3969.72
480.0,76.0,22.0,32.0,12.0,2428.83,3967.66
480.0,80.0,36.0,33.0,8.0,2903.86,4235.87
480.0,73.0,30.0,32.0,7.0,2557.18,3815.79
480.0,82.0,40.0,31.0,7.0,2950.35,4191.08
480.0,90.0,44.0,36.0,5.0,3154.19,4531.99
480.0,75.0,38.0,18.0,13.0,3001.23,3975.46
480.0,73.0,43.0,22.0,5.0,2786.52,3672.65
480.0,82.0,42.0,32.0,3.0,2804.02,3954.36
480.0,80.0,30.0,41.0,4.0,2467.0,3987.16
480.0,59.0,24.0,22.0,6.0,1969.52,3050.03
480.0,81.0,40.0,27.0,7.0,2918.54,3987.54
480.0,66.0,31.0,25.0,5.0,2290.82,3389.46
480.0,83.0,42.0,28.0,9.0,3097.69,4303.41
480.0,75.0,35.0,31.0,6.0,2649.37,3964.38
480.0,78.0,42.0,18.0,6.0,2795.22,3628.98
480.0,85.0,38.0,34.0,9.0,3006.98,4448.34
480.0,75.0,38.0,26.0,4.0,2639.73,3596.93
480.0,73.0,34.0,26.0,10.0,2871.93,3987.8
480.0,86.0,47.0,26.0,3.0,2952.24,3899.95
480.0,76.0,37.0,27.0,6.0,2698.59,3791.17
480.0,88.0,40.0,40.0,3.0,2885.53,4379.98
480.0,84.0,36.0,31.0,8.0,2913.61,4249.24
480.0,61.0,27.0,24.0,5.0,2099.04,3207.51
480.0,74.0,29.0,34.0,6.0,2396.97,3887.13
480.0,74.0,39.0,23.0,8.0,2810.32,3869.89
480.0,67.0,34.0,29.0,3.0,2398.22,3507.42
480.0,86.0,34.0,32.0,15.0,3208.85,4689.92
480.0,79.0,37.0,30.0,6.0,2701.52,3931.83
480.0,80.0,39.0,32.0,6.0,2803.72,4113.07
480.0,83.0,37.0,31.0,9.0,2910.71,4207.12
480.0,81.0,34.0,32.0,9.0,2895.68,4208.47
480.0,76.0,32.0,34.0,6.0,2563.36,3902.2
480.0,69.0,30.0,30.0,6.0,2357.5,3624.06
480.0,73.0,37.0,29.0,4.0,2657.1,3683.86
480.0,71.0,42.0,18.0,6.0,2790.36,3499.51
480.0,83.0,38.0,34.0,8.0,2977.43,4306.59
480.0,71.0,36.0,22.0,8.0,2729.15,3789.58
480.0,77.0,39.0,26.0,10.0,2962.51,4124.48
480.0,76.0,29.0,35.0,8.0,2633.35,4134.31
480.0,88.0,42.0,31.0,11.0,3393.04,4606.33
480.0,69.0,33.0,23.0,8.0,2571.67,3647.97
480.0,78.0,35.0,33.0,6.0,2738.64,3983.66
480.0,91.0,44.0,34.0,5.0,3151.03,4317.36
480.0,82.0,32.0,29.0,11.0,2881.51,4158.85
480.0,79.0,39.0,25.0,7.0,2804.71,3881.67
480.0,76.0,37.0,32.0,3.0,2561.29,3773.91
480.0,82.0,42.0,33.0,5.0,2948.36,4157.69
480.0,79.0,41.0,25.0,8.0,2970.34,3992.89
480.0,73.0,26.0,35.0,8.0,2463.55,3930.57
480.0,75.0,32.0,35.0,5.0,2519.7,3903.57
480.0,63.0,35.0,17.0,6.0,2424.17,3184.41
480.0,85.0,36.0,35.0,6.0,2808.38,4232.33
480.0,71.0,26.0,35.0,7.0,2307.76,3783.44
480.0,72.0,29.0,31.0,8.0,2543.54,3847.6
480.0,87.0,37.0,38.0,10.0,3229.54,4619.39
480.0,75.0,38.0,24.0,10.0,3030.63,4085.09
480.0,72.0,36.0,30.0,3.0,2494.47,3615.54
480.0,85.0,33.0,31.0,12.0,2978.83,4408.57
480.0,79.0,36.0,31.0,8.0,2815.94,4125.35
480.0,75.0,40.0,29.0,4.0,2657.13,3817.93
480.0,79.0,33.0,37.0,4.0,2501.66,3988.16
480.0,80.0,37.0,25.0,13.0,3037.36,4274.88
480.0,81.0,36.0,38.0,3.0,2674.65,4060.78
480.0,67.0,30.0,26.0,9.0,2658.59,3772.32
480.0,75.0,33.0,29.0,6.0,2519.25,3772.28
480.0,52.0,22.0,21.0,7.0,1939.16,2932.44
480.0,79.0,30.0,37.0,5.0,2432.91,3938.23
480.0,69.0,34.0,29.0,4.0,2393.02,3581.51
480.0,70.0,30.0,28.0,7.0,2490.2,3588.58
480.0,84.0,39.0,29.0,14.0,3332.31,4572.33
480.0,74.0,31.0,31.0,6.0,2464.17,3762.57
480.0,78.0,37.0,29.0,6.0,2714.78,3895.55
480.0,81.0,41.0,26.0,8.0,3048.46,4188.69
480.0,84.0,37.0,28.0,9.0,2931.09,4136.3
480.0,84.0,43.0,35.0,4.0,2946.14,4201.31
480.0,77.0,29.0,39.0,5.0,2449.43,3906.53
480.0,78.0,30.0,36.0,7.0,2521.69,4075.51
480.0,78.0,35.0,33.0,7.0,2776.27,4097.82
480.0,82.0,34.0,41.0,6.0,2786.22,4279.85
480.0,77.0,41.0,28.0,4.0,2748.76,3899.02
480.0,80.0,40.0,35.0,2.0,2727.11,3932.27
480.0,72.0,40.0,24.0,3.0,2598.14,3469.56
480.0,75.0,26.0,36.0,6.0,2311.89,3770.34
480.0,90.0,41.0,36.0,7.0,3135.77,4552.14
480.0,65.0,35.0,19.0,7.0,2538.45,3373.57
480.0,67.0,27.0,30.0,7.0,2301.52,3599.25
480.0,69.0,31.0,29.0,5.0,2381.38,3549.57
480.0,72.0,31.0,25.0,11.0,2794.85,3843.86
480.0,75.0,35.0,20.0,10.0,2802.89,3839.3
480.0,68.0,25.0,32.0,9.0,2348.67,3783.6
480.0,80.0,46.0,25.0,4.0,2929.1,3893.46
480.0,73.0,35.0,23.0,9.0,2769.92,3772.37
480.0,90.0,38.0,37.0,9.0,3101.84,4553.81
480.0,74.0,36.0,29.0,4.0,2555.43,3675.57
480.0,67.0,34.0,22.0,8.0,2635.46,3570.57
480.0,75.0,33.0,27.0,8.0,2595.65,3874.77
480.0,75.0,37.0,25.0,10.0,2837.83,4045.1
480.0,84.0,38.0,34.0,7.0,2933.22,4284.95
480.0,68.0,37.0,20.0,7.0,2631.84,3484.24
480.0,84.0,39.0,36.0,4.0,2799.78,4133.53
480.0,74.0,34.0,27.0,7.0,2662.91,3693.22
480.0,84.0,36.0,30.0,6.0,2728.92,3918.65
480.0,74.0,40.0,25.0,6.0,2849.9,3840.57
480.0,83.0,38.0,23.0,13.0,3071.05,4255.29
480.0,88.0,43.0,28.0,10.0,3186.93,4439.89
480.0,72.0,32.0,26.0,10.0,2743.72,3828.35
480.0,69.0,0.0,46.0,10.0,1419.83,3614.52
480.0,69.0,0.0,55.0,4.0,1243.24,3477.39
480.0,76.0,0.0,48.0,11.0,1553.07,3822.8
480.0,59.0,0.0,51.0,7.0,1340.23,3554.06
480.0,72.0,0.0,50.0,7.0,1316.19,3479.88
480.0,69.0,2.0,53.0,6.0,1408.88,3673.97
480.0,86.0,2.0,56.0,5.0,1442.39,3838.78
480.0,73.0,0.0,50.0,7.0,1318.7,3512.93
480.0,69.0,0.0,48.0,9.0,1389.88,3567.62
480.0,81.0,0.0,52.0,10.0,1522.41,3892.83
480.0,69.0,0.0,51.0,8.0,1403.67,3624.7
480.0,74.0,1.0,52.0,8.0,1464.57,3768.16
480.0,73.0,1.0,56.0,5.0,1359.5,3649.19
480.0,68.0,2.0,47.0,11.0,1603.95,3889.88
480.0,91.0,0.0,57.0,4.0,1267.47,3634.63
480.0,75.0,1.0,51.0,10.0,1567.56,3938.52
480.0,68.0,0.0,54.0,3.0,1155.24,3321.87
480.0,91.0,0.0,52.0,9.0,1472.93,3863.57
480.0,69.0,0.0,50.0,7.0,1322.72,3539.33
480.0,72.0,0.0,46.0,14.0,1678.83,4006.89
480.0,69.0,1.0,51.0,11.0,1609.07,3971.59
480.0,79.0,1.0,53.0,7.0,1432.33,3783.08
480.0,66.0,2.0,48.0,10.0,1554.01,3791.89
480.0,72.0,0.0,49.0,8.0,1404.55,3644.02
480.0,74.0,0.0,56.0,5.0,1304.19,3625.37
480.0,87.0,1.0,56.0,6.0,1403.99,3807.57
480.0,66.0,0.0,46.0,10.0,1422.16,3624.54
480.0,77.0,0.0,53.0,8.0,1437.16,3811.37
480.0,61.0,1.0,52.0,7.0,1396.94,3631.0
480.0,85.0,3.0,56.0,7.0,1596.09,3985.53
480.0,70.0,1.0,51.0,8.0,1446.26,3709.73
480.0,83.0,1.0,50.0,11.0,1646.33,4057.25
480.0,76.0,3.0,48.0,9.0,1545.92,3786.12
480.0,78.0,1.0,52.0,8.0,1472.77,3794.45
480.0,83.0,0.0,46.0,14.0,1648.75,3941.5
480.0,83.0,1.0,51.0,8.0,1457.02,3779.68
480.0,98.0,2.0,59.0,4.0,1387.96,3820.28
480.0,81.0,0.0,53.0,10.0,1569.04,3973.79
480.0,81.0,0.0,49.0,10.0,1546.35,3903.94
480.0,77.0,0.0,53.0,8.0,1433.97,3792.44
480.0,82.0,0.0,54.0,6.0,1336.99,3677.22
480.0,71.0,0.0,54.0,4.0,1196.99,3402.29
480.0,84.0,0.0,50.0,11.0,1578.11,4007.84
480.0,68.0,3.0,48.0,9.0,1604.84,3856.9
480.0,61.0,0.0,51.0,8.0,1386.91,3649.29
480.0,76.0,2.0,55.0,6.0,1502.92,3851.46
480.0,72.0,1.0,49.0,11.0,1584.76,3860.52
480.0,70.0,0.0,53.0,9.0,1474.92,3791.91
480.0,88.0,0.0,56.0,5.0,1319.08,3708.12
480.0,80.0,1.0,51.0,7.0,1412.01,3694.41
480.0,81.0,0.0,54.0,7.0,1391.55,3734.55
480.0,67.0,0.0,55.0,4.0,1232.18,3456.36
480.0,82.0,0.0,51.0,10.0,1513.94,3873.8
480.0,86.0,1.0,54.0,8.0,1491.0,3887.05
480.0,74.0,0.0,51.0,9.0,1447.93,3761.47
480.0,79.0,1.0,53.0,7.0,1468.76,3862.14
480.0,86.0,1.0,57.0,4.0,1324.39,3724.44
480.0,78.0,1.0,48.0,11.0,1563.17,3840.4
480.0,68.0,0.0,49.0,6.0,1252.15,3411.35
480.0,58.0,1.0,48.0,6.0,1279.34,3385.8
480.0,79.0,0.0,58.0,4.0,1282.3,3647.98
480.0,80.0,0.0,53.0,8.0,1482.96,3857.08
480.0,71.0,2.0,45.0,10.0,1492.49,3651.27
480.0,86.0,0.0,52.0,10.0,1528.28,3945.57
480.0,76.0,0.0,54.0,4.0,1224.63,3469.44
480.0,76.0,0.0,49.0,11.0,1530.5,3825.12
480.0,68.0,0.0,49.0,10.0,1486.32,3755.07
480.0,82.0,1.0,53.0,7.0,1439.78,3786.06
480.0,69.0,2.0,56.0,5.0,1403.38,3717.65
480.0,78.0,2.0,53.0,8.0,1522.29,3863.17
480.0,85.0,0.0,54.0,7.0,1388.1,3782.78
480.0,72.0,0.0,58.0,4.0,1292.68,3625.68
480.0,89.0,0.0,51.0,10.0,1512.21,3870.85
480.0,82.0,0.0,48.0,9.0,1449.99,3731.42
480.0,65.0,1.0,51.0,5.0,1256.49,3391.98
480.0,72.0,0.0,54.0,5.0,1278.84,3530.81
480.0,77.0,0.0,50.0,11.0,1553.22,3927.93
480.0,80.0,0.0,46.0,14.0,1717.41,4105.85
480.0,65.0,0.0,45.0,14.0,1643.28,3892.68
480.0,75.0,0.0,56.0,5.0,1311.78,3679.79
480.0,77.0,0.0,58.0,3.0,1267.82,3622.38
480.0,76.0,0.0,46.0,16.0,1778.87,4160.86
480.0,63.0,1.0,45.0,10.0,1455.05,3615.23
480.0,70.0,1.0,54.0,7.0,1433.63,3731.9
480.0,67.0,0.0,53.0,8.0,1422.9,3699.46
480.0,71.0,0.0,51.0,7.0,1339.12,3592.62
480.0,88.0,0.0,54.0,8.0,1449.62,3884.96
480.0,75.0,0.0,51.0,8.0,1393.41,3669.41
480.0,75.0,1.0,53.0,7.0,1486.41,3851.17
480.0,78.0,1.0,49.0,9.0,1473.1,3738.95
480.0,76.0,1.0,54.0,7.0,1443.06,3794.57
480.0,81.0,0.0,48.0,14.0,1689.69,4130.55
480.0,75.0,0.0,49.0,10.0,1490.38,3817.23
480.0,69.0,1.0,53.0,7.0,1420.82,3719.74
480.0,80.0,0.0,50.0,12.0,1599.65,3955.58
480.0,70.0,0.0,53.0,7.0,1369.0,3679.37
480.0,71.0,1.0,46.0,8.0,1351.58,3496.0
480.0,81.0,0.0,52.0,8.0,1445.01,3800.38
480.0,90.0,0.0,50.0,11.0,1557.0,3922.81
480.0,83.0,3.0,48.0,11.0,1652.22,3920.49
480.0,69.0,37.0,7.0,4.0,2216.44,2488.02
480.0,63.0,32.0,11.0,5.0,2106.31,2626.3
480.0,78.0,33.0,11.0,1.0,1843.08,2272.28
480.0,69.0,41.0,4.0,1.0,2160.11,2158.74
480.0,70.0,36.0,6.0,4.0,2104.42,2343.89
480.0,66.0,35.0,7.0,5.0,2186.28,2519.45
480.0,77.0,41.0,5.0,3.0,2301.84,2335.07
480.0,76.0,37.0,7.0,3.0,2097.04,2371.47
480.0,77.0,39.0,5.0,2.0,2137.31,2262.5
480.0,81.0,38.0,9.0,2.0,2116.85,2441.33
480.0,70.0,34.0,9.0,5.0,2206.12,2536.93
480.0,78.0,42.0,6.0,0.0,2152.61,2246.08
480.0,68.0,36.0,8.0,5.0,2213.33,2630.38
480.0,77.0,37.0,4.0,6.0,2376.49,2464.41
480.0,85.0,40.0,6.0,2.0,2189.59,2343.04
480.0,76.0,32.0,11.0,5.0,2100.05,2632.96
480.0,68.0,33.0,11.0,3.0,2038.92,2405.62
480.0,69.0,35.0,11.0,4.0,2219.25,2625.18
480.0,75.0,38.0,5.0,1.0,1958.98,2098.79
480.0,72.0,37.0,7.0,3.0,2162.68,2436.64
480.0,66.0,31.0,15.0,3.0,1948.99,2588.28
480.0,76.0,29.0,12.0,6.0,2142.01,2646.33
480.0,74.0,41.0,3.0,4.0,2317.63,2359.2
480.0,78.0,34.0,6.0,6.0,2236.38,2480.49
480.0,71.0,37.0,9.0,1.0,2049.34,2300.4
480.0,84.0,36.0,9.0,4.0,2162.7,2552.78
480.0,67.0,34.0,8.0,3.0,2023.4,2429.99
480.0,66.0,42.0,3.0,3.0,2303.82,2369.81
480.0,81.0,36.0,7.0,5.0,2350.17,2574.96
480.0,70.0,37.0,7.0,4.0,2183.44,2498.25
480.0,71.0,36.0,9.0,2.0,2062.88,2403.22
480.0,85.0,37.0,9.0,3.0,2191.5,2471.3
480.0,82.0,35.0,11.0,2.0,2055.12,2464.29
480.0,80.0,30.0,11.0,6.0,2104.59,2604.32
480.0,76.0,34.0,8.0,5.0,2268.28,2508.65
480.0,72.0,40.0,4.0,5.0,2378.82,2489.12
480.0,90.0,38.0,5.0,7.0,2449.66,2659.53
480.0,84.0,33.0,12.0,3.0,2029.19,2510.46
480.0,67.0,38.0,6.0,4.0,2301.71,2426.04
480.0,72.0,33.0,11.0,3.0,2050.32,2453.74
480.0,84.0,40.0,4.0,4.0,2272.17,2367.4
480.0,79.0,41.0,7.0,0.0,2083.78,2215.42
480.0,84.0,33.0,12.0,3.0,2088.13,2557.33
480.0,79.0,41.0,5.0,2.0,2231.5,2294.73
480.0,70.0,35.0,7.0,5.0,2223.87,2470.55
480.0,75.0,36.0,9.0,4.0,2167.07,2536.03
480.0,80.0,35.0,7.0,5.0,2228.59,2458.64
480.0,84.0,28.0,13.0,7.0,2166.91,2766.58
480.0,71.0,33.0,11.0,3.0,2110.68,2513.77
480.0,72.0,37.0,9.0,1.0,2050.61,2315.76
480.0,66.0,37.0,7.0,4.0,2221.57,2461.03
480.0,82.0,37.0,6.0,4.0,2174.92,2357.25
480.0,74.0,36.0,9.0,3.0,2169.46,2435.41
480.0,73.0,29.0,14.0,6.0,2104.62,2721.38
480.0,82.0,35.0,10.0,3.0,2059.86,2480.04
480.0,84.0,39.0,7.0,2.0,2204.02,2370.63
480.0,83.0,35.0,10.0,5.0,2262.47,2647.93
480.0,75.0,41.0,4.0,2.0,2199.37,2206.11
480.0,73.0,34.0,10.0,4.0,2103.84,2626.6
480.0,64.0,34.0,10.0,3.0,2103.23,2448.91
480.0,79.0,36.0,8.0,5.0,2236.14,2580.52
480.0,74.0,38.0,6.0,5.0,2356.08,2471.32
480.0,73.0,32.0,10.0,5.0,2135.51,2531.74
480.0,85.0,37.0,8.0,4.0,2218.4,2514.74
480.0,75.0,38.0,8.0,2.0,2151.08,2378.4
480.0,89.0,32.0,10.0,4.0,2137.13,2518.48
480.0,82.0,33.0,9.0,5.0,2150.55,2517.88
480.0,71.0,40.0,6.0,2.0,2132.16,2349.89
480.0,72.0,39.0,6.0,3.0,2248.31,2373.21
480.0,85.0,38.0,9.0,1.0,2075.46,2335.76
480.0,70.0,30.0,14.0,4.0,2004.09,2568.71
480.0,76.0,41.0,6.0,1.0,2158.47,2303.58
480.0,92.0,40.0,8.0,0.0,2091.64,2280.58
480.0,79.0,35.0,8.0,4.0,2069.53,2503.23
480.0,68.0,33.0,7.0,7.0,2240.63,2603.69
480.0,71.0,36.0,8.0,3.0,2130.3,2419.58
480.0,66.0,38.0,7.0,3.0,2210.61,2419.11
480.0,86.0,33.0,10.0,5.0,2151.41,2642.18
480.0,62.0,36.0,6.0,5.0,2260.33,2456.27
480.0,73.0,39.0,6.0,4.0,2289.95,2471.02
480.0,74.0,34.0,11.0,4.0,2166.14,2550.77
480.0,76.0,33.0,7.0,8.0,2355.84,2724.95
480.0,78.0,37.0,5.0,5.0,2313.66,2414.75
480.0,74.0,36.0,10.0,2.0,2118.66,2476.66
480.0,72.0,38.0,9.0,2.0,2121.73,2410.56
480.0,67.0,37.0,5.0,5.0,2242.55,2464.68
480.0,87.0,42.0,5.0,2.0,2228.02,2348.67
480.0,70.0,37.0,5.0,3.0,2161.73,2324.84
480.0,71.0,33.0,12.0,3.0,2057.58,2485.21
480.0,83.0,35.0,8.0,3.0,2116.5,2344.3
480.0,80.0,38.0,8.0,2.0,2114.21,2370.76
480.0,77.0,38.0,7.0,5.0,2341.28,2552.54
480.0,73.0,38.0,6.0,4.0,2213.36,2440.23
480.0,74.0,31.0,10.0,7.0,2180.35,2660.51
480.0,68.0,39.0,8.0,2.0,2115.95,2449.75
480.0,77.0,34.0,11.0,3.0,2105.55,2477.75
480.0,83.0,42.0,3.0,2.0,2225.44,2241.21
480.0,91.0,33.0,12.0,3.0,2068.48,2523.37
480.0,84.0,41.0,6.0,1.0,2155.02,2309.95
480.0,86.0,35.0,5.0,6.0,2337.28,2431.18
480.0,64.0,33.0,25.0,2.0,2256.02,3191.15
480.0,67.0,35.0,26.0,3.0,2375.52,3438.97
480.0,74.0,38.0,24.0,6.0,2650.91,3738.32
480.0,65.0,32.0,25.0,4.0,2244.18,3360.53
480.0,75.0,39.0,25.0,6.0,2660.33,3790.75
480.0,88.0,41.0,28.0,4.0,2762.45,3882.37
480.0,72.0,38.0,26.0,5.0,2645.5,3693.9
480.0,83.0,34.0,32.0,11.0,2899.51,4380.03
480.0,79.0,39.0,26.0,6.0,2819.77,3945.97
480.0,82.0,42.0,24.0,10.0,3125.1,4298.07
480.0,68.0,38.0,20.0,8.0,2729.04,3663.59
480.0,76.0,39.0,27.0,5.0,2732.29,3782.7
480.0,71.0,40.0,26.0,3.0,2559.27,3593.47
480.0,71.0,39.0,18.0,8.0,2748.24,3644.59
480.0,89.0,39.0,33.0,6.0,2864.42,4172.27
480.0,83.0,40.0,23.0,7.0,2835.21,3834.99
480.0,68.0,32.0,22.0,6.0,2340.38,3458.88
480.0,62.0,26.0,29.0,5.0,2080.44,3356.22
480.0,73.0,38.0,29.0,4.0,2651.38,3751.29
480.0,75.0,45.0,22.0,1.0,2638.54,3440.27
480.0,72.0,40.0,20.0,6.0,2683.49,3540.78
480.0,80.0,43.0,28.0,6.0,2911.11,4135.58
480.0,72.0,40.0,23.0,3.0,2556.45,3448.06
480.0,80.0,38.0,26.0,6.0,2724.77,3862.1
480.0,73.0,44.0,18.0,4.0,2824.21,3437.76
480.0,80.0,37.0,28.0,5.0,2651.51,3814.0
480.0,75.0,34.0,28.0,7.0,2590.94,3839.24
480.0,67.0,39.0,20.0,8.0,2835.04,3667.77
480.0,74.0,40.0,20.0,8.0,2812.03,3743.49
480.0,93.0,44.0,22.0,8.0,3121.36,4054.61
480.0,77.0,42.0,20.0,3.0,2691.97,3510.95
480.0,92.0,47.0,29.0,4.0,3066.16,4089.62
480.0,86.0,45.0,24.0,6.0,3002.47,4008.44
480.0,77.0,42.0,22.0,5.0,2824.27,3629.54
480.0,58.0,32.0,16.0,6.0,2320.84,3047.75
480.0,69.0,39.0,26.0,2.0,2473.97,3483.41
480.0,80.0,47.0,23.0,4.0,2949.86,3832.43
480.0,80.0,37.0,32.0,10.0,2999.37,4396.84
480.0,75.0,28.0,31.0,8.0,2478.6,3862.1
480.0,65.0,36.0,26.0,1.0,2252.51,3262.76
480.0,76.0,43.0,23.0,4.0,2790.19,3660.99
480.0,76.0,40.0,21.0,9.0,2889.87,3859.68
480.0,80.0,43.0,24.0,7.0,3015.25,4044.28
480.0,77.0,44.0,26.0,4.0,2851.58,3859.38
480.0,69.0,38.0,20.0,7.0,2693.63,3579.15
480.0,68.0,32.0,28.0,4.0,2285.82,3548.03
480.0,72.0,37.0,24.0,8.0,2849.6,3849.67
480.0,67.0,31.0,29.0,5.0,2313.44,3558.3
480.0,78.0,39.0,24.0,10.0,2995.33,4132.97
480.0,77.0,36.0,26.0,5.0,2533.61,3633.15
480.0,80.0,38.0,25.0,8.0,2763.6,3936.47
480.0,76.0,36.0,19.0,13.0,3031.98,4013.43
480.0,79.0,38.0,33.0,5.0,2731.14,4040.27
480.0,80.0,43.0,23.0,9.0,3190.93,4162.64
480.0,75.0,41.0,18.0,11.0,3123.4,4016.47
480.0,76.0,32.0,27.0,13.0,2973.0,4235.63
480.0,72.0,33.0,31.0,5.0,2508.11,3757.67
480.0,73.0,32.0,31.0,7.0,2615.85,3851.44
480.0,82.0,38.0,29.0,2.0,2490.8,3643.11
480.0,72.0,35.0,24.0,7.0,2677.02,3640.08
480.0,86.0,42.0,31.0,1.0,2687.0,3852.93
480.0,74.0,39.0,19.0,6.0,2653.7,3541.65
480.0,72.0,33.0,26.0,9.0,2779.23,3889.05
480.0,91.0,40.0,32.0,7.0,2994.38,4284.08
480.0,69.0,34.0,20.0,5.0,2374.09,3303.93
480.0,71.0,39.0,19.0,5.0,2565.85,3423.81
480.0,69.0,38.0,18.0,6.0,2505.39,3396.08
480.0,70.0,37.0,28.0,3.0,2470.73,3594.67
480.0,93.0,44.0,33.0,3.0,2893.54,4158.63
480.0,72.0,34.0,31.0,4.0,2460.12,3687.2
480.0,88.0,35.0,38.0,5.0,2774.52,4303.09
480.0,73.0,36.0,28.0,6.0,2700.26,3794.07
480.0,76.0,40.0,26.0,8.0,2890.47,4062.78
480.0,82.0,38.0,29.0,7.0,2876.25,4078.29
480.0,69.0,35.0,22.0,4.0,2361.57,3268.87
480.0,80.0,42.0,25.0,3.0,2691.52,3658.65
480.0,70.0,43.0,20.0,3.0,2626.83,3414.55
480.0,80.0,35.0,31.0,8.0,2931.25,4164.24
480.0,65.0,34.0,20.0,8.0,2499.73,3534.18
480.0,76.0,29.0,38.0,8.0,2687.31,4207.09
480.0,79.0,40.0,28.0,8.0,3038.8,4208.68
480.0,82.0,41.0,24.0,10.0,3104.59,4202.37
480.0,66.0,26.0,28.0,7.0,2286.77,3597.96
480.0,80.0,37.0,28.0,10.0,2973.17,4214.68
480.0,76.0,40.0,27.0,4.0,2639.38,3772.96
480.0,71.0,41.0,18.0,4.0,2577.29,3359.04
480.0,88.0,46.0,29.0,6.0,3130.38,4238.16
480.0,75.0,39.0,26.0,7.0,2830.0,3911.06
480.0,67.0,41.0,13.0,9.0,2787.01,3591.95
480.0,77.0,36.0,28.0,4.0,2524.04,3715.68
480.0,80.0,42.0,26.0,9.0,3045.18,4252.57
480.0,90.0,41.0,32.0,12.0,3425.15,4750.42
480.0,69.0,31.0,21.0,6.0,2342.09,3321.0
480.0,76.0,35.0,25.0,8.0,2757.13,3831.62
480.0,91.0,42.0,28.0,8.0,3046.54,4357.14
480.0,93.0,41.0,30.0,10.0,3340.35,4600.18
480.0,69.0,43.0,19.0,3.0,2624.84,3369.72
480.0,79.0,41.0,19.0,9.0,2946.16,3808.04
480.0,89.0,43.0,26.0,4.0,2839.24,3858.79
480.0,74.0,37.0,20.0,11.0,2925.45,3886.26
480.0,66.0,29.0,26.0,9.0,2371.65,3646.48
480.0,83.0,43.0,27.0,6.0,2981.51,4103.52
480.0,67.0,26.0,33.0,4.0,2095.38,3506.4
480.0,68.0,25.0,32.0,4.0,2109.9,3394.04
480.0,75.0,28.0,41.0,4.0,2377.29,3942.26
480.0,72.0,35.0,26.0,5.0,2477.66,3542.27
480.0,77.0,36.0,31.0,7.0,2795.91,3959.66
480.0,71.0,32.0,28.0,6.0,2444.64,3558.61
480.0,79.0,36.0,29.0,8.0,2864.85,3996.45
480.0,78.0,24.0,40.0,9.0,2516.93,4268.08
480.0,59.0,32.0,21.0,2.0,2020.78,2868.17
480.0,69.0,27.0,30.0,10.0,2451.7,3907.59
480.0,73.0,37.0,25.0,4.0,2542.42,3497.06
480.0,75.0,30.0,20.0,16.0,2826.54,4025.32
480.0,96.0,42.0,41.0,7.0,3183.95,4757.3
480.0,80.0,34.0,37.0,5.0,2676.7,4174.18
480.0,66.0,33.0,23.0,7.0,2521.8,3520.55
480.0,78.0,32.0,36.0,3.0,2421.32,3716.85
480.0,68.0,32.0,27.0,5.0,2450.5,3468.2
480.0,69.0,36.0,26.0,5.0,2579.51,3621.38
480.0,81.0,40.0,33.0,6.0,2879.16,4198.81
480.0,76.0,36.0,34.0,5.0,2625.09,4007.11
480.0,75.0,39.0,26.0,6.0,2792.04,3815.55
480.0,78.0,32.0,34.0,5.0,2510.15,3840.03
480.0,67.0,26.0,33.0,3.0,2103.94,3402.06
480.0,90.0,38.0,36.0,9.0,3051.01,4505.12
480.0,65.0,28.0,22.0,8.0,2297.59,3367.9
480.0,71.0,34.0,29.0,5.0,2504.33,3724.8
480.0,69.0,23.0,34.0,6.0,2131.27,3540.82
480.0,95.0,36.0,39.0,11.0,3297.14,4825.15
480.0,71.0,42.0,18.0,8.0,2814.08,3743.15
480.0,77.0,33.0,35.0,6.0,2606.94,4065.62
480.0,76.0,32.0,32.0,9.0,2754.82,4085.81
480.0,79.0,34.0,31.0,10.0,2903.38,4228.3
480.0,56.0,28.0,20.0,5.0,2065.44,2913.06
480.0,81.0,29.0,38.0,10.0,2733.0,4363.9
480.0,90.0,38.0,38.0,9.0,3170.11,4633.62
480.0,71.0,24.0,36.0,8.0,2304.29,3811.66
480.0,86.0,37.0,33.0,10.0,3025.79,4397.09
480.0,82.0,36.0,36.0,5.0,2757.74,4126.55
480.0,79.0,29.0,35.0,6.0,2458.82,3875.74
480.0,80.0,38.0,32.0,5.0,2745.2,3973.74
480.0,77.0,37.0,32.0,7.0,2858.78,4071.65
480.0,77.0,38.0,29.0,5.0,2690.84,3872.7
480.0,72.0,31.0,27.0,8.0,2625.7,3870.52
480.0,105.0,35.0,47.0,11.0,3311.03,5252.11
480.0,72.0,25.0,36.0,6.0,2263.82,3769.43
480.0,71.0,31.0,25.0,8.0,2524.04,3592.82
480.0,81.0,40.0,31.0,5.0,2853.14,3987.83
480.0,77.0,32.0,39.0,3.0,2486.14,3963.64
480.0,73.0,26.0,32.0,8.0,2378.01,3752.49
480.0,71.0,32.0,26.0,9.0,2612.91,3765.91
480.0,78.0,33.0,32.0,9.0,2804.01,4117.25
480.0,79.0,38.0,31.0,5.0,2782.19,3959.52
480.0,76.0,33.0,34.0,5.0,2545.86,3897.95
480.0,76.0,37.0,28.0,8.0,2829.71,3975.16
480.0,81.0,37.0,32.0,8.0,2871.05,4182.06
480.0,84.0,29.0,35.0,10.0,2764.85,4334.09
480.0,70.0,29.0,36.0,2.0,2160.34,3556.56
480.0,58.0,28.0,25.0,4.0,2050.27,3134.18
480.0,75.0,28.0,39.0,5.0,2394.36,3899.38
480.0,69.0,38.0,18.0,7.0,2793.22,3581.42
480.0,76.0,35.0,28.0,6.0,2586.13,3718.54
480.0,89.0,40.0,35.0,9.0,3187.92,4502.21
480.0,64.0,26.0,28.0,5.0,2106.04,3277.33
480.0,76.0,37.0,29.0,7.0,2742.51,3982.68
480.0,75.0,35.0,31.0,6.0,2705.27,3902.94
480.0,82.0,34.0,42.0,3.0,2601.05,4139.59
480.0,79.0,31.0,41.0,5.0,2503.83,4104.95
480.0,78.0,26.0,35.0,10.0,2483.43,4072.87
480.0,75.0,28.0,37.0,4.0,2326.08,3753.18
480.0,75.0,27.0,37.0,6.0,2376.98,3852.29
480.0,86.0,34.0,34.0,14.0,3167.37,4706.3
480.0,74.0,31.0,27.0,9.0,2722.32,3882.37
480.0,77.0,30.0,34.0,9.0,2722.04,4090.31
480.0,75.0,37.0,28.0,6.0,2691.15,3834.14
480.0,78.0,36.0,30.0,10.0,2980.24,4326.33
480.0,74.0,34.0,32.0,6.0,2543.55,3877.29
480.0,62.0,26.0,29.0,5.0,2149.59,3312.36
480.0,65.0,32.0,27.0,3.0,2253.24,3293.4
480.0,75.0,36.0,25.0,4.0,2558.95,3602.35
480.0,71.0,23.0,33.0,9.0,2387.63,3783.4
480.0,62.0,25.0,30.0,4.0,2021.53,3217.77
480.0,70.0,27.0,35.0,5.0,2237.36,3667.14
480.0,83.0,42.0,29.0,6.0,2952.71,4140.48
480.0,76.0,40.0,23.0,6.0,2779.09,3837.82
480.0,88.0,41.0,33.0,7.0,3029.15,4340.09
480.0,68.0,28.0,29.0,5.0,2177.34,3395.17
480.0,64.0,24.0,29.0,9.0,2309.91,3595.71
480.0,81.0,32.0,27.0,11.0,2787.41,4103.08
480.0,82.0,37.0,31.0,8.0,2918.61,4148.98
480.0,81.0,27.0,41.0,8.0,2638.18,4313.55
480.0,68.0,28.0,30.0,6.0,2267.81,3564.28
480.0,67.0,23.0,29.0,9.0,2262.71,3561.76
480.0,85.0,40.0,31.0,7.0,2930.05,4204.37
480.0,89.0,39.0,37.0,7.0,3123.9,4450.47
480.0,64.0,31.0,23.0,7.0,2429.8,3389.91
480.0,75.0,35.0,28.0,7.0,2669.44,3837.2
480.0,76.0,32.0,31.0,7.0,2567.12,3829.66
480.0,69.0,32.0,19.0,13.0,2829.71,3763.61
480.0,68.0,35.0,22.0,3.0,2333.15,3192.75
480.0,70.0,43.0,13.0,5.0,2678.55,3242.73
480.0,79.0,41.0,21.0,4.0,2812.28,3631.01
480.0,73.0,42.0,19.0,6.0,2757.65,3640.43
480.0,84.0,44.0,17.0,1.0,2525.08,3149.94
480.0,76.0,41.0,25.0,5.0,2802.3,3757.35
480.0,73.0,44.0,12.0,5.0,2704.07,3178.75
480.0,91.0,42.0,19.0,5.0,2758.73,3577.08
480.0,71.0,47.0,15.0,4.0,2800.06,3340.59
480.0,75.0,42.0,24.0,4.0,2760.9,3719.92
480.0,54.0,39.0,14.0,1.0,2196.23,2669.22
480.0,63.0,46.0,11.0,3.0,2617.69,3006.16
480.0,65.0,41.0,18.0,3.0,2521.95,3248.88
480.0,65.0,41.0,10.0,7.0,2673.41,3113.86
480.0,90.0,45.0,24.0,6.0,3063.82,3968.5
480.0,84.0,45.0,22.0,5.0,2933.35,3770.53
480.0,61.0,39.0,16.0,5.0,2535.41,3123.48
480.0,83.0,43.0,17.0,7.0,2885.18,3623.42
480.0,70.0,43.0,16.0,2.0,2548.46,3105.75
480.0,83.0,43.0,13.0,11.0,3083.88,3763.23
480.0,64.0,40.0,14.0,3.0,2413.06,2956.93
480.0,81.0,48.0,19.0,2.0,2773.66,3401.46
480.0,79.0,43.0,26.0,4.0,2874.23,3792.3
480.0,75.0,46.0,22.0,2.0,2721.46,3535.37
480.0,67.0,43.0,14.0,4.0,2615.32,3135.13
480.0,84.0,46.0,17.0,7.0,2977.6,3771.19
480.0,70.0,42.0,14.0,4.0,2604.48,3191.44
480.0,84.0,44.0,26.0,2.0,2777.65,3807.62
480.0,67.0,36.0,19.0,5.0,2532.84,3296.31
480.0,84.0,44.0,15.0,8.0,2980.43,3654.56
480.0,69.0,43.0,14.0,3.0,2564.94,3074.94
480.0,75.0,45.0,12.0,8.0,2952.36,3517.91
480.0,68.0,41.0,17.0,7.0,2765.27,3463.81
480.0,74.0,45.0,13.0,5.0,2763.39,3286.73
480.0,74.0,45.0,11.0,3.0,2593.69,3000.89
480.0,74.0,43.0,20.0,3.0,2721.15,3423.44
480.0,87.0,46.0,19.0,5.0,2918.75,3654.87
480.0,81.0,45.0,20.0,4.0,2845.28,3624.0
480.0,81.0,44.0,16.0,7.0,2948.64,3623.16
480.0,76.0,42.0,18.0,3.0,2610.05,3253.95
480.0,89.0,45.0,18.0,4.0,2829.9,3541.9
480.0,83.0,45.0,19.0,3.0,2737.89,3503.93
480.0,80.0,44.0,17.0,12.0,3260.33,4091.55
480.0,74.0,43.0,15.0,6.0,2794.21,3445.63
480.0,71.0,39.0,18.0,8.0,2816.42,3565.4
480.0,83.0,43.0,21.0,9.0,3096.53,3985.57
480.0,73.0,44.0,11.0,5.0,2720.91,3149.74
480.0,72.0,45.0,20.0,4.0,2842.27,3561.99
480.0,80.0,45.0,19.0,4.0,2746.16,3539.89
480.0,74.0,44.0,18.0,5.0,2807.67,3463.79
480.0,70.0,37.0,17.0,5.0,2481.91,3229.71
480.0,85.0,46.0,16.0,4.0,2746.28,3430.63
480.0,83.0,41.0,20.0,5.0,2714.88,3521.28
480.0,79.0,45.0,25.0,1.0,2716.53,3565.15
480.0,70.0,42.0,14.0,7.0,2764.91,3407.06
480.0,70.0,43.0,22.0,3.0,2754.64,3534.65
480.0,72.0,45.0,15.0,4.0,2730.74,3315.98
480.0,73.0,43.0,19.0,6.0,2846.94,3601.48
480.0,66.0,36.0,17.0,3.0,2308.43,2931.78
480.0,55.0,32.0,17.0,5.0,2242.79,2950.69
480.0,84.0,46.0,20.0,2.0,2774.08,3565.17
480.0,82.0,46.0,10.0,3.0,2683.46,3070.08
480.0,81.0,40.0,15.0,8.0,2858.54,3482.69
480.0,84.0,43.0,20.0,10.0,3117.15,4101.14
480.0,68.0,40.0,17.0,4.0,2488.31,3233.86
480.0,75.0,43.0,16.0,6.0,2804.26,3492.91
480.0,73.0,42.0,19.0,4.0,2676.09,3403.22
480.0,72.0,41.0,13.0,9.0,2926.33,3614.06
480.0,73.0,42.0,23.0,4.0,2813.63,3651.62
480.0,80.0,43.0,24.0,7.0,3045.08,3933.72
480.0,69.0,44.0,14.0,6.0,2815.9,3409.96
480.0,79.0,44.0,20.0,2.0,2593.58,3350.02
480.0,84.0,46.0,15.0,5.0,2874.74,3489.05
480.0,78.0,40.0,20.0,9.0,2974.82,3825.4
480.0,71.0,46.0,13.0,6.0,2885.14,3509.51
480.0,73.0,45.0,17.0,5.0,2825.54,3496.68
480.0,58.0,36.0,15.0,4.0,2321.24,2991.8
480.0,76.0,46.0,19.0,4.0,2851.68,3578.45
480.0,59.0,39.0,10.0,9.0,2714.1,3187.78
480.0,69.0,41.0,20.0,2.0,2479.29,3213.87
480.0,80.0,45.0,20.0,4.0,2809.72,3619.55
480.0,74.0,47.0,14.0,4.0,2787.69,3356.24
480.0,59.0,37.0,17.0,3.0,2348.4,2979.36
480.0,79.0,45.0,18.0,3.0,2746.52,3410.71
480.0,71.0,42.0,20.0,4.0,2616.03,3412.4
480.0,67.0,38.0,21.0,6.0,2630.12,3543.24
480.0,82.0,44.0,16.0,9.0,2965.47,3853.04
480.0,75.0,43.0,19.0,3.0,2605.82,3375.05
480.0,68.0,42.0,20.0,3.0,2613.9,3394.8
480.0,84.0,45.0,17.0,2.0,2609.45,3269.25
480.0,75.0,45.0,21.0,3.0,2777.65,3524.7
480.0,99.0,44.0,28.0,6.0,3126.59,4242.29
480.0,67.0,36.0,18.0,11.0,2820.57,3740.96
480.0,80.0,44.0,18.0,4.0,2766.94,3456.45
480.0,65.0,41.0,16.0,2.0,2426.11,3016.57
480.0,83.0,42.0,16.0,10.0,2990.22,3807.06
480.0,76.0,45.0,20.0,0.0,2554.62,3217.02
480.0,86.0,41.0,13.0,8.0,2880.13,3427.81
480.0,96.0,45.0,24.0,8.0,3181.31,4223.72
480.0,72.0,30.0,25.0,11.0,2809.78,3826.72
480.0,70.0,46.0,5.0,4.0,2588.97,2704.74
480.0,69.0,46.0,5.0,1.0,2347.63,2457.73
480.0,78.0,42.0,5.0,2.0,2275.61,2418.24
480.0,73.0,44.0,4.0,3.0,2403.2,2440.54
480.0,68.0,45.0,0.0,2.0,2293.39,2158.53
480.0,87.0,43.0,5.0,6.0,2653.12,2867.96
480.0,70.0,45.0,5.0,5.0,2653.42,2714.89
480.0,71.0,42.0,2.0,4.0,2417.25,2341.23
480.0,80.0,44.0,6.0,4.0,2560.69,2675.61
480.0,71.0,48.0,7.0,3.0,2628.29,2817.0
480.0,67.0,42.0,10.0,3.0,2476.21,2756.79
480.0,76.0,45.0,6.0,3.0,2533.34,2656.19
480.0,80.0,46.0,11.0,2.0,2577.71,2836.73
480.0,67.0,45.0,4.0,3.0,2490.21,2495.62
480.0,85.0,45.0,4.0,2.0,2424.11,2440.6
480.0,72.0,47.0,5.0,2.0,2512.02,2604.93
480.0,77.0,42.0,6.0,4.0,2465.01,2630.92
480.0,75.0,45.0,8.0,3.0,2595.38,2739.28
480.0,59.0,40.0,4.0,4.0,2286.13,2422.36
480.0,74.0,46.0,2.0,2.0,2412.78,2295.15
480.0,82.0,46.0,2.0,2.0,2452.75,2363.04
480.0,78.0,43.0,7.0,3.0,2435.94,2579.25
480.0,81.0,45.0,3.0,3.0,2494.58,2451.27
480.0,78.0,43.0,4.0,3.0,2416.77,2453.33
480.0,68.0,46.0,4.0,3.0,2512.44,2579.97
480.0,82.0,45.0,6.0,4.0,2616.45,2767.1
480.0,70.0,44.0,11.0,3.0,2550.51,2876.96
480.0,74.0,45.0,3.0,2.0,2387.94,2384.97
480.0,81.0,46.0,4.0,4.0,2602.07,2698.9
480.0,80.0,45.0,6.0,5.0,2663.89,2737.17
480.0,63.0,43.0,2.0,3.0,2368.5,2329.63
480.0,87.0,47.0,3.0,4.0,2596.33,2644.08
480.0,82.0,47.0,4.0,2.0,2491.33,2548.94
480.0,83.0,43.0,1.0,5.0,2502.34,2343.25
480.0,77.0,45.0,9.0,3.0,2585.94,2766.95
480.0,83.0,46.0,8.0,3.0,2567.02,2816.23
480.0,93.0,47.0,6.0,3.0,2587.32,2748.41
480.0,87.0,43.0,9.0,5.0,2672.47,2819.82
480.0,76.0,44.0,4.0,6.0,2662.44,2755.06
480.0,72.0,46.0,3.0,2.0,2440.55,2374.87
480.0,80.0,44.0,4.0,5.0,2593.37,2713.99
480.0,78.0,44.0,6.0,1.0,2394.09,2465.42
480.0,74.0,48.0,4.0,3.0,2570.76,2646.27
480.0,79.0,45.0,6.0,3.0,2524.19,2644.85
480.0,76.0,40.0,5.0,7.0,2637.85,2683.76
480.0,82.0,45.0,2.0,4.0,2516.11,2489.54
480.0,79.0,44.0,4.0,4.0,2516.54,2545.14
480.0,76.0,46.0,10.0,2.0,2548.21,2783.12
480.0,78.0,48.0,6.0,2.0,2535.98,2650.85
480.0,82.0,45.0,5.0,3.0,2515.37,2532.15
480.0,79.0,42.0,8.0,6.0,2655.0,2854.06
480.0,77.0,43.0,2.0,4.0,2468.76,2433.42
480.0,87.0,44.0,3.0,4.0,2536.39,2521.16
480.0,78.0,48.0,6.0,1.0,2485.27,2575.89
480.0,77.0,46.0,4.0,2.0,2431.98,2461.34
480.0,82.0,45.0,6.0,5.0,2671.67,2798.98
480.0,73.0,45.0,2.0,4.0,2527.76,2464.79
480.0,71.0,41.0,6.0,6.0,2597.71,2675.36
480.0,67.0,44.0,8.0,1.0,2379.3,2541.41
480.0,64.0,45.0,6.0,1.0,2387.15,2459.38
480.0,93.0,46.0,7.0,1.0,2496.13,2632.7
480.0,69.0,47.0,4.0,2.0,2494.01,2487.67
480.0,79.0,42.0,4.0,5.0,2495.83,2593.11
480.0,86.0,45.0,9.0,4.0,2628.68,2912.19
480.0,81.0,41.0,7.0,8.0,2750.58,2982.55
480.0,79.0,43.0,5.0,7.0,2696.87,2855.19
480.0,86.0,45.0,3.0,3.0,2455.28,2457.52
480.0,77.0,47.0,8.0,1.0,2455.71,2655.43
480.0,82.0,44.0,8.0,4.0,2572.31,2771.93
480.0,86.0,45.0,6.0,3.0,2527.42,2617.94
480.0,64.0,44.0,3.0,4.0,2508.88,2445.8
480.0,76.0,47.0,6.0,4.0,2672.96,2845.14
480.0,85.0,44.0,4.0,8.0,2762.13,2879.08
480.0,84.0,42.0,5.0,4.0,2494.62,2563.51
480.0,72.0,46.0,3.0,4.0,2562.55,2582.42
480.0,67.0,47.0,5.0,2.0,2490.95,2528.85
480.0,62.0,46.0,2.0,2.0,2428.09,2281.0
480.0,84.0,47.0,11.0,1.0,2563.9,2883.64
480.0,71.0,42.0,5.0,5.0,2461.96,2657.58
480.0,75.0,45.0,10.0,3.0,2638.32,2869.12
480.0,69.0,46.0,5.0,3.0,2516.87,2586.45
480.0,72.0,45.0,4.0,3.0,2508.32,2520.14
480.0,70.0,42.0,3.0,6.0,2569.41,2579.24
480.0,72.0,46.0,6.0,3.0,2571.49,2686.7
480.0,73.0,47.0,6.0,3.0,2579.63,2671.56
480.0,69.0,45.0,3.0,3.0,2447.82,2390.78
480.0,76.0,45.0,9.0,2.0,2486.32,2693.57
480.0,84.0,43.0,6.0,4.0,2513.18,2633.92
480.0,61.0,42.0,3.0,6.0,2609.81,2537.51
480.0,71.0,43.0,6.0,3.0,2376.33,2512.4
480.0,79.0,45.0,2.0,4.0,2534.73,2496.77
480.0,82.0,48.0,3.0,1.0,2435.62,2402.17
480.0,62.0,39.0,7.0,5.0,2408.87,2635.24
480.0,90.0,43.0,7.0,6.0,2680.96,2921.2
480.0,81.0,42.0,8.0,7.0,2772.25,2987.19
480.0,75.0,47.0,7.0,3.0,2600.48,2774.66
480.0,71.0,43.0,3.0,3.0,2386.65,2348.32
480.0,80.0,43.0,5.0,8.0,2754.74,2918.38
480.0,95.0,45.0,5.0,6.0,2719.53,2900.4
480.0,85.0,43.0,8.0,3.0,2485.31,2647.02
480.0,74.0,28.0,25.0,5.0,2193.86,3275.4
480.0,72.0,30.0,21.0,5.0,2179.01,3063.04
480.0,72.0,29.0,23.0,5.0,2143.3,3125.9
480.0,62.0,20.0,26.0,5.0,1794.14,2940.05
480.0,72.0,19.0,24.0,5.0,1673.06,2697.38
480.0,73.0,30.0,28.0,5.0,2294.2,3448.62
480.0,70.0,27.0,30.0,5.0,2133.79,3399.84
480.0,81.0,24.0,25.0,9.0,2180.69,3370.23
480.0,72.0,23.0,22.0,7.0,1993.67,3072.33
480.0,75.0,21.0,29.0,7.0,1956.77,3281.16
480.0,67.0,26.0,19.0,11.0,2272.18,3353.47
480.0,86.0,27.0,31.0,4.0,2211.77,3425.96
480.0,71.0,40.0,20.0,5.0,2594.04,3482.96
480.0,72.0,31.0,23.0,3.0,2092.47,3044.14
480.0,78.0,33.0,34.0,3.0,2404.38,3684.62
480.0,71.0,29.0,25.0,6.0,2229.06,3343.41
480.0,76.0,21.0,28.0,8.0,2073.48,3318.03
480.0,69.0,33.0,16.0,7.0,2345.88,3108.78
480.0,68.0,25.0,24.0,1.0,1713.03,2626.43
480.0,77.0,19.0,27.0,5.0,1739.91,2923.67
480.0,79.0,25.0,28.0,3.0,1903.17,3059.32
480.0,80.0,40.0,20.0,4.0,2550.96,3348.6
480.0,74.0,25.0,23.0,5.0,1959.82,2963.66
480.0,70.0,25.0,19.0,8.0,2080.58,3030.01
480.0,70.0,30.0,29.0,6.0,2396.06,3574.37
480.0,82.0,32.0,25.0,3.0,2211.94,3166.3
480.0,78.0,28.0,22.0,4.0,2055.51,2916.55
480.0,80.0,33.0,20.0,5.0,2282.64,3207.03
480.0,82.0,29.0,24.0,7.0,2316.29,3374.3
480.0,74.0,21.0,29.0,6.0,1881.58,3238.67
480.0,70.0,27.0,21.0,4.0,1982.81,2886.71
480.0,80.0,25.0,31.0,3.0,2011.48,3251.81
480.0,79.0,25.0,26.0,4.0,1992.79,3137.49
480.0,69.0,32.0,22.0,3.0,2101.53,3007.52
480.0,67.0,31.0,18.0,6.0,2282.0,2984.23
480.0,74.0,25.0,25.0,6.0,2086.01,3271.27
480.0,94.0,34.0,25.0,4.0,2324.56,3310.17
480.0,85.0,29.0,25.0,3.0,2046.35,3063.45
480.0,74.0,18.0,32.0,4.0,1719.39,3110.72
480.0,73.0,28.0,24.0,4.0,2076.79,3065.38
480.0,78.0,28.0,23.0,5.0,2110.04,3096.11
480.0,79.0,32.0,21.0,2.0,2037.8,2861.83
480.0,85.0,31.0,25.0,3.0,2142.16,3153.92
480.0,76.0,27.0,25.0,5.0,2056.94,3118.07
480.0,61.0,23.0,27.0,7.0,2088.85,3316.64
480.0,85.0,24.0,24.0,7.0,2093.47,3095.64
480.0,84.0,25.0,26.0,5.0,2009.75,3143.97
480.0,74.0,27.0,24.0,10.0,2367.19,3547.8
480.0,81.0,29.0,30.0,4.0,2178.83,3399.57
480.0,71.0,25.0,28.0,8.0,2222.08,3565.4
480.0,74.0,22.0,24.0,4.0,1792.87,2810.89
480.0,78.0,32.0,19.0,5.0,2295.42,3088.2
480.0,77.0,27.0,31.0,5.0,2184.79,3435.24
480.0,81.0,31.0,25.0,3.0,2115.66,3149.75
480.0,78.0,25.0,28.0,6.0,2174.13,3341.73
480.0,88.0,25.0,23.0,7.0,2069.68,3178.39
480.0,72.0,21.0,25.0,7.0,2010.19,3084.25
480.0,79.0,22.0,29.0,4.0,1900.78,3036.73
480.0,67.0,25.0,27.0,5.0,2061.5,3176.08
480.0,54.0,22.0,26.0,1.0,1578.74,2604.11
480.0,84.0,27.0,31.0,1.0,1945.08,3128.41
480.0,74.0,30.0,21.0,8.0,2346.84,3353.66
480.0,75.0,28.0,25.0,5.0,2174.19,3178.17
480.0,95.0,34.0,27.0,5.0,2450.38,3514.62
480.0,71.0,24.0,29.0,4.0,2003.94,3124.09
480.0,79.0,26.0,20.0,11.0,2317.52,3421.29
480.0,84.0,27.0,22.0,7.0,2141.63,3256.27
480.0,72.0,32.0,22.0,2.0,2037.62,2970.85
480.0,81.0,28.0,23.0,5.0,2199.36,3059.14
480.0,80.0,23.0,28.0,7.0,2022.98,3326.27
480.0,73.0,21.0,29.0,4.0,1786.42,3020.15
480.0,77.0,29.0,23.0,7.0,2301.0,3343.18
480.0,80.0,21.0,26.0,5.0,1784.54,2941.98
480.0,81.0,25.0,24.0,5.0,1935.9,2988.74
480.0,77.0,30.0,23.0,6.0,2295.26,3365.01
480.0,70.0,22.0,29.0,3.0,1832.02,3024.02
480.0,84.0,34.0,26.0,6.0,2561.19,3593.81
480.0,91.0,23.0,27.0,9.0,2351.81,3551.77
480.0,65.0,32.0,20.0,3.0,2116.81,2912.55
480.0,70.0,24.0,28.0,6.0,2152.69,3314.54
480.0,73.0,28.0,26.0,3.0,2008.66,3022.39
480.0,73.0,28.0,27.0,4.0,2108.66,3261.31
480.0,68.0,25.0,22.0,6.0,1993.77,3013.87
480.0,72.0,30.0,23.0,9.0,2427.38,3613.9
480.0,83.0,24.0,29.0,5.0,2018.65,3201.04
480.0,67.0,28.0,20.0,8.0,2232.56,3185.46
480.0,75.0,28.0,25.0,6.0,2295.25,3368.31
480.0,75.0,28.0,22.0,7.0,2243.02,3271.16
480.0,75.0,22.0,24.0,9.0,2142.18,3250.85
480.0,74.0,28.0,28.0,4.0,2130.3,3241.6
480.0,81.0,28.0,21.0,7.0,2195.06,3175.55
480.0,86.0,34.0,25.0,3.0,2284.11,3267.99
480.0,56.0,23.0,23.0,6.0,1984.63,2999.87
480.0,77.0,28.0,26.0,3.0,2106.63,3187.34
480.0,95.0,29.0,26.0,7.0,2383.96,3481.45
480.0,72.0,22.0,31.0,4.0,1947.95,3189.04
480.0,66.0,29.0,24.0,1.0,1922.05,2790.48
480.0,81.0,31.0,24.0,6.0,2325.94,3404.31
480.0,78.0,27.0,28.0,4.0,2076.02,3172.99
480.0,74.0,23.0,22.0,8.0,2093.13,3138.03
480.0,73.0,7.0,51.0,8.0,1778.7,3936.74
480.0,71.0,5.0,51.0,7.0,1582.22,3754.74
480.0,76.0,2.0,54.0,4.0,1319.09,3492.96
480.0,61.0,6.0,45.0,5.0,1396.13,3280.62
480.0,75.0,2.0,52.0,6.0,1476.69,3611.63
480.0,69.0,7.0,49.0,6.0,1572.97,3619.18
480.0,90.0,12.0,53.0,5.0,1830.7,4020.82
480.0,82.0,6.0,46.0,8.0,1701.28,3737.85
480.0,70.0,11.0,37.0,13.0,1955.54,3801.33
480.0,85.0,6.0,54.0,8.0,1766.22,4034.76
480.0,56.0,4.0,42.0,8.0,1430.94,3293.7
480.0,78.0,11.0,49.0,10.0,2105.26,4294.4
480.0,75.0,6.0,50.0,12.0,1894.23,4127.29
480.0,60.0,7.0,40.0,11.0,1696.59,3608.1
480.0,98.0,7.0,55.0,6.0,1684.93,4000.53
480.0,82.0,10.0,55.0,6.0,1822.93,4049.84
480.0,75.0,5.0,50.0,4.0,1378.76,3428.33
480.0,86.0,10.0,49.0,10.0,1949.89,4144.23
480.0,76.0,6.0,49.0,7.0,1598.7,3724.63
480.0,73.0,5.0,51.0,10.0,1738.41,3957.82
480.0,71.0,3.0,50.0,8.0,1605.75,3756.03
480.0,76.0,4.0,55.0,6.0,1572.35,3812.67
480.0,79.0,10.0,48.0,10.0,1926.0,4054.14
480.0,75.0,4.0,48.0,9.0,1629.74,3796.06
480.0,75.0,6.0,53.0,8.0,1748.21,3970.09
480.0,78.0,3.0,57.0,6.0,1547.31,3807.7
480.0,69.0,7.0,44.0,11.0,1807.82,3804.19
480.0,80.0,6.0,56.0,5.0,1594.19,3859.64
480.0,75.0,8.0,46.0,14.0,2094.8,4231.88
480.0,78.0,9.0,49.0,13.0,2121.01,4354.3
480.0,70.0,6.0,45.0,9.0,1653.98,3692.79
480.0,98.0,6.0,54.0,8.0,1733.75,4077.19
480.0,80.0,9.0,54.0,6.0,1788.62,4022.4
480.0,82.0,15.0,51.0,9.0,2254.34,4443.21
480.0,61.0,4.0,45.0,11.0,1676.01,3693.82
480.0,72.0,8.0,50.0,7.0,1737.36,3890.92
480.0,89.0,11.0,50.0,13.0,2253.67,4502.38
480.0,90.0,9.0,56.0,7.0,1874.57,4166.29
480.0,70.0,6.0,50.0,3.0,1385.9,3405.16
480.0,75.0,8.0,56.0,6.0,1785.79,4022.94
480.0,82.0,6.0,54.0,5.0,1555.72,3735.91
480.0,83.0,4.0,55.0,5.0,1483.94,3715.48
480.0,76.0,5.0,53.0,10.0,1813.07,4053.17
480.0,84.0,12.0,51.0,7.0,1936.94,4043.96
480.0,60.0,9.0,39.0,10.0,1722.88,3580.69
480.0,83.0,8.0,57.0,4.0,1660.11,3914.63
480.0,78.0,5.0,46.0,14.0,1889.93,4119.27
480.0,81.0,8.0,58.0,4.0,1670.37,3937.89
480.0,82.0,8.0,56.0,5.0,1702.1,3953.39
480.0,65.0,5.0,49.0,5.0,1471.15,3485.08
480.0,72.0,5.0,50.0,3.0,1322.85,3332.17
480.0,78.0,8.0,50.0,10.0,1907.04,4087.35
480.0,72.0,8.0,48.0,6.0,1605.08,3650.65
480.0,82.0,9.0,55.0,7.0,1834.45,4120.52
480.0,74.0,6.0,52.0,7.0,1732.38,3891.16
480.0,83.0,8.0,51.0,12.0,2035.49,4294.45
480.0,79.0,9.0,52.0,9.0,1904.02,4144.64
480.0,72.0,5.0,47.0,11.0,1775.25,3906.17
480.0,66.0,8.0,50.0,7.0,1726.9,3743.73
480.0,83.0,5.0,49.0,12.0,1865.45,4113.1
480.0,90.0,8.0,54.0,7.0,1778.98,4053.61
480.0,73.0,15.0,43.0,9.0,2052.2,3946.87
480.0,87.0,7.0,48.0,9.0,1774.61,3945.37
480.0,80.0,6.0,52.0,8.0,1722.62,3949.77
480.0,71.0,4.0,49.0,5.0,1376.94,3397.11
480.0,76.0,12.0,49.0,8.0,1980.08,4111.78
480.0,79.0,10.0,51.0,7.0,1804.74,3929.49
480.0,84.0,2.0,48.0,13.0,1821.19,4106.27
480.0,78.0,4.0,52.0,8.0,1688.7,3922.37
480.0,78.0,4.0,48.0,13.0,1820.17,4070.19
480.0,85.0,5.0,53.0,8.0,1753.24,4028.29
480.0,80.0,6.0,55.0,5.0,1648.73,3958.02
480.0,92.0,9.0,54.0,7.0,1816.88,4081.63
480.0,74.0,6.0,50.0,6.0,1537.59,3622.11
480.0,78.0,8.0,49.0,11.0,1910.89,4085.64
480.0,70.0,7.0,49.0,8.0,1693.0,3796.93
480.0,71.0,8.0,45.0,10.0,1821.09,3822.54
480.0,77.0,5.0,55.0,7.0,1683.63,3945.76
480.0,61.0,7.0,46.0,6.0,1547.14,3465.72
480.0,70.0,4.0,49.0,6.0,1484.66,3579.51
480.0,86.0,6.0,50.0,10.0,1831.74,4137.51
480.0,71.0,8.0,44.0,11.0,1855.28,3852.6
480.0,80.0,9.0,47.0,12.0,2092.44,4228.65
480.0,87.0,9.0,48.0,13.0,2058.52,4301.75
480.0,90.0,8.0,57.0,6.0,1835.55,4093.6
480.0,73.0,6.0,50.0,8.0,1653.51,3796.77
480.0,81.0,7.0,56.0,5.0,1667.07,3930.53
480.0,80.0,10.0,52.0,5.0,1712.3,3820.26
480.0,74.0,9.0,47.0,11.0,1969.63,4088.27
480.0,76.0,11.0,46.0,7.0,1806.83,3787.42
480.0,76.0,6.0,52.0,8.0,1779.65,3988.88
480.0,86.0,10.0,54.0,8.0,1935.04,4212.56
480.0,66.0,7.0,52.0,3.0,1459.37,3493.72
480.0,96.0,16.0,51.0,9.0,2221.06,4412.97
480.0,77.0,9.0,47.0,11.0,1955.57,4071.03
480.0,69.0,8.0,49.0,6.0,1618.36,3647.31
480.0,64.0,7.0,48.0,4.0,1466.26,3383.06
480.0,84.0,11.0,54.0,7.0,1925.33,4183.35
480.0,87.0,11.0,55.0,4.0,1775.38,3990.55
480.0,71.0,14.0,41.0,13.0,2204.94,4134.2
480.0,76.0,0.0,45.0,5.0,1110.5,2919.98
480.0,65.0,1.0,45.0,5.0,1177.11,3028.85
480.0,79.0,0.0,42.0,5.0,1064.83,2784.95
480.0,63.0,0.0,44.0,6.0,1151.7,2982.13
480.0,68.0,0.0,40.0,6.0,1072.77,2727.51
480.0,71.0,1.0,42.0,5.0,1108.31,2843.32
480.0,81.0,0.0,43.0,7.0,1185.6,2983.87
480.0,79.0,0.0,38.0,12.0,1380.28,3170.94
480.0,78.0,0.0,42.0,7.0,1174.25,2963.6
480.0,78.0,0.0,46.0,3.0,1001.91,2763.79
480.0,69.0,0.0,45.0,4.0,1094.34,2916.49
480.0,71.0,0.0,46.0,5.0,1128.69,2971.97
480.0,75.0,1.0,39.0,10.0,1342.15,3134.82
480.0,68.0,0.0,39.0,10.0,1289.37,3043.93
480.0,96.0,0.0,43.0,7.0,1239.88,3095.07
480.0,82.0,1.0,39.0,9.0,1289.5,3057.61
480.0,68.0,0.0,46.0,6.0,1198.12,3097.71
480.0,85.0,0.0,45.0,3.0,998.63,2751.89
480.0,70.0,0.0,42.0,3.0,938.82,2602.56
480.0,80.0,0.0,41.0,8.0,1211.53,2980.23
480.0,73.0,0.0,46.0,4.0,1069.18,2879.23
480.0,74.0,0.0,44.0,8.0,1292.95,3203.51
480.0,74.0,0.0,41.0,8.0,1225.16,3020.32
480.0,73.0,0.0,39.0,8.0,1197.49,2941.26
480.0,76.0,0.0,46.0,3.0,1066.4,2883.51
480.0,82.0,0.0,44.0,7.0,1197.18,3019.23
480.0,69.0,0.0,35.0,11.0,1289.63,3008.48
480.0,70.0,0.0,46.0,4.0,1075.03,2891.76
480.0,76.0,0.0,45.0,7.0,1222.21,3089.21
480.0,79.0,0.0,46.0,5.0,1131.04,2978.98
480.0,74.0,0.0,40.0,8.0,1204.34,2974.66
480.0,95.0,1.0,44.0,6.0,1197.06,3013.57
480.0,70.0,0.0,42.0,8.0,1241.19,3067.58
480.0,78.0,0.0,41.0,8.0,1206.47,2963.3
480.0,66.0,0.0,43.0,5.0,1070.6,2802.68
480.0,79.0,1.0,40.0,10.0,1365.27,3196.36
480.0,91.0,0.0,45.0,6.0,1175.88,3036.54
480.0,82.0,0.0,41.0,9.0,1260.34,3057.86
480.0,71.0,0.0,42.0,8.0,1239.66,3060.13
480.0,75.0,0.0,42.0,6.0,1143.11,2922.72
480.0,81.0,0.0,48.0,2.0,981.02,2786.46
480.0,64.0,0.0,42.0,5.0,1064.26,2805.24
480.0,86.0,0.0,47.0,5.0,1146.67,3028.1
480.0,85.0,0.0,43.0,8.0,1246.49,3091.51
480.0,72.0,1.0,37.0,10.0,1312.86,3045.13
480.0,83.0,1.0,43.0,6.0,1172.33,2944.76
480.0,77.0,0.0,44.0,6.0,1154.1,2970.06
480.0,80.0,0.0,49.0,6.0,1237.83,3213.22
480.0,83.0,0.0,45.0,5.0,1127.75,2964.71
480.0,76.0,0.0,44.0,8.0,1273.44,3173.18
480.0,83.0,1.0,41.0,6.0,1136.75,2853.33
480.0,80.0,0.0,38.0,10.0,1323.08,3121.16
480.0,84.0,0.0,45.0,6.0,1172.41,3031.89
480.0,86.0,1.0,44.0,4.0,1105.17,2885.22
480.0,74.0,0.0,44.0,8.0,1258.81,3135.01
480.0,81.0,0.0,48.0,3.0,1035.37,2860.43
480.0,78.0,1.0,45.0,5.0,1161.15,2981.96
480.0,75.0,1.0,39.0,10.0,1340.74,3112.0
480.0,67.0,1.0,43.0,5.0,1129.07,2899.83
480.0,61.0,1.0,43.0,7.0,1229.05,3055.79
480.0,77.0,0.0,47.0,4.0,1087.73,2931.85
480.0,72.0,0.0,45.0,6.0,1219.71,3091.86
480.0,82.0,2.0,41.0,7.0,1245.76,2991.42
480.0,91.0,0.0,38.0,11.0,1334.07,3110.93
480.0,76.0,1.0,46.0,4.0,1119.04,2941.36
480.0,76.0,1.0,37.0,10.0,1309.55,3034.66
480.0,74.0,0.0,42.0,8.0,1230.2,3042.66
480.0,75.0,0.0,44.0,5.0,1090.07,2855.38
480.0,74.0,2.0,44.0,3.0,1064.61,2782.78
480.0,88.0,0.0,43.0,5.0,1077.7,2822.59
480.0,66.0,0.0,43.0,6.0,1125.5,2895.13
480.0,73.0,0.0,45.0,7.0,1229.31,3120.08
480.0,89.0,1.0,44.0,5.0,1129.78,2898.16
480.0,82.0,0.0,44.0,5.0,1086.73,2864.05
480.0,68.0,0.0,39.0,9.0,1241.59,2997.69
480.0,66.0,0.0,39.0,9.0,1228.08,2956.77
480.0,74.0,0.0,43.0,10.0,1372.84,3297.2
480.0,91.0,1.0,44.0,6.0,1198.48,3021.79
480.0,61.0,0.0,39.0,8.0,1177.81,2907.99
480.0,72.0,1.0,49.0,2.0,1052.73,2890.83
480.0,81.0,1.0,41.0,9.0,1364.99,3206.58
480.0,75.0,1.0,44.0,6.0,1250.48,3113.64
480.0,69.0,1.0,43.0,5.0,1134.35,2914.2
480.0,79.0,2.0,40.0,10.0,1405.47,3228.7
480.0,80.0,1.0,40.0,8.0,1229.6,2962.14
480.0,73.0,0.0,41.0,7.0,1152.56,2889.13
480.0,83.0,0.0,39.0,9.0,1270.93,3049.24
480.0,70.0,1.0,45.0,4.0,1090.67,2857.95
480.0,63.0,0.0,38.0,11.0,1338.79,3125.41
480.0,70.0,1.0,43.0,3.0,1031.75,2745.09
480.0,77.0,1.0,40.0,8.0,1244.79,2998.68
480.0,81.0,0.0,42.0,9.0,1282.27,3109.36
480.0,66.0,1.0,42.0,6.0,1174.89,2949.12
480.0,79.0,0.0,41.0,7.0,1161.47,2933.76
480.0,65.0,0.0,48.0,3.0,1041.32,2876.49
480.0,77.0,0.0,44.0,7.0,1202.86,3038.43
480.0,75.0,1.0,38.0,8.0,1217.01,2917.89
480.0,89.0,0.0,42.0,9.0,1281.23,3114.27
480.0,82.0,2.0,44.0,5.0,1185.01,2975.47
480.0,78.0,2.0,37.0,9.0,1288.72,2973.91
480.0,77.0,41.0,18.0,3.0,2534.49,3181.9
480.0,66.0,45.0,10.0,6.0,2768.19,3141.01
480.0,68.0,42.0,14.0,6.0,2736.45,3252.13
480.0,64.0,41.0,15.0,4.0,2518.58,3059.34
480.0,73.0,43.0,21.0,4.0,2744.67,3510.18
480.0,67.0,36.0,18.0,6.0,2571.09,3287.02
480.0,68.0,42.0,16.0,9.0,3027.03,3566.12
480.0,75.0,42.0,19.0,5.0,2719.98,3450.69
480.0,80.0,43.0,14.0,7.0,2832.63,3408.17
480.0,79.0,48.0,19.0,2.0,2786.32,3470.56
480.0,59.0,38.0,14.0,3.0,2340.52,2778.83
480.0,80.0,45.0,19.0,6.0,2985.53,3748.89
480.0,69.0,44.0,14.0,7.0,2852.83,3398.98
480.0,69.0,39.0,15.0,7.0,2674.82,3299.93
480.0,91.0,47.0,19.0,4.0,2891.6,3612.45
480.0,85.0,48.0,17.0,3.0,2797.83,3488.0
480.0,63.0,42.0,14.0,2.0,2423.17,2945.13
480.0,79.0,42.0,25.0,4.0,2683.04,3697.78
480.0,72.0,41.0,21.0,3.0,2638.98,3367.4
480.0,69.0,43.0,18.0,3.0,2663.98,3336.71
480.0,78.0,44.0,13.0,4.0,2671.26,3150.69
480.0,76.0,48.0,19.0,6.0,2976.76,3792.2
480.0,68.0,42.0,19.0,5.0,2783.64,3456.75
480.0,79.0,42.0,18.0,3.0,2552.91,3286.18
480.0,66.0,44.0,11.0,7.0,2755.13,3291.69
480.0,90.0,46.0,26.0,5.0,3038.92,4022.46
480.0,67.0,44.0,14.0,3.0,2591.11,3124.35
480.0,72.0,46.0,15.0,1.0,2547.59,3059.99
480.0,73.0,43.0,17.0,6.0,2820.3,3529.97
480.0,81.0,42.0,15.0,8.0,3001.04,3523.86
480.0,77.0,43.0,15.0,7.0,2933.2,3512.03
480.0,81.0,46.0,12.0,5.0,2790.13,3261.77
480.0,70.0,38.0,17.0,7.0,2741.84,3419.13
480.0,82.0,46.0,24.0,3.0,2868.05,3680.02
480.0,71.0,41.0,15.0,5.0,2660.22,3205.81
480.0,64.0,34.0,22.0,6.0,2490.18,3376.85
480.0,87.0,45.0,17.0,8.0,3070.71,3785.85
480.0,83.0,47.0,18.0,7.0,2990.06,3814.14
480.0,55.0,34.0,14.0,6.0,2273.32,2919.78
480.0,78.0,47.0,17.0,2.0,2694.38,3352.14
480.0,68.0,41.0,20.0,2.0,2459.55,3167.23
480.0,67.0,41.0,13.0,5.0,2538.85,3108.73
480.0,80.0,43.0,19.0,7.0,3000.3,3627.19
480.0,70.0,44.0,11.0,11.0,3084.64,3666.9
480.0,66.0,43.0,17.0,3.0,2656.33,3214.28
480.0,94.0,47.0,20.0,3.0,2834.19,3579.44
480.0,82.0,46.0,19.0,4.0,2829.65,3600.66
480.0,77.0,42.0,19.0,8.0,2960.58,3777.31
480.0,86.0,44.0,18.0,3.0,2679.51,3371.11
480.0,73.0,44.0,18.0,2.0,2579.05,3201.99
480.0,70.0,38.0,14.0,4.0,2352.32,2929.87
480.0,91.0,44.0,23.0,3.0,2834.79,3673.91
480.0,76.0,40.0,20.0,8.0,2872.26,3758.82
480.0,87.0,47.0,21.0,4.0,2915.04,3711.38
480.0,78.0,45.0,15.0,8.0,2980.51,3627.89
480.0,70.0,42.0,18.0,5.0,2746.91,3404.5
480.0,75.0,44.0,17.0,6.0,2927.78,3563.42
480.0,68.0,41.0,9.0,8.0,2829.07,3186.84
480.0,68.0,38.0,23.0,3.0,2504.68,3364.37
480.0,59.0,43.0,11.0,4.0,2577.86,2919.77
480.0,89.0,43.0,23.0,5.0,2859.43,3764.39
480.0,71.0,48.0,8.0,4.0,2705.36,2997.52
480.0,71.0,42.0,13.0,5.0,2680.79,3145.8
480.0,93.0,47.0,18.0,3.0,2788.08,3492.79
480.0,74.0,44.0,16.0,4.0,2704.3,3359.66
480.0,76.0,45.0,12.0,1.0,2481.39,2861.79
480.0,73.0,37.0,16.0,8.0,2643.57,3403.51
480.0,71.0,43.0,16.0,2.0,2530.15,3044.14
480.0,76.0,44.0,22.0,5.0,2903.36,3632.9
480.0,83.0,47.0,11.0,2.0,2588.98,3001.25
480.0,76.0,32.0,23.0,13.0,2852.96,4009.64
480.0,77.0,42.0,25.0,5.0,2890.28,3864.61
480.0,81.0,45.0,17.0,6.0,2877.01,3554.47
480.0,80.0,43.0,20.0,6.0,2838.8,3600.84
480.0,69.0,42.0,9.0,4.0,2444.99,2872.75
480.0,70.0,39.0,19.0,6.0,2743.56,3384.09
480.0,64.0,42.0,13.0,3.0,2494.43,2925.3
480.0,84.0,46.0,19.0,7.0,3027.98,3818.65
480.0,60.0,42.0,11.0,3.0,2566.86,2837.0
480.0,64.0,39.0,16.0,3.0,2386.49,3013.52
480.0,78.0,44.0,21.0,6.0,2863.69,3723.99
480.0,70.0,39.0,13.0,9.0,2723.24,3363.41
480.0,64.0,35.0,11.0,8.0,2454.5,3021.2
480.0,81.0,41.0,20.0,8.0,2968.02,3751.4
480.0,84.0,47.0,23.0,2.0,2898.32,3677.62
480.0,71.0,41.0,14.0,3.0,2481.97,3012.73
480.0,80.0,42.0,14.0,3.0,2560.95,3070.78
480.0,78.0,44.0,13.0,3.0,2592.24,3157.79
480.0,75.0,44.0,16.0,4.0,2821.2,3423.39
480.0,68.0,42.0,13.0,4.0,2484.77,3017.39
480.0,74.0,47.0,18.0,3.0,2761.11,3374.79
480.0,87.0,45.0,25.0,7.0,3101.98,4177.83
480.0,59.0,39.0,12.0,5.0,2447.93,2956.27
480.0,75.0,42.0,23.0,6.0,2859.65,3740.74
480.0,74.0,42.0,15.0,8.0,2837.4,3524.32
480.0,74.0,41.0,16.0,13.0,3117.71,3958.34
480.0,77.0,45.0,15.0,6.0,2828.78,3460.96
480.0,89.0,42.0,19.0,7.0,2970.61,3664.51
480.0,81.0,47.0,16.0,6.0,2974.82,3607.59
480.0,70.0,37.0,19.0,5.0,2560.89,3260.25
480.0,75.0,7.0,51.0,6.0,1602.96,3716.11
480.0,67.0,6.0,51.0,4.0,1512.12,3591.37
480.0,74.0,9.0,51.0,5.0,1727.9,3753.82
480.0,67.0,11.0,44.0,4.0,1590.03,3367.74
480.0,80.0,10.0,52.0,6.0,1774.46,3908.55
480.0,72.0,8.0,52.0,5.0,1627.59,3744.65
480.0,78.0,15.0,53.0,7.0,2083.96,4241.36
480.0,79.0,7.0,50.0,9.0,1766.4,3937.07
480.0,69.0,8.0,45.0,12.0,1925.76,3965.93
480.0,77.0,9.0,50.0,8.0,1805.56,3954.29
480.0,61.0,8.0,42.0,6.0,1500.08,3312.87
480.0,74.0,9.0,51.0,8.0,1857.5,4026.09
480.0,74.0,11.0,50.0,8.0,1900.54,4000.95
480.0,78.0,7.0,46.0,13.0,2061.42,4085.0
480.0,87.0,7.0,53.0,9.0,1814.64,4086.73
480.0,75.0,9.0,51.0,9.0,1909.25,4054.39
480.0,69.0,11.0,44.0,4.0,1597.75,3420.1
480.0,75.0,11.0,50.0,7.0,1847.15,3925.29
480.0,74.0,8.0,45.0,13.0,2040.4,4134.3
480.0,74.0,8.0,50.0,12.0,2035.87,4230.48
480.0,73.0,10.0,47.0,10.0,1908.31,3987.77
480.0,80.0,8.0,55.0,6.0,1756.91,3957.23
480.0,70.0,5.0,47.0,10.0,1793.14,3829.25
480.0,71.0,13.0,43.0,9.0,1933.35,3875.77
480.0,76.0,11.0,49.0,9.0,1987.18,4088.85
480.0,81.0,7.0,54.0,6.0,1731.5,3954.78
480.0,67.0,5.0,45.0,12.0,1788.84,3868.8
480.0,80.0,7.0,57.0,4.0,1597.88,3832.28
480.0,70.0,6.0,44.0,14.0,1930.9,4093.14
480.0,82.0,12.0,46.0,14.0,2248.39,4376.55
480.0,78.0,13.0,53.0,5.0,1872.34,3990.16
480.0,79.0,12.0,51.0,9.0,2069.02,4270.98
480.0,80.0,10.0,53.0,9.0,2042.56,4272.15
480.0,85.0,12.0,47.0,12.0,2208.38,4301.29
480.0,77.0,9.0,47.0,10.0,1877.87,3980.47
480.0,79.0,6.0,52.0,10.0,1880.15,4058.82
480.0,92.0,16.0,49.0,12.0,2357.61,4594.99
480.0,97.0,10.0,47.0,12.0,2031.78,4258.74
480.0,71.0,5.0,51.0,6.0,1524.0,3642.73
480.0,80.0,8.0,55.0,5.0,1725.99,3946.8
480.0,87.0,7.0,50.0,11.0,1871.84,4132.99
480.0,75.0,9.0,51.0,9.0,1908.98,4067.79
480.0,76.0,9.0,56.0,4.0,1676.21,3869.17
480.0,79.0,9.0,51.0,10.0,2075.75,4261.71
480.0,64.0,12.0,40.0,9.0,1867.09,3642.92
480.0,88.0,11.0,56.0,7.0,2044.66,4305.07
480.0,74.0,12.0,50.0,7.0,1929.08,4003.14
480.0,68.0,5.0,52.0,7.0,1621.7,3740.63
480.0,75.0,11.0,52.0,7.0,1875.77,4013.84
480.0,87.0,17.0,51.0,11.0,2379.69,4601.62
480.0,74.0,12.0,52.0,2.0,1635.01,3634.91
480.0,85.0,10.0,52.0,8.0,1922.66,4116.32
480.0,80.0,14.0,52.0,8.0,2072.75,4247.0
480.0,78.0,10.0,52.0,10.0,2113.62,4331.84
480.0,74.0,7.0,51.0,9.0,1895.92,3980.08
480.0,79.0,15.0,50.0,10.0,2248.95,4383.94
480.0,78.0,11.0,55.0,6.0,1897.08,4085.04
480.0,76.0,11.0,47.0,12.0,2158.92,4252.12
480.0,64.0,8.0,44.0,6.0,1605.59,3436.78
480.0,77.0,13.0,50.0,7.0,1934.72,4034.81
480.0,83.0,11.0,56.0,4.0,1766.32,3979.81
480.0,66.0,9.0,43.0,9.0,1760.95,3650.11
480.0,79.0,11.0,47.0,10.0,1987.67,4068.97
480.0,76.0,7.0,47.0,9.0,1791.53,3887.74
480.0,76.0,9.0,43.0,8.0,1736.79,3692.78
480.0,76.0,11.0,49.0,9.0,1975.47,4072.93
480.0,74.0,15.0,43.0,10.0,2127.33,4037.72
480.0,77.0,9.0,55.0,7.0,1899.22,4097.73
480.0,80.0,8.0,52.0,9.0,1846.08,4076.59
480.0,76.0,9.0,45.0,15.0,2149.67,4279.26
480.0,71.0,4.0,51.0,8.0,1583.26,3747.03
480.0,74.0,6.0,51.0,8.0,1718.43,3940.95
480.0,84.0,15.0,49.0,12.0,2285.26,4427.59
480.0,78.0,8.0,46.0,11.0,1861.35,3973.99
480.0,64.0,7.0,42.0,6.0,1498.63,3273.01
480.0,71.0,8.0,55.0,4.0,1601.28,3741.51
480.0,64.0,10.0,45.0,7.0,1724.02,3600.96
480.0,79.0,8.0,50.0,12.0,2009.53,4269.54
480.0,64.0,11.0,41.0,10.0,1882.86,3718.86
480.0,72.0,8.0,47.0,7.0,1654.06,3687.97
480.0,69.0,8.0,49.0,9.0,1833.52,3936.46
480.0,83.0,14.0,51.0,9.0,2130.08,4315.27
480.0,76.0,13.0,48.0,9.0,2020.24,4090.01
480.0,75.0,14.0,51.0,6.0,1942.7,4007.4
480.0,78.0,13.0,51.0,8.0,2042.46,4158.33
480.0,70.0,14.0,41.0,9.0,2001.47,3810.92
480.0,92.0,14.0,55.0,6.0,2017.27,4261.81
480.0,72.0,16.0,42.0,12.0,2229.41,4177.56
480.0,73.0,9.0,45.0,13.0,2110.37,4227.76
480.0,80.0,11.0,47.0,6.0,1780.85,3736.87
480.0,69.0,11.0,48.0,6.0,1831.9,3821.05
480.0,80.0,9.0,52.0,8.0,1876.45,4102.84
480.0,66.0,6.0,48.0,5.0,1458.54,3462.63
480.0,83.0,9.0,54.0,6.0,1755.52,3961.39
480.0,65.0,10.0,44.0,8.0,1810.98,3668.91
480.0,76.0,17.0,50.0,5.0,2049.71,4026.47
480.0,73.0,6.0,47.0,8.0,1683.34,3695.92
480.0,81.0,11.0,52.0,6.0,1820.9,3961.68
480.0,76.0,13.0,49.0,8.0,2001.21,4053.05
480.0,67.0,11.0,46.0,8.0,1851.54,3794.37
480.0,72.0,2.0,50.0,5.0,1299.15,3361.31
480.0,71.0,0.0,50.0,6.0,1276.43,3400.4
480.0,69.0,2.0,49.0,5.0,1284.03,3299.79
480.0,56.0,0.0,47.0,6.0,1193.57,3134.49
480.0,73.0,2.0,48.0,9.0,1484.5,3597.72
480.0,77.0,2.0,55.0,5.0,1377.03,3579.63
480.0,75.0,2.0,50.0,9.0,1550.77,3750.9
480.0,80.0,3.0,50.0,8.0,1515.77,3656.26
480.0,73.0,1.0,46.0,9.0,1413.71,3483.12
480.0,69.0,1.0,55.0,3.0,1219.66,3346.77
480.0,68.0,1.0,45.0,11.0,1500.83,3578.68
480.0,77.0,0.0,55.0,6.0,1342.61,3553.64
480.0,79.0,0.0,50.0,11.0,1565.48,3853.57
480.0,76.0,1.0,46.0,12.0,1589.95,3748.09
480.0,95.0,0.0,51.0,9.0,1446.51,3666.91
480.0,80.0,0.0,55.0,6.0,1351.65,3612.21
480.0,65.0,1.0,43.0,13.0,1590.96,3655.52
480.0,78.0,2.0,52.0,5.0,1367.15,3548.76
480.0,71.0,2.0,47.0,9.0,1477.08,3572.45
480.0,71.0,1.0,45.0,9.0,1375.08,3385.86
480.0,70.0,0.0,51.0,9.0,1447.41,3676.75
480.0,74.0,1.0,51.0,5.0,1272.6,3369.66
480.0,64.0,2.0,42.0,11.0,1548.48,3512.61
480.0,69.0,2.0,45.0,9.0,1443.94,3455.06
480.0,74.0,0.0,54.0,6.0,1329.38,3570.83
480.0,93.0,3.0,54.0,6.0,1481.89,3782.14
480.0,71.0,3.0,45.0,8.0,1488.93,3499.33
480.0,84.0,4.0,54.0,7.0,1588.67,3923.98
480.0,70.0,1.0,51.0,10.0,1587.56,3794.71
480.0,86.0,3.0,49.0,12.0,1732.14,3990.65
480.0,68.0,4.0,50.0,4.0,1329.02,3333.99
480.0,82.0,2.0,53.0,7.0,1466.27,3666.9
480.0,82.0,2.0,48.0,11.0,1613.85,3806.4
480.0,92.0,2.0,49.0,7.0,1458.85,3645.19
480.0,60.0,0.0,47.0,7.0,1311.04,3382.49
480.0,76.0,0.0,48.0,11.0,1597.28,3779.18
480.0,85.0,5.0,51.0,9.0,1750.84,3939.49
480.0,81.0,4.0,45.0,11.0,1669.07,3746.46
480.0,76.0,3.0,54.0,4.0,1357.32,3500.98
480.0,65.0,1.0,50.0,6.0,1298.1,3355.75
480.0,74.0,0.0,47.0,9.0,1392.96,3513.51
480.0,68.0,1.0,46.0,7.0,1317.95,3352.36
480.0,83.0,1.0,53.0,8.0,1508.96,3730.43
480.0,79.0,2.0,47.0,10.0,1553.91,3707.02
480.0,71.0,2.0,51.0,4.0,1294.28,3318.89
480.0,92.0,2.0,51.0,10.0,1610.05,3859.08
480.0,69.0,4.0,43.0,11.0,1609.78,3646.7
480.0,75.0,3.0,47.0,9.0,1527.72,3622.37
480.0,81.0,3.0,49.0,9.0,1595.46,3728.79
480.0,77.0,1.0,52.0,9.0,1554.96,3846.96
480.0,78.0,0.0,55.0,5.0,1299.58,3563.11
480.0,72.0,2.0,50.0,8.0,1470.03,3597.69
480.0,76.0,3.0,52.0,6.0,1433.76,3600.4
480.0,83.0,1.0,51.0,6.0,1364.8,3520.05
480.0,78.0,1.0,47.0,8.0,1362.67,3407.95
480.0,81.0,1.0,51.0,8.0,1469.47,3596.35
480.0,73.0,4.0,50.0,6.0,1457.52,3532.06
480.0,76.0,5.0,46.0,10.0,1678.11,3815.46
480.0,73.0,0.0,55.0,5.0,1287.78,3491.05
480.0,68.0,1.0,50.0,6.0,1383.68,3537.23
480.0,75.0,0.0,55.0,4.0,1225.25,3379.36
480.0,75.0,1.0,52.0,8.0,1492.65,3687.27
480.0,74.0,4.0,44.0,6.0,1358.02,3244.75
480.0,81.0,1.0,59.0,3.0,1286.94,3554.69
480.0,66.0,3.0,46.0,9.0,1508.09,3574.6
480.0,74.0,3.0,46.0,11.0,1610.73,3715.95
480.0,88.0,2.0,49.0,7.0,1401.59,3528.93
480.0,73.0,0.0,50.0,7.0,1327.89,3456.27
480.0,86.0,3.0,47.0,7.0,1440.9,3444.42
480.0,77.0,1.0,51.0,7.0,1370.82,3506.85
480.0,80.0,1.0,53.0,6.0,1392.34,3629.15
480.0,69.0,2.0,51.0,5.0,1364.16,3489.22
480.0,81.0,0.0,51.0,10.0,1494.83,3735.96
480.0,79.0,5.0,44.0,9.0,1567.46,3591.24
480.0,76.0,2.0,42.0,13.0,1612.04,3685.49
480.0,71.0,4.0,48.0,6.0,1405.25,3391.79
480.0,73.0,2.0,51.0,6.0,1374.98,3496.83
480.0,80.0,2.0,53.0,8.0,1530.63,3796.88
480.0,63.0,3.0,48.0,9.0,1546.33,3667.92
480.0,64.0,1.0,48.0,7.0,1332.08,3427.66
480.0,80.0,2.0,52.0,10.0,1616.81,3888.38
480.0,67.0,1.0,46.0,14.0,1703.12,3935.01
480.0,69.0,3.0,47.0,9.0,1522.38,3617.37
480.0,71.0,1.0,49.0,10.0,1549.73,3748.2
480.0,82.0,0.0,54.0,6.0,1324.07,3525.94
480.0,72.0,1.0,46.0,10.0,1472.26,3602.03
480.0,81.0,1.0,49.0,10.0,1513.19,3657.18
480.0,74.0,1.0,49.0,7.0,1360.56,3474.23
480.0,66.0,5.0,49.0,6.0,1499.95,3599.42
480.0,77.0,1.0,46.0,7.0,1290.03,3267.58
480.0,80.0,1.0,53.0,6.0,1362.51,3544.96
480.0,78.0,3.0,44.0,10.0,1525.66,3537.22
480.0,65.0,0.0,49.0,5.0,1178.5,3217.69
480.0,72.0,2.0,53.0,6.0,1404.07,3593.25
480.0,69.0,4.0,54.0,6.0,1521.76,3747.65
480.0,78.0,3.0,47.0,12.0,1720.75,3916.76
480.0,81.0,0.0,45.0,9.0,1350.06,3403.95
480.0,81.0,1.0,52.0,9.0,1517.64,3803.55
480.0,89.0,2.0,50.0,11.0,1645.55,3939.44
480.0,81.0,4.0,48.0,8.0,1549.28,3575.11
480.0,68.0,43.0,3.0,4.0,2458.28,2409.47
480.0,59.0,43.0,2.0,4.0,2449.31,2346.8
480.0,72.0,41.0,3.0,1.0,2100.88,2103.83
480.0,70.0,42.0,2.0,3.0,2304.94,2219.59
480.0,75.0,44.0,1.0,1.0,2208.25,2061.01
480.0,70.0,43.0,0.0,4.0,2398.85,2250.46
480.0,73.0,46.0,1.0,4.0,2535.49,2393.82
480.0,76.0,42.0,1.0,4.0,2400.94,2266.11
480.0,74.0,42.0,2.0,3.0,2264.41,2211.61
480.0,81.0,47.0,1.0,1.0,2351.47,2169.38
480.0,68.0,41.0,2.0,5.0,2476.8,2362.84
480.0,81.0,41.0,4.0,4.0,2397.27,2462.68
480.0,66.0,47.0,0.0,2.0,2423.48,2211.15
480.0,73.0,38.0,1.0,7.0,2527.51,2473.22
480.0,88.0,47.0,2.0,0.0,2263.38,2124.46
480.0,91.0,43.0,3.0,3.0,2404.2,2350.31
480.0,70.0,43.0,1.0,6.0,2512.52,2474.5
480.0,75.0,45.0,2.0,2.0,2379.98,2263.91
480.0,77.0,44.0,1.0,0.0,2118.78,1976.44
480.0,83.0,42.0,4.0,2.0,2339.88,2308.38
480.0,68.0,41.0,4.0,4.0,2375.02,2390.0
480.0,74.0,41.0,3.0,5.0,2442.08,2407.71
480.0,77.0,45.0,0.0,3.0,2430.25,2207.31
480.0,78.0,43.0,0.0,4.0,2338.14,2238.28
480.0,80.0,44.0,1.0,2.0,2333.06,2177.22
480.0,84.0,46.0,4.0,1.0,2385.13,2363.69
480.0,79.0,39.0,4.0,3.0,2248.37,2324.0
480.0,67.0,45.0,1.0,3.0,2421.09,2252.33
480.0,68.0,42.0,1.0,7.0,2606.19,2519.57
480.0,83.0,45.0,3.0,2.0,2370.78,2296.14
480.0,69.0,44.0,1.0,2.0,2325.46,2154.35
480.0,85.0,45.0,4.0,2.0,2398.44,2361.88
480.0,74.0,42.0,1.0,6.0,2577.55,2437.7
480.0,76.0,42.0,1.0,5.0,2426.24,2339.94
480.0,70.0,39.0,2.0,6.0,2486.05,2396.71
480.0,77.0,45.0,3.0,3.0,2446.87,2431.13
480.0,96.0,44.0,3.0,5.0,2600.33,2519.24
480.0,87.0,43.0,3.0,5.0,2510.67,2497.92
480.0,64.0,44.0,1.0,3.0,2380.21,2272.85
480.0,70.0,43.0,3.0,3.0,2368.15,2313.78
480.0,81.0,45.0,1.0,1.0,2290.74,2123.15
480.0,74.0,42.0,2.0,2.0,2332.63,2227.95
480.0,79.0,43.0,1.0,6.0,2569.99,2468.49
480.0,77.0,43.0,1.0,4.0,2442.02,2307.5
480.0,79.0,43.0,0.0,4.0,2390.58,2246.6
480.0,76.0,48.0,0.0,1.0,2369.49,2133.43
480.0,81.0,36.0,1.0,10.0,2612.85,2527.36
480.0,81.0,39.0,6.0,5.0,2377.93,2540.56
480.0,84.0,44.0,1.0,5.0,2563.01,2447.49
480.0,75.0,41.0,4.0,5.0,2507.11,2509.9
480.0,73.0,43.0,1.0,2.0,2271.15,2134.7
480.0,86.0,38.0,4.0,5.0,2358.14,2410.69
480.0,80.0,41.0,4.0,4.0,2408.66,2379.08
480.0,83.0,41.0,4.0,5.0,2509.85,2498.45
480.0,84.0,44.0,2.0,2.0,2348.34,2245.36
480.0,87.0,44.0,1.0,4.0,2505.42,2356.76
480.0,81.0,44.0,2.0,4.0,2484.88,2369.35
480.0,80.0,44.0,2.0,2.0,2308.67,2209.48
480.0,74.0,39.0,6.0,3.0,2209.48,2431.49
480.0,68.0,44.0,1.0,3.0,2387.92,2295.5
480.0,77.0,48.0,1.0,1.0,2398.95,2233.04
480.0,74.0,46.0,2.0,2.0,2408.81,2324.75
480.0,82.0,39.0,4.0,4.0,2304.51,2370.63
480.0,87.0,46.0,2.0,1.0,2288.02,2212.77
480.0,76.0,41.0,4.0,3.0,2311.04,2324.96
480.0,76.0,43.0,3.0,1.0,2225.26,2158.09
480.0,77.0,45.0,0.0,2.0,2348.71,2130.28
480.0,79.0,42.0,5.0,1.0,2187.4,2229.15
480.0,82.0,41.0,3.0,4.0,2367.24,2333.14
480.0,94.0,43.0,0.0,4.0,2473.88,2276.21
480.0,70.0,41.0,3.0,4.0,2373.61,2333.98
480.0,73.0,46.0,2.0,1.0,2353.31,2217.13
480.0,88.0,45.0,1.0,3.0,2417.2,2250.43
480.0,80.0,40.0,3.0,6.0,2481.01,2426.45
480.0,60.0,43.0,2.0,2.0,2300.34,2231.76
480.0,65.0,46.0,1.0,2.0,2389.56,2219.02
480.0,63.0,43.0,4.0,1.0,2245.19,2228.7
480.0,81.0,41.0,4.0,4.0,2413.46,2409.27
480.0,66.0,40.0,3.0,6.0,2509.31,2472.68
480.0,74.0,43.0,3.0,3.0,2368.12,2315.73
480.0,88.0,46.0,1.0,2.0,2386.55,2216.02
480.0,79.0,42.0,1.0,6.0,2593.49,2448.35
480.0,72.0,37.0,3.0,7.0,2452.06,2415.89
480.0,74.0,44.0,4.0,1.0,2297.21,2289.8
480.0,77.0,46.0,2.0,2.0,2357.11,2291.11
480.0,68.0,45.0,3.0,1.0,2293.77,2225.33
480.0,83.0,44.0,4.0,0.0,2227.85,2202.83
480.0,73.0,44.0,0.0,3.0,2366.8,2211.44
480.0,69.0,41.0,4.0,4.0,2397.66,2392.7
480.0,73.0,39.0,3.0,4.0,2274.72,2281.48
480.0,75.0,43.0,0.0,5.0,2537.77,2374.38
480.0,80.0,44.0,4.0,2.0,2342.73,2324.26
480.0,59.0,43.0,2.0,2.0,2276.6,2180.38
480.0,77.0,41.0,0.0,7.0,2576.36,2447.22
480.0,79.0,44.0,2.0,4.0,2459.5,2392.8
480.0,76.0,46.0,1.0,2.0,2413.75,2241.15
480.0,75.0,45.0,2.0,3.0,2420.55,2424.76
480.0,82.0,46.0,0.0,2.0,2403.52,2185.87
480.0,86.0,42.0,2.0,4.0,2427.62,2332.16
480.0,79.0,39.0,3.0,5.0,2405.35,2360.56
480.0,65.0,26.0,33.0,2.0,2031.79,3345.69
480.0,78.0,36.0,34.0,5.0,2700.81,4004.12
480.0,81.0,33.0,36.0,7.0,2748.18,4244.99
480.0,59.0,22.0,30.0,2.0,1746.6,2974.36
480.0,75.0,34.0,33.0,5.0,2600.65,3865.05
480.0,70.0,25.0,31.0,9.0,2333.55,3735.71
480.0,80.0,36.0,29.0,9.0,2892.2,4147.07
480.0,73.0,30.0,30.0,8.0,2496.46,3822.48
480.0,67.0,33.0,25.0,7.0,2540.17,3487.86
480.0,81.0,38.0,32.0,6.0,2771.91,4080.81
480.0,68.0,31.0,29.0,4.0,2313.87,3475.46
480.0,71.0,29.0,31.0,8.0,2493.96,3833.41
480.0,75.0,32.0,30.0,6.0,2440.52,3707.77
480.0,70.0,38.0,21.0,7.0,2670.88,3561.33
480.0,86.0,33.0,38.0,9.0,2933.93,4491.46
480.0,83.0,39.0,29.0,6.0,2832.89,3965.99
480.0,61.0,27.0,24.0,6.0,2109.56,3231.8
480.0,77.0,36.0,29.0,5.0,2638.43,3806.48
480.0,68.0,29.0,33.0,3.0,2234.44,3539.9
480.0,82.0,45.0,26.0,6.0,3011.78,4026.41
480.0,72.0,39.0,23.0,5.0,2664.31,3623.88
480.0,78.0,34.0,31.0,9.0,2701.35,4086.75
480.0,74.0,33.0,26.0,10.0,2715.6,3927.48
480.0,80.0,29.0,41.0,4.0,2396.56,3965.71
480.0,70.0,28.0,34.0,5.0,2330.58,3723.29
480.0,79.0,40.0,34.0,3.0,2780.68,3974.11
480.0,72.0,25.0,34.0,8.0,2439.94,3797.39
480.0,80.0,31.0,35.0,8.0,2640.62,4148.88
480.0,65.0,30.0,27.0,5.0,2374.37,3428.79
480.0,90.0,42.0,30.0,9.0,3109.97,4443.37
480.0,72.0,25.0,33.0,8.0,2434.52,3740.64
480.0,87.0,38.0,29.0,13.0,3140.48,4558.76
480.0,68.0,33.0,25.0,7.0,2524.51,3624.13
480.0,82.0,40.0,33.0,7.0,3082.44,4253.08
480.0,75.0,36.0,24.0,11.0,2993.58,4051.54
480.0,75.0,28.0,35.0,6.0,2500.34,3898.48
480.0,87.0,39.0,34.0,9.0,3141.13,4444.34
480.0,78.0,32.0,32.0,12.0,2885.89,4298.12
480.0,71.0,26.0,34.0,3.0,2157.35,3532.06
480.0,80.0,40.0,31.0,5.0,2804.57,4017.93
480.0,81.0,31.0,37.0,4.0,2459.81,3897.62
480.0,74.0,29.0,31.0,8.0,2505.21,3882.63
480.0,76.0,40.0,31.0,3.0,2656.25,3806.29
480.0,77.0,36.0,31.0,7.0,2754.22,4067.72
480.0,70.0,31.0,32.0,6.0,2551.78,3834.76
480.0,74.0,26.0,38.0,6.0,2404.37,3884.14
480.0,68.0,31.0,28.0,9.0,2571.46,3826.53
480.0,69.0,27.0,34.0,6.0,2296.53,3704.56
480.0,77.0,29.0,38.0,7.0,2524.77,4087.68
480.0,78.0,38.0,28.0,7.0,2754.42,3954.03
480.0,72.0,30.0,34.0,5.0,2394.46,3711.54
480.0,75.0,39.0,22.0,8.0,2855.08,3746.62
480.0,72.0,32.0,30.0,8.0,2556.47,3952.33
480.0,79.0,36.0,32.0,7.0,2752.64,4123.5
480.0,72.0,26.0,34.0,7.0,2349.75,3747.77
480.0,79.0,43.0,29.0,2.0,2752.87,3807.16
480.0,80.0,36.0,34.0,8.0,2826.92,4262.52
480.0,70.0,32.0,27.0,9.0,2692.79,3807.65
480.0,65.0,27.0,25.0,7.0,2187.62,3355.75
480.0,72.0,35.0,26.0,8.0,2706.04,3824.64
480.0,76.0,39.0,29.0,5.0,2699.09,3871.29
480.0,67.0,37.0,21.0,5.0,2470.19,3385.89
480.0,85.0,37.0,31.0,7.0,2897.9,4016.15
480.0,81.0,34.0,33.0,8.0,2787.44,4175.88
480.0,67.0,27.0,29.0,4.0,2042.42,3280.89
480.0,79.0,36.0,26.0,7.0,2726.53,3729.24
480.0,78.0,33.0,30.0,7.0,2701.38,3972.88
480.0,71.0,34.0,25.0,4.0,2393.19,3481.07
480.0,74.0,26.0,40.0,6.0,2396.99,3941.32
480.0,76.0,38.0,34.0,2.0,2542.51,3801.73
480.0,87.0,32.0,41.0,7.0,2795.0,4471.07
480.0,71.0,19.0,36.0,12.0,2397.19,4012.82
480.0,93.0,39.0,31.0,14.0,3286.73,4768.86
480.0,74.0,28.0,33.0,9.0,2590.67,3987.52
480.0,81.0,36.0,32.0,9.0,2935.38,4190.22
480.0,72.0,31.0,30.0,6.0,2499.01,3714.68
480.0,79.0,31.0,37.0,4.0,2490.93,3997.66
480.0,68.0,28.0,31.0,5.0,2325.76,3508.52
480.0,68.0,23.0,34.0,7.0,2293.63,3755.36
480.0,64.0,29.0,29.0,6.0,2272.7,3498.77
480.0,76.0,35.0,30.0,5.0,2591.78,3766.34
480.0,79.0,29.0,32.0,11.0,2731.01,4145.87
480.0,71.0,24.0,27.0,11.0,2516.25,3803.91
480.0,76.0,32.0,32.0,6.0,2553.48,3894.12
480.0,83.0,36.0,33.0,11.0,2982.86,4502.51
480.0,77.0,31.0,34.0,8.0,2665.92,4042.13
480.0,83.0,38.0,31.0,8.0,2875.71,4154.52
480.0,75.0,32.0,28.0,8.0,2530.37,3795.92
480.0,77.0,29.0,36.0,5.0,2499.81,3978.89
480.0,84.0,38.0,34.0,2.0,2568.4,3867.88
480.0,76.0,40.0,30.0,6.0,2802.68,4021.85
480.0,81.0,38.0,29.0,10.0,3065.4,4341.53
480.0,71.0,27.0,34.0,4.0,2193.78,3627.28
480.0,77.0,23.0,39.0,9.0,2471.14,4061.75
480.0,82.0,35.0,35.0,7.0,2841.05,4222.39
480.0,76.0,33.0,32.0,5.0,2531.0,3885.24
480.0,64.0,24.0,26.0,9.0,2357.26,3407.54
480.0,90.0,38.0,34.0,11.0,3209.23,4661.47
480.0,83.0,37.0,29.0,8.0,2876.08,4051.72
480.0,76.0,33.0,21.0,16.0,3138.89,4157.58
480.0,73.0,18.0,26.0,6.0,1712.85,2945.85
480.0,65.0,16.0,30.0,3.0,1501.04,2787.77
480.0,71.0,22.0,21.0,3.0,1627.02,2577.99
480.0,69.0,17.0,27.0,5.0,1624.87,2867.5
480.0,72.0,23.0,20.0,4.0,1734.99,2616.85
480.0,76.0,23.0,22.0,4.0,1751.44,2751.8
480.0,79.0,25.0,24.0,2.0,1749.39,2767.1
480.0,79.0,20.0,25.0,4.0,1684.32,2807.32
480.0,85.0,16.0,29.0,5.0,1610.43,2894.19
480.0,77.0,22.0,23.0,5.0,1739.43,2834.95
480.0,65.0,20.0,21.0,7.0,1806.98,2837.0
480.0,84.0,20.0,25.0,4.0,1726.86,2840.39
480.0,71.0,23.0,24.0,4.0,1791.98,2865.89
480.0,63.0,22.0,24.0,3.0,1691.2,2723.0
480.0,96.0,25.0,27.0,0.0,1671.37,2728.33
480.0,72.0,27.0,18.0,4.0,1858.42,2712.05
480.0,76.0,17.0,25.0,7.0,1707.21,2928.26
480.0,66.0,14.0,28.0,7.0,1602.75,2949.38
480.0,69.0,18.0,24.0,2.0,1448.39,2477.85
480.0,79.0,27.0,19.0,2.0,1783.47,2567.14
480.0,69.0,23.0,25.0,2.0,1706.3,2709.66
480.0,75.0,18.0,25.0,7.0,1756.84,2977.87
480.0,72.0,26.0,19.0,3.0,1805.62,2620.42
480.0,74.0,15.0,28.0,4.0,1490.75,2737.2
480.0,68.0,21.0,22.0,5.0,1794.35,2754.13
480.0,90.0,24.0,24.0,4.0,1828.6,2820.92
480.0,71.0,18.0,24.0,5.0,1645.91,2742.14
480.0,70.0,25.0,17.0,7.0,1936.69,2829.38
480.0,73.0,19.0,25.0,6.0,1843.3,2935.73
480.0,80.0,19.0,22.0,9.0,1921.75,3073.4
480.0,69.0,14.0,24.0,9.0,1806.38,3048.37
480.0,88.0,20.0,27.0,3.0,1613.31,2809.75
480.0,78.0,27.0,19.0,3.0,1900.51,2795.27
480.0,75.0,17.0,26.0,5.0,1699.81,2823.54
480.0,73.0,18.0,23.0,9.0,1905.98,3085.42
480.0,85.0,20.0,26.0,6.0,1835.79,3032.85
480.0,91.0,20.0,21.0,8.0,1836.33,2920.37
480.0,82.0,21.0,23.0,6.0,1802.94,2916.48
480.0,73.0,21.0,26.0,3.0,1680.67,2785.27
480.0,70.0,18.0,28.0,3.0,1561.28,2754.0
480.0,86.0,21.0,25.0,2.0,1594.79,2568.17
480.0,71.0,21.0,26.0,3.0,1687.44,2767.35
480.0,85.0,19.0,24.0,6.0,1737.53,2822.97
480.0,73.0,21.0,23.0,6.0,1812.82,2913.02
480.0,69.0,15.0,28.0,4.0,1494.35,2719.07
480.0,83.0,23.0,21.0,6.0,1865.92,2942.67
480.0,91.0,19.0,20.0,8.0,1854.42,2836.76
480.0,88.0,20.0,27.0,4.0,1736.77,2836.18
480.0,77.0,17.0,26.0,5.0,1608.56,2798.71
480.0,80.0,14.0,31.0,5.0,1587.11,2951.45
480.0,66.0,18.0,20.0,6.0,1572.35,2668.3
480.0,79.0,19.0,24.0,4.0,1633.31,2712.74
480.0,84.0,27.0,18.0,4.0,1907.0,2705.49
480.0,81.0,17.0,29.0,3.0,1547.29,2743.73
480.0,79.0,22.0,20.0,6.0,1828.91,2809.82
480.0,85.0,22.0,19.0,9.0,1950.44,3077.8
480.0,75.0,20.0,25.0,4.0,1697.63,2712.4
480.0,74.0,20.0,24.0,5.0,1683.04,2865.4
480.0,70.0,20.0,24.0,6.0,1757.41,2989.06
480.0,73.0,27.0,18.0,3.0,1796.56,2600.99
480.0,80.0,13.0,33.0,3.0,1387.75,2789.66
480.0,74.0,21.0,29.0,1.0,1608.29,2724.51
480.0,82.0,17.0,27.0,3.0,1509.1,2675.27
480.0,81.0,24.0,24.0,1.0,1665.76,2588.79
480.0,68.0,13.0,29.0,5.0,1487.86,2832.23
480.0,77.0,22.0,17.0,9.0,1926.73,2978.28
480.0,86.0,20.0,19.0,8.0,1862.3,2837.64
480.0,71.0,22.0,24.0,2.0,1606.74,2634.65
480.0,71.0,15.0,28.0,6.0,1606.44,2919.74
480.0,82.0,23.0,23.0,2.0,1672.51,2581.2
480.0,69.0,20.0,27.0,2.0,1592.97,2750.71
480.0,74.0,17.0,31.0,3.0,1544.18,2838.59
480.0,91.0,22.0,19.0,8.0,1876.7,2967.76
480.0,77.0,9.0,27.0,12.0,1705.74,3175.82
480.0,70.0,16.0,26.0,7.0,1720.67,2991.11
480.0,71.0,22.0,23.0,3.0,1663.48,2661.4
480.0,66.0,20.0,24.0,5.0,1721.7,2826.29
480.0,88.0,21.0,25.0,4.0,1721.18,2808.17
480.0,64.0,25.0,17.0,5.0,1826.51,2663.31
480.0,80.0,22.0,27.0,3.0,1719.19,2890.33
480.0,77.0,22.0,25.0,2.0,1611.43,2673.6
480.0,75.0,17.0,24.0,8.0,1783.08,2985.07
480.0,67.0,28.0,17.0,4.0,1963.5,2655.54
480.0,75.0,18.0,25.0,5.0,1680.85,2824.17
480.0,84.0,26.0,20.0,4.0,1846.75,2769.59
480.0,83.0,22.0,17.0,9.0,1916.7,2941.1
480.0,97.0,24.0,20.0,5.0,1841.28,2827.51
480.0,72.0,23.0,23.0,3.0,1677.2,2706.96
480.0,75.0,21.0,22.0,5.0,1795.02,2748.2
480.0,71.0,20.0,25.0,4.0,1638.45,2809.28
480.0,79.0,25.0,19.0,4.0,1791.49,2652.21
480.0,81.0,33.0,15.0,3.0,2076.15,2643.45
480.0,67.0,19.0,28.0,4.0,1689.14,2916.62
480.0,80.0,19.0,21.0,6.0,1690.68,2824.11
480.0,70.0,16.0,28.0,7.0,1769.29,3034.66
480.0,82.0,15.0,22.0,11.0,1887.6,3067.9
480.0,79.0,22.0,20.0,5.0,1816.71,2728.07
480.0,84.0,22.0,21.0,6.0,1823.95,2830.91
480.0,85.0,30.0,19.0,3.0,1971.44,2758.56
480.0,72.0,19.0,20.0,8.0,1853.3,2860.42
480.0,80.0,32.0,25.0,11.0,2788.4,3981.0
480.0,72.0,29.0,23.0,6.0,2246.99,3309.34
480.0,84.0,36.0,25.0,6.0,2582.63,3652.22
480.0,76.0,32.0,28.0,3.0,2262.08,3333.49
480.0,77.0,28.0,23.0,6.0,2234.13,3201.35
480.0,78.0,31.0,22.0,6.0,2250.31,3310.66
480.0,80.0,29.0,27.0,8.0,2465.66,3683.95
480.0,80.0,27.0,27.0,9.0,2427.0,3645.88
480.0,72.0,29.0,21.0,10.0,2539.34,3634.71
480.0,88.0,41.0,25.0,3.0,2629.92,3605.86
480.0,66.0,27.0,28.0,4.0,2070.57,3245.08
480.0,74.0,29.0,29.0,7.0,2472.85,3665.39
480.0,65.0,23.0,26.0,5.0,1900.02,3167.39
480.0,66.0,32.0,23.0,7.0,2450.47,3547.36
480.0,90.0,35.0,32.0,3.0,2512.91,3703.35
480.0,82.0,30.0,31.0,3.0,2176.65,3480.26
480.0,68.0,24.0,27.0,8.0,2167.0,3533.2
480.0,76.0,28.0,27.0,7.0,2272.26,3545.15
480.0,74.0,32.0,27.0,5.0,2436.29,3632.89
480.0,71.0,32.0,27.0,4.0,2361.03,3464.64
480.0,67.0,38.0,20.0,3.0,2437.87,3300.75
480.0,72.0,35.0,24.0,6.0,2534.06,3513.02
480.0,69.0,30.0,25.0,5.0,2206.71,3296.11
480.0,78.0,24.0,31.0,3.0,1939.04,3152.99
480.0,78.0,30.0,34.0,8.0,2575.91,4007.25
480.0,84.0,36.0,33.0,7.0,2810.4,4213.8
480.0,62.0,33.0,16.0,8.0,2387.28,3257.11
480.0,77.0,36.0,29.0,3.0,2424.33,3636.9
480.0,69.0,30.0,27.0,9.0,2559.4,3724.58
480.0,75.0,21.0,27.0,13.0,2396.89,3787.37
480.0,59.0,30.0,19.0,4.0,2056.03,2958.54
480.0,82.0,35.0,29.0,4.0,2437.84,3634.16
480.0,77.0,43.0,21.0,6.0,2834.61,3765.48
480.0,80.0,33.0,24.0,6.0,2409.77,3476.36
480.0,71.0,31.0,24.0,9.0,2552.09,3649.78
480.0,78.0,32.0,28.0,10.0,2742.22,4120.02
480.0,92.0,29.0,32.0,7.0,2420.12,3818.55
480.0,87.0,33.0,31.0,3.0,2326.92,3617.78
480.0,81.0,38.0,26.0,4.0,2654.18,3668.17
480.0,72.0,29.0,27.0,6.0,2296.34,3498.58
480.0,84.0,34.0,27.0,7.0,2638.0,3902.27
480.0,69.0,37.0,25.0,4.0,2514.5,3515.27
480.0,77.0,30.0,25.0,7.0,2351.11,3494.59
480.0,74.0,39.0,25.0,8.0,2883.02,3971.67
480.0,75.0,35.0,30.0,7.0,2757.16,3930.44
480.0,77.0,32.0,29.0,10.0,2780.76,4156.29
480.0,63.0,37.0,19.0,7.0,2530.2,3472.34
480.0,72.0,32.0,26.0,9.0,2601.48,3873.76
480.0,86.0,39.0,28.0,5.0,2737.21,3826.46
480.0,59.0,25.0,26.0,4.0,1960.23,3104.47
480.0,74.0,33.0,20.0,6.0,2391.31,3302.58
480.0,77.0,31.0,26.0,8.0,2441.88,3698.52
480.0,80.0,39.0,23.0,4.0,2524.61,3443.63
480.0,83.0,30.0,30.0,7.0,2478.31,3749.89
480.0,73.0,43.0,25.0,2.0,2619.66,3535.98
480.0,70.0,43.0,14.0,9.0,2917.93,3654.95
480.0,75.0,37.0,20.0,7.0,2586.34,3541.27
480.0,75.0,35.0,29.0,1.0,2301.88,3326.91
480.0,74.0,29.0,21.0,7.0,2237.51,3276.04
480.0,64.0,34.0,19.0,6.0,2371.99,3268.94
480.0,88.0,28.0,33.0,3.0,2137.54,3522.51
480.0,86.0,32.0,25.0,9.0,2615.45,3767.81
480.0,80.0,34.0,23.0,7.0,2563.27,3622.42
480.0,85.0,37.0,26.0,4.0,2556.63,3535.64
480.0,72.0,28.0,28.0,6.0,2254.1,3488.32
480.0,79.0,33.0,27.0,3.0,2245.31,3388.91
480.0,79.0,31.0,28.0,5.0,2315.46,3522.7
480.0,87.0,38.0,26.0,4.0,2582.8,3610.5
480.0,79.0,36.0,29.0,9.0,2881.31,4098.16
480.0,74.0,26.0,26.0,9.0,2309.09,3600.03
480.0,81.0,30.0,32.0,4.0,2284.19,3594.73
480.0,73.0,25.0,33.0,7.0,2354.99,3689.57
480.0,83.0,32.0,27.0,9.0,2704.78,3923.67
480.0,80.0,32.0,24.0,8.0,2506.97,3692.01
480.0,69.0,31.0,21.0,4.0,2088.47,3100.91
480.0,76.0,35.0,27.0,6.0,2584.83,3791.3
480.0,62.0,37.0,16.0,2.0,2186.04,2801.92
480.0,79.0,34.0,28.0,6.0,2538.27,3730.86
480.0,65.0,40.0,17.0,5.0,2583.74,3294.36
480.0,79.0,33.0,25.0,11.0,2730.25,4005.47
480.0,72.0,41.0,23.0,0.0,2358.29,3146.33
480.0,74.0,34.0,24.0,10.0,2849.99,3891.57
480.0,67.0,25.0,26.0,8.0,2226.48,3407.63
480.0,74.0,31.0,27.0,7.0,2484.03,3721.11
480.0,83.0,42.0,24.0,6.0,2831.24,3865.68
480.0,74.0,31.0,20.0,9.0,2467.6,3501.68
480.0,97.0,39.0,26.0,4.0,2638.38,3687.04
480.0,71.0,31.0,24.0,7.0,2463.02,3541.03
480.0,70.0,25.0,22.0,11.0,2337.15,3530.24
480.0,73.0,34.0,17.0,8.0,2492.12,3308.53
480.0,71.0,34.0,25.0,3.0,2252.63,3271.42
480.0,82.0,36.0,31.0,6.0,2720.46,3969.39
480.0,65.0,30.0,23.0,7.0,2359.81,3427.11
480.0,88.0,37.0,32.0,4.0,2649.35,3959.34
480.0,76.0,25.0,34.0,8.0,2384.33,3868.12
480.0,72.0,34.0,25.0,8.0,2605.36,3786.43
480.0,68.0,26.0,27.0,5.0,2098.71,3193.32
480.0,77.0,31.0,19.0,13.0,2736.08,3761.53
480.0,75.0,36.0,21.0,8.0,2702.72,3627.62
480.0,75.0,26.0,22.0,9.0,2319.84,3501.48
480.0,75.0,9.0,47.0,9.0,1869.81,4019.75
480.0,69.0,5.0,52.0,7.0,1581.04,3790.85
480.0,76.0,2.0,51.0,6.0,1431.62,3642.67
480.0,62.0,1.0,45.0,10.0,1467.29,3562.67
480.0,73.0,7.0,50.0,7.0,1700.87,3843.39
480.0,84.0,6.0,54.0,5.0,1607.84,3881.84
480.0,80.0,7.0,53.0,5.0,1631.0,3855.17
480.0,79.0,7.0,46.0,10.0,1813.89,3928.47
480.0,70.0,7.0,44.0,9.0,1769.65,3818.32
480.0,72.0,7.0,52.0,6.0,1661.36,3855.35
480.0,65.0,5.0,51.0,5.0,1457.4,3529.77
480.0,69.0,6.0,52.0,7.0,1671.3,3849.46
480.0,75.0,6.0,50.0,12.0,1894.23,4164.97
480.0,66.0,6.0,41.0,12.0,1787.36,3780.15
480.0,82.0,6.0,54.0,6.0,1612.17,3861.36
480.0,72.0,4.0,54.0,6.0,1538.35,3811.17
480.0,70.0,9.0,53.0,1.0,1446.84,3458.06
480.0,86.0,8.0,51.0,9.0,1862.66,4111.85
480.0,63.0,3.0,49.0,7.0,1450.37,3558.19
480.0,76.0,4.0,53.0,7.0,1609.52,3890.21
480.0,72.0,3.0,52.0,7.0,1530.16,3739.29
480.0,74.0,4.0,47.0,13.0,1801.17,4041.54
480.0,72.0,9.0,48.0,7.0,1717.24,3833.89
480.0,64.0,3.0,47.0,9.0,1566.22,3710.29
480.0,78.0,5.0,52.0,8.0,1657.8,3938.04
480.0,82.0,8.0,54.0,6.0,1716.91,3976.26
480.0,77.0,10.0,46.0,10.0,1897.31,4043.51
480.0,77.0,4.0,53.0,5.0,1490.21,3715.8
480.0,83.0,11.0,47.0,9.0,1955.54,4051.14
480.0,83.0,10.0,49.0,13.0,2117.7,4420.34
480.0,70.0,8.0,45.0,9.0,1741.39,3815.46
480.0,84.0,3.0,50.0,11.0,1701.51,4045.06
480.0,65.0,6.0,43.0,11.0,1749.51,3777.09
480.0,79.0,4.0,44.0,18.0,2109.16,4360.39
480.0,79.0,4.0,46.0,15.0,1932.86,4218.81
480.0,72.0,8.0,47.0,12.0,1967.11,4149.25
480.0,93.0,12.0,48.0,14.0,2246.03,4567.05
480.0,85.0,7.0,53.0,11.0,1990.62,4302.71
480.0,62.0,5.0,42.0,7.0,1413.09,3321.59
480.0,76.0,0.0,49.0,11.0,1561.72,3893.23
480.0,77.0,7.0,53.0,7.0,1759.8,3993.18
480.0,78.0,5.0,53.0,6.0,1589.68,3831.42
480.0,77.0,6.0,53.0,10.0,1856.54,4157.44
480.0,79.0,5.0,51.0,7.0,1641.33,3841.57
480.0,64.0,11.0,45.0,5.0,1636.28,3518.83
480.0,84.0,8.0,57.0,6.0,1788.34,4085.41
480.0,77.0,8.0,44.0,11.0,1889.07,4026.46
480.0,93.0,4.0,53.0,9.0,1677.41,4009.0
480.0,86.0,7.0,52.0,10.0,1849.41,4180.02
480.0,65.0,5.0,49.0,5.0,1471.15,3508.08
480.0,74.0,8.0,45.0,10.0,1786.64,3920.22
480.0,75.0,9.0,49.0,10.0,1907.85,4119.96
480.0,73.0,8.0,44.0,14.0,1995.63,4180.38
480.0,76.0,8.0,55.0,7.0,1786.93,4088.46
480.0,68.0,4.0,52.0,8.0,1623.96,3814.51
480.0,73.0,9.0,56.0,6.0,1796.54,4074.88
480.0,74.0,9.0,52.0,7.0,1797.11,4005.65
480.0,66.0,8.0,44.0,12.0,1893.04,3933.11
480.0,74.0,6.0,53.0,3.0,1431.32,3547.17
480.0,64.0,5.0,52.0,3.0,1393.67,3437.75
480.0,83.0,5.0,54.0,6.0,1647.5,3951.55
480.0,71.0,9.0,51.0,6.0,1700.27,3804.5
480.0,80.0,8.0,49.0,8.0,1799.84,3871.06
480.0,80.0,6.0,52.0,8.0,1722.62,3986.0
480.0,72.0,6.0,50.0,4.0,1486.89,3589.0
480.0,79.0,10.0,52.0,8.0,1920.77,4132.97
480.0,73.0,7.0,52.0,7.0,1732.34,3947.24
480.0,81.0,8.0,56.0,5.0,1687.2,3975.76
480.0,67.0,3.0,54.0,6.0,1468.39,3701.16
480.0,81.0,5.0,52.0,9.0,1701.65,4021.24
480.0,81.0,5.0,50.0,11.0,1786.72,4104.46
480.0,82.0,8.0,53.0,9.0,1876.22,4207.91
480.0,92.0,9.0,54.0,7.0,1816.88,4106.66
480.0,74.0,7.0,49.0,6.0,1588.42,3718.41
480.0,74.0,7.0,50.0,10.0,1821.52,4044.97
480.0,66.0,8.0,48.0,4.0,1519.33,3464.34
480.0,66.0,6.0,48.0,7.0,1678.27,3720.98
480.0,79.0,5.0,53.0,7.0,1677.64,3993.31
480.0,61.0,6.0,48.0,5.0,1444.51,3431.07
480.0,80.0,5.0,55.0,5.0,1528.48,3795.54
480.0,69.0,6.0,54.0,5.0,1557.95,3769.47
480.0,67.0,8.0,44.0,12.0,1942.92,3985.69
480.0,81.0,13.0,47.0,11.0,2180.81,4329.12
480.0,82.0,10.0,48.0,11.0,2048.86,4311.48
480.0,86.0,7.0,57.0,5.0,1702.6,4010.06
480.0,70.0,9.0,54.0,3.0,1637.9,3770.18
480.0,78.0,7.0,57.0,5.0,1660.03,3956.53
480.0,74.0,9.0,52.0,4.0,1660.47,3775.04
480.0,68.0,7.0,48.0,9.0,1742.61,3934.34
480.0,74.0,12.0,46.0,7.0,1819.81,3813.25
480.0,77.0,10.0,55.0,7.0,1905.3,4181.73
480.0,77.0,3.0,49.0,13.0,1794.93,4161.4
480.0,76.0,7.0,49.0,9.0,1797.8,3972.99
480.0,81.0,10.0,54.0,6.0,1802.74,4033.12
480.0,72.0,6.0,49.0,8.0,1658.69,3845.56
480.0,80.0,12.0,46.0,11.0,2047.87,4158.89
480.0,66.0,6.0,48.0,5.0,1544.94,3492.6
480.0,89.0,11.0,46.0,14.0,2211.51,4524.51
480.0,73.0,10.0,47.0,9.0,1884.33,3981.56
480.0,86.0,12.0,44.0,13.0,2253.14,4252.8
480.0,74.0,31.0,37.0,2.0,2265.31,3688.12
480.0,76.0,24.0,41.0,5.0,2237.01,3952.83
480.0,77.0,25.0,41.0,8.0,2464.75,4195.33
480.0,64.0,25.0,25.0,11.0,2383.36,3674.18
480.0,71.0,28.0,35.0,7.0,2392.51,3961.22
480.0,83.0,28.0,41.0,9.0,2631.67,4452.13
480.0,75.0,30.0,30.0,8.0,2573.33,3966.61
480.0,77.0,23.0,36.0,11.0,2482.89,4194.26
480.0,71.0,27.0,31.0,9.0,2478.25,3962.98
480.0,85.0,34.0,31.0,15.0,3078.5,4772.28
480.0,70.0,25.0,35.0,6.0,2302.4,3722.88
480.0,73.0,23.0,37.0,9.0,2329.66,4062.44
480.0,73.0,32.0,29.0,6.0,2470.62,3737.08
480.0,69.0,27.0,29.0,10.0,2590.53,3883.61
480.0,82.0,31.0,35.0,10.0,2785.66,4365.06
480.0,80.0,30.0,35.0,6.0,2485.98,3974.03
480.0,66.0,25.0,29.0,8.0,2310.89,3655.19
480.0,64.0,28.0,30.0,3.0,2100.75,3322.88
480.0,73.0,28.0,37.0,7.0,2419.44,4063.57
480.0,85.0,30.0,39.0,9.0,2728.55,4472.55
480.0,69.0,25.0,34.0,8.0,2391.42,3889.44
480.0,78.0,24.0,40.0,10.0,2537.24,4310.99
480.0,87.0,32.0,41.0,5.0,2683.79,4386.34
480.0,93.0,30.0,46.0,11.0,3039.55,4986.96
480.0,72.0,32.0,27.0,6.0,2401.0,3647.48
480.0,74.0,25.0,38.0,7.0,2321.7,3983.44
480.0,83.0,31.0,42.0,6.0,2612.64,4370.77
480.0,80.0,26.0,42.0,5.0,2361.15,4147.13
480.0,68.0,26.0,34.0,3.0,2068.82,3512.2
480.0,84.0,33.0,34.0,14.0,3143.34,4736.21
480.0,78.0,27.0,30.0,9.0,2549.25,4000.75
480.0,90.0,34.0,45.0,5.0,2777.42,4541.48
480.0,83.0,32.0,37.0,8.0,2703.94,4344.22
480.0,74.0,29.0,34.0,8.0,2503.84,4050.73
480.0,70.0,25.0,29.0,10.0,2425.14,3929.63
480.0,81.0,37.0,36.0,3.0,2662.41,4045.39
480.0,84.0,35.0,38.0,6.0,2768.55,4323.56
480.0,85.0,34.0,35.0,10.0,2855.36,4499.06
480.0,73.0,23.0,35.0,6.0,2201.4,3765.41
480.0,79.0,27.0,39.0,6.0,2350.83,4082.15
480.0,84.0,38.0,37.0,5.0,2836.86,4304.27
480.0,67.0,27.0,33.0,4.0,2130.74,3594.45
480.0,77.0,32.0,34.0,9.0,2686.45,4228.46
480.0,76.0,35.0,29.0,7.0,2701.64,3947.52
480.0,69.0,25.0,31.0,10.0,2406.72,3941.23
480.0,82.0,36.0,39.0,5.0,2827.64,4359.39
480.0,71.0,27.0,37.0,3.0,2137.32,3617.74
480.0,77.0,23.0,46.0,5.0,2268.78,4107.84
480.0,85.0,26.0,43.0,10.0,2735.21,4635.64
480.0,76.0,27.0,37.0,4.0,2192.5,3715.49
480.0,69.0,21.0,35.0,5.0,2095.52,3631.37
480.0,86.0,37.0,35.0,9.0,3047.33,4472.56
480.0,76.0,32.0,30.0,9.0,2653.23,4071.3
480.0,75.0,26.0,37.0,7.0,2332.03,4001.34
480.0,71.0,27.0,27.0,11.0,2542.45,3976.79
480.0,73.0,26.0,36.0,10.0,2588.44,4134.44
480.0,75.0,23.0,39.0,9.0,2420.37,4162.02
480.0,74.0,31.0,35.0,5.0,2430.26,3871.93
480.0,66.0,23.0,32.0,5.0,2022.33,3468.65
480.0,65.0,23.0,33.0,5.0,2052.61,3473.89
480.0,88.0,23.0,49.0,6.0,2405.09,4424.67
480.0,70.0,27.0,34.0,3.0,2082.48,3496.53
480.0,84.0,30.0,36.0,5.0,2398.78,3878.15
480.0,86.0,29.0,43.0,9.0,2692.64,4562.49
480.0,72.0,30.0,33.0,2.0,2155.2,3456.56
480.0,78.0,31.0,36.0,5.0,2463.29,3989.53
480.0,76.0,22.0,37.0,9.0,2320.38,4039.01
480.0,68.0,24.0,32.0,6.0,2122.6,3592.8
480.0,83.0,28.0,42.0,6.0,2591.39,4365.06
480.0,75.0,31.0,40.0,4.0,2414.01,4010.61
480.0,69.0,29.0,27.0,6.0,2281.56,3588.18
480.0,90.0,35.0,44.0,6.0,2838.7,4626.2
480.0,87.0,35.0,37.0,9.0,2919.2,4507.99
480.0,83.0,25.0,39.0,11.0,2621.45,4345.33
480.0,72.0,33.0,31.0,6.0,2504.36,3869.64
480.0,81.0,24.0,43.0,10.0,2649.41,4449.82
480.0,74.0,23.0,43.0,6.0,2314.71,4081.98
480.0,76.0,20.0,45.0,8.0,2370.31,4207.11
480.0,72.0,29.0,30.0,10.0,2608.07,4048.43
480.0,68.0,27.0,34.0,5.0,2278.23,3623.13
480.0,67.0,22.0,33.0,4.0,1898.29,3360.49
480.0,71.0,25.0,34.0,10.0,2452.77,4026.11
480.0,75.0,26.0,34.0,7.0,2376.08,3945.31
480.0,76.0,27.0,39.0,6.0,2452.9,4060.86
480.0,77.0,33.0,32.0,7.0,2594.49,4040.65
480.0,76.0,31.0,33.0,9.0,2628.45,4206.1
480.0,91.0,33.0,46.0,9.0,2966.16,4887.85
480.0,67.0,23.0,32.0,10.0,2376.57,3850.2
480.0,73.0,22.0,33.0,13.0,2606.43,4179.48
480.0,70.0,31.0,32.0,3.0,2255.18,3547.35
480.0,79.0,29.0,37.0,5.0,2441.04,4014.46
480.0,80.0,29.0,41.0,7.0,2568.89,4319.54
480.0,70.0,28.0,35.0,3.0,2203.08,3656.32
480.0,78.0,27.0,43.0,5.0,2372.24,4120.44
480.0,71.0,22.0,37.0,8.0,2310.16,3965.86
480.0,78.0,33.0,33.0,9.0,2792.51,4217.83
480.0,67.0,24.0,31.0,10.0,2305.42,3901.02
480.0,74.0,28.0,30.0,11.0,2569.74,4098.14
480.0,77.0,32.0,32.0,8.0,2654.23,4041.75
480.0,75.0,31.0,24.0,12.0,2790.92,4022.55
480.0,75.0,16.0,32.0,7.0,1915.83,3265.17
480.0,67.0,16.0,31.0,5.0,1697.52,3013.32
480.0,77.0,21.0,26.0,5.0,1812.89,2905.96
480.0,65.0,24.0,28.0,4.0,1922.88,3106.64
480.0,74.0,20.0,26.0,6.0,1893.0,2931.28
480.0,71.0,17.0,29.0,7.0,1882.69,3224.02
480.0,72.0,19.0,29.0,8.0,1887.99,3258.59
480.0,82.0,26.0,21.0,7.0,2054.2,3067.89
480.0,74.0,30.0,27.0,4.0,2173.35,3250.71
480.0,78.0,27.0,30.0,0.0,1822.43,2943.57
480.0,69.0,23.0,32.0,5.0,1963.26,3285.58
480.0,73.0,26.0,33.0,2.0,1978.02,3231.77
480.0,65.0,23.0,24.0,7.0,2006.68,3114.29
480.0,74.0,23.0,23.0,6.0,1916.37,2976.43
480.0,94.0,25.0,32.0,7.0,2195.87,3566.36
480.0,77.0,24.0,31.0,6.0,2131.01,3457.09
480.0,71.0,23.0,28.0,9.0,2144.08,3495.83
480.0,71.0,19.0,34.0,4.0,1837.12,3217.63
480.0,63.0,16.0,35.0,4.0,1711.14,3073.76
480.0,76.0,16.0,34.0,4.0,1638.42,3034.13
480.0,73.0,28.0,26.0,5.0,2240.03,3285.77
480.0,74.0,22.0,25.0,7.0,1972.5,3146.93
480.0,72.0,22.0,29.0,8.0,2145.95,3424.66
480.0,85.0,15.0,39.0,7.0,1912.52,3533.99
480.0,78.0,28.0,22.0,7.0,2169.83,3177.42
480.0,73.0,28.0,29.0,6.0,2267.26,3445.6
480.0,75.0,24.0,28.0,5.0,1985.93,3160.86
480.0,78.0,22.0,34.0,4.0,1911.94,3332.01
480.0,77.0,20.0,34.0,8.0,2149.08,3650.4
480.0,77.0,24.0,27.0,5.0,2031.85,3170.92
480.0,56.0,22.0,26.0,3.0,1701.37,2806.97
480.0,93.0,23.0,32.0,7.0,2178.98,3535.96
480.0,85.0,21.0,29.0,7.0,2065.48,3268.82
480.0,76.0,19.0,33.0,6.0,1846.54,3273.34
480.0,61.0,31.0,22.0,6.0,2290.95,3267.47
480.0,79.0,24.0,30.0,6.0,2116.16,3469.31
480.0,84.0,27.0,24.0,5.0,2062.81,3075.61
480.0,85.0,27.0,32.0,3.0,2085.47,3357.45
480.0,65.0,15.0,37.0,1.0,1463.23,2872.83
480.0,78.0,28.0,30.0,2.0,2036.23,3221.19
480.0,78.0,23.0,31.0,3.0,1886.51,3181.72
480.0,85.0,25.0,29.0,3.0,1918.71,3073.68
480.0,78.0,22.0,31.0,5.0,1888.22,3225.56
480.0,80.0,19.0,29.0,8.0,1980.91,3243.35
480.0,78.0,17.0,33.0,8.0,1988.15,3376.71
480.0,89.0,25.0,26.0,7.0,2165.98,3293.62
480.0,72.0,14.0,29.0,7.0,1737.69,3007.21
480.0,79.0,22.0,29.0,6.0,1982.69,3207.29
480.0,76.0,26.0,30.0,4.0,2034.23,3230.89
480.0,79.0,25.0,32.0,6.0,2243.33,3466.35
480.0,71.0,27.0,23.0,5.0,2050.92,3005.11
480.0,67.0,12.0,37.0,7.0,1715.4,3251.4
480.0,80.0,27.0,24.0,5.0,2098.98,3124.26
480.0,82.0,17.0,36.0,6.0,1864.81,3412.07
480.0,79.0,23.0,29.0,5.0,2044.47,3163.93
480.0,72.0,24.0,29.0,5.0,2047.14,3182.85
480.0,76.0,23.0,29.0,7.0,2035.35,3361.09
480.0,72.0,21.0,22.0,8.0,1991.74,2990.9
480.0,63.0,25.0,31.0,0.0,1777.92,2924.95
480.0,76.0,20.0,31.0,6.0,1896.5,3250.14
480.0,77.0,14.0,44.0,3.0,1649.12,3351.25
480.0,79.0,23.0,32.0,8.0,2231.4,3609.07
480.0,76.0,24.0,26.0,4.0,1890.77,3050.56
480.0,87.0,27.0,25.0,9.0,2387.29,3465.17
480.0,85.0,20.0,34.0,3.0,1760.62,3148.85
480.0,79.0,22.0,27.0,7.0,2041.47,3204.44
480.0,82.0,29.0,19.0,8.0,2241.78,3212.33
480.0,63.0,21.0,33.0,2.0,1742.07,3074.98
480.0,82.0,20.0,34.0,3.0,1810.32,3154.5
480.0,90.0,21.0,37.0,2.0,1845.29,3176.13
480.0,60.0,19.0,30.0,6.0,1819.38,3136.65
480.0,73.0,27.0,29.0,5.0,2113.72,3350.71
480.0,79.0,23.0,29.0,5.0,2053.77,3315.55
480.0,86.0,22.0,27.0,6.0,2012.7,3148.82
480.0,77.0,22.0,28.0,5.0,1873.63,3052.74
480.0,72.0,18.0,35.0,2.0,1611.65,2995.29
480.0,78.0,27.0,31.0,3.0,2116.15,3351.25
480.0,88.0,18.0,35.0,4.0,1738.3,3201.26
480.0,63.0,20.0,22.0,7.0,1835.44,2881.36
480.0,71.0,26.0,31.0,7.0,2393.69,3651.62
480.0,71.0,16.0,28.0,8.0,1835.68,3080.82
480.0,72.0,22.0,30.0,8.0,2158.04,3584.64
480.0,73.0,23.0,27.0,6.0,1976.11,3161.24
480.0,64.0,17.0,34.0,7.0,1947.08,3412.83
480.0,91.0,26.0,26.0,6.0,2064.99,3272.65
480.0,67.0,19.0,29.0,8.0,1923.18,3260.33
480.0,91.0,24.0,30.0,6.0,2068.96,3351.9
480.0,75.0,18.0,28.0,9.0,1965.76,3296.15
480.0,71.0,17.0,35.0,5.0,1864.31,3253.6
480.0,79.0,31.0,26.0,2.0,2110.13,3104.41
480.0,74.0,26.0,23.0,6.0,2065.77,3074.73
480.0,76.0,24.0,32.0,4.0,1982.87,3243.62
480.0,67.0,28.0,23.0,6.0,2142.65,3168.06
480.0,71.0,29.0,31.0,4.0,2182.46,3482.42
480.0,78.0,25.0,25.0,7.0,2183.88,3256.65
480.0,78.0,22.0,31.0,6.0,2026.75,3317.02
480.0,69.0,22.0,30.0,7.0,2142.38,3332.75
480.0,86.0,34.0,24.0,3.0,2297.41,3223.64
480.0,87.0,20.0,34.0,10.0,2239.23,3726.52
480.0,77.0,26.0,25.0,4.0,2024.21,2987.33
480.0,77.0,23.0,20.0,5.0,1762.02,2679.77
480.0,65.0,16.0,32.0,2.0,1489.87,2697.05
480.0,73.0,20.0,23.0,3.0,1600.94,2530.29
480.0,66.0,17.0,26.0,5.0,1660.15,2709.45
480.0,73.0,18.0,23.0,5.0,1615.23,2566.15
480.0,67.0,14.0,30.0,4.0,1465.29,2757.11
480.0,75.0,26.0,23.0,4.0,1905.11,2901.8
480.0,85.0,18.0,23.0,7.0,1695.8,2828.71
480.0,79.0,20.0,21.0,4.0,1656.85,2624.73
480.0,79.0,20.0,25.0,5.0,1676.53,2791.06
480.0,66.0,18.0,26.0,5.0,1648.44,2770.95
480.0,74.0,21.0,23.0,7.0,1826.76,2942.97
480.0,73.0,19.0,29.0,3.0,1620.55,2840.47
480.0,75.0,21.0,19.0,8.0,1934.66,2939.64
480.0,82.0,16.0,30.0,4.0,1597.75,2785.84
480.0,69.0,14.0,32.0,3.0,1463.06,2743.88
480.0,70.0,21.0,25.0,4.0,1716.11,2737.69
480.0,71.0,12.0,28.0,9.0,1634.36,2957.21
480.0,75.0,20.0,23.0,3.0,1618.48,2541.38
480.0,82.0,17.0,24.0,8.0,1781.91,2900.74
480.0,77.0,16.0,29.0,5.0,1645.93,2819.7
480.0,77.0,16.0,25.0,8.0,1775.04,2906.28
480.0,66.0,19.0,28.0,2.0,1600.18,2650.52
480.0,75.0,21.0,23.0,4.0,1661.51,2666.86
480.0,74.0,18.0,26.0,6.0,1783.45,2917.78
480.0,85.0,23.0,24.0,4.0,1848.71,2760.77
480.0,68.0,19.0,27.0,2.0,1549.71,2594.67
480.0,66.0,19.0,25.0,6.0,1806.37,2827.28
480.0,66.0,22.0,21.0,7.0,1933.52,2841.62
480.0,80.0,17.0,25.0,9.0,1903.01,3034.84
480.0,67.0,25.0,21.0,2.0,1714.69,2542.45
480.0,89.0,21.0,27.0,4.0,1752.28,2933.0
480.0,74.0,19.0,22.0,7.0,1837.92,2865.48
480.0,84.0,12.0,28.0,8.0,1589.87,2924.82
480.0,79.0,21.0,22.0,7.0,1905.24,2879.08
480.0,78.0,20.0,23.0,6.0,1778.05,2812.77
480.0,90.0,22.0,24.0,4.0,1758.94,2767.4
480.0,85.0,23.0,26.0,2.0,1709.47,2710.83
480.0,67.0,18.0,25.0,5.0,1644.45,2746.84
480.0,70.0,21.0,22.0,4.0,1706.43,2627.31
480.0,79.0,22.0,22.0,5.0,1792.66,2724.42
480.0,79.0,21.0,27.0,2.0,1600.27,2687.24
480.0,78.0,18.0,23.0,8.0,1751.45,2882.51
480.0,78.0,19.0,28.0,3.0,1600.84,2753.01
480.0,71.0,28.0,17.0,5.0,1983.06,2788.87
480.0,84.0,24.0,21.0,4.0,1752.84,2697.93
480.0,83.0,17.0,26.0,5.0,1658.31,2707.35
480.0,83.0,20.0,26.0,4.0,1656.86,2780.29
480.0,82.0,17.0,31.0,4.0,1701.63,2921.35
480.0,83.0,18.0,27.0,5.0,1764.05,2946.07
480.0,59.0,21.0,24.0,0.0,1433.88,2369.2
480.0,76.0,22.0,21.0,6.0,1867.84,2748.83
480.0,86.0,16.0,30.0,5.0,1651.62,2880.46
480.0,83.0,19.0,30.0,2.0,1567.24,2726.52
480.0,81.0,22.0,21.0,5.0,1797.47,2706.31
480.0,86.0,21.0,22.0,7.0,1908.16,2959.3
480.0,73.0,20.0,26.0,3.0,1661.29,2635.17
480.0,68.0,24.0,17.0,8.0,2042.05,2843.08
480.0,71.0,13.0,32.0,4.0,1455.08,2816.97
480.0,55.0,25.0,23.0,1.0,1668.1,2572.93
480.0,75.0,12.0,33.0,4.0,1421.57,2771.29
480.0,76.0,24.0,21.0,4.0,1762.43,2673.39
480.0,80.0,24.0,19.0,5.0,1784.25,2690.64
480.0,95.0,21.0,23.0,5.0,1735.62,2738.54
480.0,75.0,20.0,26.0,3.0,1639.1,2724.25
480.0,74.0,21.0,23.0,5.0,1717.05,2782.48
480.0,85.0,19.0,26.0,3.0,1589.46,2642.66
480.0,75.0,22.0,26.0,2.0,1627.52,2645.83
480.0,82.0,14.0,31.0,3.0,1407.51,2668.49
480.0,90.0,15.0,31.0,3.0,1459.12,2737.06
480.0,70.0,18.0,24.0,6.0,1648.56,2764.13
480.0,85.0,20.0,26.0,2.0,1605.83,2659.0
480.0,82.0,17.0,29.0,3.0,1514.66,2702.59
480.0,73.0,18.0,25.0,6.0,1660.12,2799.03
480.0,66.0,23.0,23.0,4.0,1786.31,2782.57
480.0,72.0,21.0,24.0,6.0,1830.35,2877.72
480.0,66.0,21.0,25.0,5.0,1791.52,2894.03
480.0,83.0,17.0,29.0,3.0,1565.18,2721.84
480.0,61.0,22.0,19.0,6.0,1807.17,2697.43
480.0,72.0,20.0,27.0,3.0,1623.34,2723.4
480.0,76.0,24.0,22.0,3.0,1710.77,2640.92
480.0,68.0,25.0,19.0,6.0,1908.71,2798.22
480.0,66.0,29.0,17.0,3.0,1945.69,2592.96
480.0,68.0,14.0,29.0,5.0,1531.57,2821.63
480.0,75.0,26.0,19.0,5.0,1868.84,2766.76
480.0,66.0,19.0,26.0,3.0,1558.48,2650.28
480.0,93.0,19.0,26.0,5.0,1847.5,2881.01
480.0,72.0,22.0,21.0,6.0,1826.66,2756.94
480.0,73.0,22.0,19.0,6.0,1892.8,2735.79
480.0,79.0,20.0,25.0,3.0,1615.09,2618.18
480.0,86.0,20.0,26.0,3.0,1647.62,2715.72
480.0,81.0,27.0,22.0,3.0,1888.42,2757.99
480.0,69.0,25.0,20.0,4.0,1856.12,2716.09
480.0,79.0,16.0,25.0,7.0,1698.99,2796.59
480.0,72.0,25.0,26.0,1.0,1714.83,2724.21
480.0,92.0,18.0,24.0,5.0,1681.66,2771.18
480.0,75.0,25.0,18.0,5.0,1845.17,2710.28
480.0,87.0,23.0,24.0,4.0,1860.4,2800.69
480.0,85.0,15.0,29.0,9.0,1825.72,3130.13
480.0,74.0,18.0,23.0,7.0,1801.81,2787.87
480.0,80.0,4.0,46.0,4.0,1267.05,3163.55
480.0,66.0,1.0,46.0,2.0,1009.74,2805.55
480.0,78.0,1.0,45.0,2.0,1015.93,2751.15
480.0,72.0,0.0,46.0,6.0,1186.5,3159.79
480.0,78.0,0.0,39.0,10.0,1294.54,3151.34
480.0,72.0,5.0,41.0,7.0,1389.54,3227.16
480.0,75.0,3.0,45.0,7.0,1458.64,3294.02
480.0,84.0,3.0,39.0,8.0,1313.09,3115.13
480.0,73.0,7.0,35.0,9.0,1489.8,3200.24
480.0,74.0,1.0,44.0,7.0,1252.84,3180.53
480.0,70.0,3.0,43.0,10.0,1513.69,3539.61
480.0,70.0,1.0,44.0,7.0,1245.62,3140.0
480.0,68.0,0.0,52.0,4.0,1209.15,3259.08
480.0,65.0,5.0,37.0,9.0,1431.03,3189.71
480.0,98.0,3.0,46.0,7.0,1398.32,3385.3
480.0,71.0,2.0,43.0,8.0,1357.82,3304.11
480.0,68.0,0.0,44.0,10.0,1394.45,3473.92
480.0,83.0,3.0,52.0,5.0,1410.1,3568.02
480.0,69.0,2.0,45.0,1.0,1019.19,2778.94
480.0,75.0,0.0,45.0,8.0,1278.43,3264.26
480.0,66.0,2.0,47.0,6.0,1303.83,3296.49
480.0,72.0,1.0,42.0,9.0,1369.01,3352.21
480.0,66.0,1.0,41.0,6.0,1141.58,2915.3
480.0,75.0,1.0,38.0,8.0,1229.39,3011.63
480.0,81.0,0.0,43.0,7.0,1219.43,3062.04
480.0,83.0,1.0,43.0,9.0,1355.07,3319.71
480.0,71.0,4.0,39.0,6.0,1258.3,3004.95
480.0,67.0,0.0,42.0,8.0,1238.42,3106.12
480.0,66.0,3.0,34.0,11.0,1408.93,3161.5
480.0,72.0,4.0,42.0,9.0,1474.34,3404.95
480.0,68.0,4.0,35.0,10.0,1428.05,3195.02
480.0,87.0,1.0,44.0,10.0,1440.11,3514.3
480.0,72.0,3.0,42.0,6.0,1258.56,3097.8
480.0,70.0,4.0,41.0,9.0,1509.79,3352.18
480.0,74.0,4.0,39.0,10.0,1544.05,3358.08
480.0,79.0,5.0,41.0,9.0,1514.01,3433.04
480.0,87.0,3.0,44.0,7.0,1347.59,3281.6
480.0,88.0,2.0,43.0,11.0,1519.82,3568.56
480.0,71.0,1.0,42.0,6.0,1206.23,3012.52
480.0,79.0,1.0,43.0,8.0,1299.59,3239.5
480.0,81.0,1.0,45.0,8.0,1325.99,3321.19
480.0,77.0,5.0,44.0,3.0,1212.4,2977.26
480.0,77.0,2.0,41.0,8.0,1333.7,3162.78
480.0,81.0,2.0,44.0,7.0,1320.55,3198.79
480.0,66.0,5.0,35.0,11.0,1528.92,3334.11
480.0,83.0,0.0,46.0,6.0,1192.85,3148.01
480.0,83.0,4.0,36.0,10.0,1438.52,3230.43
480.0,81.0,4.0,40.0,10.0,1499.68,3416.49
480.0,85.0,3.0,48.0,4.0,1241.44,3169.38
480.0,84.0,2.0,42.0,8.0,1326.98,3199.95
480.0,60.0,2.0,40.0,4.0,1055.35,2748.15
480.0,87.0,2.0,41.0,9.0,1366.19,3267.77
480.0,83.0,4.0,41.0,7.0,1351.5,3209.07
480.0,72.0,4.0,49.0,3.0,1251.53,3166.42
480.0,77.0,3.0,45.0,6.0,1342.97,3293.93
480.0,84.0,4.0,38.0,10.0,1469.36,3299.2
480.0,74.0,2.0,41.0,8.0,1307.42,3182.18
480.0,67.0,4.0,39.0,9.0,1415.65,3245.65
480.0,68.0,3.0,44.0,5.0,1241.46,3111.72
480.0,68.0,2.0,43.0,5.0,1168.08,2977.09
480.0,83.0,1.0,50.0,6.0,1315.81,3423.63
480.0,77.0,1.0,50.0,7.0,1389.54,3489.63
480.0,79.0,7.0,39.0,3.0,1225.64,2859.02
480.0,99.0,0.0,51.0,8.0,1413.4,3549.67
480.0,76.0,3.0,45.0,4.0,1222.62,3045.3
480.0,82.0,5.0,39.0,8.0,1417.78,3264.38
480.0,72.0,5.0,45.0,3.0,1228.24,3058.49
480.0,80.0,3.0,46.0,4.0,1222.28,3112.39
480.0,88.0,2.0,45.0,7.0,1325.35,3333.42
480.0,93.0,2.0,47.0,4.0,1215.44,3137.28
480.0,75.0,3.0,44.0,8.0,1399.07,3357.52
480.0,68.0,3.0,49.0,5.0,1313.71,3329.03
480.0,86.0,2.0,38.0,11.0,1420.95,3274.92
480.0,67.0,3.0,38.0,9.0,1383.06,3183.85
480.0,77.0,2.0,46.0,7.0,1332.75,3325.74
480.0,64.0,1.0,45.0,4.0,1102.02,2956.4
480.0,65.0,1.0,43.0,9.0,1366.57,3365.5
480.0,84.0,2.0,48.0,6.0,1342.0,3332.66
480.0,57.0,1.0,38.0,11.0,1393.75,3287.71
480.0,76.0,3.0,46.0,2.0,1101.83,2906.94
480.0,84.0,1.0,43.0,9.0,1378.77,3285.19
480.0,80.0,4.0,45.0,8.0,1516.03,3492.44
480.0,70.0,5.0,43.0,5.0,1314.5,3139.74
480.0,84.0,1.0,46.0,9.0,1464.21,3558.68
480.0,79.0,2.0,48.0,4.0,1206.75,3192.16
480.0,66.0,0.0,41.0,8.0,1253.62,3073.55
480.0,87.0,2.0,47.0,4.0,1189.14,3110.58
480.0,79.0,3.0,41.0,8.0,1363.07,3234.79
480.0,59.0,2.0,42.0,9.0,1372.11,3288.37
480.0,76.0,3.0,46.0,6.0,1320.03,3267.53
480.0,76.0,0.0,44.0,6.0,1220.81,3140.73
480.0,87.0,4.0,43.0,7.0,1384.92,3291.88
480.0,71.0,1.0,46.0,4.0,1116.26,2983.47
480.0,82.0,3.0,42.0,10.0,1529.75,3525.22
480.0,76.0,4.0,44.0,9.0,1539.47,3478.64
480.0,81.0,1.0,43.0,6.0,1191.53,3068.5
480.0,77.0,3.0,43.0,5.0,1257.19,3129.63
480.0,76.0,3.0,40.0,10.0,1481.99,3374.69
480.0,77.0,3.0,44.0,9.0,1472.16,3471.42
480.0,81.0,4.0,35.0,10.0,1433.43,3101.88
480.0,76.0,47.0,8.0,0.0,2399.86,2592.89
480.0,69.0,46.0,5.0,1.0,2347.63,2457.96
480.0,78.0,42.0,5.0,2.0,2275.61,2418.47
480.0,68.0,44.0,5.0,3.0,2422.07,2522.13
480.0,65.0,45.0,1.0,2.0,2311.24,2199.35
480.0,74.0,44.0,6.0,3.0,2510.19,2614.62
480.0,70.0,45.0,5.0,5.0,2653.42,2715.12
480.0,74.0,43.0,1.0,4.0,2418.45,2346.21
480.0,80.0,44.0,5.0,5.0,2601.11,2718.98
480.0,79.0,47.0,8.0,2.0,2559.78,2690.9
480.0,64.0,46.0,6.0,2.0,2479.44,2564.58
480.0,67.0,43.0,6.0,7.0,2710.78,2859.12
480.0,73.0,46.0,10.0,2.0,2557.59,2769.02
480.0,70.0,45.0,2.0,4.0,2506.49,2434.98
480.0,76.0,47.0,8.0,3.0,2547.31,2837.19
480.0,69.0,46.0,7.0,2.0,2528.78,2623.7
480.0,70.0,40.0,7.0,6.0,2562.51,2757.22
480.0,72.0,47.0,9.0,2.0,2590.19,2796.78
480.0,73.0,40.0,8.0,3.0,2363.34,2593.16
480.0,77.0,44.0,8.0,4.0,2631.52,2838.77
480.0,88.0,46.0,5.0,2.0,2506.73,2558.33
480.0,81.0,41.0,6.0,4.0,2429.14,2577.42
480.0,81.0,45.0,3.0,3.0,2494.58,2451.44
480.0,74.0,44.0,4.0,2.0,2377.05,2404.66
480.0,68.0,46.0,4.0,3.0,2512.44,2580.26
480.0,76.0,46.0,6.0,4.0,2606.24,2720.93
480.0,66.0,42.0,5.0,4.0,2495.22,2566.09
480.0,66.0,42.0,6.0,5.0,2500.71,2666.79
480.0,77.0,47.0,4.0,3.0,2559.33,2645.75
480.0,73.0,41.0,3.0,8.0,2686.4,2829.09
480.0,74.0,44.0,3.0,3.0,2437.01,2497.85
480.0,91.0,47.0,6.0,2.0,2532.18,2624.64
480.0,75.0,41.0,7.0,7.0,2693.76,2850.32
480.0,83.0,43.0,1.0,5.0,2502.34,2343.39
480.0,71.0,40.0,7.0,7.0,2664.71,2790.72
480.0,83.0,47.0,7.0,2.0,2497.21,2695.0
480.0,90.0,47.0,8.0,4.0,2683.4,2951.12
480.0,87.0,45.0,6.0,4.0,2573.79,2694.79
480.0,83.0,43.0,6.0,7.0,2777.3,2988.66
480.0,82.0,46.0,6.0,3.0,2534.95,2727.95
480.0,80.0,44.0,4.0,5.0,2593.37,2714.27
480.0,79.0,46.0,7.0,1.0,2408.23,2573.38
480.0,74.0,48.0,4.0,3.0,2570.76,2646.58
480.0,79.0,47.0,6.0,1.0,2443.16,2586.05
480.0,68.0,42.0,10.0,2.0,2360.97,2682.25
480.0,82.0,45.0,2.0,4.0,2516.11,2489.79
480.0,81.0,43.0,5.0,4.0,2516.29,2557.83
480.0,76.0,46.0,10.0,2.0,2548.21,2783.49
480.0,80.0,46.0,8.0,3.0,2564.82,2774.34
480.0,79.0,44.0,7.0,5.0,2654.08,2842.29
480.0,71.0,44.0,7.0,3.0,2502.15,2645.09
480.0,77.0,43.0,2.0,4.0,2468.76,2433.6
480.0,85.0,44.0,3.0,5.0,2594.81,2633.19
480.0,78.0,48.0,6.0,1.0,2485.27,2576.17
480.0,77.0,45.0,4.0,3.0,2473.17,2479.62
480.0,79.0,46.0,5.0,2.0,2496.35,2519.79
480.0,77.0,46.0,6.0,3.0,2576.08,2706.52
480.0,71.0,41.0,7.0,6.0,2615.89,2735.0
480.0,66.0,44.0,10.0,1.0,2415.15,2647.29
480.0,65.0,47.0,5.0,0.0,2332.99,2367.97
480.0,93.0,46.0,7.0,1.0,2496.13,2633.01
480.0,75.0,48.0,5.0,2.0,2529.4,2635.36
480.0,81.0,41.0,10.0,5.0,2606.73,2825.31
480.0,87.0,46.0,5.0,3.0,2516.06,2632.02
480.0,81.0,41.0,7.0,8.0,2786.28,3059.65
480.0,79.0,42.0,5.0,8.0,2736.93,2914.64
480.0,70.0,44.0,5.0,4.0,2534.59,2597.51
480.0,77.0,45.0,7.0,1.0,2385.4,2509.15
480.0,82.0,44.0,8.0,4.0,2572.31,2772.27
480.0,88.0,44.0,8.0,3.0,2516.47,2678.23
480.0,80.0,46.0,8.0,2.0,2521.21,2652.37
480.0,76.0,47.0,6.0,4.0,2672.96,2845.51
480.0,85.0,44.0,4.0,8.0,2762.13,2879.38
480.0,74.0,44.0,7.0,4.0,2508.33,2689.51
480.0,71.0,44.0,6.0,6.0,2697.78,2844.07
480.0,67.0,47.0,5.0,2.0,2490.95,2529.11
480.0,70.0,45.0,5.0,4.0,2603.81,2712.37
480.0,85.0,48.0,11.0,1.0,2582.37,2944.17
480.0,71.0,42.0,5.0,5.0,2461.96,2657.96
480.0,72.0,46.0,12.0,3.0,2675.27,2983.94
480.0,70.0,47.0,4.0,1.0,2413.44,2439.05
480.0,74.0,46.0,4.0,3.0,2553.54,2613.57
480.0,64.0,41.0,3.0,7.0,2610.8,2624.0
480.0,75.0,48.0,7.0,2.0,2548.06,2706.91
480.0,73.0,47.0,6.0,3.0,2579.63,2671.87
480.0,69.0,45.0,5.0,4.0,2561.27,2658.02
480.0,76.0,45.0,9.0,2.0,2486.32,2693.87
480.0,84.0,43.0,6.0,4.0,2513.18,2634.22
480.0,66.0,46.0,3.0,2.0,2447.17,2393.24
480.0,71.0,43.0,6.0,3.0,2376.33,2512.68
480.0,78.0,47.0,7.0,2.0,2547.12,2698.66
480.0,79.0,47.0,7.0,4.0,2663.65,2831.61
480.0,66.0,38.0,9.0,6.0,2486.8,2786.99
480.0,90.0,43.0,7.0,6.0,2680.96,2921.61
480.0,81.0,42.0,9.0,7.0,2790.31,3044.11
480.0,76.0,45.0,5.0,4.0,2585.86,2672.56
480.0,71.0,43.0,3.0,3.0,2386.65,2348.5
480.0,87.0,42.0,7.0,9.0,2830.1,3062.92
480.0,95.0,45.0,5.0,6.0,2719.53,2900.82
480.0,85.0,43.0,8.0,3.0,2485.31,2647.28
480.0,73.0,0.0,53.0,5.0,1298.0,3432.53
480.0,77.0,1.0,52.0,6.0,1351.51,3479.42
480.0,66.0,0.0,47.0,8.0,1371.99,3382.12
480.0,64.0,0.0,49.0,5.0,1236.98,3272.18
480.0,75.0,0.0,44.0,10.0,1379.59,3340.64
480.0,78.0,1.0,47.0,12.0,1605.52,3775.32
480.0,77.0,0.0,50.0,8.0,1403.05,3557.28
480.0,86.0,1.0,53.0,5.0,1306.41,3443.15
480.0,77.0,0.0,47.0,13.0,1607.12,3770.34
480.0,73.0,0.0,55.0,6.0,1360.95,3587.23
480.0,79.0,2.0,51.0,9.0,1559.18,3760.62
480.0,68.0,2.0,56.0,4.0,1360.71,3551.06
480.0,80.0,0.0,53.0,8.0,1453.95,3683.45
480.0,71.0,1.0,47.0,11.0,1546.86,3666.4
480.0,86.0,1.0,58.0,3.0,1267.27,3441.34
480.0,69.0,0.0,53.0,7.0,1370.49,3548.2
480.0,70.0,1.0,48.0,11.0,1571.01,3729.75
480.0,67.0,1.0,47.0,6.0,1246.68,3164.8
480.0,65.0,0.0,47.0,5.0,1147.41,3101.8
480.0,82.0,0.0,53.0,6.0,1332.57,3483.78
480.0,66.0,1.0,49.0,6.0,1276.98,3272.57
480.0,82.0,0.0,55.0,5.0,1292.37,3474.74
480.0,74.0,0.0,55.0,5.0,1331.14,3514.07
480.0,71.0,1.0,48.0,6.0,1270.55,3281.05
480.0,76.0,0.0,54.0,6.0,1331.87,3498.57
480.0,78.0,0.0,51.0,11.0,1554.85,3798.66
480.0,69.0,0.0,47.0,7.0,1260.43,3238.34
480.0,66.0,1.0,44.0,11.0,1508.18,3545.74
480.0,86.0,0.0,52.0,9.0,1467.44,3694.26
480.0,77.0,1.0,48.0,10.0,1522.34,3640.72
480.0,69.0,0.0,51.0,7.0,1365.89,3533.19
480.0,88.0,0.0,53.0,8.0,1426.1,3632.31
480.0,68.0,0.0,48.0,8.0,1345.59,3399.12
480.0,80.0,0.0,53.0,7.0,1378.02,3540.88
480.0,72.0,0.0,54.0,5.0,1281.11,3454.96
480.0,81.0,2.0,51.0,10.0,1592.07,3782.59
480.0,87.0,1.0,57.0,5.0,1371.99,3610.45
480.0,82.0,0.0,51.0,10.0,1495.65,3692.93
480.0,73.0,1.0,52.0,5.0,1350.0,3456.15
480.0,83.0,0.0,52.0,7.0,1372.2,3569.68
480.0,69.0,0.0,52.0,5.0,1239.58,3315.57
480.0,71.0,0.0,51.0,5.0,1224.15,3284.78
480.0,79.0,0.0,53.0,8.0,1425.31,3609.57
480.0,83.0,0.0,46.0,12.0,1546.88,3670.43
480.0,67.0,3.0,46.0,8.0,1449.02,3406.96
480.0,84.0,1.0,55.0,4.0,1272.5,3409.91
480.0,67.0,2.0,42.0,12.0,1561.97,3510.07
480.0,80.0,1.0,56.0,6.0,1411.64,3641.56
480.0,78.0,1.0,51.0,4.0,1231.56,3269.55
480.0,72.0,0.0,50.0,10.0,1494.45,3688.83
480.0,65.0,2.0,44.0,5.0,1190.47,3000.9
480.0,86.0,1.0,51.0,8.0,1438.3,3587.42
480.0,82.0,0.0,49.0,11.0,1558.08,3798.75
480.0,72.0,0.0,50.0,12.0,1607.45,3852.29
480.0,71.0,0.0,45.0,9.0,1371.17,3334.83
480.0,73.0,0.0,52.0,8.0,1464.08,3686.47
480.0,79.0,1.0,49.0,11.0,1621.26,3838.04
480.0,69.0,0.0,49.0,10.0,1470.3,3596.34
480.0,82.0,0.0,48.0,8.0,1403.43,3458.44
480.0,67.0,2.0,50.0,8.0,1467.85,3571.78
480.0,84.0,0.0,60.0,1.0,1187.75,3425.15
480.0,73.0,0.0,49.0,11.0,1529.28,3688.14
480.0,77.0,1.0,44.0,9.0,1410.93,3322.0
480.0,98.0,0.0,54.0,7.0,1387.33,3616.4
480.0,78.0,0.0,51.0,8.0,1425.57,3607.32
480.0,72.0,2.0,52.0,7.0,1500.44,3656.36
480.0,80.0,0.0,47.0,11.0,1511.93,3625.54
480.0,77.0,0.0,49.0,7.0,1328.21,3388.03
480.0,74.0,0.0,50.0,9.0,1425.12,3577.15
480.0,75.0,1.0,50.0,10.0,1564.48,3735.04
480.0,64.0,0.0,47.0,10.0,1429.61,3464.48
480.0,76.0,0.0,53.0,8.0,1460.99,3717.61
480.0,85.0,1.0,48.0,11.0,1554.64,3686.41
480.0,67.0,0.0,44.0,9.0,1360.55,3362.21
480.0,86.0,1.0,55.0,3.0,1234.94,3388.05
480.0,73.0,1.0,56.0,5.0,1348.71,3535.11
480.0,72.0,1.0,45.0,14.0,1685.79,3806.83
480.0,79.0,0.0,55.0,6.0,1354.51,3596.88
480.0,69.0,1.0,46.0,12.0,1594.12,3699.83
480.0,70.0,0.0,48.0,10.0,1468.43,3580.39
480.0,76.0,3.0,52.0,3.0,1257.02,3247.16
480.0,71.0,2.0,52.0,10.0,1629.89,3871.92
480.0,75.0,2.0,50.0,8.0,1482.11,3592.16
480.0,90.0,0.0,50.0,10.0,1498.4,3708.29
480.0,86.0,0.0,51.0,10.0,1545.4,3725.22
480.0,75.0,2.0,46.0,9.0,1463.86,3456.8
480.0,80.0,0.0,51.0,6.0,1318.78,3434.02
480.0,71.0,1.0,48.0,7.0,1340.6,3342.1
480.0,67.0,3.0,51.0,7.0,1483.38,3598.1
480.0,83.0,2.0,53.0,4.0,1295.55,3373.25
480.0,76.0,0.0,52.0,9.0,1477.3,3684.51
480.0,82.0,0.0,53.0,6.0,1341.33,3523.54
480.0,63.0,0.0,49.0,6.0,1234.87,3216.45
480.0,81.0,1.0,49.0,11.0,1580.45,3762.15
480.0,71.0,0.0,55.0,5.0,1326.87,3542.63
480.0,74.0,0.0,50.0,8.0,1416.56,3568.07
480.0,70.0,1.0,46.0,7.0,1298.5,3253.68
480.0,73.0,0.0,48.0,13.0,1635.03,3847.08
480.0,82.0,0.0,52.0,10.0,1523.9,3744.01
480.0,81.0,1.0,48.0,9.0,1453.97,3511.44
480.0,74.0,36.0,28.0,7.0,2705.95,3886.16
480.0,78.0,35.0,32.0,5.0,2613.12,3873.59
480.0,82.0,39.0,34.0,4.0,2838.85,4050.8
480.0,64.0,26.0,30.0,3.0,2041.93,3260.1
480.0,79.0,35.0,36.0,4.0,2612.15,3948.37
480.0,80.0,33.0,37.0,7.0,2733.06,4205.68
480.0,88.0,40.0,37.0,9.0,3207.86,4711.35
480.0,85.0,32.0,36.0,12.0,2976.42,4530.6
480.0,75.0,33.0,29.0,9.0,2740.44,4040.67
480.0,76.0,27.0,40.0,6.0,2415.02,4048.07
480.0,68.0,31.0,29.0,4.0,2313.87,3475.2
480.0,71.0,29.0,31.0,8.0,2493.96,3832.8
480.0,74.0,32.0,28.0,7.0,2536.39,3729.75
480.0,70.0,38.0,21.0,7.0,2670.88,3559.42
480.0,87.0,39.0,38.0,3.0,2761.54,4151.29
480.0,83.0,38.0,31.0,6.0,2858.15,3980.6
480.0,63.0,27.0,26.0,5.0,2117.36,3263.51
480.0,77.0,36.0,29.0,5.0,2638.43,3805.2
480.0,67.0,28.0,35.0,3.0,2157.7,3594.87
480.0,82.0,45.0,26.0,6.0,3011.78,4023.43
480.0,90.0,39.0,30.0,13.0,3319.21,4671.65
480.0,76.0,35.0,30.0,8.0,2670.23,3996.54
480.0,82.0,45.0,28.0,2.0,2815.63,3783.18
480.0,75.0,30.0,33.0,5.0,2350.8,3735.09
480.0,70.0,28.0,34.0,5.0,2330.58,3721.64
480.0,79.0,40.0,35.0,3.0,2758.67,3987.86
480.0,63.0,21.0,27.0,11.0,2270.34,3572.02
480.0,72.0,29.0,32.0,4.0,2255.69,3568.8
480.0,68.0,34.0,22.0,9.0,2681.37,3770.64
480.0,94.0,46.0,29.0,8.0,3266.29,4418.99
480.0,77.0,38.0,26.0,8.0,2760.75,3962.44
480.0,81.0,33.0,32.0,11.0,2907.29,4342.17
480.0,68.0,33.0,25.0,7.0,2524.51,3622.86
480.0,83.0,37.0,31.0,9.0,3010.86,4250.97
480.0,72.0,37.0,21.0,9.0,2831.09,3711.62
480.0,77.0,32.0,37.0,5.0,2541.06,3952.4
480.0,87.0,39.0,34.0,9.0,3141.13,4442.08
480.0,87.0,35.0,37.0,10.0,3036.07,4522.0
480.0,71.0,26.0,34.0,3.0,2157.35,3530.39
480.0,77.0,32.0,32.0,6.0,2564.7,3911.13
480.0,72.0,29.0,29.0,8.0,2412.03,3770.67
480.0,72.0,37.0,29.0,4.0,2541.91,3676.57
480.0,79.0,37.0,26.0,11.0,3038.43,4149.21
480.0,81.0,28.0,35.0,14.0,2921.08,4459.13
480.0,63.0,30.0,27.0,4.0,2242.16,3238.84
480.0,105.0,35.0,47.0,11.0,3311.03,5245.4
480.0,68.0,31.0,28.0,9.0,2571.46,3823.86
480.0,66.0,29.0,27.0,5.0,2306.68,3388.08
480.0,81.0,39.0,33.0,7.0,2961.87,4220.83
480.0,76.0,33.0,34.0,5.0,2514.86,3894.51
480.0,68.0,31.0,30.0,5.0,2415.78,3511.2
480.0,75.0,39.0,22.0,8.0,2855.08,3745.03
480.0,71.0,30.0,33.0,7.0,2551.25,3837.49
480.0,81.0,39.0,33.0,6.0,2883.07,4187.97
480.0,69.0,23.0,33.0,8.0,2320.71,3725.87
480.0,69.0,28.0,34.0,6.0,2407.23,3690.45
480.0,78.0,39.0,29.0,7.0,2833.26,3985.12
480.0,81.0,34.0,31.0,10.0,2859.13,4252.66
480.0,80.0,30.0,37.0,7.0,2517.3,4116.17
480.0,57.0,20.0,26.0,7.0,1998.58,3177.55
480.0,94.0,29.0,49.0,7.0,2801.43,4684.22
480.0,72.0,39.0,23.0,6.0,2788.26,3619.96
480.0,83.0,31.0,40.0,7.0,2665.93,4289.25
480.0,95.0,40.0,36.0,10.0,3298.76,4872.04
480.0,68.0,25.0,33.0,6.0,2197.48,3628.49
480.0,73.0,35.0,27.0,9.0,2858.74,3921.6
480.0,72.0,31.0,30.0,8.0,2640.96,3883.33
480.0,71.0,34.0,25.0,4.0,2393.19,3479.03
480.0,77.0,36.0,30.0,7.0,2728.24,3974.41
480.0,76.0,32.0,36.0,6.0,2544.62,4018.91
480.0,82.0,37.0,33.0,6.0,2736.82,4124.54
480.0,82.0,34.0,42.0,4.0,2678.31,4202.36
480.0,86.0,39.0,36.0,7.0,2977.1,4406.63
480.0,77.0,28.0,35.0,7.0,2539.03,3958.79
480.0,75.0,39.0,24.0,5.0,2624.46,3612.29
480.0,72.0,28.0,34.0,6.0,2326.5,3799.7
480.0,72.0,28.0,33.0,8.0,2499.8,3876.07
480.0,82.0,39.0,31.0,8.0,3024.32,4305.75
480.0,60.0,27.0,24.0,6.0,2109.39,3198.85
480.0,63.0,29.0,27.0,3.0,2101.67,3190.28
480.0,66.0,33.0,26.0,3.0,2233.12,3259.08
480.0,77.0,25.0,35.0,9.0,2421.88,3946.23
480.0,67.0,26.0,25.0,9.0,2345.0,3496.48
480.0,71.0,28.0,36.0,3.0,2243.73,3661.67
480.0,79.0,40.0,26.0,9.0,2978.57,4113.47
480.0,65.0,31.0,24.0,7.0,2355.75,3495.08
480.0,84.0,36.0,38.0,8.0,2928.07,4439.97
480.0,71.0,30.0,30.0,7.0,2413.34,3707.19
480.0,65.0,32.0,27.0,4.0,2325.18,3386.58
480.0,74.0,37.0,33.0,1.0,2408.41,3637.92
480.0,81.0,32.0,38.0,8.0,2733.08,4341.4
480.0,82.0,37.0,34.0,6.0,2840.55,4241.78
480.0,71.0,27.0,34.0,4.0,2193.78,3626.08
480.0,73.0,21.0,37.0,10.0,2383.32,3935.66
480.0,77.0,30.0,32.0,9.0,2754.55,3948.39
480.0,89.0,41.0,30.0,8.0,3115.71,4264.52
480.0,68.0,26.0,25.0,12.0,2631.98,3835.48
480.0,80.0,31.0,36.0,7.0,2602.64,4083.67
480.0,77.0,41.0,25.0,3.0,2581.1,3594.7
480.0,74.0,34.0,19.0,14.0,3034.19,3970.87
480.0,83.0,28.0,35.0,5.0,2314.44,3743.84
480.0,64.0,30.0,23.0,4.0,2170.1,3049.98
480.0,79.0,28.0,32.0,6.0,2412.58,3701.35
480.0,66.0,23.0,27.0,7.0,2009.66,3344.22
480.0,76.0,24.0,33.0,6.0,2234.8,3587.2
480.0,68.0,32.0,22.0,4.0,2226.46,3178.16
480.0,81.0,34.0,26.0,3.0,2256.12,3332.3
480.0,82.0,21.0,35.0,2.0,1785.85,3203.61
480.0,81.0,35.0,19.0,7.0,2459.48,3331.88
480.0,77.0,25.0,29.0,5.0,2090.98,3241.46
480.0,68.0,23.0,31.0,2.0,1834.29,3010.38
480.0,74.0,28.0,25.0,8.0,2316.11,3473.58
480.0,69.0,26.0,30.0,6.0,2163.72,3479.16
480.0,70.0,29.0,25.0,4.0,2112.65,3158.02
480.0,86.0,30.0,31.0,4.0,2274.65,3502.02
480.0,79.0,20.0,36.0,6.0,1971.67,3586.47
480.0,82.0,25.0,28.0,9.0,2283.15,3625.29
480.0,78.0,26.0,30.0,4.0,2056.54,3324.03
480.0,64.0,16.0,30.0,3.0,1578.1,2785.31
480.0,82.0,27.0,26.0,9.0,2410.38,3677.44
480.0,62.0,25.0,29.0,3.0,1952.3,3076.82
480.0,77.0,29.0,27.0,5.0,2196.06,3371.67
480.0,77.0,26.0,29.0,6.0,2290.96,3531.04
480.0,69.0,24.0,26.0,3.0,1816.0,2887.76
480.0,74.0,29.0,30.0,7.0,2374.62,3761.38
480.0,85.0,31.0,33.0,7.0,2533.13,3902.19
480.0,73.0,20.0,34.0,5.0,1877.41,3361.53
480.0,71.0,19.0,34.0,4.0,1861.64,3312.31
480.0,76.0,27.0,22.0,8.0,2224.29,3335.33
480.0,78.0,24.0,31.0,8.0,2269.68,3602.82
480.0,66.0,30.0,22.0,4.0,2194.73,3169.62
480.0,90.0,26.0,32.0,8.0,2402.62,3708.22
480.0,67.0,30.0,26.0,7.0,2352.74,3554.56
480.0,86.0,30.0,27.0,6.0,2430.95,3403.07
480.0,72.0,30.0,26.0,2.0,2054.52,3060.55
480.0,72.0,29.0,28.0,3.0,2153.04,3203.94
480.0,87.0,31.0,28.0,7.0,2485.56,3666.21
480.0,90.0,24.0,25.0,13.0,2439.81,3829.31
480.0,75.0,20.0,34.0,7.0,2114.16,3503.45
480.0,72.0,31.0,23.0,4.0,2137.31,3097.16
480.0,74.0,31.0,28.0,4.0,2249.28,3377.68
480.0,77.0,24.0,35.0,5.0,2162.71,3583.23
480.0,90.0,27.0,30.0,8.0,2394.96,3707.76
480.0,73.0,18.0,30.0,11.0,2209.17,3678.85
480.0,76.0,28.0,29.0,6.0,2346.39,3559.32
480.0,83.0,28.0,26.0,5.0,2150.77,3216.66
480.0,80.0,28.0,27.0,8.0,2357.55,3615.29
480.0,76.0,19.0,38.0,9.0,2207.11,3900.74
480.0,78.0,23.0,35.0,5.0,2114.99,3545.22
480.0,79.0,27.0,31.0,3.0,2121.72,3440.6
480.0,69.0,26.0,23.0,7.0,2156.91,3198.12
480.0,74.0,26.0,32.0,7.0,2295.25,3667.89
480.0,86.0,28.0,28.0,7.0,2339.31,3610.96
480.0,83.0,32.0,31.0,5.0,2439.81,3699.34
480.0,65.0,23.0,29.0,6.0,2032.26,3254.56
480.0,81.0,27.0,27.0,4.0,2082.84,3248.66
480.0,79.0,25.0,30.0,5.0,2058.2,3377.55
480.0,66.0,28.0,24.0,2.0,1885.29,2867.06
480.0,75.0,29.0,33.0,0.0,2018.86,3174.23
480.0,49.0,16.0,24.0,6.0,1585.31,2787.71
480.0,77.0,23.0,32.0,3.0,1909.83,3206.52
480.0,75.0,27.0,25.0,7.0,2277.22,3344.65
480.0,75.0,27.0,26.0,7.0,2274.06,3482.43
480.0,91.0,30.0,29.0,4.0,2185.97,3449.12
480.0,78.0,33.0,27.0,4.0,2292.61,3454.47
480.0,78.0,22.0,35.0,3.0,1932.26,3405.04
480.0,68.0,28.0,27.0,4.0,2155.29,3269.29
480.0,76.0,25.0,31.0,2.0,1897.98,3163.73
480.0,83.0,26.0,31.0,7.0,2307.6,3592.49
480.0,80.0,22.0,37.0,6.0,2117.98,3649.44
480.0,69.0,24.0,27.0,6.0,2042.79,3283.62
480.0,91.0,23.0,35.0,5.0,2168.14,3637.76
480.0,94.0,32.0,32.0,4.0,2415.34,3535.86
480.0,86.0,24.0,30.0,6.0,2078.5,3426.71
480.0,64.0,24.0,27.0,3.0,1806.31,2995.89
480.0,77.0,23.0,32.0,5.0,1984.07,3386.02
480.0,66.0,32.0,24.0,3.0,2148.87,3152.91
480.0,83.0,19.0,33.0,10.0,2163.67,3714.63
480.0,59.0,26.0,21.0,4.0,1909.47,2801.51
480.0,76.0,31.0,33.0,6.0,2512.86,3859.72
480.0,87.0,27.0,32.0,1.0,1921.82,3172.26
480.0,81.0,30.0,27.0,9.0,2565.61,3699.42
480.0,72.0,25.0,28.0,3.0,1909.98,3087.48
480.0,70.0,24.0,33.0,6.0,2132.5,3563.28
480.0,85.0,30.0,32.0,4.0,2309.36,3612.64
480.0,68.0,28.0,23.0,4.0,1999.78,2958.62
480.0,89.0,30.0,26.0,5.0,2190.27,3334.77
480.0,76.0,21.0,28.0,8.0,2042.71,3349.44
480.0,71.0,32.0,22.0,3.0,2190.4,3016.25
480.0,93.0,19.0,35.0,6.0,2056.85,3483.16
480.0,81.0,21.0,35.0,4.0,1871.51,3354.78
480.0,84.0,34.0,23.0,4.0,2335.62,3320.05
480.0,71.0,29.0,26.0,5.0,2198.23,3348.26
480.0,77.0,25.0,31.0,4.0,2030.97,3298.21
480.0,86.0,29.0,29.0,6.0,2296.45,3557.96
480.0,74.0,27.0,26.0,9.0,2369.24,3531.46
480.0,67.0,14.0,35.0,5.0,1715.71,3304.1
480.0,89.0,27.0,33.0,4.0,2183.64,3568.32
480.0,73.0,28.0,30.0,6.0,2248.16,3554.03
480.0,71.0,27.0,23.0,6.0,2113.96,3154.31
480.0,67.0,32.0,28.0,3.0,2322.7,3396.57
480.0,66.0,31.0,31.0,2.0,2214.39,3331.69
480.0,76.0,30.0,37.0,5.0,2457.55,3896.82
480.0,69.0,26.0,35.0,6.0,2228.05,3722.76
480.0,73.0,30.0,31.0,9.0,2602.26,3977.4
480.0,71.0,25.0,37.0,6.0,2319.4,3767.69
480.0,84.0,34.0,34.0,12.0,3009.55,4509.41
480.0,84.0,34.0,36.0,8.0,2884.02,4270.27
480.0,67.0,28.0,30.0,4.0,2213.51,3407.08
480.0,71.0,18.0,42.0,7.0,2210.78,3891.91
480.0,74.0,23.0,39.0,10.0,2474.57,4176.84
480.0,73.0,31.0,31.0,7.0,2567.59,3833.0
480.0,73.0,26.0,38.0,5.0,2274.75,3734.74
480.0,76.0,34.0,25.0,12.0,2831.31,4054.19
480.0,93.0,43.0,40.0,6.0,3110.05,4634.12
480.0,74.0,30.0,34.0,4.0,2281.5,3674.26
480.0,69.0,28.0,30.0,6.0,2375.58,3633.1
480.0,76.0,25.0,34.0,10.0,2560.29,3965.25
480.0,78.0,27.0,36.0,11.0,2774.19,4318.76
480.0,77.0,38.0,31.0,2.0,2518.26,3727.89
480.0,72.0,28.0,34.0,8.0,2462.69,4020.61
480.0,83.0,46.0,30.0,2.0,2897.4,4011.84
480.0,81.0,37.0,35.0,3.0,2629.6,3904.19
480.0,71.0,30.0,29.0,4.0,2255.73,3420.55
480.0,81.0,29.0,40.0,8.0,2645.57,4326.8
480.0,75.0,42.0,27.0,3.0,2742.74,3617.03
480.0,72.0,32.0,24.0,10.0,2644.4,3875.96
480.0,75.0,29.0,35.0,6.0,2461.19,3869.53
480.0,81.0,33.0,29.0,12.0,3054.24,4285.13
480.0,75.0,33.0,32.0,6.0,2570.77,3954.7
480.0,59.0,24.0,26.0,8.0,2165.89,3336.81
480.0,94.0,38.0,41.0,8.0,3038.8,4740.02
480.0,77.0,37.0,28.0,10.0,2947.86,4210.25
480.0,81.0,38.0,26.0,10.0,3034.25,4153.11
480.0,71.0,32.0,26.0,11.0,2755.93,3953.82
480.0,80.0,33.0,35.0,10.0,2864.64,4393.31
480.0,90.0,46.0,29.0,9.0,3361.38,4515.53
480.0,90.0,34.0,39.0,8.0,2827.21,4465.89
480.0,71.0,30.0,30.0,5.0,2332.29,3565.32
480.0,81.0,33.0,38.0,5.0,2623.07,4140.75
480.0,82.0,34.0,34.0,7.0,2746.56,4134.5
480.0,73.0,34.0,30.0,6.0,2531.25,3754.72
480.0,80.0,43.0,32.0,4.0,2877.76,4053.63
480.0,78.0,35.0,27.0,11.0,2934.99,4124.27
480.0,66.0,33.0,20.0,9.0,2546.0,3506.27
480.0,84.0,26.0,43.0,9.0,2597.23,4371.05
480.0,70.0,32.0,29.0,8.0,2575.73,3794.01
480.0,80.0,30.0,35.0,7.0,2649.13,3943.97
480.0,78.0,39.0,31.0,4.0,2731.45,3896.95
480.0,74.0,32.0,28.0,8.0,2568.82,3850.82
480.0,69.0,29.0,28.0,9.0,2527.22,3761.42
480.0,84.0,28.0,41.0,5.0,2473.39,4057.37
480.0,83.0,32.0,37.0,9.0,2826.9,4394.57
480.0,90.0,37.0,34.0,10.0,3288.21,4568.28
480.0,67.0,27.0,33.0,5.0,2205.54,3540.1
480.0,79.0,33.0,37.0,7.0,2813.13,4165.35
480.0,85.0,36.0,39.0,5.0,2787.52,4330.15
480.0,82.0,28.0,34.0,13.0,2801.06,4392.79
480.0,67.0,30.0,30.0,6.0,2324.22,3658.01
480.0,70.0,29.0,31.0,7.0,2360.45,3764.26
480.0,77.0,35.0,34.0,4.0,2605.33,3855.18
480.0,84.0,39.0,28.0,11.0,3175.17,4333.08
480.0,75.0,37.0,29.0,4.0,2621.1,3707.27
480.0,84.0,33.0,36.0,9.0,2807.81,4351.18
480.0,65.0,27.0,29.0,4.0,2054.7,3306.35
480.0,80.0,34.0,30.0,10.0,2923.66,4153.67
480.0,73.0,28.0,31.0,9.0,2433.5,3869.8
480.0,70.0,32.0,27.0,4.0,2261.8,3421.68
480.0,82.0,37.0,29.0,10.0,3007.56,4230.81
480.0,75.0,28.0,40.0,6.0,2443.44,4009.86
480.0,72.0,31.0,26.0,9.0,2567.88,3749.71
480.0,72.0,29.0,34.0,4.0,2332.79,3758.65
480.0,88.0,35.0,34.0,11.0,3172.33,4564.16
480.0,75.0,32.0,32.0,11.0,2817.93,4202.81
480.0,91.0,47.0,32.0,8.0,3372.67,4672.92
480.0,70.0,28.0,34.0,7.0,2442.7,3812.95
480.0,69.0,24.0,34.0,6.0,2179.21,3642.69
480.0,89.0,36.0,42.0,5.0,2857.53,4423.03
480.0,63.0,29.0,25.0,7.0,2276.69,3397.93
480.0,67.0,29.0,31.0,4.0,2250.27,3466.71
480.0,81.0,38.0,29.0,5.0,2685.89,3797.13
480.0,81.0,38.0,27.0,9.0,2931.06,4082.24
480.0,73.0,28.0,33.0,8.0,2490.65,3988.46
480.0,73.0,33.0,31.0,5.0,2522.5,3770.41
480.0,72.0,35.0,31.0,5.0,2575.44,3779.24
480.0,64.0,34.0,18.0,9.0,2525.23,3507.04
480.0,90.0,32.0,39.0,10.0,2923.1,4593.48
480.0,73.0,33.0,31.0,6.0,2543.17,3863.82
480.0,67.0,35.0,24.0,5.0,2487.44,3524.27
480.0,82.0,39.0,30.0,6.0,2853.3,4060.57
480.0,76.0,41.0,21.0,9.0,2990.9,4016.41
480.0,98.0,36.0,35.0,17.0,3494.28,5207.98
480.0,67.0,28.0,29.0,7.0,2325.7,3643.65
480.0,83.0,32.0,38.0,7.0,2719.19,4209.53
480.0,89.0,36.0,28.0,10.0,3039.71,4092.88
480.0,77.0,35.0,29.0,8.0,2718.92,3934.61
480.0,73.0,35.0,28.0,6.0,2608.16,3728.96
480.0,74.0,25.0,37.0,8.0,2419.19,3949.21
480.0,82.0,38.0,37.0,4.0,2777.5,4155.9
480.0,76.0,38.0,17.0,15.0,3161.91,4054.69
480.0,77.0,40.0,5.0,3.0,2238.5,2317.75
480.0,65.0,44.0,2.0,2.0,2330.52,2185.76
480.0,71.0,39.0,3.0,3.0,2143.24,2167.52
480.0,69.0,42.0,3.0,1.0,2188.29,2107.89
480.0,70.0,40.0,3.0,3.0,2182.95,2151.91
480.0,74.0,37.0,6.0,4.0,2219.08,2329.14
480.0,77.0,43.0,3.0,3.0,2360.15,2249.11
480.0,77.0,39.0,5.0,2.0,2165.06,2197.95
480.0,72.0,42.0,2.0,2.0,2252.49,2121.22
480.0,76.0,44.0,3.0,2.0,2280.25,2276.59
480.0,72.0,35.0,9.0,4.0,2193.95,2417.65
480.0,80.0,42.0,3.0,3.0,2334.2,2293.71
480.0,70.0,43.0,3.0,3.0,2343.18,2306.95
480.0,81.0,38.0,3.0,6.0,2369.96,2392.91
480.0,84.0,42.0,6.0,0.0,2149.51,2241.76
480.0,80.0,39.0,8.0,1.0,2111.95,2283.56
480.0,66.0,35.0,7.0,4.0,2080.81,2402.99
480.0,74.0,40.0,4.0,4.0,2364.09,2401.21
480.0,86.0,41.0,3.0,4.0,2363.58,2328.0
480.0,69.0,43.0,3.0,2.0,2252.36,2217.3
480.0,67.0,39.0,5.0,5.0,2328.7,2439.22
480.0,72.0,37.0,7.0,4.0,2205.48,2391.66
480.0,75.0,43.0,3.0,2.0,2281.19,2229.76
480.0,75.0,44.0,3.0,0.0,2153.1,2076.47
480.0,80.0,38.0,6.0,2.0,2219.91,2299.94
480.0,89.0,39.0,9.0,1.0,2144.96,2382.97
480.0,66.0,38.0,3.0,5.0,2258.08,2296.4
480.0,74.0,42.0,4.0,2.0,2250.8,2274.91
480.0,80.0,38.0,8.0,3.0,2198.87,2426.33
480.0,67.0,39.0,3.0,6.0,2370.8,2446.83
480.0,72.0,37.0,7.0,3.0,2169.43,2361.21
480.0,80.0,41.0,6.0,2.0,2211.16,2322.29
480.0,77.0,41.0,3.0,4.0,2385.6,2329.38
480.0,82.0,38.0,6.0,3.0,2207.27,2256.74
480.0,79.0,40.0,4.0,4.0,2344.58,2304.56
480.0,78.0,39.0,4.0,6.0,2459.64,2408.9
480.0,87.0,35.0,5.0,9.0,2481.87,2589.04
480.0,83.0,39.0,4.0,5.0,2298.65,2415.42
480.0,71.0,44.0,2.0,2.0,2301.9,2197.06
480.0,69.0,38.0,7.0,3.0,2194.83,2316.24
480.0,82.0,41.0,6.0,1.0,2156.21,2229.65
480.0,73.0,42.0,5.0,1.0,2185.08,2201.5
480.0,82.0,38.0,8.0,3.0,2189.99,2394.42
480.0,77.0,40.0,4.0,4.0,2349.3,2310.08
480.0,67.0,38.0,6.0,3.0,2181.69,2290.79
480.0,78.0,41.0,4.0,4.0,2299.5,2428.61
480.0,84.0,35.0,7.0,6.0,2329.6,2423.08
480.0,83.0,38.0,8.0,3.0,2199.92,2376.91
480.0,79.0,40.0,7.0,2.0,2193.67,2324.94
480.0,76.0,47.0,0.0,1.0,2329.39,2079.83
480.0,69.0,36.0,7.0,5.0,2254.97,2413.32
480.0,81.0,41.0,4.0,2.0,2209.38,2184.14
480.0,80.0,36.0,6.0,5.0,2344.31,2452.49
480.0,82.0,36.0,8.0,3.0,2198.25,2409.64
480.0,82.0,40.0,3.0,4.0,2313.09,2277.74
480.0,80.0,44.0,2.0,2.0,2348.63,2194.25
480.0,77.0,44.0,4.0,1.0,2257.95,2214.11
480.0,73.0,42.0,2.0,3.0,2266.08,2183.28
480.0,80.0,38.0,8.0,2.0,2128.78,2408.85
480.0,53.0,36.0,7.0,4.0,2238.86,2374.97
480.0,81.0,44.0,3.0,2.0,2292.93,2246.66
480.0,71.0,39.0,4.0,5.0,2384.83,2383.65
480.0,82.0,38.0,5.0,4.0,2251.13,2337.02
480.0,84.0,35.0,8.0,5.0,2226.47,2506.85
480.0,77.0,40.0,6.0,3.0,2253.1,2385.85
480.0,76.0,40.0,5.0,2.0,2209.14,2232.51
480.0,75.0,38.0,5.0,4.0,2257.46,2336.12
480.0,70.0,44.0,4.0,0.0,2169.18,2134.06
480.0,77.0,42.0,4.0,2.0,2259.01,2221.1
480.0,90.0,43.0,3.0,2.0,2271.04,2219.2
480.0,70.0,40.0,3.0,4.0,2335.48,2304.93
480.0,75.0,41.0,4.0,3.0,2323.14,2286.06
480.0,88.0,41.0,5.0,3.0,2300.99,2290.94
480.0,86.0,38.0,6.0,4.0,2210.91,2381.39
480.0,60.0,41.0,3.0,4.0,2326.68,2321.65
480.0,64.0,39.0,4.0,5.0,2328.89,2382.8
480.0,65.0,37.0,8.0,3.0,2206.79,2383.05
480.0,87.0,38.0,7.0,3.0,2223.55,2325.24
480.0,62.0,37.0,5.0,5.0,2285.86,2353.18
480.0,74.0,38.0,7.0,4.0,2265.48,2425.72
480.0,79.0,40.0,7.0,2.0,2203.8,2327.33
480.0,77.0,39.0,6.0,3.0,2272.71,2344.32
480.0,75.0,42.0,2.0,3.0,2317.04,2178.26
480.0,77.0,41.0,3.0,4.0,2325.16,2342.66
480.0,73.0,46.0,3.0,0.0,2247.4,2153.29
480.0,70.0,42.0,3.0,2.0,2223.49,2150.24
480.0,87.0,42.0,4.0,2.0,2303.64,2256.59
480.0,69.0,40.0,5.0,2.0,2102.68,2240.8
480.0,71.0,34.0,11.0,3.0,2097.55,2399.6
480.0,75.0,41.0,2.0,4.0,2275.68,2235.88
480.0,82.0,41.0,3.0,4.0,2298.89,2293.9
480.0,89.0,41.0,4.0,5.0,2410.66,2468.45
480.0,78.0,39.0,5.0,3.0,2250.13,2281.36
480.0,79.0,36.0,4.0,7.0,2416.27,2437.34
480.0,62.0,42.0,4.0,2.0,2339.7,2294.38
480.0,81.0,39.0,5.0,4.0,2274.31,2367.6
480.0,78.0,39.0,4.0,4.0,2287.91,2274.88
480.0,88.0,36.0,9.0,4.0,2224.9,2440.45
480.0,82.0,39.0,5.0,4.0,2331.63,2350.27
480.0,82.0,37.0,4.0,7.0,2469.54,2421.26
480.0,71.0,40.0,6.0,4.0,2384.27,2572.49
480.0,67.0,44.0,7.0,4.0,2590.95,2796.53
480.0,74.0,45.0,9.0,2.0,2470.79,2805.42
480.0,76.0,46.0,8.0,5.0,2709.68,3089.72
480.0,73.0,44.0,9.0,4.0,2572.13,2925.55
480.0,65.0,44.0,12.0,2.0,2516.11,2873.19
480.0,74.0,45.0,5.0,7.0,2781.31,3023.22
480.0,71.0,44.0,7.0,5.0,2614.61,2910.16
480.0,71.0,44.0,3.0,7.0,2680.32,2885.72
480.0,77.0,46.0,10.0,4.0,2695.41,3023.2
480.0,70.0,45.0,6.0,4.0,2637.46,2868.59
480.0,64.0,46.0,5.0,3.0,2552.41,2622.53
480.0,76.0,48.0,8.0,2.0,2601.93,2854.12
480.0,63.0,37.0,9.0,8.0,2687.81,3035.19
480.0,81.0,49.0,5.0,2.0,2566.48,2785.4
480.0,69.0,46.0,12.0,2.0,2558.3,2974.44
480.0,72.0,44.0,7.0,3.0,2473.86,2733.37
480.0,84.0,45.0,10.0,5.0,2762.08,3163.55
480.0,68.0,45.0,4.0,3.0,2490.68,2616.35
480.0,83.0,45.0,14.0,3.0,2702.83,3211.0
480.0,75.0,47.0,10.0,2.0,2590.49,2937.23
480.0,71.0,45.0,7.0,4.0,2668.39,2921.21
480.0,79.0,46.0,11.0,2.0,2580.26,2985.31
480.0,72.0,46.0,6.0,0.0,2298.23,2482.81
480.0,77.0,45.0,10.0,4.0,2635.32,3095.45
480.0,71.0,46.0,11.0,4.0,2702.6,3050.79
480.0,74.0,45.0,12.0,4.0,2662.97,3160.08
480.0,77.0,47.0,10.0,2.0,2587.11,2977.28
480.0,70.0,38.0,7.0,8.0,2623.7,2913.6
480.0,79.0,44.0,9.0,7.0,2816.23,3200.97
480.0,68.0,43.0,4.0,5.0,2512.25,2667.01
480.0,83.0,46.0,9.0,4.0,2686.86,3032.29
480.0,75.0,43.0,7.0,6.0,2722.68,2941.36
480.0,78.0,44.0,5.0,5.0,2613.71,2789.58
480.0,67.0,39.0,8.0,8.0,2692.23,2996.98
480.0,76.0,43.0,11.0,4.0,2616.27,2973.4
480.0,80.0,44.0,10.0,6.0,2794.68,3149.87
480.0,78.0,45.0,8.0,4.0,2650.62,2920.41
480.0,76.0,43.0,3.0,5.0,2557.07,2646.43
480.0,72.0,46.0,9.0,3.0,2612.61,2918.26
480.0,77.0,46.0,6.0,1.0,2425.48,2598.2
480.0,85.0,45.0,7.0,2.0,2438.73,2724.22
480.0,80.0,47.0,8.0,3.0,2646.69,2959.08
480.0,76.0,44.0,4.0,7.0,2726.18,2950.93
480.0,61.0,43.0,7.0,6.0,2664.51,2854.74
480.0,82.0,46.0,7.0,2.0,2520.79,2739.53
480.0,66.0,39.0,9.0,9.0,2795.21,3119.84
480.0,70.0,43.0,7.0,6.0,2697.17,2924.32
480.0,78.0,47.0,7.0,3.0,2608.79,2876.53
480.0,82.0,46.0,10.0,6.0,2821.76,3239.76
480.0,68.0,46.0,8.0,2.0,2537.52,2726.15
480.0,84.0,41.0,9.0,8.0,2780.18,3176.54
480.0,75.0,47.0,8.0,2.0,2551.8,2858.35
480.0,75.0,46.0,11.0,2.0,2656.21,2998.63
480.0,78.0,45.0,7.0,5.0,2694.12,3037.87
480.0,75.0,45.0,7.0,3.0,2553.14,2772.48
480.0,77.0,42.0,10.0,8.0,2874.32,3277.79
480.0,80.0,41.0,6.0,6.0,2568.01,2792.67
480.0,67.0,44.0,10.0,5.0,2723.16,3024.25
480.0,66.0,45.0,10.0,4.0,2636.18,2998.73
480.0,67.0,45.0,10.0,2.0,2520.52,2827.18
480.0,81.0,48.0,10.0,2.0,2624.01,2993.12
480.0,71.0,41.0,14.0,6.0,2789.39,3236.82
480.0,81.0,47.0,8.0,3.0,2624.4,2913.93
480.0,74.0,47.0,6.0,2.0,2512.43,2711.9
480.0,65.0,45.0,6.0,2.0,2455.73,2570.58
480.0,70.0,44.0,7.0,2.0,2509.04,2700.93
480.0,80.0,46.0,9.0,3.0,2614.72,2927.81
480.0,76.0,46.0,13.0,2.0,2632.25,3030.12
480.0,86.0,42.0,10.0,6.0,2742.53,3184.1
480.0,81.0,43.0,10.0,6.0,2748.05,3144.77
480.0,78.0,47.0,8.0,4.0,2697.73,3028.91
480.0,90.0,43.0,10.0,5.0,2678.6,3106.75
480.0,81.0,41.0,3.0,7.0,2636.39,2712.6
480.0,84.0,45.0,7.0,6.0,2733.72,3075.78
480.0,62.0,46.0,3.0,2.0,2476.48,2503.67
480.0,59.0,45.0,9.0,1.0,2410.9,2633.45
480.0,79.0,47.0,10.0,1.0,2592.82,2922.73
480.0,67.0,45.0,6.0,3.0,2433.92,2742.33
480.0,79.0,46.0,10.0,4.0,2707.92,3050.27
480.0,68.0,44.0,7.0,4.0,2548.85,2759.33
480.0,88.0,45.0,19.0,3.0,2746.03,3445.54
480.0,71.0,40.0,7.0,6.0,2566.84,2885.63
480.0,90.0,45.0,8.0,5.0,2725.55,3124.5
480.0,85.0,46.0,9.0,3.0,2568.77,2991.44
480.0,68.0,45.0,5.0,4.0,2558.82,2704.14
480.0,75.0,47.0,3.0,5.0,2661.25,2804.28
480.0,79.0,41.0,3.0,5.0,2536.58,2671.8
480.0,74.0,47.0,8.0,2.0,2571.59,2844.83
480.0,71.0,46.0,4.0,3.0,2466.89,2633.29
480.0,78.0,46.0,8.0,3.0,2602.43,2892.44
480.0,85.0,48.0,9.0,2.0,2582.42,2947.13
480.0,64.0,44.0,5.0,3.0,2494.31,2593.47
480.0,74.0,44.0,12.0,3.0,2612.64,3001.77
480.0,79.0,43.0,9.0,6.0,2714.68,3046.23
480.0,71.0,43.0,8.0,6.0,2720.79,2984.06
480.0,76.0,45.0,11.0,2.0,2529.46,2905.82
480.0,89.0,42.0,9.0,6.0,2729.79,3046.69
480.0,85.0,46.0,11.0,7.0,2896.77,3439.29
480.0,72.0,42.0,4.0,6.0,2608.63,2824.44
480.0,67.0,27.0,35.0,3.0,2161.45,3551.12
480.0,75.0,31.0,36.0,6.0,2580.96,4043.56
480.0,80.0,32.0,35.0,10.0,2850.03,4386.0
480.0,65.0,22.0,32.0,8.0,2119.53,3622.22
480.0,71.0,30.0,31.0,7.0,2407.47,3820.43
480.0,75.0,24.0,40.0,5.0,2221.73,3895.92
480.0,77.0,22.0,40.0,10.0,2467.38,4150.8
480.0,88.0,26.0,42.0,10.0,2690.62,4485.22
480.0,85.0,27.0,39.0,12.0,2775.55,4567.08
480.0,85.0,24.0,47.0,8.0,2556.84,4454.7
480.0,72.0,36.0,31.0,3.0,2523.96,3690.02
480.0,73.0,32.0,33.0,6.0,2551.88,3937.26
480.0,78.0,30.0,42.0,2.0,2304.41,3928.57
480.0,71.0,26.0,33.0,7.0,2462.52,3689.7
480.0,100.0,33.0,45.0,8.0,2879.5,4751.48
480.0,87.0,34.0,41.0,5.0,2650.37,4323.92
480.0,63.0,17.0,33.0,8.0,1961.57,3480.92
480.0,84.0,30.0,44.0,4.0,2530.38,4284.12
480.0,65.0,18.0,34.0,9.0,2127.68,3672.6
480.0,77.0,34.0,25.0,11.0,2822.39,4077.73
480.0,62.0,21.0,33.0,6.0,2042.63,3437.06
480.0,82.0,28.0,39.0,10.0,2675.86,4363.17
480.0,87.0,32.0,37.0,9.0,2849.48,4443.76
480.0,83.0,37.0,34.0,10.0,3013.82,4504.99
480.0,73.0,23.0,42.0,5.0,2194.93,3890.0
480.0,87.0,29.0,42.0,9.0,2732.6,4558.97
480.0,69.0,26.0,35.0,5.0,2194.83,3665.12
480.0,77.0,25.0,42.0,7.0,2502.32,4189.49
480.0,73.0,21.0,35.0,11.0,2400.38,4047.23
480.0,86.0,29.0,39.0,14.0,3005.14,4756.24
480.0,57.0,25.0,23.0,7.0,2088.09,3211.62
480.0,98.0,27.0,53.0,6.0,2678.94,4750.53
480.0,73.0,32.0,33.0,3.0,2317.83,3672.68
480.0,78.0,26.0,40.0,10.0,2584.37,4378.99
480.0,68.0,22.0,33.0,10.0,2316.77,3855.87
480.0,80.0,26.0,41.0,10.0,2578.42,4399.35
480.0,90.0,30.0,44.0,10.0,2963.76,4753.42
480.0,79.0,28.0,38.0,9.0,2630.22,4259.36
480.0,77.0,26.0,39.0,6.0,2331.76,3947.35
480.0,75.0,29.0,37.0,7.0,2477.46,4091.73
480.0,79.0,24.0,46.0,2.0,2126.68,3879.36
480.0,72.0,22.0,39.0,8.0,2265.37,3975.37
480.0,75.0,30.0,32.0,11.0,2707.18,4245.85
480.0,76.0,30.0,36.0,8.0,2608.43,4137.12
480.0,67.0,22.0,36.0,5.0,2035.74,3587.31
480.0,94.0,32.0,46.0,8.0,2895.51,4777.84
480.0,76.0,25.0,43.0,6.0,2349.12,4069.71
480.0,71.0,24.0,39.0,4.0,2158.64,3689.94
480.0,70.0,22.0,38.0,7.0,2175.54,3843.69
480.0,80.0,30.0,36.0,11.0,2802.15,4438.49
480.0,73.0,27.0,36.0,5.0,2298.14,3757.08
480.0,89.0,24.0,44.0,7.0,2510.25,4304.66
480.0,73.0,24.0,41.0,7.0,2341.96,4045.98
480.0,74.0,23.0,42.0,7.0,2293.41,4081.67
480.0,89.0,25.0,47.0,8.0,2598.13,4601.33
480.0,71.0,27.0,34.0,10.0,2481.28,4159.78
480.0,77.0,25.0,33.0,11.0,2479.77,4094.99
480.0,73.0,29.0,35.0,7.0,2516.86,3996.69
480.0,67.0,23.0,36.0,6.0,2159.33,3648.3
480.0,59.0,22.0,27.0,6.0,1992.06,3209.99
480.0,95.0,26.0,48.0,10.0,2769.74,4770.76
480.0,67.0,32.0,30.0,4.0,2323.61,3543.71
480.0,83.0,32.0,36.0,9.0,2823.37,4355.06
480.0,82.0,25.0,42.0,10.0,2589.85,4413.1
480.0,63.0,20.0,33.0,6.0,2002.01,3432.94
480.0,73.0,31.0,33.0,7.0,2516.45,3993.38
480.0,65.0,22.0,35.0,7.0,2233.01,3635.4
480.0,81.0,31.0,42.0,3.0,2452.93,4049.12
480.0,74.0,27.0,37.0,5.0,2358.71,3916.51
480.0,86.0,22.0,51.0,9.0,2648.71,4663.35
480.0,69.0,21.0,37.0,4.0,1932.44,3511.9
480.0,77.0,26.0,41.0,6.0,2432.4,4192.76
480.0,77.0,28.0,36.0,10.0,2690.29,4257.34
480.0,83.0,26.0,40.0,9.0,2599.26,4317.92
480.0,70.0,20.0,29.0,12.0,2266.95,3758.42
480.0,67.0,21.0,35.0,7.0,2095.78,3675.77
480.0,80.0,24.0,44.0,9.0,2527.58,4373.47
480.0,78.0,20.0,45.0,9.0,2338.72,4283.02
480.0,77.0,30.0,33.0,10.0,2700.26,4227.98
480.0,76.0,27.0,40.0,6.0,2451.54,4072.2
480.0,69.0,26.0,34.0,6.0,2283.07,3775.65
480.0,71.0,24.0,36.0,9.0,2525.19,4037.31
480.0,78.0,28.0,40.0,6.0,2522.91,4138.44
480.0,70.0,20.0,39.0,7.0,2118.87,3858.6
480.0,88.0,31.0,41.0,10.0,2977.11,4708.27
480.0,68.0,30.0,26.0,9.0,2525.69,3768.27
480.0,84.0,25.0,45.0,7.0,2534.45,4351.36
480.0,74.0,30.0,35.0,3.0,2232.47,3639.63
480.0,65.0,16.0,37.0,9.0,2064.88,3745.56
480.0,87.0,35.0,42.0,4.0,2762.82,4389.68
480.0,81.0,31.0,35.0,10.0,2783.66,4336.31
480.0,91.0,31.0,41.0,12.0,3009.73,4912.79
480.0,66.0,21.0,31.0,8.0,2073.81,3650.47
480.0,75.0,19.0,41.0,7.0,2129.17,3848.7
480.0,77.0,25.0,37.0,10.0,2581.82,4218.61
480.0,91.0,36.0,38.0,10.0,3054.92,4736.58
480.0,67.0,24.0,30.0,8.0,2342.27,3742.45
480.0,88.0,33.0,38.0,13.0,3035.55,4864.28
480.0,82.0,34.0,32.0,12.0,2953.47,4502.0
480.0,71.0,31.0,22.0,15.0,2849.75,4090.35
480.0,71.0,45.0,3.0,1.0,2295.09,2207.86
480.0,68.0,45.0,2.0,2.0,2369.08,2242.04
480.0,85.0,40.0,3.0,3.0,2253.82,2167.41
480.0,61.0,43.0,1.0,3.0,2330.23,2165.98
480.0,71.0,39.0,4.0,3.0,2195.9,2161.37
480.0,70.0,43.0,0.0,4.0,2398.85,2208.2
480.0,78.0,46.0,3.0,1.0,2344.77,2248.19
480.0,76.0,42.0,1.0,4.0,2400.94,2220.83
480.0,71.0,41.0,3.0,3.0,2373.64,2294.36
480.0,80.0,45.0,1.0,3.0,2412.82,2265.63
480.0,64.0,44.0,2.0,3.0,2430.09,2388.36
480.0,77.0,45.0,2.0,2.0,2376.65,2296.02
480.0,79.0,45.0,0.0,3.0,2431.86,2244.16
480.0,70.0,41.0,3.0,4.0,2440.68,2396.67
480.0,84.0,43.0,3.0,4.0,2443.29,2342.55
480.0,76.0,45.0,2.0,3.0,2442.79,2344.88
480.0,69.0,38.0,6.0,3.0,2189.9,2362.66
480.0,76.0,45.0,2.0,2.0,2379.01,2227.77
480.0,69.0,42.0,0.0,2.0,2169.92,1961.48
480.0,81.0,45.0,1.0,2.0,2345.02,2159.78
480.0,71.0,40.0,5.0,4.0,2361.74,2384.65
480.0,77.0,46.0,2.0,3.0,2496.08,2329.1
480.0,71.0,44.0,1.0,4.0,2487.84,2287.94
480.0,70.0,41.0,2.0,5.0,2360.16,2329.17
480.0,66.0,45.0,1.0,2.0,2378.89,2175.97
480.0,80.0,47.0,4.0,0.0,2307.71,2255.36
480.0,71.0,41.0,2.0,5.0,2454.26,2321.4
480.0,68.0,44.0,1.0,3.0,2402.3,2308.24
480.0,77.0,43.0,2.0,5.0,2460.82,2416.39
480.0,76.0,47.0,1.0,1.0,2329.87,2127.14
480.0,64.0,43.0,2.0,2.0,2307.38,2171.66
480.0,84.0,43.0,3.0,3.0,2421.86,2373.22
480.0,78.0,43.0,2.0,4.0,2537.95,2390.01
480.0,73.0,41.0,2.0,5.0,2459.16,2319.67
480.0,61.0,40.0,2.0,7.0,2657.55,2507.99
480.0,76.0,43.0,4.0,3.0,2441.24,2436.94
480.0,90.0,46.0,3.0,3.0,2489.12,2412.61
480.0,86.0,44.0,3.0,3.0,2407.73,2314.98
480.0,80.0,47.0,0.0,1.0,2351.21,2102.43
480.0,70.0,42.0,4.0,3.0,2377.03,2334.26
480.0,83.0,42.0,4.0,2.0,2243.39,2208.61
480.0,72.0,43.0,4.0,2.0,2294.86,2260.3
480.0,72.0,41.0,2.0,6.0,2531.16,2376.43
480.0,80.0,46.0,1.0,2.0,2410.85,2206.87
480.0,75.0,38.0,1.0,8.0,2520.3,2392.02
480.0,76.0,48.0,0.0,1.0,2369.49,2116.75
480.0,78.0,43.0,1.0,5.0,2502.57,2354.4
480.0,89.0,42.0,5.0,4.0,2512.8,2549.64
480.0,77.0,45.0,2.0,4.0,2522.52,2383.59
480.0,71.0,44.0,0.0,3.0,2478.69,2249.15
480.0,70.0,42.0,3.0,2.0,2277.34,2193.33
480.0,77.0,46.0,0.0,3.0,2400.52,2254.26
480.0,78.0,41.0,3.0,5.0,2473.91,2374.53
480.0,75.0,46.0,2.0,2.0,2410.82,2266.95
480.0,77.0,44.0,3.0,2.0,2363.4,2267.31
480.0,87.0,44.0,1.0,4.0,2505.42,2312.29
480.0,81.0,44.0,3.0,2.0,2389.82,2286.91
480.0,76.0,39.0,3.0,4.0,2309.84,2279.39
480.0,70.0,45.0,3.0,2.0,2401.13,2302.0
480.0,67.0,45.0,4.0,2.0,2410.74,2367.35
480.0,83.0,47.0,2.0,2.0,2432.12,2326.98
480.0,75.0,47.0,0.0,2.0,2409.47,2171.18
480.0,79.0,41.0,1.0,5.0,2427.95,2288.65
480.0,83.0,45.0,1.0,3.0,2399.36,2242.78
480.0,70.0,39.0,4.0,5.0,2478.31,2423.08
480.0,83.0,43.0,4.0,3.0,2410.91,2350.75
480.0,79.0,44.0,0.0,3.0,2385.9,2156.83
480.0,77.0,43.0,2.0,4.0,2449.12,2302.18
480.0,74.0,43.0,4.0,2.0,2306.11,2269.4
480.0,85.0,46.0,1.0,1.0,2321.56,2122.03
480.0,69.0,43.0,0.0,5.0,2477.7,2240.04
480.0,87.0,45.0,0.0,3.0,2422.58,2238.16
480.0,88.0,45.0,1.0,3.0,2417.2,2223.4
480.0,80.0,44.0,2.0,3.0,2390.74,2242.32
480.0,65.0,43.0,1.0,3.0,2350.02,2158.28
480.0,67.0,42.0,2.0,4.0,2391.81,2254.65
480.0,64.0,45.0,3.0,2.0,2381.13,2344.6
480.0,89.0,44.0,3.0,4.0,2504.96,2463.0
480.0,72.0,39.0,2.0,6.0,2439.52,2309.64
480.0,71.0,47.0,0.0,3.0,2477.78,2264.19
480.0,82.0,46.0,1.0,3.0,2485.0,2332.41
480.0,75.0,43.0,5.0,3.0,2452.26,2437.69
480.0,67.0,45.0,1.0,2.0,2353.07,2169.48
480.0,77.0,43.0,1.0,7.0,2645.7,2535.98
480.0,81.0,46.0,3.0,1.0,2366.03,2262.56
480.0,74.0,40.0,3.0,6.0,2464.59,2444.61
480.0,87.0,48.0,0.0,1.0,2379.2,2128.4
480.0,73.0,44.0,0.0,3.0,2366.8,2177.42
480.0,65.0,40.0,4.0,5.0,2414.86,2423.57
480.0,80.0,44.0,2.0,1.0,2257.23,2124.01
480.0,83.0,43.0,3.0,2.0,2278.81,2182.57
480.0,79.0,45.0,3.0,2.0,2372.57,2279.97
480.0,65.0,44.0,1.0,2.0,2321.38,2132.93
480.0,74.0,43.0,4.0,2.0,2330.15,2289.32
480.0,75.0,47.0,1.0,2.0,2396.55,2250.48
480.0,76.0,46.0,1.0,2.0,2413.75,2214.74
480.0,72.0,39.0,4.0,6.0,2464.26,2467.5
480.0,76.0,42.0,1.0,6.0,2584.96,2382.87
480.0,76.0,44.0,1.0,5.0,2489.01,2389.64
480.0,84.0,42.0,1.0,4.0,2383.24,2242.14
480.0,75.0,4.0,49.0,12.0,1867.32,4063.24
480.0,71.0,5.0,51.0,7.0,1583.89,3746.6
480.0,70.0,1.0,52.0,6.0,1415.06,3568.5
480.0,61.0,6.0,45.0,5.0,1396.13,3273.73
480.0,96.0,10.0,43.0,13.0,2028.11,4134.37
480.0,86.0,10.0,53.0,5.0,1783.97,3924.04
480.0,90.0,12.0,53.0,5.0,1830.7,4013.15
480.0,75.0,8.0,45.0,14.0,2049.58,4178.91
480.0,70.0,11.0,38.0,15.0,2116.44,4056.99
480.0,85.0,6.0,54.0,8.0,1766.22,4023.73
480.0,56.0,4.0,42.0,8.0,1430.84,3285.05
480.0,79.0,11.0,50.0,10.0,2101.76,4279.18
480.0,67.0,9.0,50.0,4.0,1567.17,3551.18
480.0,66.0,8.0,39.0,11.0,1750.92,3660.15
480.0,96.0,9.0,55.0,6.0,1838.28,4095.46
480.0,82.0,10.0,55.0,6.0,1822.93,4041.6
480.0,68.0,9.0,52.0,2.0,1486.42,3492.29
480.0,86.0,10.0,49.0,10.0,1949.89,4128.72
480.0,71.0,6.0,54.0,3.0,1477.88,3571.97
480.0,82.0,8.0,53.0,10.0,2004.56,4226.19
480.0,70.0,4.0,50.0,10.0,1745.86,3877.72
480.0,76.0,3.0,52.0,8.0,1566.05,3807.14
480.0,67.0,10.0,47.0,8.0,1852.02,3795.93
480.0,71.0,5.0,49.0,9.0,1659.88,3791.46
480.0,79.0,9.0,55.0,3.0,1661.22,3862.3
480.0,88.0,7.0,55.0,6.0,1692.28,3976.0
480.0,73.0,6.0,48.0,6.0,1535.41,3521.04
480.0,80.0,6.0,56.0,5.0,1594.19,3850.89
480.0,68.0,9.0,46.0,8.0,1765.46,3732.86
480.0,80.0,14.0,48.0,14.0,2349.9,4555.85
480.0,69.0,6.0,46.0,9.0,1643.7,3669.19
480.0,98.0,6.0,54.0,8.0,1733.75,4065.94
480.0,82.0,10.0,52.0,8.0,1902.81,4140.12
480.0,77.0,9.0,49.0,11.0,1977.35,4204.17
480.0,72.0,12.0,42.0,12.0,2049.56,4046.57
480.0,72.0,8.0,50.0,7.0,1737.36,3879.51
480.0,87.0,9.0,51.0,10.0,1946.86,4190.15
480.0,86.0,8.0,56.0,6.0,1785.98,4058.61
480.0,64.0,5.0,52.0,3.0,1360.4,3389.97
480.0,76.0,7.0,52.0,9.0,1799.99,4033.73
480.0,80.0,5.0,50.0,7.0,1559.5,3704.78
480.0,85.0,4.0,53.0,7.0,1563.99,3805.63
480.0,81.0,9.0,54.0,8.0,1875.32,4127.87
480.0,84.0,12.0,51.0,7.0,1936.94,4033.39
480.0,66.0,9.0,40.0,13.0,1905.53,3869.68
480.0,84.0,8.0,57.0,4.0,1674.66,3933.26
480.0,78.0,5.0,46.0,14.0,1889.93,4105.17
480.0,84.0,8.0,56.0,5.0,1711.0,3991.26
480.0,87.0,6.0,58.0,4.0,1597.43,3864.08
480.0,73.0,5.0,47.0,11.0,1752.07,3888.03
480.0,70.0,9.0,45.0,7.0,1693.88,3642.1
480.0,74.0,9.0,51.0,9.0,1894.27,4040.23
480.0,77.0,10.0,54.0,5.0,1773.58,3893.41
480.0,79.0,8.0,55.0,7.0,1787.31,4044.65
480.0,74.0,6.0,52.0,7.0,1732.38,3882.37
480.0,82.0,7.0,50.0,12.0,1991.4,4243.72
480.0,80.0,9.0,50.0,12.0,2066.86,4290.09
480.0,70.0,12.0,44.0,12.0,2139.78,4107.85
480.0,67.0,5.0,50.0,6.0,1492.56,3528.82
480.0,82.0,5.0,49.0,11.0,1809.94,4042.27
480.0,74.0,6.0,57.0,3.0,1520.95,3722.07
480.0,72.0,10.0,50.0,6.0,1765.43,3794.57
480.0,76.0,4.0,50.0,8.0,1616.58,3756.21
480.0,86.0,8.0,58.0,4.0,1691.79,3950.32
480.0,68.0,9.0,47.0,5.0,1606.09,3566.52
480.0,82.0,10.0,48.0,11.0,2014.25,4215.94
480.0,79.0,10.0,51.0,7.0,1804.74,3919.3
480.0,82.0,4.0,50.0,12.0,1834.91,4076.13
480.0,73.0,8.0,56.0,4.0,1673.9,3879.72
480.0,78.0,8.0,50.0,11.0,1928.6,4143.5
480.0,76.0,7.0,54.0,4.0,1566.95,3651.85
480.0,75.0,6.0,56.0,6.0,1656.84,3924.72
480.0,85.0,10.0,54.0,7.0,1870.45,4104.01
480.0,74.0,6.0,50.0,6.0,1537.59,3612.3
480.0,78.0,8.0,49.0,11.0,1910.89,4074.68
480.0,67.0,4.0,50.0,9.0,1634.99,3805.78
480.0,67.0,9.0,49.0,5.0,1666.28,3610.01
480.0,88.0,8.0,50.0,11.0,1945.9,4218.35
480.0,57.0,7.0,42.0,5.0,1440.46,3227.52
480.0,70.0,4.0,53.0,7.0,1598.01,3776.01
480.0,83.0,10.0,48.0,11.0,2025.2,4217.81
480.0,79.0,9.0,52.0,11.0,2049.93,4304.57
480.0,80.0,9.0,47.0,12.0,2092.44,4218.01
480.0,87.0,9.0,48.0,13.0,2058.52,4286.14
480.0,90.0,8.0,57.0,6.0,1835.55,4084.65
480.0,66.0,4.0,49.0,8.0,1592.72,3722.6
480.0,81.0,7.0,56.0,5.0,1667.07,3922.54
480.0,74.0,11.0,52.0,5.0,1759.3,3837.74
480.0,70.0,6.0,49.0,10.0,1853.54,3997.72
480.0,76.0,11.0,46.0,7.0,1806.83,3776.97
480.0,77.0,7.0,53.0,5.0,1722.21,3863.93
480.0,83.0,11.0,51.0,12.0,2217.76,4454.46
480.0,66.0,7.0,52.0,3.0,1459.37,3489.33
480.0,89.0,13.0,51.0,10.0,2156.92,4338.09
480.0,77.0,9.0,47.0,11.0,1955.57,4059.1
480.0,73.0,7.0,51.0,7.0,1704.71,3801.66
480.0,64.0,7.0,48.0,4.0,1466.26,3376.62
480.0,86.0,13.0,53.0,8.0,2058.16,4301.93
480.0,80.0,14.0,49.0,9.0,2099.08,4132.1
480.0,69.0,14.0,42.0,11.0,2069.81,4008.09
480.0,74.0,39.0,6.0,4.0,2285.33,2391.75
480.0,70.0,43.0,5.0,1.0,2244.7,2292.43
480.0,82.0,38.0,5.0,3.0,2192.27,2198.51
480.0,61.0,43.0,4.0,2.0,2295.61,2258.89
480.0,78.0,40.0,4.0,3.0,2218.39,2232.4
480.0,71.0,42.0,3.0,2.0,2270.38,2178.11
480.0,70.0,41.0,5.0,6.0,2555.7,2590.74
480.0,78.0,41.0,4.0,3.0,2328.66,2281.29
480.0,70.0,39.0,5.0,4.0,2303.78,2370.44
480.0,83.0,43.0,5.0,2.0,2324.26,2312.42
480.0,66.0,44.0,3.0,4.0,2504.33,2513.31
480.0,84.0,43.0,4.0,4.0,2478.99,2468.05
480.0,72.0,43.0,4.0,3.0,2367.93,2430.25
480.0,67.0,42.0,1.0,5.0,2442.05,2330.24
480.0,86.0,41.0,6.0,2.0,2200.66,2357.37
480.0,76.0,39.0,8.0,3.0,2200.93,2444.13
480.0,65.0,39.0,6.0,1.0,2124.85,2238.96
480.0,85.0,40.0,8.0,3.0,2338.47,2477.36
480.0,78.0,40.0,4.0,2.0,2166.38,2195.2
480.0,80.0,41.0,5.0,2.0,2192.09,2245.83
480.0,73.0,38.0,7.0,4.0,2262.8,2415.48
480.0,72.0,37.0,5.0,7.0,2406.7,2508.7
480.0,73.0,40.0,6.0,5.0,2477.91,2516.05
480.0,67.0,42.0,4.0,1.0,2171.55,2133.65
480.0,76.0,43.0,4.0,2.0,2311.28,2312.41
480.0,89.0,39.0,8.0,2.0,2183.95,2395.33
480.0,79.0,43.0,2.0,2.0,2272.13,2162.24
480.0,72.0,41.0,7.0,1.0,2169.46,2266.92
480.0,81.0,44.0,5.0,2.0,2374.2,2360.06
480.0,83.0,45.0,2.0,3.0,2440.54,2267.87
480.0,63.0,44.0,3.0,1.0,2274.32,2168.3
480.0,87.0,43.0,5.0,2.0,2315.39,2298.24
480.0,72.0,44.0,2.0,4.0,2513.11,2366.03
480.0,79.0,35.0,8.0,6.0,2379.07,2538.82
480.0,62.0,41.0,3.0,7.0,2639.23,2521.97
480.0,80.0,40.0,5.0,3.0,2342.16,2349.44
480.0,92.0,39.0,9.0,4.0,2325.76,2575.98
480.0,84.0,33.0,10.0,6.0,2285.59,2601.11
480.0,68.0,46.0,2.0,2.0,2439.82,2311.92
480.0,70.0,41.0,6.0,2.0,2284.65,2334.86
480.0,82.0,42.0,3.0,3.0,2360.95,2261.65
480.0,70.0,40.0,7.0,3.0,2245.74,2474.58
480.0,83.0,42.0,5.0,2.0,2267.36,2269.41
480.0,77.0,39.0,5.0,3.0,2299.58,2305.16
480.0,68.0,41.0,4.0,3.0,2327.17,2316.57
480.0,75.0,42.0,3.0,4.0,2345.35,2348.23
480.0,76.0,44.0,3.0,3.0,2439.94,2326.9
480.0,77.0,37.0,11.0,3.0,2236.43,2516.63
480.0,80.0,44.0,7.0,3.0,2480.66,2546.07
480.0,74.0,45.0,4.0,1.0,2347.45,2284.42
480.0,64.0,37.0,7.0,3.0,2147.79,2273.58
480.0,74.0,38.0,4.0,5.0,2308.6,2326.07
480.0,78.0,46.0,1.0,2.0,2455.23,2290.47
480.0,80.0,43.0,8.0,1.0,2264.44,2461.23
480.0,86.0,45.0,4.0,1.0,2339.59,2280.0
480.0,74.0,38.0,4.0,7.0,2416.22,2526.86
480.0,72.0,40.0,3.0,7.0,2544.4,2488.48
480.0,73.0,40.0,3.0,4.0,2286.62,2250.66
480.0,72.0,41.0,8.0,1.0,2207.76,2358.71
480.0,56.0,38.0,7.0,2.0,2137.73,2288.82
480.0,79.0,43.0,7.0,2.0,2328.87,2470.13
480.0,87.0,44.0,3.0,4.0,2538.2,2432.75
480.0,81.0,42.0,4.0,3.0,2343.48,2344.93
480.0,87.0,39.0,7.0,4.0,2291.55,2432.45
480.0,62.0,41.0,7.0,1.0,2193.19,2296.82
480.0,87.0,41.0,5.0,2.0,2235.84,2279.54
480.0,74.0,41.0,5.0,3.0,2337.62,2338.7
480.0,74.0,41.0,6.0,4.0,2390.1,2482.42
480.0,77.0,40.0,9.0,1.0,2181.9,2375.59
480.0,89.0,43.0,4.0,1.0,2211.65,2221.23
480.0,67.0,43.0,2.0,4.0,2430.08,2268.78
480.0,73.0,45.0,3.0,4.0,2476.57,2515.14
480.0,94.0,42.0,6.0,2.0,2256.01,2343.61
480.0,82.0,40.0,6.0,4.0,2303.91,2445.34
480.0,64.0,40.0,3.0,4.0,2270.97,2285.3
480.0,75.0,41.0,7.0,3.0,2306.0,2467.35
480.0,59.0,42.0,4.0,3.0,2275.1,2378.03
480.0,86.0,38.0,6.0,5.0,2376.98,2416.35
480.0,75.0,39.0,5.0,3.0,2224.97,2223.87
480.0,69.0,41.0,5.0,3.0,2281.59,2335.22
480.0,78.0,45.0,4.0,2.0,2390.14,2321.42
480.0,76.0,43.0,2.0,5.0,2496.74,2434.88
480.0,67.0,38.0,4.0,6.0,2423.14,2382.24
480.0,66.0,44.0,4.0,2.0,2339.78,2281.87
480.0,86.0,45.0,3.0,1.0,2311.27,2203.21
480.0,67.0,38.0,4.0,6.0,2445.45,2405.84
480.0,83.0,44.0,3.0,1.0,2304.33,2204.85
480.0,73.0,43.0,3.0,3.0,2401.66,2294.45
480.0,68.0,40.0,4.0,4.0,2313.71,2327.37
480.0,74.0,40.0,5.0,4.0,2305.63,2375.1
480.0,86.0,38.0,4.0,5.0,2314.64,2375.31
480.0,80.0,41.0,7.0,3.0,2336.28,2443.19
480.0,64.0,40.0,4.0,3.0,2278.11,2234.88
480.0,81.0,37.0,8.0,4.0,2262.24,2473.66
480.0,73.0,39.0,9.0,4.0,2384.37,2594.15
480.0,91.0,42.0,2.0,5.0,2479.8,2377.22
480.0,71.0,38.0,6.0,5.0,2368.99,2464.64
480.0,85.0,38.0,9.0,5.0,2401.54,2670.37
480.0,91.0,42.0,5.0,3.0,2384.16,2372.75
480.0,76.0,40.0,3.0,6.0,2408.08,2446.88
480.0,77.0,23.0,20.0,5.0,1762.02,2694.37
480.0,61.0,22.0,25.0,2.0,1655.77,2669.25
480.0,73.0,20.0,23.0,3.0,1600.94,2542.96
480.0,66.0,17.0,26.0,5.0,1660.15,2723.5
480.0,73.0,18.0,23.0,5.0,1615.23,2577.53
480.0,67.0,14.0,30.0,4.0,1465.29,2768.66
480.0,75.0,28.0,22.0,4.0,1973.03,2965.15
480.0,85.0,18.0,23.0,7.0,1695.8,2842.66
480.0,79.0,20.0,21.0,4.0,1656.85,2637.23
480.0,79.0,20.0,25.0,5.0,1676.53,2804.72
480.0,66.0,18.0,26.0,5.0,1648.44,2788.06
480.0,77.0,26.0,20.0,3.0,1804.99,2726.43
480.0,73.0,19.0,29.0,3.0,1620.55,2857.89
480.0,75.0,21.0,19.0,8.0,1934.66,2955.8
480.0,82.0,16.0,30.0,4.0,1597.75,2800.62
480.0,69.0,14.0,32.0,3.0,1463.06,2757.66
480.0,70.0,21.0,25.0,4.0,1716.11,2751.64
480.0,71.0,12.0,28.0,9.0,1634.36,2969.6
480.0,67.0,16.0,24.0,4.0,1424.48,2507.62
480.0,82.0,17.0,24.0,8.0,1781.91,2914.52
480.0,77.0,16.0,29.0,5.0,1645.93,2835.59
480.0,77.0,16.0,25.0,8.0,1769.67,2915.96
480.0,67.0,25.0,17.0,5.0,1836.71,2733.42
480.0,69.0,21.0,23.0,3.0,1606.78,2628.02
480.0,74.0,18.0,26.0,6.0,1783.45,2934.11
480.0,85.0,23.0,24.0,4.0,1848.71,2773.49
480.0,68.0,19.0,27.0,2.0,1549.71,2607.62
480.0,66.0,19.0,25.0,6.0,1806.37,2840.94
480.0,66.0,22.0,21.0,7.0,1933.52,2856.39
480.0,80.0,17.0,25.0,9.0,1903.01,3053.34
480.0,67.0,25.0,21.0,2.0,1714.69,2554.0
480.0,89.0,24.0,27.0,3.0,1804.41,2911.36
480.0,74.0,19.0,22.0,7.0,1837.92,2875.81
480.0,84.0,12.0,28.0,8.0,1589.87,2938.6
480.0,79.0,21.0,22.0,7.0,1905.24,2893.02
480.0,78.0,20.0,23.0,6.0,1778.05,2827.38
480.0,91.0,20.0,25.0,5.0,1729.33,2840.9
480.0,85.0,24.0,25.0,2.0,1767.34,2750.46
480.0,67.0,18.0,25.0,5.0,1644.45,2760.34
480.0,70.0,21.0,22.0,4.0,1706.43,2639.81
480.0,79.0,22.0,22.0,5.0,1792.66,2739.31
480.0,81.0,24.0,26.0,0.0,1614.29,2609.11
480.0,78.0,18.0,23.0,8.0,1751.45,2896.0
480.0,78.0,19.0,28.0,3.0,1600.84,2764.62
480.0,71.0,28.0,17.0,5.0,1983.06,2805.21
480.0,84.0,24.0,21.0,4.0,1752.84,2713.65
480.0,83.0,17.0,26.0,5.0,1658.31,2723.18
480.0,83.0,20.0,26.0,4.0,1656.86,2795.07
480.0,82.0,17.0,31.0,4.0,1701.63,2935.35
480.0,83.0,18.0,27.0,5.0,1764.05,2958.97
480.0,59.0,24.0,21.0,0.0,1520.36,2353.32
480.0,76.0,22.0,21.0,6.0,1867.84,2765.0
480.0,86.0,16.0,30.0,5.0,1651.62,2895.41
480.0,83.0,19.0,30.0,2.0,1567.24,2738.14
480.0,81.0,22.0,21.0,5.0,1797.47,2718.97
480.0,86.0,21.0,22.0,7.0,1908.16,2978.69
480.0,73.0,20.0,26.0,3.0,1661.29,2647.56
480.0,71.0,25.0,19.0,5.0,1846.07,2703.73
480.0,71.0,13.0,32.0,4.0,1455.08,2831.75
480.0,67.0,27.0,19.0,2.0,1792.48,2543.83
480.0,75.0,12.0,33.0,4.0,1421.57,2781.63
480.0,76.0,24.0,21.0,4.0,1762.43,2686.88
480.0,75.0,19.0,25.0,4.0,1679.59,2655.21
480.0,95.0,21.0,23.0,5.0,1735.62,2755.37
480.0,78.0,20.0,23.0,6.0,1804.44,2834.45
480.0,74.0,21.0,23.0,5.0,1717.05,2797.54
480.0,85.0,19.0,26.0,3.0,1589.46,2658.26
480.0,75.0,22.0,26.0,2.0,1627.52,2660.72
480.0,82.0,14.0,31.0,3.0,1407.51,2682.1
480.0,90.0,15.0,31.0,3.0,1459.12,2749.72
480.0,70.0,18.0,24.0,6.0,1648.56,2777.73
480.0,84.0,24.0,24.0,2.0,1732.02,2745.14
480.0,82.0,17.0,29.0,3.0,1514.66,2717.19
480.0,81.0,19.0,22.0,6.0,1682.21,2732.57
480.0,75.0,20.0,23.0,7.0,1913.24,2971.03
480.0,67.0,20.0,26.0,4.0,1682.4,2778.93
480.0,66.0,21.0,25.0,5.0,1791.52,2908.94
480.0,83.0,17.0,29.0,3.0,1565.18,2737.73
480.0,61.0,22.0,19.0,6.0,1807.17,2713.26
480.0,71.0,24.0,23.0,2.0,1718.56,2617.02
480.0,76.0,24.0,22.0,3.0,1710.77,2655.52
480.0,68.0,25.0,19.0,6.0,1908.71,2813.94
480.0,66.0,29.0,17.0,3.0,1945.69,2606.91
480.0,68.0,14.0,29.0,5.0,1531.57,2834.34
480.0,75.0,27.0,18.0,5.0,1900.59,2763.2
480.0,72.0,20.0,21.0,7.0,1822.0,2850.09
480.0,93.0,19.0,26.0,5.0,1847.5,2894.85
480.0,72.0,22.0,21.0,6.0,1826.66,2774.22
480.0,64.0,21.0,21.0,6.0,1800.21,2807.36
480.0,79.0,20.0,25.0,3.0,1615.09,2631.5
480.0,72.0,24.0,20.0,5.0,1806.3,2716.0
480.0,81.0,27.0,22.0,3.0,1888.42,2769.94
480.0,62.0,19.0,23.0,6.0,1758.11,2821.66
480.0,79.0,16.0,25.0,7.0,1698.99,2805.93
480.0,72.0,25.0,26.0,1.0,1714.83,2739.33
480.0,92.0,18.0,24.0,5.0,1681.66,2785.79
480.0,75.0,25.0,18.0,5.0,1845.17,2725.16
480.0,87.0,23.0,24.0,4.0,1860.4,2813.58
480.0,85.0,15.0,29.0,9.0,1825.72,3144.31
480.0,74.0,18.0,23.0,7.0,1801.81,2804.98
480.0,66.0,32.0,27.0,4.0,2376.22,3507.37
480.0,69.0,35.0,23.0,4.0,2370.3,3323.75
480.0,73.0,37.0,24.0,7.0,2771.81,3789.17
480.0,64.0,35.0,23.0,4.0,2355.84,3315.91
480.0,85.0,40.0,29.0,7.0,2923.92,4125.19
480.0,68.0,32.0,25.0,4.0,2295.21,3329.25
480.0,68.0,41.0,18.0,5.0,2693.5,3503.83
480.0,76.0,32.0,30.0,7.0,2562.46,3822.9
480.0,64.0,35.0,17.0,9.0,2656.34,3467.82
480.0,70.0,30.0,29.0,8.0,2516.61,3808.35
480.0,71.0,36.0,24.0,5.0,2532.69,3596.18
480.0,80.0,42.0,25.0,8.0,3032.96,4131.51
480.0,70.0,38.0,25.0,4.0,2524.71,3579.45
480.0,75.0,43.0,18.0,4.0,2673.36,3381.05
480.0,82.0,33.0,34.0,11.0,2930.98,4436.66
480.0,80.0,38.0,31.0,5.0,2755.12,3990.49
480.0,69.0,30.0,32.0,2.0,2128.77,3389.33
480.0,76.0,36.0,29.0,5.0,2617.39,3802.16
480.0,63.0,32.0,23.0,5.0,2414.12,3367.42
480.0,82.0,38.0,28.0,5.0,2698.62,3887.54
480.0,73.0,38.0,24.0,4.0,2524.53,3530.89
480.0,71.0,34.0,23.0,7.0,2529.44,3583.9
480.0,76.0,35.0,32.0,3.0,2460.38,3756.21
480.0,79.0,32.0,29.0,10.0,2860.25,4168.58
480.0,73.0,39.0,28.0,4.0,2672.88,3813.41
480.0,88.0,44.0,32.0,4.0,2945.36,4180.98
480.0,67.0,35.0,23.0,5.0,2471.83,3430.72
480.0,79.0,41.0,25.0,6.0,2801.66,3929.03
480.0,77.0,40.0,21.0,9.0,2904.27,3897.8
480.0,93.0,44.0,24.0,7.0,3096.86,4048.45
480.0,63.0,32.0,23.0,4.0,2198.68,3255.33
480.0,76.0,36.0,32.0,5.0,2621.31,3931.04
480.0,84.0,40.0,30.0,6.0,2889.59,4067.41
480.0,71.0,39.0,23.0,6.0,2736.79,3721.16
480.0,76.0,40.0,24.0,7.0,2791.48,3883.45
480.0,80.0,43.0,22.0,6.0,2898.97,3907.54
480.0,84.0,39.0,28.0,9.0,3037.43,4185.94
480.0,81.0,42.0,25.0,8.0,3018.88,4082.99
480.0,79.0,33.0,30.0,6.0,2567.36,3835.42
480.0,80.0,38.0,35.0,4.0,2707.64,4074.79
480.0,81.0,39.0,28.0,7.0,2866.88,4059.96
480.0,82.0,35.0,28.0,10.0,2899.35,4189.34
480.0,86.0,41.0,25.0,13.0,3255.0,4518.8
480.0,76.0,38.0,21.0,9.0,2899.29,3767.4
480.0,71.0,38.0,26.0,6.0,2787.9,3780.88
480.0,78.0,37.0,31.0,3.0,2583.36,3832.17
480.0,74.0,39.0,21.0,12.0,3053.47,4139.58
480.0,75.0,29.0,28.0,10.0,2615.95,4004.68
480.0,76.0,40.0,27.0,5.0,2762.14,3885.53
480.0,79.0,41.0,28.0,4.0,2822.37,3872.03
480.0,77.0,39.0,22.0,8.0,2854.43,3867.35
480.0,85.0,37.0,28.0,11.0,3196.91,4450.54
480.0,80.0,40.0,31.0,5.0,2787.1,4043.89
480.0,79.0,40.0,31.0,5.0,2837.48,4041.42
480.0,89.0,46.0,28.0,4.0,3001.01,4030.82
480.0,77.0,41.0,23.0,8.0,3005.99,4037.35
480.0,82.0,41.0,27.0,7.0,2950.78,4059.57
480.0,71.0,35.0,28.0,5.0,2520.43,3700.98
480.0,76.0,33.0,30.0,5.0,2511.84,3746.1
480.0,55.0,35.0,15.0,2.0,2095.0,2716.73
480.0,86.0,41.0,34.0,3.0,2768.99,4056.31
480.0,81.0,44.0,23.0,8.0,3033.64,4134.18
480.0,74.0,38.0,23.0,8.0,2755.34,3874.79
480.0,86.0,47.0,28.0,5.0,3084.26,4214.01
480.0,77.0,28.0,38.0,5.0,2521.44,3957.25
480.0,79.0,45.0,22.0,5.0,2926.72,3819.14
480.0,78.0,40.0,25.0,6.0,2748.52,3860.71
480.0,73.0,36.0,30.0,1.0,2386.15,3476.01
480.0,83.0,43.0,25.0,6.0,3022.19,3987.68
480.0,78.0,36.0,33.0,8.0,2796.63,4236.68
480.0,73.0,32.0,30.0,5.0,2460.53,3638.68
480.0,70.0,32.0,26.0,9.0,2670.43,3825.41
480.0,85.0,45.0,25.0,4.0,2947.49,3942.51
480.0,88.0,38.0,36.0,8.0,3064.28,4514.52
480.0,79.0,30.0,24.0,14.0,2882.47,4089.94
480.0,72.0,32.0,36.0,2.0,2300.8,3727.22
480.0,71.0,32.0,33.0,3.0,2398.14,3661.19
480.0,70.0,35.0,28.0,4.0,2420.35,3578.03
480.0,63.0,38.0,13.0,6.0,2619.82,3206.05
480.0,67.0,40.0,17.0,7.0,2626.97,3533.81
480.0,81.0,40.0,25.0,11.0,3181.27,4304.76
480.0,75.0,36.0,24.0,7.0,2640.97,3810.52
480.0,74.0,34.0,19.0,13.0,2940.52,3970.65
480.0,86.0,43.0,30.0,4.0,2862.69,4056.64
480.0,84.0,42.0,30.0,7.0,2974.7,4314.07
480.0,67.0,35.0,23.0,4.0,2371.37,3325.26
480.0,89.0,43.0,32.0,5.0,3038.38,4227.59
480.0,78.0,39.0,25.0,5.0,2779.92,3671.41
480.0,76.0,39.0,24.0,8.0,2855.54,3952.86
480.0,84.0,40.0,28.0,5.0,2799.32,3925.66
480.0,83.0,47.0,27.0,3.0,2970.23,3951.97
480.0,82.0,43.0,24.0,7.0,2995.46,4030.22
480.0,57.0,29.0,20.0,7.0,2229.8,3261.26
480.0,78.0,38.0,29.0,4.0,2676.54,3752.88
480.0,95.0,39.0,32.0,10.0,3180.82,4534.03
480.0,85.0,40.0,21.0,10.0,2912.35,4041.04
480.0,75.0,37.0,25.0,7.0,2684.71,3814.7
480.0,80.0,44.0,19.0,10.0,3191.88,4084.86
480.0,90.0,47.0,30.0,5.0,3113.64,4347.84
480.0,91.0,33.0,26.0,12.0,2991.74,4136.99
480.0,78.0,1.0,52.0,6.0,1370.37,3496.6
480.0,74.0,2.0,43.0,13.0,1648.14,3651.35
480.0,66.0,0.0,47.0,8.0,1371.99,3384.36
480.0,58.0,1.0,40.0,11.0,1417.1,3271.25
480.0,72.0,1.0,44.0,9.0,1403.58,3359.17
480.0,65.0,2.0,50.0,5.0,1326.82,3361.13
480.0,74.0,1.0,51.0,7.0,1425.74,3569.9
480.0,72.0,1.0,52.0,6.0,1342.17,3444.74
480.0,78.0,1.0,47.0,9.0,1463.11,3551.96
480.0,67.0,1.0,51.0,6.0,1323.37,3388.9
480.0,60.0,1.0,45.0,9.0,1395.16,3357.9
480.0,75.0,1.0,54.0,6.0,1381.78,3558.8
480.0,80.0,1.0,51.0,10.0,1572.54,3779.18
480.0,75.0,3.0,47.0,12.0,1757.75,3950.15
480.0,87.0,1.0,54.0,6.0,1372.99,3568.59
480.0,86.0,1.0,54.0,7.0,1438.41,3677.72
480.0,66.0,0.0,49.0,8.0,1360.59,3442.86
480.0,67.0,1.0,50.0,4.0,1229.15,3217.01
480.0,74.0,0.0,48.0,5.0,1184.77,3173.65
480.0,79.0,1.0,47.0,9.0,1451.8,3520.34
480.0,68.0,1.0,49.0,10.0,1519.03,3648.15
480.0,77.0,2.0,48.0,8.0,1436.44,3488.38
480.0,81.0,2.0,50.0,7.0,1435.09,3539.19
480.0,65.0,1.0,45.0,9.0,1413.32,3404.52
480.0,79.0,0.0,53.0,7.0,1371.72,3520.44
480.0,85.0,0.0,53.0,8.0,1433.81,3685.65
480.0,76.0,1.0,48.0,9.0,1456.95,3552.43
480.0,77.0,0.0,46.0,8.0,1337.53,3366.67
480.0,73.0,0.0,48.0,9.0,1406.4,3490.87
480.0,84.0,0.0,48.0,12.0,1601.51,3800.13
480.0,67.0,2.0,51.0,6.0,1375.84,3457.48
480.0,86.0,3.0,54.0,6.0,1507.38,3714.14
480.0,81.0,3.0,49.0,10.0,1618.35,3778.68
480.0,75.0,1.0,49.0,11.0,1587.36,3749.0
480.0,67.0,1.0,45.0,13.0,1630.73,3715.4
480.0,88.0,2.0,53.0,8.0,1529.21,3830.44
480.0,86.0,2.0,55.0,6.0,1440.58,3650.76
480.0,87.0,1.0,53.0,6.0,1368.46,3562.2
480.0,69.0,1.0,55.0,3.0,1222.29,3326.79
480.0,91.0,0.0,52.0,8.0,1410.68,3616.24
480.0,84.0,0.0,51.0,7.0,1377.41,3530.7
480.0,76.0,0.0,55.0,4.0,1227.52,3355.05
480.0,82.0,1.0,56.0,5.0,1357.23,3559.98
480.0,79.0,2.0,51.0,6.0,1379.55,3466.97
480.0,63.0,1.0,47.0,8.0,1367.09,3359.43
480.0,84.0,2.0,54.0,6.0,1472.72,3712.98
480.0,70.0,2.0,45.0,9.0,1443.27,3406.11
480.0,87.0,1.0,53.0,9.0,1531.57,3777.04
480.0,73.0,2.0,55.0,4.0,1329.56,3467.5
480.0,74.0,0.0,54.0,7.0,1426.29,3590.12
480.0,81.0,0.0,52.0,5.0,1246.56,3361.45
480.0,77.0,0.0,52.0,7.0,1358.3,3514.28
480.0,82.0,1.0,53.0,6.0,1357.34,3507.65
480.0,76.0,0.0,55.0,7.0,1407.47,3648.41
480.0,71.0,0.0,45.0,9.0,1371.17,3334.73
480.0,86.0,1.0,53.0,8.0,1503.65,3652.85
480.0,71.0,2.0,51.0,7.0,1424.85,3484.9
480.0,76.0,3.0,44.0,10.0,1515.66,3472.42
480.0,69.0,0.0,50.0,8.0,1382.1,3488.95
480.0,83.0,0.0,52.0,8.0,1424.57,3622.17
480.0,81.0,0.0,52.0,8.0,1441.06,3657.22
480.0,79.0,0.0,56.0,6.0,1363.92,3604.09
480.0,79.0,3.0,44.0,6.0,1306.81,3146.99
480.0,92.0,3.0,56.0,5.0,1455.35,3671.54
480.0,78.0,3.0,51.0,6.0,1436.99,3576.12
480.0,78.0,0.0,47.0,13.0,1607.06,3755.91
480.0,72.0,1.0,52.0,5.0,1291.9,3375.0
480.0,86.0,1.0,53.0,6.0,1372.92,3520.29
480.0,83.0,3.0,46.0,8.0,1486.21,3455.76
480.0,84.0,0.0,52.0,5.0,1236.55,3301.73
480.0,76.0,0.0,54.0,6.0,1328.3,3486.67
480.0,77.0,0.0,58.0,4.0,1289.31,3533.34
480.0,81.0,0.0,51.0,10.0,1494.83,3663.12
480.0,81.0,3.0,45.0,9.0,1490.91,3513.46
480.0,86.0,1.0,43.0,12.0,1525.29,3548.06
480.0,73.0,1.0,53.0,4.0,1248.64,3332.36
480.0,72.0,2.0,53.0,8.0,1528.74,3755.79
480.0,81.0,0.0,51.0,10.0,1530.1,3754.44
480.0,61.0,1.0,45.0,13.0,1655.52,3728.96
480.0,67.0,2.0,50.0,5.0,1298.78,3315.19
480.0,77.0,1.0,46.0,12.0,1637.44,3750.31
480.0,85.0,3.0,54.0,8.0,1600.74,3878.2
480.0,78.0,3.0,46.0,9.0,1581.8,3665.0
480.0,77.0,2.0,50.0,7.0,1452.53,3576.07
480.0,88.0,0.0,54.0,4.0,1224.08,3325.1
480.0,69.0,0.0,51.0,8.0,1402.93,3572.46
480.0,84.0,1.0,52.0,8.0,1448.11,3595.23
480.0,71.0,1.0,48.0,7.0,1340.6,3347.02
480.0,62.0,3.0,43.0,11.0,1574.39,3551.32
480.0,79.0,2.0,53.0,5.0,1372.17,3421.72
480.0,76.0,0.0,52.0,9.0,1477.3,3685.29
480.0,82.0,2.0,52.0,7.0,1489.75,3713.18
480.0,65.0,1.0,52.0,3.0,1163.66,3187.57
480.0,67.0,2.0,50.0,10.0,1587.52,3758.92
480.0,62.0,1.0,50.0,6.0,1303.28,3344.13
480.0,77.0,2.0,50.0,10.0,1588.54,3759.23
480.0,63.0,0.0,42.0,11.0,1426.67,3385.58
480.0,84.0,1.0,47.0,13.0,1685.92,3898.42
480.0,90.0,2.0,51.0,9.0,1543.92,3714.56
480.0,78.0,3.0,46.0,8.0,1462.86,3445.38
480.0,74.0,36.0,30.0,6.0,2738.62,3839.3
480.0,83.0,43.0,29.0,7.0,3029.17,4231.9
480.0,69.0,35.0,25.0,5.0,2558.58,3568.72
480.0,67.0,30.0,26.0,8.0,2462.05,3653.91
480.0,70.0,25.0,35.0,7.0,2366.23,3844.18
480.0,70.0,23.0,31.0,13.0,2539.36,3993.12
480.0,87.0,40.0,34.0,9.0,3210.25,4533.56
480.0,82.0,38.0,33.0,4.0,2668.5,3892.7
480.0,64.0,30.0,22.0,7.0,2340.8,3370.37
480.0,81.0,35.0,35.0,10.0,3030.12,4427.62
480.0,79.0,39.0,32.0,3.0,2705.35,3904.72
480.0,67.0,30.0,27.0,7.0,2435.99,3606.12
480.0,85.0,39.0,36.0,5.0,2902.45,4195.57
480.0,65.0,33.0,15.0,11.0,2598.05,3538.09
480.0,96.0,41.0,40.0,6.0,3068.4,4587.56
480.0,67.0,29.0,32.0,1.0,2037.39,3243.58
480.0,70.0,28.0,28.0,10.0,2508.91,3809.74
480.0,75.0,36.0,33.0,1.0,2393.18,3588.64
480.0,61.0,31.0,20.0,6.0,2323.26,3165.54
480.0,72.0,32.0,33.0,4.0,2415.5,3716.74
480.0,64.0,27.0,25.0,7.0,2253.73,3359.41
480.0,84.0,41.0,28.0,10.0,3110.88,4374.48
480.0,74.0,38.0,28.0,4.0,2558.33,3680.98
480.0,71.0,23.0,39.0,5.0,2191.0,3695.13
480.0,76.0,32.0,31.0,7.0,2662.0,3889.6
480.0,86.0,40.0,37.0,4.0,2938.72,4230.99
480.0,65.0,27.0,27.0,5.0,2162.77,3301.22
480.0,80.0,34.0,36.0,5.0,2712.9,4066.8
480.0,74.0,29.0,35.0,7.0,2492.53,3960.61
480.0,80.0,32.0,35.0,9.0,2800.39,4226.77
480.0,76.0,37.0,25.0,7.0,2700.09,3772.71
480.0,89.0,41.0,33.0,10.0,3204.0,4586.51
480.0,72.0,37.0,29.0,4.0,2545.98,3665.32
480.0,72.0,33.0,26.0,10.0,2725.99,3877.78
480.0,72.0,35.0,25.0,6.0,2555.03,3559.27
480.0,59.0,32.0,19.0,8.0,2405.74,3265.11
480.0,86.0,43.0,32.0,6.0,3053.84,4209.89
480.0,71.0,28.0,29.0,11.0,2679.8,3995.53
480.0,73.0,36.0,25.0,5.0,2577.94,3502.77
480.0,73.0,27.0,39.0,3.0,2198.88,3701.35
480.0,79.0,32.0,34.0,5.0,2488.47,3859.98
480.0,69.0,25.0,32.0,6.0,2146.88,3546.18
480.0,76.0,39.0,30.0,6.0,2864.73,3981.1
480.0,78.0,39.0,28.0,9.0,2975.98,4129.07
480.0,68.0,40.0,19.0,6.0,2658.53,3496.98
480.0,78.0,26.0,41.0,6.0,2435.72,4036.0
480.0,71.0,24.0,37.0,6.0,2277.5,3858.49
480.0,80.0,30.0,34.0,9.0,2739.6,4154.15
480.0,81.0,43.0,28.0,7.0,3011.38,4124.95
480.0,77.0,34.0,38.0,3.0,2482.4,3925.05
480.0,82.0,32.0,34.0,9.0,2721.41,4264.92
480.0,83.0,31.0,35.0,11.0,2877.81,4350.34
480.0,73.0,34.0,26.0,8.0,2707.51,3822.58
480.0,85.0,39.0,33.0,4.0,2805.42,4016.3
480.0,72.0,37.0,25.0,5.0,2594.21,3603.8
480.0,77.0,36.0,32.0,6.0,2775.49,4027.14
480.0,65.0,27.0,30.0,6.0,2235.44,3514.16
480.0,84.0,34.0,35.0,8.0,2870.84,4292.64
480.0,68.0,30.0,29.0,6.0,2392.63,3538.09
480.0,60.0,27.0,25.0,5.0,2072.6,3195.42
480.0,93.0,29.0,46.0,10.0,2887.34,4742.13
480.0,73.0,40.0,23.0,7.0,2885.51,3769.88
480.0,64.0,31.0,23.0,6.0,2302.73,3289.2
480.0,88.0,41.0,37.0,7.0,3166.5,4550.43
480.0,66.0,23.0,30.0,6.0,2083.47,3341.04
480.0,77.0,35.0,31.0,6.0,2684.66,3909.39
480.0,84.0,44.0,32.0,4.0,2915.58,4133.62
480.0,83.0,34.0,38.0,5.0,2652.46,4146.89
480.0,70.0,23.0,34.0,9.0,2311.54,3889.59
480.0,79.0,28.0,42.0,5.0,2440.94,4068.34
480.0,94.0,40.0,39.0,5.0,3084.7,4522.5
480.0,77.0,19.0,42.0,13.0,2568.21,4387.28
480.0,76.0,36.0,28.0,8.0,2716.73,3978.45
480.0,82.0,35.0,36.0,7.0,2852.49,4218.03
480.0,77.0,32.0,30.0,10.0,2809.79,4067.93
480.0,76.0,27.0,41.0,5.0,2412.79,3968.19
480.0,78.0,38.0,30.0,3.0,2601.83,3744.59
480.0,75.0,36.0,29.0,5.0,2597.96,3779.54
480.0,73.0,29.0,32.0,8.0,2552.67,3869.73
480.0,68.0,33.0,24.0,6.0,2410.47,3496.87
480.0,77.0,33.0,32.0,6.0,2588.73,3855.26
480.0,71.0,37.0,25.0,8.0,2684.74,3854.77
480.0,77.0,34.0,32.0,5.0,2568.07,3874.38
480.0,73.0,29.0,33.0,7.0,2463.16,3867.33
480.0,71.0,30.0,30.0,8.0,2503.71,3851.66
480.0,77.0,39.0,24.0,7.0,2730.35,3832.39
480.0,82.0,30.0,38.0,6.0,2590.55,4059.12
480.0,68.0,32.0,28.0,5.0,2378.23,3529.3
480.0,73.0,33.0,30.0,8.0,2686.23,3961.89
480.0,81.0,32.0,27.0,11.0,2787.41,4112.2
480.0,88.0,43.0,32.0,7.0,3150.35,4307.17
480.0,86.0,44.0,27.0,9.0,3176.25,4376.19
480.0,60.0,28.0,25.0,5.0,2132.13,3181.48
480.0,80.0,27.0,40.0,8.0,2608.67,4209.85
480.0,90.0,30.0,43.0,7.0,2747.71,4377.54
480.0,81.0,33.0,34.0,8.0,2755.91,4131.19
480.0,73.0,34.0,27.0,8.0,2666.13,3795.94
480.0,88.0,41.0,29.0,10.0,3255.0,4368.43
480.0,88.0,42.0,29.0,9.0,3071.1,4381.71
480.0,83.0,37.0,23.0,13.0,3029.98,4213.58
480.0,71.0,21.0,27.0,3.0,1708.42,2777.29
480.0,68.0,19.0,33.0,4.0,1756.04,3176.56
480.0,79.0,30.0,25.0,2.0,2033.44,2994.93
480.0,60.0,18.0,27.0,6.0,1760.14,2956.97
480.0,74.0,28.0,25.0,2.0,1978.1,2999.65
480.0,79.0,23.0,26.0,5.0,1884.52,3088.1
480.0,73.0,19.0,31.0,4.0,1751.52,3114.42
480.0,73.0,19.0,31.0,2.0,1602.6,2894.36
480.0,75.0,24.0,23.0,6.0,2004.49,3002.16
480.0,74.0,22.0,30.0,3.0,1759.8,3030.62
480.0,60.0,17.0,32.0,7.0,1868.51,3219.66
480.0,78.0,24.0,26.0,7.0,2056.23,3286.6
480.0,81.0,27.0,25.0,6.0,2113.33,3302.92
480.0,63.0,28.0,21.0,6.0,2145.63,3084.54
480.0,75.0,25.0,23.0,11.0,2333.49,3489.8
480.0,74.0,24.0,28.0,4.0,1891.46,3105.57
480.0,66.0,22.0,27.0,9.0,2089.95,3425.98
480.0,75.0,14.0,32.0,7.0,1712.86,3141.0
480.0,75.0,23.0,31.0,3.0,1900.04,3193.24
480.0,74.0,20.0,29.0,3.0,1703.96,2849.73
480.0,72.0,24.0,30.0,4.0,2001.42,3203.16
480.0,73.0,28.0,22.0,7.0,2217.1,3329.11
480.0,67.0,15.0,34.0,5.0,1696.77,3126.77
480.0,70.0,17.0,29.0,6.0,1710.51,3034.34
480.0,70.0,25.0,29.0,5.0,2038.23,3310.1
480.0,81.0,21.0,41.0,2.0,1929.16,3451.61
480.0,82.0,21.0,26.0,5.0,1861.12,3046.4
480.0,68.0,23.0,30.0,3.0,1851.32,3093.41
480.0,72.0,24.0,30.0,4.0,1994.09,3249.62
480.0,76.0,25.0,27.0,6.0,2073.99,3326.3
480.0,60.0,26.0,26.0,4.0,1945.47,3084.18
480.0,85.0,22.0,30.0,5.0,1910.43,3256.66
480.0,75.0,20.0,27.0,9.0,2065.42,3373.23
480.0,83.0,29.0,26.0,4.0,2113.69,3202.45
480.0,68.0,29.0,21.0,4.0,2132.44,2928.79
480.0,83.0,19.0,35.0,4.0,1780.09,3257.45
480.0,87.0,28.0,29.0,6.0,2334.88,3568.45
480.0,83.0,24.0,29.0,3.0,1823.17,3008.46
480.0,78.0,24.0,31.0,5.0,2084.28,3337.59
480.0,65.0,16.0,36.0,5.0,1733.99,3233.56
480.0,81.0,27.0,33.0,3.0,2093.6,3403.52
480.0,72.0,26.0,23.0,4.0,1938.06,2965.72
480.0,78.0,20.0,33.0,2.0,1691.31,2982.23
480.0,81.0,29.0,25.0,2.0,1983.45,2970.01
480.0,67.0,17.0,24.0,11.0,1925.36,3240.45
480.0,78.0,26.0,25.0,5.0,1980.25,3071.26
480.0,83.0,20.0,28.0,8.0,1938.77,3345.98
480.0,76.0,22.0,31.0,7.0,2071.14,3424.28
480.0,79.0,22.0,35.0,7.0,2074.0,3634.88
480.0,79.0,20.0,39.0,4.0,1978.17,3536.16
480.0,73.0,25.0,30.0,5.0,2069.03,3360.47
480.0,72.0,18.0,31.0,8.0,1916.68,3336.49
480.0,86.0,21.0,35.0,5.0,1919.14,3416.64
480.0,81.0,23.0,29.0,11.0,2393.3,3768.76
480.0,71.0,26.0,28.0,4.0,1979.06,3186.8
480.0,88.0,18.0,30.0,8.0,1866.03,3315.98
480.0,85.0,22.0,29.0,4.0,1913.33,3065.55
480.0,73.0,28.0,25.0,5.0,2147.41,3214.42
480.0,68.0,23.0,29.0,3.0,1866.26,3084.69
480.0,54.0,20.0,30.0,1.0,1585.72,2773.36
480.0,82.0,24.0,35.0,4.0,2030.78,3459.26
480.0,74.0,27.0,25.0,8.0,2302.7,3417.28
480.0,85.0,25.0,21.0,10.0,2313.91,3317.81
480.0,80.0,22.0,27.0,9.0,2054.58,3398.21
480.0,72.0,16.0,34.0,2.0,1552.46,2924.31
480.0,86.0,25.0,18.0,10.0,2242.58,3192.86
480.0,82.0,29.0,21.0,6.0,2168.12,3171.16
480.0,73.0,21.0,28.0,5.0,1915.07,3059.77
480.0,71.0,16.0,28.0,5.0,1570.49,2858.67
480.0,79.0,25.0,27.0,3.0,1943.21,3081.38
480.0,72.0,25.0,33.0,4.0,2051.66,3461.08
480.0,82.0,21.0,28.0,11.0,2209.16,3609.64
480.0,85.0,26.0,25.0,7.0,2204.16,3296.93
480.0,83.0,19.0,25.0,11.0,2028.19,3367.65
480.0,81.0,22.0,33.0,5.0,2090.11,3376.9
480.0,74.0,14.0,35.0,5.0,1686.0,3125.45
480.0,64.0,22.0,27.0,7.0,2028.94,3254.71
480.0,77.0,24.0,39.0,2.0,1986.87,3431.76
480.0,63.0,25.0,19.0,8.0,2103.76,3048.01
480.0,74.0,24.0,28.0,10.0,2292.34,3594.45
480.0,78.0,21.0,29.0,2.0,1666.05,2788.95
480.0,76.0,32.0,24.0,5.0,2291.51,3364.76
480.0,71.0,27.0,22.0,9.0,2298.25,3320.68
480.0,73.0,26.0,38.0,3.0,2159.01,3614.66
480.0,78.0,25.0,23.0,8.0,2148.69,3315.02
480.0,75.0,24.0,30.0,5.0,2038.02,3358.23
480.0,93.0,25.0,31.0,8.0,2258.42,3700.21
480.0,75.0,22.0,30.0,7.0,2064.27,3400.33
480.0,72.0,23.0,26.0,6.0,1967.89,3231.79
480.0,84.0,24.0,27.0,7.0,2071.89,3355.09
480.0,82.0,25.0,25.0,5.0,2029.73,3054.29
480.0,76.0,23.0,32.0,6.0,2057.55,3398.73
480.0,76.0,23.0,24.0,9.0,2101.24,3359.26
480.0,77.0,26.0,26.0,6.0,2101.11,3270.37
480.0,85.0,21.0,31.0,7.0,2035.58,3401.9
480.0,73.0,22.0,29.0,8.0,2110.18,3468.43
480.0,75.0,14.0,32.0,9.0,1883.68,3389.16
480.0,82.0,26.0,30.0,8.0,2365.08,3652.98
480.0,88.0,32.0,24.0,6.0,2307.65,3428.41
480.0,81.0,20.0,23.0,11.0,2159.29,3260.69
480.0,72.0,36.0,20.0,2.0,2240.96,2944.68
480.0,70.0,35.0,23.0,1.0,2186.3,2983.47
480.0,74.0,28.0,28.0,2.0,1980.85,3046.33
480.0,64.0,31.0,19.0,7.0,2353.95,3141.92
480.0,77.0,32.0,25.0,3.0,2218.12,3170.99
480.0,71.0,31.0,19.0,4.0,2173.63,3050.58
480.0,71.0,40.0,18.0,3.0,2494.37,3190.35
480.0,80.0,26.0,30.0,4.0,2135.81,3256.95
480.0,71.0,29.0,24.0,8.0,2431.44,3476.93
480.0,78.0,37.0,19.0,6.0,2488.82,3300.75
480.0,78.0,31.0,27.0,7.0,2440.07,3535.74
480.0,79.0,34.0,28.0,6.0,2520.05,3719.75
480.0,79.0,36.0,28.0,3.0,2422.62,3503.0
480.0,68.0,29.0,24.0,4.0,2137.68,3081.9
480.0,84.0,37.0,27.0,3.0,2474.17,3422.02
480.0,77.0,38.0,19.0,4.0,2436.58,3183.74
480.0,62.0,29.0,22.0,4.0,2047.33,2958.12
480.0,90.0,33.0,23.0,8.0,2554.01,3609.49
480.0,66.0,22.0,27.0,2.0,1760.43,2939.39
480.0,88.0,26.0,29.0,6.0,2147.45,3376.32
480.0,78.0,38.0,21.0,6.0,2626.55,3448.44
480.0,78.0,37.0,16.0,7.0,2586.04,3236.24
480.0,73.0,30.0,28.0,3.0,2296.13,3329.11
480.0,73.0,34.0,24.0,4.0,2325.22,3298.02
480.0,72.0,30.0,29.0,6.0,2388.8,3526.41
480.0,87.0,43.0,21.0,5.0,2827.2,3662.73
480.0,71.0,25.0,28.0,9.0,2382.29,3605.47
480.0,69.0,33.0,22.0,8.0,2526.01,3508.14
480.0,81.0,27.0,23.0,8.0,2256.33,3300.87
480.0,80.0,32.0,21.0,4.0,2210.44,3022.85
480.0,74.0,33.0,21.0,6.0,2435.95,3314.33
480.0,86.0,38.0,20.0,7.0,2616.92,3529.74
480.0,70.0,34.0,19.0,5.0,2345.31,3069.72
480.0,72.0,32.0,23.0,4.0,2268.45,3179.45
480.0,74.0,36.0,22.0,6.0,2495.52,3442.15
480.0,76.0,32.0,18.0,9.0,2507.99,3347.09
480.0,83.0,41.0,24.0,3.0,2580.96,3491.86
480.0,81.0,28.0,26.0,10.0,2478.15,3695.79
480.0,83.0,38.0,17.0,4.0,2455.69,3007.45
480.0,69.0,34.0,24.0,6.0,2520.22,3426.02
480.0,84.0,30.0,26.0,5.0,2315.48,3328.22
480.0,70.0,35.0,16.0,5.0,2327.07,3063.31
480.0,83.0,33.0,27.0,5.0,2389.96,3508.29
480.0,74.0,40.0,17.0,4.0,2525.44,3155.49
480.0,70.0,23.0,27.0,7.0,2177.99,3345.02
480.0,79.0,29.0,23.0,9.0,2547.08,3452.79
480.0,72.0,28.0,26.0,7.0,2338.35,3406.87
480.0,78.0,30.0,31.0,5.0,2403.93,3654.39
480.0,78.0,37.0,21.0,4.0,2400.23,3237.98
480.0,78.0,34.0,22.0,6.0,2480.07,3364.31
480.0,79.0,33.0,27.0,7.0,2487.0,3693.34
480.0,80.0,34.0,20.0,5.0,2300.64,3176.2
480.0,85.0,34.0,21.0,6.0,2395.54,3367.96
480.0,83.0,36.0,21.0,7.0,2635.57,3493.81
480.0,84.0,32.0,30.0,4.0,2393.98,3559.82
480.0,74.0,33.0,22.0,4.0,2255.52,3090.33
480.0,80.0,33.0,21.0,8.0,2530.16,3440.9
480.0,69.0,27.0,22.0,9.0,2356.31,3296.42
480.0,68.0,27.0,24.0,4.0,1999.73,3069.44
480.0,65.0,36.0,19.0,3.0,2296.47,2978.38
480.0,81.0,29.0,25.0,3.0,2072.8,3054.21
480.0,71.0,37.0,14.0,8.0,2516.87,3245.98
480.0,71.0,36.0,15.0,8.0,2612.95,3192.77
480.0,95.0,37.0,23.0,9.0,2833.74,3772.84
480.0,67.0,37.0,24.0,0.0,2200.2,3058.42
480.0,76.0,44.0,16.0,1.0,2505.78,2989.79
480.0,73.0,36.0,15.0,7.0,2565.44,3197.47
480.0,78.0,41.0,13.0,3.0,2489.64,2884.13
480.0,77.0,36.0,18.0,4.0,2316.17,3019.84
480.0,88.0,31.0,27.0,7.0,2518.11,3631.67
480.0,78.0,39.0,15.0,7.0,2668.92,3227.81
480.0,72.0,31.0,28.0,5.0,2358.21,3519.21
480.0,84.0,41.0,19.0,5.0,2694.15,3362.39
480.0,77.0,30.0,22.0,7.0,2279.3,3200.09
480.0,59.0,28.0,22.0,5.0,2119.91,2971.03
480.0,63.0,29.0,25.0,5.0,2320.1,3267.93
480.0,60.0,33.0,19.0,4.0,2176.59,2953.72
480.0,83.0,27.0,33.0,6.0,2346.48,3652.52
480.0,67.0,31.0,23.0,6.0,2358.62,3307.41
480.0,74.0,33.0,28.0,3.0,2314.21,3392.57
480.0,66.0,25.0,22.0,8.0,2203.14,3152.73
480.0,81.0,34.0,20.0,10.0,2668.57,3669.99
480.0,70.0,35.0,19.0,3.0,2268.64,3001.91
480.0,73.0,29.0,28.0,6.0,2345.87,3552.44
480.0,78.0,43.0,13.0,7.0,2757.77,3293.17
480.0,70.0,33.0,16.0,6.0,2235.63,3028.5
480.0,83.0,31.0,27.0,5.0,2306.88,3430.57
480.0,70.0,39.0,18.0,4.0,2441.54,3125.06
480.0,63.0,31.0,24.0,5.0,2282.54,3236.57
480.0,72.0,23.0,29.0,5.0,2008.92,3245.94
480.0,79.0,30.0,25.0,7.0,2410.82,3447.51
480.0,87.0,40.0,21.0,3.0,2563.24,3401.46
480.0,70.0,31.0,20.0,6.0,2270.05,3171.16
480.0,69.0,33.0,22.0,8.0,2500.07,3487.34
480.0,85.0,33.0,21.0,7.0,2450.29,3290.5
480.0,72.0,40.0,20.0,6.0,2840.65,3551.3
480.0,69.0,33.0,23.0,5.0,2396.07,3389.01
480.0,84.0,36.0,17.0,6.0,2478.95,3179.69
480.0,79.0,29.0,29.0,6.0,2316.75,3538.05
480.0,75.0,35.0,22.0,5.0,2413.05,3322.22
480.0,70.0,27.0,35.0,5.0,2310.36,3741.24
480.0,60.0,21.0,36.0,2.0,1771.15,3205.12
480.0,82.0,33.0,39.0,3.0,2519.78,4044.22
480.0,63.0,19.0,32.0,7.0,1938.96,3424.49
480.0,75.0,32.0,36.0,2.0,2354.73,3710.29
480.0,71.0,25.0,35.0,7.0,2265.5,3851.15
480.0,70.0,22.0,33.0,13.0,2556.32,4150.77
480.0,91.0,30.0,43.0,9.0,2804.38,4643.96
480.0,69.0,34.0,30.0,3.0,2331.43,3543.12
480.0,85.0,28.0,44.0,9.0,2746.14,4628.57
480.0,73.0,27.0,35.0,7.0,2331.0,3903.71
480.0,65.0,26.0,31.0,7.0,2193.46,3651.43
480.0,82.0,30.0,39.0,4.0,2386.07,3976.36
480.0,72.0,31.0,35.0,4.0,2371.95,3813.77
480.0,89.0,23.0,56.0,4.0,2331.78,4456.95
480.0,72.0,28.0,32.0,6.0,2378.54,3784.67
480.0,66.0,28.0,29.0,7.0,2314.21,3650.66
480.0,80.0,31.0,38.0,4.0,2453.64,3912.37
480.0,68.0,25.0,32.0,6.0,2168.69,3621.93
480.0,86.0,29.0,46.0,7.0,2647.16,4512.31
480.0,74.0,29.0,34.0,6.0,2441.98,3845.22
480.0,71.0,22.0,39.0,6.0,2166.63,3841.27
480.0,77.0,37.0,32.0,5.0,2699.57,3959.13
480.0,77.0,33.0,31.0,9.0,2731.62,4172.41
480.0,77.0,30.0,38.0,6.0,2594.59,4200.94
480.0,86.0,36.0,42.0,4.0,2776.16,4347.37
480.0,71.0,24.0,32.0,13.0,2640.99,4154.48
480.0,78.0,27.0,42.0,4.0,2320.41,3987.61
480.0,70.0,27.0,31.0,8.0,2403.61,3759.1
480.0,90.0,32.0,39.0,14.0,3107.42,4955.6
480.0,77.0,32.0,34.0,8.0,2676.33,4133.36
480.0,87.0,30.0,41.0,9.0,2880.33,4533.27
480.0,68.0,24.0,34.0,7.0,2206.59,3750.29
480.0,75.0,35.0,30.0,7.0,2746.06,4009.07
480.0,72.0,29.0,32.0,6.0,2390.97,3776.07
480.0,80.0,23.0,43.0,10.0,2597.94,4421.79
480.0,86.0,39.0,36.0,9.0,3155.74,4590.31
480.0,73.0,29.0,31.0,7.0,2480.0,3814.22
480.0,73.0,27.0,32.0,12.0,2643.07,4166.92
480.0,79.0,32.0,37.0,5.0,2532.61,4093.64
480.0,76.0,22.0,42.0,5.0,2098.19,3860.52
480.0,76.0,38.0,29.0,5.0,2714.96,3879.93
480.0,69.0,27.0,31.0,9.0,2394.39,3921.99
480.0,73.0,30.0,31.0,10.0,2620.43,4037.12
480.0,68.0,31.0,30.0,6.0,2437.26,3686.23
480.0,84.0,23.0,50.0,6.0,2348.49,4383.98
480.0,76.0,32.0,37.0,5.0,2493.41,4070.37
480.0,69.0,22.0,37.0,7.0,2203.22,3796.31
480.0,84.0,22.0,48.0,10.0,2585.9,4568.4
480.0,79.0,29.0,40.0,4.0,2438.37,3965.69
480.0,69.0,28.0,30.0,8.0,2445.65,3784.47
480.0,81.0,30.0,31.0,12.0,2866.58,4288.47
480.0,87.0,37.0,38.0,9.0,3039.24,4645.49
480.0,82.0,29.0,41.0,8.0,2787.34,4514.31
480.0,94.0,35.0,46.0,5.0,2813.25,4632.08
480.0,71.0,26.0,38.0,6.0,2342.11,3929.88
480.0,74.0,20.0,42.0,5.0,2044.22,3878.85
480.0,66.0,21.0,37.0,8.0,2247.52,3762.93
480.0,76.0,30.0,34.0,7.0,2534.47,4066.73
480.0,71.0,26.0,35.0,5.0,2276.61,3711.88
480.0,79.0,31.0,38.0,6.0,2605.76,4180.06
480.0,68.0,29.0,27.0,9.0,2457.44,3761.04
480.0,79.0,35.0,34.0,6.0,2696.06,4062.9
480.0,85.0,30.0,43.0,9.0,2799.06,4626.66
480.0,67.0,22.0,33.0,5.0,1966.42,3432.62
480.0,81.0,27.0,42.0,8.0,2623.42,4334.98
480.0,89.0,36.0,39.0,11.0,3187.21,4809.72
480.0,87.0,34.0,42.0,5.0,2825.17,4473.58
480.0,81.0,22.0,45.0,7.0,2396.14,4352.54
480.0,74.0,27.0,38.0,9.0,2541.5,4179.36
480.0,77.0,22.0,40.0,8.0,2291.11,4001.13
480.0,74.0,23.0,39.0,9.0,2347.62,4097.12
480.0,91.0,39.0,36.0,12.0,3244.59,4927.98
480.0,73.0,25.0,36.0,6.0,2330.73,3769.87
480.0,85.0,33.0,38.0,10.0,2897.89,4570.56
480.0,76.0,25.0,35.0,10.0,2544.73,4131.64
480.0,71.0,33.0,31.0,4.0,2382.98,3668.95
480.0,68.0,17.0,39.0,9.0,2083.83,3935.2
480.0,59.0,28.0,22.0,7.0,2193.3,3291.71
480.0,80.0,30.0,33.0,12.0,2883.34,4456.79
480.0,80.0,28.0,33.0,11.0,2738.01,4250.0
480.0,71.0,24.0,36.0,8.0,2408.71,3908.92
480.0,79.0,25.0,36.0,10.0,2582.93,4312.52
480.0,77.0,31.0,34.0,9.0,2680.17,4179.0
480.0,89.0,37.0,41.0,8.0,3039.41,4696.77
480.0,66.0,29.0,28.0,8.0,2378.24,3672.57
480.0,85.0,41.0,33.0,5.0,2939.26,4232.47
480.0,69.0,29.0,31.0,7.0,2454.3,3745.81
480.0,75.0,25.0,37.0,8.0,2482.68,4055.9
480.0,87.0,33.0,39.0,5.0,2677.94,4181.44
480.0,74.0,29.0,34.0,8.0,2591.35,4099.12
480.0,78.0,28.0,33.0,13.0,2806.87,4388.18
480.0,67.0,24.0,37.0,3.0,2045.36,3515.98
480.0,73.0,19.0,41.0,11.0,2415.35,4231.43
480.0,84.0,29.0,39.0,10.0,2750.2,4419.2
480.0,82.0,33.0,37.0,9.0,2809.9,4437.57
480.0,68.0,25.0,32.0,6.0,2150.54,3586.35
480.0,83.0,32.0,36.0,9.0,2804.42,4397.33
480.0,79.0,30.0,38.0,4.0,2378.13,3920.66
480.0,76.0,28.0,30.0,12.0,2777.47,4152.97
480.0,77.0,0.0,47.0,10.0,1447.48,3571.27
480.0,65.0,0.0,52.0,3.0,1117.33,3118.31
480.0,79.0,0.0,44.0,6.0,1162.88,3026.06
480.0,62.0,0.0,50.0,6.0,1265.99,3313.46
480.0,68.0,0.0,41.0,11.0,1383.46,3262.48
480.0,74.0,1.0,51.0,7.0,1422.85,3550.44
480.0,71.0,0.0,51.0,5.0,1217.61,3246.38
480.0,85.0,0.0,47.0,7.0,1256.42,3218.53
480.0,72.0,0.0,44.0,9.0,1320.49,3269.73
480.0,71.0,0.0,54.0,5.0,1263.89,3379.13
480.0,65.0,0.0,46.0,9.0,1358.26,3335.57
480.0,79.0,1.0,46.0,13.0,1656.24,3818.37
480.0,71.0,0.0,49.0,7.0,1312.53,3372.03
480.0,70.0,0.0,42.0,13.0,1589.7,3644.36
480.0,87.0,0.0,49.0,10.0,1479.19,3617.91
480.0,72.0,0.0,52.0,9.0,1466.15,3665.61
480.0,65.0,0.0,47.0,8.0,1322.5,3326.2
480.0,84.0,1.0,49.0,8.0,1403.6,3463.67
480.0,69.0,0.0,48.0,5.0,1164.63,3106.57
480.0,74.0,0.0,51.0,4.0,1196.87,3256.48
480.0,65.0,0.0,51.0,5.0,1218.38,3256.58
480.0,76.0,0.0,51.0,5.0,1265.26,3353.77
480.0,80.0,1.0,48.0,7.0,1337.92,3371.3
480.0,69.0,0.0,49.0,6.0,1236.69,3250.21
480.0,83.0,0.0,57.0,3.0,1209.09,3376.3
480.0,80.0,0.0,48.0,10.0,1448.78,3557.72
480.0,64.0,0.0,49.0,6.0,1246.25,3270.89
480.0,83.0,0.0,48.0,6.0,1236.44,3247.87
480.0,76.0,0.0,49.0,11.0,1576.79,3789.53
480.0,82.0,0.0,52.0,5.0,1240.18,3318.72
480.0,68.0,0.0,49.0,5.0,1230.17,3253.68
480.0,84.0,0.0,51.0,5.0,1226.43,3283.89
480.0,81.0,0.0,51.0,7.0,1345.6,3507.18
480.0,77.0,0.0,49.0,9.0,1412.38,3508.54
480.0,73.0,0.0,49.0,8.0,1359.85,3426.66
480.0,80.0,0.0,42.0,13.0,1569.15,3612.63
480.0,90.0,0.0,56.0,6.0,1364.3,3619.98
480.0,75.0,0.0,43.0,11.0,1414.92,3375.82
480.0,71.0,0.0,50.0,6.0,1274.52,3342.43
480.0,84.0,0.0,50.0,6.0,1260.58,3301.42
480.0,81.0,0.0,50.0,7.0,1316.27,3395.01
480.0,72.0,0.0,48.0,6.0,1257.18,3257.6
480.0,84.0,0.0,47.0,11.0,1500.4,3603.72
480.0,81.0,0.0,48.0,6.0,1257.8,3288.81
480.0,63.0,1.0,43.0,7.0,1233.33,3061.87
480.0,82.0,0.0,55.0,4.0,1227.04,3372.0
480.0,77.0,0.0,47.0,8.0,1320.49,3307.71
480.0,78.0,0.0,52.0,10.0,1523.06,3776.32
480.0,92.0,0.0,49.0,10.0,1470.48,3588.15
480.0,70.0,0.0,47.0,11.0,1501.28,3617.68
480.0,97.0,1.0,52.0,8.0,1466.12,3666.56
480.0,82.0,0.0,45.0,8.0,1318.53,3261.46
480.0,81.0,0.0,49.0,11.0,1527.79,3688.28
480.0,80.0,1.0,55.0,3.0,1219.93,3302.06
480.0,77.0,0.0,46.0,9.0,1372.13,3378.53
480.0,83.0,0.0,49.0,6.0,1229.03,3207.93
480.0,82.0,0.0,55.0,5.0,1301.62,3486.72
480.0,76.0,0.0,42.0,10.0,1368.23,3281.44
480.0,70.0,0.0,51.0,6.0,1280.67,3400.73
480.0,66.0,1.0,48.0,6.0,1276.27,3273.54
480.0,76.0,0.0,53.0,3.0,1145.14,3196.76
480.0,81.0,0.0,51.0,8.0,1399.61,3554.5
480.0,67.0,1.0,47.0,7.0,1348.73,3382.65
480.0,100.0,0.0,49.0,12.0,1583.33,3801.34
480.0,83.0,0.0,50.0,8.0,1389.95,3510.18
480.0,81.0,0.0,48.0,6.0,1279.55,3306.43
480.0,80.0,0.0,53.0,4.0,1207.38,3281.57
480.0,84.0,0.0,55.0,3.0,1234.12,3384.56
480.0,78.0,0.0,48.0,5.0,1215.67,3171.93
480.0,80.0,0.0,49.0,4.0,1166.04,3117.8
480.0,68.0,0.0,47.0,8.0,1305.0,3286.94
480.0,76.0,0.0,53.0,5.0,1261.57,3383.87
480.0,84.0,1.0,47.0,9.0,1420.51,3457.91
480.0,83.0,1.0,50.0,5.0,1255.4,3273.93
480.0,70.0,0.0,55.0,4.0,1233.76,3358.26
480.0,71.0,0.0,48.0,4.0,1118.95,3036.0
480.0,80.0,0.0,53.0,8.0,1434.88,3661.3
480.0,81.0,1.0,47.0,11.0,1602.54,3738.97
480.0,63.0,0.0,39.0,12.0,1435.31,3344.52
480.0,85.0,0.0,56.0,2.0,1138.84,3257.0
480.0,78.0,0.0,47.0,8.0,1363.5,3411.36
480.0,75.0,0.0,50.0,11.0,1549.93,3736.87
480.0,75.0,1.0,46.0,10.0,1484.22,3527.43
480.0,72.0,1.0,50.0,7.0,1413.09,3531.34
480.0,87.0,0.0,50.0,8.0,1374.08,3472.14
480.0,72.0,0.0,52.0,6.0,1304.24,3427.91
480.0,81.0,0.0,53.0,3.0,1135.21,3172.34
480.0,67.0,1.0,45.0,5.0,1169.73,3017.9
480.0,65.0,0.0,42.0,11.0,1408.92,3338.28
480.0,76.0,0.0,46.0,9.0,1363.53,3383.63
480.0,80.0,0.0,51.0,6.0,1274.1,3332.82
480.0,88.0,0.0,48.0,11.0,1559.1,3743.34
480.0,67.0,0.0,47.0,7.0,1262.34,3260.01
480.0,77.0,0.0,47.0,11.0,1500.45,3626.39
480.0,81.0,0.0,52.0,6.0,1360.95,3524.29
480.0,79.0,0.0,44.0,12.0,1511.4,3560.84
480.0,70.0,0.0,47.0,9.0,1390.78,3456.24
480.0,85.0,0.0,43.0,15.0,1652.86,3753.12
480.0,91.0,0.0,48.0,11.0,1506.81,3635.62
480.0,80.0,0.0,50.0,4.0,1151.71,3123.0
480.0,78.0,42.0,5.0,2.0,2284.62,2511.3
480.0,72.0,48.0,7.0,1.0,2467.45,2731.41
480.0,74.0,44.0,6.0,1.0,2324.64,2552.82
480.0,72.0,44.0,4.0,2.0,2389.29,2509.33
480.0,85.0,45.0,6.0,0.0,2268.57,2523.46
480.0,77.0,42.0,6.0,5.0,2545.3,2814.83
480.0,75.0,46.0,3.0,3.0,2533.51,2618.41
480.0,85.0,47.0,5.0,1.0,2381.56,2605.96
480.0,84.0,46.0,7.0,3.0,2555.11,2881.8
480.0,74.0,47.0,3.0,3.0,2530.44,2629.72
480.0,75.0,45.0,6.0,4.0,2586.95,2846.32
480.0,67.0,48.0,7.0,1.0,2507.67,2701.66
480.0,80.0,47.0,4.0,3.0,2571.34,2724.81
480.0,59.0,43.0,3.0,4.0,2547.7,2555.81
480.0,84.0,47.0,6.0,4.0,2668.94,2984.61
480.0,76.0,47.0,5.0,1.0,2451.21,2594.25
480.0,64.0,46.0,3.0,3.0,2494.71,2560.85
480.0,73.0,40.0,7.0,6.0,2531.47,2945.88
480.0,64.0,44.0,2.0,4.0,2474.82,2553.02
480.0,71.0,46.0,6.0,3.0,2520.81,2818.4
480.0,69.0,43.0,3.0,6.0,2631.94,2780.91
480.0,73.0,46.0,7.0,4.0,2661.05,2936.77
480.0,71.0,45.0,6.0,3.0,2533.35,2711.19
480.0,84.0,44.0,3.0,3.0,2384.06,2530.03
480.0,70.0,46.0,7.0,2.0,2501.88,2722.9
480.0,73.0,47.0,3.0,2.0,2507.5,2606.4
480.0,72.0,42.0,8.0,8.0,2757.26,3216.7
480.0,62.0,44.0,3.0,2.0,2358.51,2390.37
480.0,79.0,46.0,7.0,4.0,2646.42,2941.21
480.0,87.0,45.0,4.0,5.0,2665.39,2940.97
480.0,65.0,42.0,3.0,3.0,2368.07,2424.74
480.0,79.0,45.0,7.0,5.0,2689.06,2922.02
480.0,70.0,41.0,5.0,6.0,2697.98,2855.49
480.0,84.0,44.0,6.0,5.0,2627.97,2919.71
480.0,78.0,42.0,5.0,6.0,2636.97,2839.92
480.0,72.0,44.0,6.0,4.0,2638.57,2868.04
480.0,85.0,41.0,3.0,8.0,2726.02,2866.45
480.0,80.0,47.0,10.0,4.0,2683.75,3168.91
480.0,66.0,48.0,4.0,1.0,2437.4,2563.96
480.0,80.0,45.0,3.0,3.0,2483.38,2573.05
480.0,84.0,48.0,5.0,0.0,2374.37,2559.95
480.0,69.0,43.0,7.0,4.0,2492.95,2771.87
480.0,78.0,47.0,3.0,2.0,2494.09,2570.19
480.0,84.0,43.0,5.0,5.0,2597.18,2805.98
480.0,66.0,40.0,4.0,8.0,2657.99,2836.94
480.0,78.0,46.0,4.0,5.0,2626.11,2872.41
480.0,72.0,41.0,3.0,9.0,2751.04,2985.28
480.0,81.0,44.0,4.0,6.0,2655.64,2910.04
480.0,89.0,46.0,14.0,5.0,2835.97,3462.47
480.0,70.0,44.0,5.0,5.0,2638.1,2772.78
480.0,79.0,47.0,10.0,2.0,2636.62,3077.88
480.0,74.0,44.0,3.0,5.0,2535.77,2718.06
480.0,79.0,45.0,4.0,4.0,2573.15,2749.65
480.0,83.0,45.0,10.0,5.0,2742.28,3143.32
480.0,79.0,47.0,6.0,1.0,2446.92,2624.53
480.0,81.0,44.0,6.0,6.0,2710.46,2998.88
480.0,83.0,47.0,3.0,4.0,2583.43,2752.81
480.0,81.0,46.0,4.0,1.0,2359.08,2471.51
480.0,75.0,46.0,6.0,3.0,2557.99,2806.49
480.0,54.0,46.0,3.0,3.0,2498.86,2568.18
480.0,81.0,46.0,5.0,1.0,2398.9,2551.71
480.0,70.0,48.0,4.0,2.0,2515.44,2646.63
480.0,80.0,41.0,4.0,6.0,2653.66,2867.13
480.0,81.0,44.0,6.0,4.0,2628.08,2839.86
480.0,81.0,44.0,4.0,5.0,2621.11,2798.56
480.0,75.0,45.0,6.0,7.0,2729.25,3092.72
480.0,70.0,46.0,4.0,2.0,2428.53,2597.89
480.0,74.0,47.0,5.0,2.0,2504.01,2683.45
480.0,77.0,46.0,7.0,3.0,2583.82,2894.57
480.0,82.0,47.0,4.0,2.0,2479.8,2645.06
480.0,82.0,44.0,12.0,5.0,2702.39,3230.36
480.0,83.0,42.0,11.0,7.0,2836.79,3285.03
480.0,93.0,46.0,6.0,3.0,2562.46,2801.1
480.0,73.0,45.0,5.0,3.0,2491.62,2693.57
480.0,85.0,43.0,8.0,6.0,2698.46,3062.86
480.0,64.0,45.0,5.0,5.0,2607.92,2816.86
480.0,72.0,45.0,5.0,3.0,2530.0,2676.1
480.0,81.0,45.0,7.0,5.0,2695.55,3062.5
480.0,72.0,45.0,3.0,2.0,2392.62,2454.27
480.0,71.0,47.0,3.0,2.0,2472.76,2530.11
480.0,77.0,43.0,7.0,6.0,2716.66,3007.91
480.0,64.0,44.0,3.0,6.0,2664.1,2745.51
480.0,64.0,42.0,8.0,5.0,2601.59,2869.59
480.0,84.0,43.0,6.0,5.0,2631.1,2910.48
480.0,81.0,45.0,10.0,2.0,2517.38,2920.29
480.0,69.0,46.0,5.0,1.0,2388.42,2526.84
480.0,94.0,48.0,11.0,2.0,2644.15,3153.46
480.0,65.0,47.0,7.0,0.0,2358.24,2515.03
480.0,76.0,45.0,7.0,4.0,2639.46,2926.63
480.0,74.0,44.0,4.0,3.0,2430.92,2546.28
480.0,69.0,44.0,3.0,5.0,2595.82,2692.05
480.0,86.0,45.0,7.0,3.0,2571.15,2847.86
480.0,69.0,44.0,5.0,3.0,2466.33,2621.81
480.0,72.0,46.0,7.0,5.0,2661.15,3036.81
480.0,77.0,42.0,10.0,6.0,2699.14,3115.73
480.0,75.0,45.0,5.0,4.0,2586.04,2796.75
480.0,78.0,44.0,6.0,3.0,2443.13,2724.68
480.0,84.0,45.0,7.0,4.0,2629.16,2964.95
480.0,72.0,46.0,4.0,5.0,2640.03,2838.44
480.0,79.0,41.0,5.0,7.0,2639.29,2934.63
480.0,63.0,33.0,24.0,6.0,2410.89,3491.55
480.0,63.0,31.0,24.0,5.0,2282.86,3373.46
480.0,77.0,33.0,33.0,6.0,2647.92,3949.61
480.0,72.0,33.0,29.0,5.0,2544.75,3724.78
480.0,70.0,29.0,28.0,6.0,2259.35,3496.88
480.0,77.0,34.0,28.0,8.0,2713.35,3931.74
480.0,72.0,33.0,33.0,4.0,2522.94,3759.0
480.0,78.0,33.0,26.0,9.0,2698.85,3876.79
480.0,67.0,38.0,23.0,5.0,2553.93,3569.54
480.0,90.0,43.0,29.0,10.0,3235.3,4592.05
480.0,70.0,34.0,25.0,4.0,2500.89,3482.08
480.0,77.0,39.0,25.0,7.0,2831.11,3890.11
480.0,62.0,33.0,25.0,3.0,2205.75,3272.61
480.0,73.0,39.0,24.0,8.0,2815.72,3913.31
480.0,86.0,42.0,29.0,6.0,2968.52,4093.13
480.0,74.0,35.0,26.0,5.0,2474.69,3638.29
480.0,68.0,38.0,20.0,7.0,2611.48,3606.13
480.0,74.0,29.0,33.0,7.0,2466.58,3973.26
480.0,64.0,34.0,20.0,4.0,2314.72,3156.27
480.0,74.0,36.0,29.0,6.0,2652.27,3862.32
480.0,72.0,34.0,28.0,8.0,2724.68,3913.18
480.0,82.0,47.0,23.0,5.0,3042.24,3950.23
480.0,76.0,37.0,26.0,6.0,2744.99,3818.74
480.0,75.0,38.0,24.0,7.0,2748.7,3808.2
480.0,71.0,37.0,28.0,3.0,2520.15,3623.98
480.0,77.0,38.0,27.0,5.0,2674.73,3783.8
480.0,68.0,38.0,25.0,4.0,2545.09,3536.12
480.0,86.0,36.0,30.0,9.0,2948.55,4241.99
480.0,65.0,31.0,24.0,7.0,2416.22,3480.34
480.0,89.0,46.0,26.0,10.0,3318.85,4590.31
480.0,62.0,36.0,20.0,5.0,2491.55,3288.17
480.0,97.0,48.0,29.0,8.0,3334.84,4619.58
480.0,85.0,39.0,33.0,6.0,2964.91,4304.31
480.0,84.0,46.0,26.0,5.0,3034.22,4080.48
480.0,66.0,39.0,17.0,7.0,2755.53,3410.06
480.0,74.0,34.0,26.0,10.0,2730.48,4000.93
480.0,92.0,47.0,28.0,6.0,3146.95,4265.13
480.0,82.0,41.0,27.0,10.0,3141.83,4316.5
480.0,76.0,32.0,29.0,7.0,2585.48,3800.77
480.0,70.0,34.0,26.0,5.0,2569.02,3635.97
480.0,84.0,44.0,28.0,6.0,3034.86,4124.3
480.0,82.0,42.0,31.0,6.0,3006.33,4185.79
480.0,71.0,45.0,18.0,6.0,2849.23,3643.98
480.0,76.0,41.0,20.0,12.0,3181.63,4117.29
480.0,68.0,30.0,24.0,11.0,2668.58,3835.79
480.0,85.0,44.0,29.0,8.0,3145.75,4419.04
480.0,70.0,39.0,21.0,6.0,2699.19,3603.67
480.0,71.0,37.0,22.0,7.0,2663.48,3666.64
480.0,82.0,41.0,31.0,7.0,3060.29,4213.72
480.0,73.0,37.0,25.0,6.0,2664.97,3787.36
480.0,75.0,30.0,33.0,8.0,2563.04,3984.35
480.0,79.0,43.0,25.0,7.0,2993.42,3971.85
480.0,84.0,42.0,29.0,9.0,3134.3,4360.76
480.0,82.0,37.0,34.0,4.0,2787.11,4105.52
480.0,71.0,39.0,23.0,2.0,2423.76,3362.15
480.0,81.0,44.0,24.0,9.0,3107.8,4217.18
480.0,73.0,38.0,27.0,5.0,2646.5,3748.58
480.0,74.0,39.0,25.0,7.0,2810.36,3894.07
480.0,71.0,35.0,26.0,3.0,2336.48,3420.1
480.0,73.0,38.0,26.0,6.0,2733.97,3822.64
480.0,74.0,33.0,33.0,2.0,2323.12,3579.08
480.0,70.0,34.0,30.0,3.0,2392.16,3613.15
480.0,72.0,36.0,24.0,8.0,2706.84,3771.16
480.0,83.0,38.0,29.0,9.0,2896.55,4202.02
480.0,65.0,36.0,26.0,3.0,2380.86,3402.66
480.0,86.0,40.0,29.0,8.0,3018.5,4258.3
480.0,78.0,36.0,25.0,9.0,2758.72,3950.58
480.0,74.0,38.0,24.0,5.0,2611.85,3595.77
480.0,70.0,38.0,23.0,6.0,2631.27,3668.32
480.0,75.0,36.0,31.0,7.0,2753.33,4005.83
480.0,85.0,39.0,34.0,6.0,2940.96,4253.55
480.0,72.0,24.0,37.0,9.0,2517.02,4032.43
480.0,88.0,45.0,22.0,8.0,3064.21,4044.93
480.0,74.0,37.0,22.0,7.0,2612.51,3636.49
480.0,89.0,41.0,34.0,5.0,3036.0,4276.01
480.0,84.0,39.0,31.0,5.0,2873.1,4055.01
480.0,75.0,38.0,26.0,7.0,2763.13,3936.51
480.0,86.0,44.0,32.0,5.0,3055.52,4256.16
480.0,62.0,32.0,15.0,10.0,2436.14,3363.15
480.0,79.0,45.0,27.0,2.0,2785.34,3795.86
480.0,72.0,34.0,27.0,3.0,2343.71,3368.54
480.0,68.0,33.0,25.0,7.0,2501.87,3651.71
480.0,67.0,30.0,21.0,10.0,2700.35,3715.61
480.0,82.0,35.0,37.0,5.0,2755.75,4101.06
480.0,82.0,34.0,40.0,6.0,2787.46,4341.9
480.0,69.0,38.0,24.0,5.0,2547.1,3610.07
480.0,87.0,44.0,31.0,5.0,3050.38,4201.66
480.0,73.0,37.0,24.0,6.0,2646.86,3732.54
480.0,67.0,30.0,25.0,9.0,2541.91,3753.26
480.0,74.0,33.0,29.0,4.0,2471.43,3619.18
480.0,79.0,41.0,26.0,6.0,2832.53,3943.83
480.0,81.0,42.0,26.0,8.0,3106.97,4117.61
480.0,65.0,34.0,23.0,5.0,2485.86,3407.17
480.0,91.0,38.0,34.0,10.0,3234.55,4575.23
480.0,82.0,31.0,32.0,9.0,2655.15,4145.25
480.0,80.0,42.0,22.0,7.0,2982.2,3959.94
480.0,69.0,39.0,18.0,6.0,2650.18,3455.1
480.0,79.0,40.0,21.0,15.0,3410.48,4366.71
480.0,76.0,38.0,26.0,7.0,2717.93,3871.48
480.0,82.0,42.0,24.0,8.0,3006.62,4077.23
480.0,74.0,23.0,38.0,9.0,2406.79,4021.64
480.0,75.0,31.0,38.0,4.0,2444.7,3917.83
480.0,70.0,16.0,42.0,7.0,2034.57,3756.03
480.0,64.0,24.0,34.0,4.0,2051.24,3388.76
480.0,79.0,27.0,39.0,4.0,2235.81,3788.2
480.0,76.0,25.0,36.0,8.0,2437.6,3949.98
480.0,82.0,29.0,33.0,11.0,2684.88,4244.78
480.0,85.0,24.0,39.0,9.0,2458.46,4073.22
480.0,71.0,27.0,31.0,7.0,2413.76,3655.18
480.0,75.0,25.0,40.0,7.0,2376.99,4071.06
480.0,65.0,22.0,35.0,2.0,1909.13,3260.54
480.0,70.0,33.0,24.0,11.0,2773.29,3848.19
480.0,62.0,24.0,29.0,4.0,1990.65,3297.17
480.0,71.0,27.0,30.0,8.0,2409.95,3763.93
480.0,85.0,34.0,35.0,11.0,2958.6,4524.64
480.0,74.0,28.0,34.0,6.0,2425.08,3825.75
480.0,69.0,22.0,34.0,5.0,2012.04,3491.04
480.0,59.0,25.0,28.0,3.0,1972.75,3158.84
480.0,71.0,26.0,35.0,7.0,2334.65,3878.16
480.0,83.0,33.0,36.0,8.0,2693.05,4249.56
480.0,72.0,26.0,39.0,5.0,2371.76,3866.25
480.0,78.0,33.0,32.0,8.0,2690.15,4072.17
480.0,66.0,29.0,27.0,5.0,2211.49,3393.93
480.0,78.0,36.0,29.0,6.0,2712.06,3923.69
480.0,78.0,31.0,36.0,6.0,2534.8,3961.88
480.0,81.0,36.0,31.0,8.0,2786.75,4144.21
480.0,79.0,28.0,35.0,8.0,2592.96,4068.67
480.0,77.0,19.0,43.0,5.0,2019.83,3805.29
480.0,68.0,29.0,27.0,8.0,2409.32,3610.48
480.0,91.0,31.0,38.0,13.0,3071.41,4709.16
480.0,74.0,34.0,30.0,4.0,2482.88,3743.0
480.0,89.0,39.0,35.0,6.0,2957.05,4316.13
480.0,77.0,35.0,30.0,9.0,2801.74,4177.24
480.0,74.0,26.0,32.0,11.0,2575.87,4037.08
480.0,69.0,25.0,27.0,13.0,2554.56,3935.57
480.0,72.0,29.0,34.0,5.0,2315.53,3730.57
480.0,88.0,38.0,33.0,10.0,3038.99,4467.74
480.0,77.0,33.0,32.0,7.0,2655.9,3964.72
480.0,77.0,28.0,38.0,6.0,2413.37,4008.19
480.0,74.0,21.0,41.0,7.0,2155.96,3925.6
480.0,74.0,27.0,32.0,6.0,2282.15,3627.39
480.0,72.0,31.0,29.0,5.0,2305.62,3512.37
480.0,74.0,24.0,41.0,8.0,2407.09,4094.42
480.0,78.0,30.0,37.0,8.0,2666.58,4182.76
480.0,61.0,20.0,31.0,8.0,2131.12,3456.08
480.0,84.0,29.0,38.0,9.0,2683.5,4256.08
480.0,71.0,24.0,36.0,7.0,2266.62,3761.19
480.0,78.0,27.0,40.0,8.0,2577.2,4279.66
480.0,78.0,33.0,33.0,6.0,2544.79,3924.52
480.0,75.0,31.0,32.0,5.0,2380.7,3714.37
480.0,84.0,30.0,42.0,4.0,2502.65,4115.42
480.0,74.0,25.0,34.0,9.0,2397.74,3911.39
480.0,74.0,30.0,31.0,7.0,2482.05,3771.92
480.0,76.0,33.0,32.0,8.0,2774.42,4063.1
480.0,80.0,29.0,34.0,10.0,2661.37,4208.45
480.0,73.0,29.0,37.0,6.0,2461.75,3931.99
480.0,71.0,29.0,31.0,5.0,2335.89,3622.47
480.0,75.0,29.0,29.0,12.0,2773.49,4060.64
480.0,63.0,27.0,28.0,7.0,2245.48,3482.3
480.0,80.0,27.0,40.0,9.0,2559.02,4293.08
480.0,83.0,23.0,39.0,10.0,2504.32,4335.47
480.0,74.0,33.0,27.0,10.0,2755.51,3979.13
480.0,77.0,23.0,37.0,8.0,2326.96,3929.57
480.0,87.0,34.0,39.0,8.0,2915.11,4487.87
480.0,75.0,23.0,42.0,6.0,2347.55,4087.7
480.0,80.0,31.0,37.0,7.0,2724.77,4203.53
480.0,77.0,25.0,38.0,6.0,2308.37,3811.04
480.0,85.0,32.0,42.0,5.0,2621.64,4222.54
480.0,79.0,34.0,33.0,4.0,2522.64,3784.97
480.0,77.0,27.0,39.0,10.0,2636.56,4292.73
480.0,90.0,27.0,47.0,5.0,2549.51,4394.46
480.0,84.0,32.0,35.0,10.0,3006.3,4432.15
480.0,74.0,30.0,33.0,8.0,2673.97,4004.63
480.0,74.0,29.0,36.0,7.0,2477.13,4021.48
480.0,81.0,28.0,35.0,10.0,2574.72,4188.54
480.0,74.0,26.0,37.0,7.0,2350.91,3946.64
480.0,59.0,25.0,28.0,5.0,2084.07,3218.47
480.0,77.0,11.0,48.0,13.0,2350.12,4388.74
480.0,68.0,22.0,31.0,10.0,2429.17,3805.49
480.0,73.0,24.0,43.0,2.0,2133.18,3718.61
480.0,74.0,28.0,34.0,7.0,2444.8,3944.96
480.0,85.0,33.0,37.0,7.0,2757.66,4244.97
480.0,72.0,28.0,34.0,6.0,2340.72,3750.67
480.0,73.0,32.0,35.0,5.0,2488.39,3907.23
480.0,78.0,32.0,40.0,4.0,2592.8,4083.74
480.0,60.0,21.0,28.0,6.0,1958.01,3187.19
480.0,78.0,33.0,33.0,9.0,2693.17,4235.54
480.0,68.0,22.0,34.0,9.0,2295.49,3744.35
480.0,64.0,28.0,28.0,6.0,2222.19,3468.92
480.0,86.0,32.0,34.0,8.0,2730.4,4183.8
480.0,85.0,27.0,45.0,10.0,2808.91,4586.45
480.0,86.0,30.0,45.0,9.0,2831.87,4647.17
480.0,67.0,28.0,31.0,4.0,2179.95,3475.46
480.0,80.0,33.0,36.0,6.0,2692.02,4090.18
480.0,89.0,29.0,47.0,5.0,2585.37,4345.7
480.0,79.0,31.0,34.0,6.0,2561.33,4001.41
480.0,78.0,26.0,37.0,8.0,2512.9,4039.66
480.0,86.0,28.0,39.0,11.0,2806.23,4438.48
480.0,84.0,38.0,32.0,5.0,2739.31,3966.11
480.0,85.0,31.0,31.0,15.0,3090.32,4528.6
480.0,70.0,31.0,32.0,4.0,2378.77,3577.78
480.0,76.0,34.0,35.0,4.0,2551.3,3875.22
480.0,78.0,37.0,34.0,2.0,2511.46,3784.15
480.0,68.0,26.0,31.0,7.0,2282.45,3657.69
480.0,83.0,32.0,36.0,11.0,2919.24,4476.11
480.0,61.0,16.0,34.0,5.0,1750.41,3161.99
480.0,82.0,36.0,33.0,9.0,3024.65,4352.61
480.0,83.0,34.0,33.0,9.0,2875.98,4334.15
480.0,74.0,36.0,28.0,7.0,2722.41,3831.04
480.0,74.0,29.0,35.0,3.0,2198.69,3571.73
480.0,70.0,30.0,29.0,5.0,2291.53,3540.86
480.0,75.0,34.0,29.0,7.0,2586.11,3845.94
480.0,88.0,36.0,36.0,8.0,2943.62,4449.21
480.0,76.0,37.0,26.0,8.0,2808.65,3874.37
480.0,96.0,44.0,38.0,6.0,3166.7,4591.14
480.0,81.0,29.0,34.0,12.0,2803.75,4336.67
480.0,66.0,32.0,25.0,7.0,2460.64,3558.49
480.0,79.0,21.0,39.0,13.0,2674.11,4321.77
480.0,73.0,28.0,38.0,5.0,2385.33,3923.89
480.0,82.0,39.0,29.0,9.0,2996.69,4208.64
480.0,74.0,32.0,33.0,6.0,2600.91,3881.4
480.0,81.0,37.0,35.0,7.0,2868.46,4263.07
480.0,69.0,32.0,30.0,5.0,2392.82,3601.02
480.0,70.0,32.0,27.0,6.0,2404.23,3575.16
480.0,81.0,31.0,40.0,6.0,2584.24,4213.28
480.0,75.0,42.0,27.0,3.0,2742.74,3625.38
480.0,73.0,30.0,28.0,10.0,2604.89,3901.32
480.0,82.0,34.0,32.0,11.0,3019.17,4332.4
480.0,77.0,36.0,29.0,6.0,2719.19,3820.74
480.0,87.0,32.0,35.0,10.0,2866.88,4350.65
480.0,70.0,34.0,27.0,5.0,2499.84,3639.79
480.0,80.0,32.0,36.0,5.0,2525.31,3979.23
480.0,78.0,31.0,35.0,10.0,2817.62,4309.57
480.0,88.0,33.0,39.0,10.0,2992.37,4549.95
480.0,71.0,29.0,30.0,5.0,2329.28,3544.84
480.0,74.0,30.0,33.0,8.0,2555.27,3966.26
480.0,84.0,42.0,27.0,11.0,3286.22,4361.98
480.0,85.0,37.0,38.0,8.0,2969.58,4487.48
480.0,77.0,34.0,30.0,6.0,2613.44,3768.61
480.0,67.0,28.0,32.0,3.0,2137.0,3460.11
480.0,79.0,29.0,37.0,8.0,2548.78,4151.11
480.0,76.0,40.0,26.0,4.0,2703.87,3675.62
480.0,72.0,35.0,28.0,7.0,2684.08,3743.74
480.0,78.0,34.0,32.0,8.0,2797.36,4063.4
480.0,65.0,32.0,21.0,9.0,2527.08,3540.42
480.0,78.0,28.0,39.0,9.0,2700.95,4279.14
480.0,68.0,30.0,28.0,9.0,2607.31,3727.57
480.0,80.0,37.0,28.0,11.0,2966.85,4225.37
480.0,87.0,38.0,33.0,8.0,3012.44,4405.01
480.0,74.0,34.0,29.0,9.0,2732.52,3988.57
480.0,73.0,33.0,30.0,8.0,2645.34,3970.29
480.0,80.0,28.0,37.0,7.0,2544.54,3992.88
480.0,76.0,38.0,30.0,5.0,2739.09,3884.07
480.0,80.0,38.0,32.0,5.0,2739.31,4005.45
480.0,67.0,27.0,33.0,5.0,2205.54,3551.93
480.0,72.0,36.0,28.0,4.0,2534.31,3597.85
480.0,73.0,27.0,34.0,7.0,2402.38,3862.11
480.0,71.0,27.0,31.0,12.0,2602.23,4049.94
480.0,76.0,26.0,32.0,10.0,2436.63,3937.6
480.0,61.0,22.0,30.0,6.0,1974.62,3319.6
480.0,82.0,31.0,38.0,8.0,2701.65,4262.38
480.0,78.0,41.0,24.0,8.0,2919.06,4012.28
480.0,84.0,45.0,26.0,5.0,2970.73,3956.58
480.0,98.0,40.0,38.0,7.0,3056.74,4567.18
480.0,65.0,21.0,32.0,7.0,2056.37,3527.11
480.0,76.0,39.0,22.0,7.0,2816.26,3737.93
480.0,71.0,28.0,23.0,12.0,2580.46,3752.11
480.0,73.0,32.0,28.0,5.0,2423.49,3565.77
480.0,83.0,39.0,29.0,10.0,3120.26,4293.45
480.0,78.0,29.0,40.0,6.0,2508.3,4107.56
480.0,81.0,37.0,32.0,7.0,2772.05,4107.19
480.0,79.0,39.0,31.0,7.0,2899.13,4156.78
480.0,85.0,32.0,43.0,8.0,2864.8,4518.83
480.0,75.0,28.0,32.0,12.0,2731.98,4166.85
480.0,71.0,33.0,29.0,4.0,2480.16,3584.11
480.0,73.0,29.0,35.0,4.0,2321.73,3783.82
480.0,68.0,26.0,32.0,5.0,2151.41,3508.24
480.0,80.0,27.0,40.0,8.0,2521.26,4188.88
480.0,63.0,29.0,25.0,7.0,2276.69,3408.67
480.0,66.0,24.0,33.0,8.0,2254.29,3678.34
480.0,71.0,29.0,34.0,6.0,2483.25,3785.64
480.0,71.0,28.0,32.0,8.0,2520.5,3891.18
480.0,76.0,32.0,29.0,11.0,2827.49,4165.61
480.0,73.0,33.0,31.0,5.0,2522.5,3780.41
480.0,92.0,45.0,33.0,8.0,3242.71,4556.86
480.0,77.0,33.0,32.0,6.0,2517.4,3872.42
480.0,80.0,34.0,33.0,11.0,2942.18,4376.07
480.0,72.0,30.0,30.0,7.0,2413.34,3724.12
480.0,67.0,34.0,25.0,5.0,2452.65,3477.57
480.0,83.0,39.0,33.0,5.0,2798.74,4019.33
480.0,73.0,35.0,27.0,4.0,2481.42,3627.52
480.0,83.0,41.0,28.0,10.0,3198.75,4339.31
480.0,62.0,26.0,29.0,5.0,2089.24,3332.19
480.0,78.0,30.0,35.0,7.0,2551.49,3985.42
480.0,81.0,28.0,39.0,8.0,2700.91,4275.07
480.0,92.0,38.0,33.0,7.0,2980.24,4220.84
480.0,74.0,32.0,34.0,4.0,2513.28,3797.86
480.0,82.0,40.0,31.0,7.0,2950.35,4191.43
480.0,90.0,44.0,36.0,5.0,3154.19,4532.26
480.0,71.0,39.0,15.0,12.0,2936.96,3728.08
480.0,78.0,44.0,4.0,2.0,2331.68,2388.97
480.0,64.0,46.0,4.0,1.0,2361.72,2352.0
480.0,71.0,41.0,2.0,2.0,2131.65,2146.35
480.0,62.0,42.0,2.0,4.0,2358.91,2325.99
480.0,84.0,42.0,4.0,2.0,2250.12,2251.13
480.0,64.0,40.0,3.0,4.0,2345.12,2314.8
480.0,85.0,45.0,4.0,1.0,2308.09,2310.76
480.0,76.0,42.0,1.0,4.0,2400.94,2267.8
480.0,73.0,42.0,0.0,4.0,2392.44,2211.86
480.0,87.0,47.0,1.0,1.0,2329.51,2225.14
480.0,63.0,43.0,3.0,3.0,2423.71,2357.92
480.0,72.0,46.0,3.0,2.0,2393.42,2374.03
480.0,66.0,47.0,0.0,2.0,2423.48,2211.38
480.0,71.0,43.0,1.0,4.0,2424.72,2342.13
480.0,86.0,46.0,4.0,0.0,2296.41,2283.05
480.0,79.0,48.0,1.0,0.0,2318.64,2135.59
480.0,74.0,42.0,3.0,1.0,2161.52,2224.06
480.0,75.0,45.0,2.0,2.0,2379.98,2269.05
480.0,80.0,44.0,2.0,2.0,2298.13,2311.8
480.0,69.0,44.0,2.0,2.0,2281.62,2229.33
480.0,75.0,41.0,5.0,3.0,2347.48,2408.16
480.0,75.0,40.0,4.0,6.0,2502.25,2523.91
480.0,75.0,45.0,0.0,4.0,2489.54,2303.5
480.0,74.0,46.0,0.0,1.0,2282.74,2068.63
480.0,78.0,44.0,0.0,3.0,2401.3,2198.94
480.0,89.0,45.0,2.0,2.0,2349.03,2294.19
480.0,77.0,43.0,2.0,3.0,2369.29,2284.55
480.0,67.0,45.0,1.0,3.0,2421.09,2256.34
480.0,75.0,40.0,7.0,3.0,2272.56,2484.3
480.0,81.0,46.0,2.0,1.0,2307.94,2180.64
480.0,63.0,45.0,0.0,2.0,2339.17,2121.17
480.0,84.0,45.0,4.0,2.0,2399.3,2379.33
480.0,71.0,45.0,2.0,3.0,2471.98,2366.13
480.0,85.0,41.0,3.0,4.0,2380.14,2354.18
480.0,62.0,42.0,1.0,5.0,2524.18,2384.5
480.0,79.0,45.0,1.0,4.0,2517.95,2362.49
480.0,96.0,44.0,3.0,5.0,2600.33,2524.29
480.0,83.0,40.0,6.0,4.0,2363.53,2489.79
480.0,64.0,44.0,1.0,3.0,2380.21,2278.56
480.0,72.0,38.0,5.0,4.0,2260.86,2377.28
480.0,86.0,43.0,4.0,1.0,2255.23,2237.35
480.0,75.0,41.0,5.0,3.0,2322.49,2374.66
480.0,82.0,44.0,2.0,4.0,2467.6,2426.73
480.0,80.0,42.0,2.0,5.0,2501.76,2425.08
480.0,69.0,43.0,2.0,3.0,2370.22,2258.7
480.0,76.0,48.0,0.0,1.0,2369.49,2134.62
480.0,76.0,42.0,2.0,5.0,2484.19,2424.17
480.0,83.0,40.0,5.0,6.0,2531.92,2657.95
480.0,84.0,44.0,1.0,5.0,2563.01,2453.21
480.0,75.0,41.0,4.0,5.0,2507.11,2516.9
480.0,69.0,42.0,3.0,2.0,2273.76,2236.62
480.0,76.0,43.0,0.0,4.0,2405.68,2200.96
480.0,81.0,46.0,1.0,2.0,2417.51,2246.85
480.0,83.0,41.0,4.0,5.0,2509.85,2508.08
480.0,76.0,46.0,2.0,1.0,2348.03,2217.91
480.0,87.0,40.0,3.0,6.0,2526.59,2481.7
480.0,81.0,44.0,3.0,2.0,2331.25,2271.22
480.0,72.0,40.0,3.0,4.0,2319.28,2298.4
480.0,68.0,45.0,1.0,2.0,2338.66,2226.75
480.0,64.0,44.0,3.0,0.0,2159.32,2115.65
480.0,93.0,47.0,2.0,2.0,2429.72,2361.86
480.0,70.0,46.0,3.0,1.0,2332.11,2302.39
480.0,82.0,42.0,1.0,4.0,2387.99,2306.13
480.0,87.0,46.0,2.0,1.0,2288.02,2220.56
480.0,70.0,44.0,2.0,3.0,2400.46,2299.36
480.0,86.0,44.0,1.0,2.0,2318.37,2166.1
480.0,82.0,43.0,2.0,3.0,2378.45,2271.37
480.0,74.0,43.0,4.0,2.0,2314.84,2347.8
480.0,75.0,42.0,4.0,2.0,2259.01,2270.59
480.0,79.0,45.0,0.0,3.0,2423.19,2207.63
480.0,69.0,43.0,0.0,5.0,2483.68,2311.57
480.0,73.0,43.0,4.0,3.0,2413.61,2408.07
480.0,88.0,45.0,1.0,3.0,2417.2,2254.44
480.0,78.0,44.0,3.0,2.0,2320.29,2276.11
480.0,64.0,43.0,3.0,2.0,2287.78,2240.98
480.0,79.0,40.0,5.0,4.0,2364.1,2531.93
480.0,69.0,40.0,5.0,4.0,2311.02,2484.96
480.0,89.0,43.0,6.0,1.0,2273.68,2369.63
480.0,72.0,41.0,0.0,6.0,2494.31,2306.39
480.0,74.0,43.0,3.0,3.0,2368.12,2323.78
480.0,88.0,46.0,1.0,2.0,2386.55,2219.36
480.0,69.0,39.0,4.0,6.0,2487.1,2483.8
480.0,67.0,45.0,1.0,2.0,2353.07,2189.2
480.0,79.0,44.0,5.0,0.0,2222.14,2273.39
480.0,76.0,43.0,4.0,3.0,2379.04,2439.55
480.0,67.0,38.0,3.0,6.0,2419.8,2414.09
480.0,88.0,42.0,3.0,4.0,2377.12,2347.79
480.0,79.0,42.0,2.0,4.0,2361.11,2369.84
480.0,62.0,43.0,2.0,3.0,2351.58,2281.44
480.0,80.0,42.0,4.0,1.0,2260.2,2244.43
480.0,83.0,43.0,3.0,2.0,2273.11,2223.28
480.0,87.0,43.0,2.0,4.0,2496.43,2499.16
480.0,66.0,43.0,3.0,3.0,2384.52,2339.25
480.0,81.0,44.0,0.0,4.0,2458.57,2289.65
480.0,75.0,44.0,4.0,3.0,2426.11,2446.72
480.0,90.0,43.0,0.0,6.0,2571.21,2420.24
480.0,75.0,42.0,3.0,3.0,2317.78,2316.08
480.0,82.0,46.0,0.0,2.0,2403.52,2186.64
480.0,86.0,42.0,2.0,4.0,2427.62,2337.78
480.0,83.0,41.0,2.0,4.0,2354.79,2328.58
