generation,individual,tau_robot1,tau_robot2,tau_mag1,tau_mag2,tau_remag,w_robot1,w_mag1,mean_outputs,mean_throughput_ratio,mean_energy,mean_emission,f_energy,f_emission,f_outputs_cost
1,0,3.1947782927415713,14.691543028184292,2.273440398428068,7.824563809913241,10.334803652427274,0.4306280204141778,0.5867985714381407,71.6,0.9034346663898974,3884.5709779307485,2676.9345750873536,0.9858179851181488,0.9950591422777683,-1.0112994350282485
1,1,14.756755745843204,19.125345096721972,5.684023274975829,12.970944141596501,13.924319933403108,0.2927207490124871,0.0014900835088361708,59.8,0.7819363150124378,3721.690182662399,1397.349710245211,0.9444824506876723,0.5194171038316523,-0.844632768361582
1,2,0.6069201532494239,14.139301913112469,7.484876669569416,1.8170542700851566,13.210001348557896,0.9314638547413545,0.20719116808100124,52.8,0.7109974975709046,3252.875770300453,1564.0905870468814,0.8255077474283716,0.5813973387604416,-0.7457627118644068
1,3,12.60180399570686,5.963261813148495,14.835133601386607,14.44329616284235,4.374308491376091,0.8298868742743123,0.6576522108732432,58.2,0.7786925082977714,3038.961736023061,2340.824541153145,0.771221108451275,0.8701216988340446,-0.8220338983050848
1,4,7.878546652646703,9.5936784702455,2.9266913951639695,13.968526898941871,5.83957231975702,0.8711391497935891,0.2753743769480771,55.4,0.6833830910869638,3271.4953659641465,1776.6967856417662,0.8302329879723542,0.6604264430148328,-0.7824858757062148
1,5,11.2361943746178,7.993124422609055,12.258189838048782,3.9327847954424744,3.6057508168619035,0.7468603856498379,0.7522234183692774,61.2,0.8049782520338381,3111.547214522139,2538.4079495460305,0.7896416935221429,0.9435665931222535,-0.864406779661017
1,6,11.339557489058246,18.4215935456586,4.115500964580376,17.01802249183303,3.3797462265417244,0.9643577208942796,0.6236927281061517,49.0,0.6754608133483637,2678.466443817027,1967.5327406348424,0.6797353962256132,0.7313632015962309,-0.692090395480226
1,7,12.137675760200295,19.411175262652478,15.740654275775421,15.798349521771087,1.0818751574193053,0.3692863060944199,0.08489477216546804,65.6,0.8761144439980362,4025.0959259279675,1829.4985758983526,1.0214801011872043,0.6800537079515319,-0.9265536723163842
1,8,3.870551629310288,4.277339813842945,17.172838643318087,2.535099594366108,5.935155367788989,0.4928469789243326,0.8494604111895369,58.0,0.7539414369840427,2962.9886022557384,2591.3346350714514,0.7519408115847446,0.9632402836160946,-0.8192090395480226
1,9,19.30462841674751,14.162895413744835,4.273744388610963,10.899653629160081,14.119180859737739,0.05188252772662516,0.6798841672240714,65.4,0.8653191240973299,3491.0361592073,2638.2538039991896,0.885947573617921,0.9806808846767676,-0.9237288135593221
1,10,7.365636702781622,11.794005735584165,13.390665622833302,13.382549922918717,10.460995510517128,0.5547374324650892,0.19814971361353295,68.2,0.9088287555064918,4034.1733658153935,1971.835680426167,1.0237837541647643,0.732962672729323,-0.9632768361581922
1,11,9.903747830708042,2.508189452905063,9.61494003852129,10.72489851139623,15.482096326206369,0.3936647929941859,0.019600418551609544,61.8,0.804314090723507,3817.7739015432426,1500.8088359358985,0.9688663681621905,0.5578745057527372,-0.8728813559322034
1,12,10.554998664270066,4.104649849001758,14.825150463887375,7.773944608334736,7.609463282656048,0.909454579769297,0.39297044395520897,53.8,0.7032949613402892,3082.7927995013865,1720.2870275871621,0.7823444605355265,0.6394580390843486,-0.7598870056497175
1,13,6.977031543031133,6.960394707165123,9.615311406051639,1.865842175028276,10.934948158914292,0.9214274620337817,0.5629220648797367,52.0,0.6962097445933063,2899.0592400380683,1935.0905170015271,0.7357169569018568,0.7193039112711782,-0.7344632768361582
1,14,14.878204147010942,18.942813263313546,16.84230774197828,14.880126872249622,16.263274783891216,0.8201390416269567,0.25375519476203323,61.4,0.7990300484240486,3584.5698801367944,1790.2867152539936,0.9096843581511862,0.6654780359186739,-0.8672316384180792
1,15,9.63926094376765,6.854335013170301,5.234665872573084,11.431031662452611,6.357718456818469,0.6186565457726523,0.5824165302717571,69.0,0.9234351854638894,3734.022349412039,2626.725926499858,0.9476120811787458,0.9763957893279603,-0.9745762711864407
1,16,2.0879794876394264,8.848353031181675,7.7970974796043935,14.133048222007691,1.7626568762077155,0.16895817245999722,0.5125974559554912,73.2,0.9299206774434514,4074.527315129286,2679.0329613949143,1.0340246917689917,0.9958391458306384,-1.033898305084746
1,17,8.091874576956311,13.306933603634388,6.657133755117006,3.9443753668999193,18.636908465283902,0.24389649332303487,0.14706430743323462,69.2,0.8998796301791732,4178.038956050188,1945.9466243388895,1.060293651164676,0.7233392989702737,-0.9774011299435029
1,18,5.597883086364266,6.794487546970627,4.502319853187231,10.72632902127828,18.738676913353984,0.1260188515151106,0.4151646128833535,71.2,0.9355399533831743,4041.015757044554,2430.9091793051557,1.02552020134857,0.9036075910953515,-1.0056497175141244
1,19,13.363148820679404,17.694299649708178,19.996060565703964,2.8727389269537107,10.745954488546323,0.8812005287254918,0.053029674858421805,54.6,0.6880843735515527,3297.8011426068347,1363.054944783693,0.8369088108300632,0.5066691942554005,-0.7711864406779662
1,20,6.165135114296789,7.437618984189783,15.30620617535395,9.903998171980756,15.678371219101193,0.5163005311701312,0.15997166501999804,67.8,0.8243057556700245,4121.931158835387,1936.2259326936771,1.0460547362590262,0.7197259633359816,-0.9576271186440678
1,21,13.723019226370184,11.219572886764324,13.274860603092176,17.528618061154408,13.671028850622378,0.547228558793293,0.56246846941706,73.4,0.8895205864774935,4083.949870388105,2838.3333651958383,1.0364159273758802,1.055053638648595,-1.036723163841808
1,22,10.73843131418722,17.153765868749442,12.800379824484295,12.869449082720529,7.818975779660269,0.3565715039475891,0.71890693022688,64.8,0.8600225627212132,3409.885819802519,2672.581690089546,0.865353416750104,0.9934411057173451,-0.9152542372881356
1,23,1.5555585672978922,17.32878543575605,17.525798244877077,19.248887626999004,2.713552128594152,0.11537751269401142,0.8940218566072141,54.2,0.7293327684973254,2757.014906402857,2548.6206416557043,0.6996692544458429,0.9473628131515262,-0.7655367231638419
1,24,8.02250799777519,5.40721628292223,7.644293230402594,13.190077840184177,3.2298729163702333,0.48716389141804806,0.660050747548238,66.6,0.9123884251483831,3490.4813247787483,2651.9810077181874,0.8858067689417969,0.9857835045486233,-0.9406779661016949
1,25,14.415443391092655,0.2452513554178526,16.217928499304207,8.683591989617872,8.715980726195356,0.5623608581991568,0.2801355176131578,71.2,0.9295441690788943,4224.388400995967,2345.5423467650767,1.0720561126275714,0.8718753821886288,-1.0056497175141244
1,26,17.73443517324709,4.242709351019601,10.854344554239681,3.360834076655159,12.322326540069913,0.9019066415775158,0.8826366511581263,52.8,0.6361802952525096,2574.8986694226824,2467.3340023083288,0.6534521913989657,0.9171472769257286,-0.7457627118644068
1,27,2.6936033557181616,12.497374976938662,17.85104657621091,4.00550759835288,8.294824341515847,0.7131551875636052,0.7381025959044417,60.0,0.7562062065935642,3091.293344012967,2622.2336852083536,0.7845017102576766,0.9747259518175374,-0.8474576271186441
1,28,10.232900545741836,6.728621677236699,8.68804441522433,18.449226791349396,3.7511059265918245,0.1483028147700044,0.012152882102121731,60.0,0.8036003402150758,3695.389758860571,1444.527429820045,0.93780798626229,0.5369538122785605,-0.8474576271186441
1,29,17.042928418949618,19.77296315227659,4.729340215426729,5.321960947506774,3.9674441023875118,0.6001924578245686,0.4851084052911976,65.4,0.8855562484009887,3676.9705265876823,2435.939595166844,0.9331335935044172,0.9054774766499765,-0.9237288135593221
1,30,9.976269006860278,12.192081247570371,11.220614945726425,3.806053544672634,10.030434003678215,0.9266192075346227,0.9088984472096338,51.4,0.6890737948566976,2473.098282073849,2432.1802858920696,0.6276175102177939,0.904080081623095,-0.7259887005649718
1,31,0.430090584004692,13.2671174750634,6.535432674757676,2.718774522013676,2.7887968855963097,0.79496144420249,0.9591659710394006,50.6,0.6548040310830501,2455.6255131608887,2485.1452324966804,0.6231833088755944,0.9237679943683859,-0.7146892655367232
1,32,17.35409633416363,9.861598858056883,13.154556676557759,15.550448800148217,12.731951178917424,0.7338949444526471,0.5456422200054575,64.8,0.8544305298443989,3606.646952121607,2444.2229582957652,0.915287029525972,0.9085565344226046,-0.9152542372881356
1,33,0.9708037171295136,7.984936389745794,6.599174193776982,9.231786620112088,8.548316688552152,0.9420244191246865,0.11932600012925731,50.0,0.6409129834443722,3016.6229282689064,1360.9649567713668,0.7655520143414609,0.5058923124823941,-0.7062146892655368
1,34,18.880491440250754,0.9149123798791914,18.764767264600696,6.660013843845265,14.541728888538401,0.0030934412623863095,0.4472758751299015,66.8,0.899987184206449,3757.487391492022,2398.0145408855524,0.9535669885894796,0.8913801310012699,-0.943502824858757
1,35,13.555257066035221,12.566499747500997,16.127379109593637,3.0684691591721913,8.024009906039382,0.613690447441781,0.02872925718014896,61.6,0.8654427940727978,3747.54323349182,1562.3594241700976,0.9510433817718543,0.5807538379952951,-0.8700564971751413
1,36,6.078345446740512,5.169836144245641,14.61212725951826,11.848749683337802,18.07927233836487,0.7009773735404422,0.29445570799761833,69.6,0.8638078608911062,4076.860610618717,2170.3889757348334,1.0346168304301577,0.8067680894044089,-0.983050847457627
1,37,6.484696205935883,2.4648970609114462,4.850870610629105,12.092400994368532,14.619927059570927,0.29589749297005674,0.3442300773798527,72.6,0.9346654929577465,4221.121417267121,2491.7901458636416,1.0712270245930673,0.926238014314698,-1.0254237288135593
1,38,3.583856012042228,17.670352313048344,2.4638325562875463,4.257231554063767,14.404772253289567,0.30198823213178283,0.11891256164587016,67.2,0.8835866845112911,4167.719062861613,1931.003187368145,1.0576746910870782,0.7177845858617901,-0.9491525423728814
1,39,10.445810527485866,1.6806249607484136,1.4958982469764415,11.91107552949796,14.653581152606716,0.6282420580873196,0.7428189512005124,65.2,0.8558380903117746,3480.3826734495233,2755.576945448275,0.8832439551427064,1.024291761679935,-0.92090395480226
1,40,5.883925526351181,7.422539510690063,5.306795497747516,7.4519398693447725,5.332576703146916,0.8341383229002534,0.14782792777695875,58.8,0.7616376014023073,3510.5886063542393,1610.6746751645783,0.8909095511850789,0.5987133849565556,-0.8305084745762712
1,41,4.157799595835381,14.281505931827175,7.958425215343244,6.825375144192054,19.489094377664475,0.89380117264771,0.2189429604720038,55.2,0.7111043833453472,3306.6657514044045,1600.1301498171322,0.8391584519959291,0.5947938172369697,-0.7796610169491526
1,42,3.1068869923759657,9.847299355385804,11.482252221709729,6.934541419269933,11.828686743141027,0.6781830711841227,0.8146247069793021,58.4,0.7606723788602535,3019.176993108243,2607.0188895478495,0.7662001793687138,0.9690703703697247,-0.824858757062147
1,43,4.843365426299027,12.902223073457302,1.1619223180252392,1.2961323273506764,1.1070870216194906,0.1163738584413303,0.7817559409906394,64.0,0.811020638314751,3294.882299459775,2711.33169425905,0.83616807315621,1.0078450983554201,-0.903954802259887
1,44,7.417396942309744,9.856408958836191,9.017994382322899,4.141422824167973,0.915532534591752,0.18183076987364433,0.8582904401083417,56.6,0.7173484340599862,2893.7436263107775,2595.208016870004,0.7343679719961682,0.9646800812137092,-0.7994350282485876
1,45,6.772616919001242,8.41072874881419,5.288025397403735,14.824225218803832,14.047315836967007,0.3838303131035298,0.5063840414302688,77.6,0.9361896588731081,4287.63753697973,2872.4227736913504,1.0881073409743351,1.0677252137756015,-1.0960451977401129
1,46,7.9162553491925625,11.466513362939775,11.871811927487725,11.548967383897375,18.031608796548255,0.9502474236931665,0.05139881989008033,51.4,0.6518888116103305,3111.4165524079226,1258.4734311418513,0.7896085343746078,0.4677945828879688,-0.7259887005649718
1,47,16.227377285423163,12.24879411483643,6.052668174346256,15.706636358928375,0.7812475277220154,0.18754468317091455,0.7891213552704708,62.4,0.8287137722411984,3237.263161477901,2699.7137507621383,0.8215456134734697,1.0035265240433484,-0.8813559322033898
1,48,0.9180509949722415,2.6429720635834952,10.032329848154964,14.20243288426029,11.785162777457035,0.036941998815416155,0.27480093455538357,67.4,0.9150927008091763,3936.7255343902675,2064.982598335337,0.9990536551717416,0.7675868630637065,-0.9519774011299437
1,49,14.124145815716258,6.967829230889578,3.8843653077802376,0.04551020668986716,5.254198315993257,0.930775743504317,0.04954138894481064,50.8,0.657941221018762,3231.0639334414927,1246.179605707613,0.8199723868477085,0.463224772513912,-0.7175141242937852
1,50,11.062902066137275,18.193525061899976,14.012058791889704,5.619491898275286,12.9716667878924,0.11939558512132153,0.49889467777427354,70.2,0.9376032639447274,3948.8491319435334,2604.5593441943993,1.0021303554251915,0.9681561182574115,-0.9915254237288137
1,51,5.264341386221623,17.513467216521974,17.319429779314778,15.236580137997603,7.511252356269855,0.7969369836766395,0.9798656581661846,49.6,0.6366405241360809,2417.394900957848,2459.8772293992797,0.613481227151267,0.9143754758798266,-0.7005649717514125
1,52,2.272283230139047,13.38055314159956,15.069088925138928,18.818047209967546,7.79807033102127,0.3894868303148111,0.3996467183591207,72.6,0.949383989664631,4168.297300771694,2577.8066493079605,1.0578214350479105,0.9582117162256771,-1.0254237288135593
1,53,18.73613407797993,19.606691492759413,1.3630821905537105,8.038162871764762,17.448775226511415,0.5047832939867178,0.34949577829706324,74.6,0.9339773677064052,4229.43948441858,2298.841107872265,1.0733379656071242,0.8545157891868186,-1.0536723163841808
1,54,5.055638930409813,16.100761431404575,7.307867331423532,3.62569846424877,12.584907544904427,0.2620260933143759,0.06639230254323447,63.8,0.8548793859649123,3874.905438260066,1590.1477484634893,0.9833650854550031,0.5910831999431181,-0.9011299435028248
1,55,19.982037856330358,3.685143086942364,2.6261463198658475,9.611301488892641,0.07917933023175117,0.7893311796619056,0.07518277030715492,61.6,0.785650947888598,3646.758066386664,1666.2105028547935,0.925466340978967,0.6193569350759336,-0.8700564971751413
1,56,12.875450345018695,1.3009895285623507,0.21343554599906556,16.887985464105387,6.1360671632276205,0.7471572897888868,0.5298127745067456,60.6,0.818229968105407,3345.911104286302,2286.377569933568,0.8491180524056227,0.8498828939765866,-0.8559322033898306
1,57,15.682349362868035,12.795580186921075,19.45529128365557,9.495378471263168,17.063971112843642,0.821817588561834,0.5867108232850349,59.0,0.7938383288538088,3266.758555458992,2313.1968924565185,0.8290308904911633,0.8598520625601286,-0.8333333333333334
1,58,5.0,5.0,5.0,5.0,5.0,0.5106082036775106,0.4913294797687861,70.8,0.9421128466976857,3940.454563187127,2690.2266019682415,1.0,1.0,-1.0
1,59,15.647274065270748,17.286572053737935,2.918555482702627,10.343364145037278,2.9443133749447092,0.18020589562006806,0.5306510482677854,71.6,0.9342148925157272,3954.119998765988,2716.5527999763026,1.0034679845585652,1.0097858663611459,-1.0112994350282485
1,60,8.873956483974528,17.45530125265948,11.298356900669502,19.29631099173653,0.02296827487794806,0.3403664660517659,0.769050154191463,61.2,0.7902322254050951,3214.7904917809897,2686.0478744127545,0.8158425481705837,0.9984467005298253,-0.864406779661017
1,61,10.404813897861576,7.670407866605458,10.197739311375532,16.58585267656485,14.934869212355652,0.06411929840943142,0.21253018222773,68.2,0.8877154376173204,4103.529233607578,2084.140159284482,1.0413847356454613,0.7747080330555312,-0.9632768361581922
1,62,1.7359240575922374,15.865970608104638,0.395315672157841,1.126865168684681,18.91042131437862,0.7821501817077774,0.3704349132357774,61.0,0.8101243815434355,3591.324002993965,2016.096973920429,0.9113984047792757,0.7494152992336774,-0.8615819209039548
1,63,7.388850070083361,10.503900790172674,3.2487407165753157,2.1665968428261673,14.402818874676067,0.06027915920392968,0.6013530937098678,66.8,0.8565460494998849,3742.1817340542925,2781.1859759427357,0.9496827520902901,1.033811045473993,-0.943502824858757
1,64,19.469205495328254,5.968024460337514,6.279720040686736,17.834221408903144,11.703258797818162,0.47130966518183137,0.7732770096488164,64.4,0.8232287230103588,3469.9655640182855,2796.657431556099,0.8806003237382086,1.0395620315069332,-0.9096045197740115
1,65,8.314038478384447,16.946079404634173,4.735338453406621,13.38275146264348,8.10615684247865,0.2651551901680297,0.703889108027187,65.4,0.8951842152386069,3525.526479704491,2793.6712242275853,0.8947004522374107,1.0384520107650639,-0.9237288135593221
1,66,9.023556533586323,12.772371532159784,13.378377791456742,7.062455895238811,13.041471474708985,0.5774224607133307,0.6973859535679194,66.6,0.8750905320542636,3557.551598904106,2753.6280298557754,0.9028277174262553,1.0235673187682954,-0.9406779661016949
1,67,16.4115224478881,4.19408619215891,17.558716628117615,9.279030307939841,16.157336238027757,0.8020806151389231,0.9107502280448823,52.0,0.6714594551341746,2590.158955880589,2483.645292159415,0.657324913749446,0.9232104426973973,-0.7344632768361582
1,68,5.4460028464055625,11.749693157441909,4.102959720118557,10.692146347331171,18.086685020790345,0.5061824192446746,0.8270888009986372,60.0,0.8158844139974759,3190.423417109335,2684.291929780915,0.8096587248880367,0.9977939879923183,-0.8474576271186441
1,69,0.7908856383750651,19.320811697257327,10.33479160743308,18.575012069679502,17.941832721422085,0.7339908834066976,0.029652039890502024,60.0,0.7442057968733755,3715.5002022538492,1500.534955893067,0.9429115709048222,0.5577727001863841,-0.8474576271186441
1,70,3.8475038979338327,17.34357674637996,15.752907534789095,13.370393613213846,10.60768024958991,0.5252679910055196,0.977938662978642,49.2,0.6151434984768318,2478.801999457115,2451.746529302561,0.6290649872262973,0.9113531653834654,-0.6949152542372882
1,71,16.71318249519342,8.324754194768564,4.921573087034295,4.449249521579006,13.018387287663597,0.047838329842185945,0.24445419099464027,68.8,0.8601645169092172,4296.888052189785,2231.376368474263,1.0904549166313358,0.8294380729272874,-0.9717514124293786
1,72,4.586552040171155,3.741886032996198,19.870772746779423,0.21014429959319125,13.818243158436445,0.8806542253954693,0.23140820650033145,53.8,0.7053527967607593,3360.627255996949,1654.5433104895353,0.8528526854218563,0.6150200541764873,-0.7598870056497175
1,73,13.655978157207006,16.4015150034107,8.571458085969239,15.17410922309838,17.569603693325078,0.1023199219220744,0.8497683374661538,58.0,0.7718221261699523,3070.252854575955,2657.597199654262,0.7791621005503149,0.9878711323833811,-0.8192090395480226
1,74,16.057861969701868,19.169586464733047,1.6943070749269507,1.4253757045317772,15.184170424240396,0.4956847909755203,0.4250120148219175,72.6,0.9434438120454631,4168.603557395148,2611.8367902195887,1.0578991561885918,0.9708612606494558,-1.0254237288135593
1,75,11.765863117115838,3.4782269877658734,15.356605243308577,18.752620694538244,10.765763853213583,0.008966473250435758,0.06425032164804212,63.6,0.8570173832308358,3898.203548536597,1681.9543977116616,0.9892776292752488,0.6252091911072096,-0.8983050847457628
1,76,13.327538499205847,6.478243910083079,13.388704124422652,12.300166404781125,15.718215831324242,0.4802251364085529,0.027008649668984086,62.0,0.7878316596211855,3883.8619775314364,1598.10213566272,0.9856380565368282,0.5940399721322753,-0.8757062146892656
1,77,7.594951143045696,0.8069542951136777,7.493695807902205,16.061290470438262,13.589874943771596,0.5673341670813656,0.08630255668248643,63.8,0.8424950296704525,3923.4710040175005,1764.136400862637,0.9956899492438532,0.6557575482942395,-0.9011299435028248
1,78,14.11619076757252,15.754403694689428,2.3146408213647307,6.495350269941065,1.1047595906495467,0.23490025466805375,0.7337377647369177,66.6,0.8720499030818665,3581.059685493252,2876.0526805044115,0.9087935485790277,1.0690745078500876,-0.9406779661016949
1,79,12.67131327425226,15.207841357186677,1.3969664766072043,19.23620772478565,19.161340206568052,0.41665304726905483,0.46956349344556647,72.2,0.9233344677954565,4175.0229898867,2714.0145601078184,1.0595282658226743,1.0088423622464266,-1.0197740112994351
2,0,6.772616919001242,8.41072874881419,5.288025397403735,14.824225218803832,14.047315836967007,0.3838303131035298,0.5063840414302688,77.6,0.9361896588731081,4287.63753697973,2872.4227736913504,1.0881073409743351,1.0677252137756015,-1.0960451977401129
2,1,4.207522132078121,17.34357674637996,4.135908813748555,13.396957109383504,10.814666334940155,0.9633918298854574,0.9879305997075616,48.2,0.6267661805258324,2266.780816942636,2391.281457433167,0.5752587120581372,0.8888773368323849,-0.6807909604519775
2,2,14.124145815716258,6.967829230889578,3.814095564169148,0.024021110360245013,5.254198315993257,0.9296546734785384,0.049422047991849405,50.8,0.657941221018762,3230.6274250689967,1246.179605707613,0.8198616107010744,0.463224772513912,-0.7175141242937852
2,3,5.441454867706887,11.809635283589447,4.249407108198916,10.692146347331171,18.063793675554315,0.5059061012160935,0.42631624835319254,76.0,0.9288028303690954,4286.438325393142,2708.290719049255,1.0878030076626934,1.006714719521321,-1.073446327683616
2,4,18.73613407797993,19.606691492759413,1.3630821905537105,8.038162871764762,17.448775226511415,0.5047832939867178,0.34949577829706324,74.6,0.9339773677064052,4229.43948441858,2298.841107872265,1.0733379656071242,0.8545157891868186,-1.0536723163841808
2,5,0.9708037171295136,7.984936389745794,6.599174193776982,9.231786620112088,8.548316688552152,0.9420244191246865,0.11932600012925731,50.0,0.6409129834443722,3016.6229282689064,1360.9649567713668,0.7655520143414609,0.5058923124823941,-0.7062146892655368
2,6,1.5555585672978922,17.32878543575605,17.525798244877077,19.248887626999004,2.713552128594152,0.11537751269401142,0.8940218566072141,54.2,0.7293327684973254,2757.014906402857,2548.6206416557043,0.6996692544458429,0.9473628131515262,-0.7655367231638419
2,7,5.264341386221623,17.513467216521974,17.319429779314778,15.236580137997603,7.511252356269855,0.7969369836766395,0.9798656581661846,49.6,0.6366405241360809,2417.394900957848,2459.8772293992797,0.613481227151267,0.9143754758798266,-0.7005649717514125
2,8,0.4205604291493992,11.234803333161574,6.339322903009148,3.106370366192055,4.0169024553257815,0.79496144420249,0.5913470433031217,59.2,0.7846701985865323,3203.4863090776066,2212.3535292020015,0.8129737972378892,0.822366981124707,-0.8361581920903955
2,9,15.773961123008684,17.286572053737935,2.918555482702627,4.352967347688719,12.987771375971409,0.18536969795803404,0.5306510482677854,74.0,0.9224051430249226,4150.121146501317,2791.4460076271293,1.0532087300975264,1.0376248623758433,-1.0451977401129944
2,10,7.417396942309744,9.856408958836191,7.471870419526727,4.06669255637969,0.915532534591752,0.09705729330540382,0.8577235191311665,55.8,0.7271085306726184,2842.0991629327027,2605.3278719590426,0.7212617522568132,0.9684417922463912,-0.788135593220339
2,11,18.73613407797993,19.321503613181854,1.1546510882663634,16.4157955875342,14.876757963197349,0.5333271825163824,0.21331599315168187,67.6,0.9123407352451469,3985.347027259486,2017.9584568110834,1.0113927120215411,0.750107242019944,-0.9548022598870056
2,12,16.227377285423163,12.24879411483643,6.052668174346256,15.706636358928375,0.7812475277220154,0.18754468317091455,0.7891213552704708,62.4,0.8287137722411984,3237.263161477901,2699.7137507621383,0.8215456134734697,1.0035265240433484,-0.8813559322033898
2,13,11.339557489058246,18.4215935456586,4.115500964580376,17.01802249183303,3.3797462265417244,0.9643577208942796,0.6236927281061517,49.0,0.6754608133483637,2678.466443817027,1967.5327406348424,0.6797353962256132,0.7313632015962309,-0.692090395480226
2,14,13.723019226370184,11.219572886764324,13.274860603092176,17.528618061154408,13.671028850622378,0.547228558793293,0.56246846941706,73.4,0.8895205864774935,4083.949870388105,2838.3333651958383,1.0364159273758802,1.055053638648595,-1.036723163841808
2,15,3.583856012042228,17.670352313048344,2.4638325562875463,4.257231554063767,14.404772253289567,0.30198823213178283,0.11891256164587016,67.2,0.8835866845112911,4167.719062861613,1931.003187368145,1.0576746910870782,0.7177845858617901,-0.9491525423728814
2,16,17.07195407809636,4.19408619215891,17.544419068261586,9.279030307939841,16.157336238027757,0.8020806151389231,0.8776361081541503,53.2,0.6868201931285096,2642.1038110548234,2490.1903757109203,0.6705073662663505,0.9256433543141053,-0.7514124293785311
2,17,19.982037856330358,3.685143086942364,2.6261463198658475,9.611301488892641,0.07917933023175117,0.7893311796619056,0.07518277030715492,61.6,0.785650947888598,3646.758066386664,1666.2105028547935,0.925466340978967,0.6193569350759336,-0.8700564971751413
2,18,10.554998664270066,4.104649849001758,14.825150463887375,7.773944608334736,7.609463282656048,0.909454579769297,0.39297044395520897,53.8,0.7032949613402892,3082.7927995013865,1720.2870275871621,0.7823444605355265,0.6394580390843486,-0.7598870056497175
2,19,16.4115224478881,4.19408619215891,17.558716628117615,9.279030307939841,8.389933950016044,0.8706232447594072,0.9107502280448823,52.4,0.6256593291889423,2561.6134050839323,2490.0125086428397,0.6500806858719473,0.9255772382969822,-0.7401129943502825
2,20,5.883925526351181,7.422539510690063,5.306795497747516,7.4519398693447725,5.332576703146916,0.8341383229002534,0.14782792777695875,58.8,0.7616376014023073,3510.5886063542393,1610.6746751645783,0.8909095511850789,0.5987133849565556,-0.8305084745762712
2,21,7.9162553491925625,11.466513362939775,11.871811927487725,11.548967383897375,18.031608796548255,0.9502474236931665,0.05139881989008033,51.4,0.6518888116103305,3111.4165524079226,1258.4734311418513,0.7896085343746078,0.4677945828879688,-0.7259887005649718
2,22,10.73843131418722,17.153765868749442,12.800379824484295,12.869449082720529,7.818975779660269,0.3565715039475891,0.71890693022688,64.8,0.8600225627212132,3409.885819802519,2672.581690089546,0.865353416750104,0.9934411057173451,-0.9152542372881356
2,23,14.756755745843204,19.125345096721972,5.684023274975829,12.970944141596501,13.924319933403108,0.2927207490124871,0.0014900835088361708,59.8,0.7819363150124378,3721.690182662399,1397.349710245211,0.9444824506876723,0.5194171038316523,-0.844632768361582
2,24,9.976269006860278,12.192081247570371,11.220614945726425,3.806053544672634,10.030434003678215,0.9266192075346227,0.9088984472096338,51.4,0.6890737948566976,2473.098282073849,2432.1802858920696,0.6276175102177939,0.904080081623095,-0.7259887005649718
2,25,9.903747830708042,2.508189452905063,9.61494003852129,10.72489851139623,15.482096326206369,0.3936647929941859,0.019600418551609544,61.8,0.804314090723507,3817.7739015432426,1500.8088359358985,0.9688663681621905,0.5578745057527372,-0.8728813559322034
2,26,3.1947782927415713,14.691543028184292,2.3247026748974413,7.824563809913241,0.006762993877643453,0.4306280204141778,0.5867985714381407,70.8,0.9139157878916915,3777.1409030685963,2717.630272339418,0.9585546140680686,1.0101863799693034,-1.0
2,27,5.884163310244627,7.509727507901907,4.349004719016763,7.4519398693447725,17.82223693526083,0.6996027836772194,0.14982017733386416,63.6,0.8344110334774891,3862.109265759335,1756.7088894311612,0.9801177005922828,0.6529966242047811,-0.8983050847457628
2,28,0.9180509949722415,8.33835878576096,5.216526030885666,14.20243288426029,11.785162777457035,0.3085751184714395,0.27478141155103764,72.8,0.9575851745648837,4201.956301478969,2319.550369984364,1.0663633431368218,0.8622137511714884,-1.0282485875706215
2,29,7.878546652646703,9.5936784702455,2.9266913951639695,13.968526898941871,5.83957231975702,0.8711391497935891,0.2753743769480771,55.4,0.6833830910869638,3271.4953659641465,1776.6967856417662,0.8302329879723542,0.6604264430148328,-0.7824858757062148
2,30,16.227377285423163,12.181142162914696,5.379787374992881,15.563120130782412,0.7812475277220154,0.7951760101305146,0.9046343457146944,54.0,0.7341206941206941,2685.445372374439,2517.7786198045324,0.6815064935560103,0.9358983432705849,-0.7627118644067797
2,31,11.765863117115838,3.4782269877658734,16.231122972866515,8.246200615670364,9.973943856976192,0.0502181727959404,0.2797749332394059,68.2,0.8981542114943688,3972.9752533580404,2093.991771985153,1.008253030113513,0.7783700341276577,-0.9632768361581922
2,32,16.58649543745548,8.324754194768564,4.921573087034295,10.439646408933037,2.975028233130881,0.04267662000406354,0.24445419099464027,68.8,0.8535351410316349,4100.540053775449,2157.341567465212,1.0406261480804493,0.8019181603091886,-0.9717514124293786
2,33,0.7667917616108957,19.14500562400834,0.21343554599906556,16.887985464105387,5.564324100366322,0.7464552981141912,0.5061057731674378,64.2,0.8234358974358974,3522.394621837962,2369.323151453527,0.8939056561507389,0.8807150853835386,-0.9067796610169492
2,34,7.920582110605478,17.45530125265948,11.298356900669502,19.29631099173653,0.1403838535772235,0.8771880738243543,0.7638910147406802,56.4,0.7457708079899861,2890.4853718869344,2411.3945963733213,0.7335410992657269,0.8963537103562506,-0.7966101694915254
2,35,12.875450345018695,1.3009895285623507,0.21343554599906556,16.887985464105387,6.1360671632276205,0.7471572897888868,0.5298127745067456,60.6,0.818229968105407,3345.911104286302,2286.377569933568,0.8491180524056227,0.8498828939765866,-0.8559322033898306
2,36,12.60180399570686,9.496896753544833,13.424625028591683,14.44329616284235,4.374308491376091,0.8348642077064455,0.6576522108732432,56.0,0.7602549467275495,3032.0741179525075,2254.1030771482774,0.7694731836978977,0.8378859518745059,-0.7909604519774012
2,37,14.878204147010942,18.942813263313546,16.84230774197828,14.880126872249622,16.263274783891216,0.8201390416269567,0.25375519476203323,61.4,0.7990300484240486,3584.5698801367944,1790.2867152539936,0.9096843581511862,0.6654780359186739,-0.8672316384180792
2,38,5.602188726790116,3.6520065689578103,7.3939385024776545,15.44370791178505,13.589874943771596,0.5673341670813656,0.08630255668248643,66.8,0.855904061269358,4043.7038187660023,1837.5394800342444,1.0262023718135111,0.6830426398615832,-0.943502824858757
2,39,11.2361943746178,7.993124422609055,12.258189838048782,3.9327847954424744,3.6057508168619035,0.7468603856498379,0.7522234183692774,61.2,0.8049782520338381,3111.547214522139,2538.4079495460305,0.7896416935221429,0.9435665931222535,-0.864406779661017
2,40,10.232900545741836,6.728621677236699,8.68804441522433,18.449226791349396,3.7511059265918245,0.1483028147700044,0.012152882102121731,60.0,0.8036003402150758,3695.389758860571,1444.527429820045,0.93780798626229,0.5369538122785605,-0.8474576271186441
2,41,4.157799595835381,14.281505931827175,7.958425215343244,6.825375144192054,19.489094377664475,0.89380117264771,0.2189429604720038,55.2,0.7111043833453472,3306.6657514044045,1600.1301498171322,0.8391584519959291,0.5947938172369697,-0.7796610169491526
2,42,6.078107662847065,5.169836144245641,14.740835933355555,12.399059995523745,5.586787914022089,0.8355129127557419,0.2924634584881718,57.6,0.7372007342828146,3304.1912747192523,1816.1861664701464,0.8385304846775721,0.6751052737123988,-0.8135593220338984
2,43,2.272283230139047,13.38055314159956,15.069088925138928,18.818047209967546,7.79807033102127,0.3894868303148111,0.3996467183591207,72.6,0.949383989664631,4168.297300771694,2577.8066493079605,1.0578214350479105,0.9582117162256771,-1.0254237288135593
2,44,9.903747830708042,2.492114816782347,19.43763668848582,6.521767291292789,15.481103580959607,0.3936647929941859,0.06059527957920105,65.8,0.8031640110178362,4058.877578110333,1748.1797091979656,1.0300531355010532,0.6498261923062357,-0.9293785310734464
2,45,17.35409633416363,9.861598858056883,13.154556676557759,15.550448800148217,12.731951178917424,0.7338949444526471,0.5456422200054575,64.8,0.8544305298443989,3606.646952121607,2444.2229582957652,0.915287029525972,0.9085565344226046,-0.9152542372881356
2,46,17.73443517324709,4.242709351019601,10.854344554239681,3.360834076655159,12.322326540069913,0.9019066415775158,0.8826366511581263,52.8,0.6361802952525096,2574.8986694226824,2467.3340023083288,0.6534521913989657,0.9171472769257286,-0.7457627118644068
2,47,0.430090584004692,13.2671174750634,6.535432674757676,2.718774522013676,2.7887968855963097,0.79496144420249,0.9591659710394006,50.6,0.6548040310830501,2455.6255131608887,2485.1452324966804,0.6231833088755944,0.9237679943683859,-0.7146892655367232
2,48,8.091874576956311,13.306933603634388,6.657133755117006,3.9443753668999193,18.636908465283902,0.24389649332303487,0.14706430743323462,69.2,0.8998796301791732,4178.038956050188,1945.9466243388895,1.060293651164676,0.7233392989702737,-0.9774011299435029
2,49,11.062902066137275,18.193525061899976,14.012058791889704,5.619491898275286,12.9716667878924,0.11939558512132153,0.49889467777427354,70.2,0.9376032639447274,3948.8491319435334,2604.5593441943993,1.0021303554251915,0.9681561182574115,-0.9915254237288137
2,50,18.880491440250754,0.9309871343613146,8.873608856611366,13.180793446449009,14.542721633785161,0.0030934412623863095,0.42841008310382556,66.6,0.8573472716957214,3826.421342007993,2340.8980735185023,0.971060896820264,0.8701490319833425,-0.9406779661016949
2,51,6.977031543031133,6.960394707165123,9.615311406051639,1.865842175028276,10.934948158914292,0.9214274620337817,0.5629220648797367,52.0,0.6962097445933063,2899.0592400380683,1935.0905170015271,0.7357169569018568,0.7193039112711782,-0.7344632768361582
2,52,15.64587240923821,12.795580186921075,13.383607315749813,9.574572560478147,15.820147221438674,0.8865243926076503,0.5867108232850349,53.2,0.7784139088270773,2978.6829193692533,2179.1886243509157,0.7559236812922489,0.8100390587010637,-0.7514124293785311
2,53,13.655978157207006,16.4015150034107,8.571458085969239,15.248861592644804,17.569603693325078,0.1870933985173781,0.8503352584433288,57.8,0.7632109572327805,2931.2410316772402,2527.67746719501,0.7438839820821046,0.9395779022278993,-0.8163841807909604
2,54,13.363148820679404,17.694299649708178,19.996060565703964,2.8727389269537107,10.745954488546323,0.8812005287254918,0.053029674858421805,54.6,0.6880843735515527,3297.8011426068347,1363.054944783693,0.8369088108300632,0.5066691942554005,-0.7711864406779662
2,55,6.772616919001242,8.41072874881419,13.877619819595262,15.158859050379018,14.047221963342704,0.3723201366526693,0.6027555683015566,71.0,0.8905338063275415,3813.989996125684,2775.2470428337933,0.9679060968643283,1.0316034496140023,-1.0028248587570623
2,56,7.417396942309744,9.856408958836191,9.017994382322899,4.141422824167973,0.915532534591752,0.18183076987364433,0.8582904401083417,56.6,0.7173484340599862,2893.7436263107775,2595.208016870004,0.7343679719961682,0.9646800812137092,-0.7994350282485876
2,57,5.571317248025703,12.772371532159784,13.378377791456742,6.88100578928233,13.041471474708985,0.5774224607133307,0.10165026579651054,65.2,0.8385548901090913,3933.9123183594374,1728.6284694890014,0.9983397233180128,0.6425586856602677,-0.92090395480226
2,58,12.875450345018695,1.5899747428604876,0.20627272738665825,0.35866009861438464,6.857461145320804,0.7833801332682843,0.5261492698508344,60.8,0.7954384951328468,3460.2020482032035,2391.6164494843883,0.8781225599019509,0.8890018587038794,-0.8587570621468926
2,59,19.982037856330358,5.160031709945536,14.61510333293867,11.76891302448338,0.12908759023537364,0.7845626392680259,0.07337491885973701,60.6,0.7720989217795636,3541.234255449609,1563.0703455115563,0.8986867374472097,0.5810180987608896,-0.8559322033898306
2,60,12.933310307042413,1.4156032082655976,10.33479160743308,18.575012069679502,18.048085993070913,0.7346928750813932,0.029652039890502024,61.0,0.7913462521103135,3774.960573731416,1531.2952817520993,0.9580012948247636,0.5692068023681585,-0.8615819209039548
2,61,9.98218534562171,2.6429720635834952,10.120348960383602,14.20243288426029,11.785162777457035,0.036941998815416155,0.27480093455538357,68.2,0.9053812580231065,4007.431671219775,2072.429275097763,1.0169973049958165,0.7703549112113895,-0.9632768361581922
2,62,12.67131327425226,15.244782667882717,2.8875870440968443,15.010970169735474,17.49915918476615,0.41665304726905483,0.46956349344556647,71.8,0.9175849321319166,4136.184061319237,2661.440848922851,1.0496718068927053,0.989299877926889,-1.0141242937853108
2,63,7.9162553491925625,11.466513362939775,11.871811927487725,19.334443799723033,18.031608796548255,0.935784824563873,0.05139881989008033,51.2,0.6746809876556712,3066.9474700258006,1248.8493804684053,0.7783232672387892,0.464217170239382,-0.7231638418079097
2,64,5.264341386221623,17.513467216521974,17.319429779314778,15.236580137997603,15.942572947581807,0.8020397546132675,0.9798656581661846,49.6,0.6366405241360809,2436.7034385983184,2456.167737900284,0.6183813058936679,0.9129965989122575,-0.7005649717514125
2,65,6.078345446740512,5.169836144245641,14.61212725951826,11.848749683337802,18.07927233836487,0.7009773735404422,0.29445570799761833,69.6,0.8638078608911062,4076.860610618717,2170.3889757348334,1.0346168304301577,0.8067680894044089,-0.983050847457627
2,66,17.35409633416363,19.547722416733105,1.4358528696715842,15.550448800148217,15.20080804907405,0.7393023961739912,0.4264568298137533,64.0,0.8580922565648083,3656.395982782785,2230.224153846924,0.9279122304674948,0.829009776431187,-0.903954802259887
2,67,10.445810527485866,1.6806249607484136,1.4958982469764415,11.91107552949796,14.653581152606716,0.6282420580873196,0.7428189512005124,65.2,0.8558380903117746,3480.3826734495233,2755.576945448275,0.8832439551427064,1.024291761679935,-0.92090395480226
2,68,3.870551629310288,4.277339813842945,17.172838643318087,2.535099594366108,5.935155367788989,0.4928469789243326,0.8494604111895369,58.0,0.7539414369840427,2962.9886022557384,2591.3346350714514,0.7519408115847446,0.9632402836160946,-0.8192090395480226
2,69,7.365636702781622,11.794005735584165,13.390665622833302,13.382549922918717,10.460995510517128,0.5547374324650892,0.19814971361353295,68.2,0.9088287555064918,4034.1733658153935,1971.835680426167,1.0237837541647643,0.732962672729323,-0.9632768361581922
2,70,2.6936033557181616,12.497374976938662,17.85104657621091,4.00550759835288,8.294824341515847,0.7131551875636052,0.7381025959044417,60.0,0.7562062065935642,3091.293344012967,2622.2336852083536,0.7845017102576766,0.9747259518175374,-0.8474576271186441
2,71,12.60180399570686,5.963261813148495,14.835133601386607,14.44329616284235,4.374308491376091,0.8298868742743123,0.6576522108732432,58.2,0.7786925082977714,3038.961736023061,2340.824541153145,0.771221108451275,0.8701216988340446,-0.8220338983050848
2,72,2.0879794876394264,8.848353031181675,7.7970974796043935,14.133048222007691,1.7626568762077155,0.16895817245999722,0.5125974559554912,73.2,0.9299206774434514,4074.527315129286,2679.0329613949143,1.0340246917689917,0.9958391458306384,-1.033898305084746
2,73,6.165135114296789,7.437618984189783,15.30620617535395,9.903998171980756,15.678371219101193,0.5163005311701312,0.15997166501999804,67.8,0.8243057556700245,4121.931158835387,1936.2259326936771,1.0460547362590262,0.7197259633359816,-0.9576271186440678
2,74,0.9708037171295136,7.493435020920616,6.599174193776982,9.231786620112088,8.548316688552152,0.8963524261661574,0.11932600012925731,54.0,0.763626484092411,3209.5480431559577,1429.610360987045,0.8145121309456247,0.5314089006261048,-0.7627118644067797
2,75,12.013737085320418,6.478243910083079,14.799212697217577,12.300166404781125,15.718215831324242,0.4752475755976574,0.027008649668984086,62.2,0.8200944609970765,3861.6015470086218,1563.1552900870206,0.9799888528305407,0.5810496740101279,-0.8785310734463277
2,76,10.404813897861576,7.884629422342363,10.136559619947882,8.20820929715258,17.506886473123952,0.06411929840943142,0.34870996737343884,68.6,0.9218612061425361,3955.2749286450626,2184.465668489552,1.0037610801546581,0.8120006199073858,-0.9689265536723164
2,77,3.1068869923759657,9.847299355385804,11.482252221709729,6.934541419269933,11.828686743141027,0.6781830711841227,0.8146247069793021,58.4,0.7606723788602535,3019.176993108243,2607.0188895478495,0.7662001793687138,0.9690703703697247,-0.824858757062147
2,78,5.055638930409813,16.100761431404575,7.307867331423532,3.62569846424877,12.584907544904427,0.2620260933143759,0.06639230254323447,63.8,0.8548793859649123,3874.905438260066,1590.1477484634893,0.9833650854550031,0.5910831999431181,-0.9011299435028248
2,79,12.137675760200295,19.411175262652478,15.740654275775421,15.798349521771087,1.0818751574193053,0.3692863060944199,0.08489477216546804,65.6,0.8761144439980362,4025.0959259279675,1829.4985758983526,1.0214801011872043,0.6800537079515319,-0.9265536723163842
3,0,9.903747830708042,11.557071600677986,19.43763668848582,10.586308856036316,15.481103580959607,0.36874349522492267,0.44336342672319823,77.4,0.9222709533369974,4478.1231597251945,2817.355117120477,1.1364483685616182,1.0472556903047592,-1.093220338983051
3,1,4.207522132078121,17.34357674637996,5.365643103060417,14.933764320976367,10.90751774913761,0.9749385902036053,0.9879305997075616,47.6,0.5958980507129747,2248.0659224112833,2365.1818858019105,0.5705092867745182,0.8791757110986415,-0.672316384180791
3,2,14.124145815716258,6.967829230889578,3.814095564169148,0.024021110360245013,3.774370687062092,0.9296546734785384,0.049422047991849405,50.8,0.657941221018762,3223.6195770266722,1246.179605707613,0.8180831742466121,0.463224772513912,-0.7175141242937852
3,3,6.772616919001242,8.41072874881419,5.288025397403735,14.824225218803832,14.047315836967007,0.3838303131035298,0.5063840414302688,77.6,0.9361896588731081,4287.63753697973,2872.4227736913504,1.0881073409743351,1.0677252137756015,-1.0960451977401129
3,4,5.441454867706887,11.809635283589447,4.249407108198916,10.692146347331171,18.063793675554315,0.5059061012160935,0.42631624835319254,76.0,0.9288028303690954,4286.438325393142,2708.290719049255,1.0878030076626934,1.006714719521321,-1.073446327683616
3,5,18.73613407797993,19.606691492759413,1.3630821905537105,8.038162871764762,17.448775226511415,0.5047832939867178,0.34949577829706324,74.6,0.9339773677064052,4229.43948441858,2298.841107872265,1.0733379656071242,0.8545157891868186,-1.0536723163841808
3,6,16.15597795722728,11.855503564442989,5.628214640344369,15.566074661863297,0.7812475277220154,0.8012623854918528,0.9046343457146944,54.6,0.7182995849972593,2727.7364777911343,2541.9598948734574,0.6922390384283179,0.944886907673016,-0.7711864406779662
3,7,7.878546652646703,9.5936784702455,10.246037413010672,18.584721865489144,5.8191917530978605,0.8711391497935891,0.029069311693235053,55.8,0.7335716198125837,3268.7768388460863,1291.397983727124,0.8295430860652349,0.4800331625530365,-0.788135593220339
3,8,6.961767153527258,6.960394707165123,9.615311406051639,19.62344820945283,10.934948158914292,0.9214274620337817,0.5638045715100273,52.2,0.6821320592083098,2888.920740042134,2099.2398868778473,0.733144030394684,0.7803208418733156,-0.7372881355932204
3,9,16.58649543745548,8.324754194768564,4.921573087034295,10.439646408933037,2.975028233130881,0.04267662000406354,0.24445419099464027,68.8,0.8535351410316349,4100.540053775449,2157.341567465212,1.0406261480804493,0.8019181603091886,-0.9717514124293786
3,10,4.207522132078121,17.34357674637996,4.135908813748555,13.396957109383504,10.814666334940155,0.9633918298854574,0.9879305997075616,48.2,0.6267661805258324,2266.780816942636,2391.281457433167,0.5752587120581372,0.8888773368323849,-0.6807909604519775
3,11,12.875450345018695,1.3009895285623507,0.21343554599906556,16.887985464105387,6.1360671632276205,0.7471572897888868,0.5298127745067456,60.6,0.818229968105407,3345.911104286302,2286.377569933568,0.8491180524056227,0.8498828939765866,-0.8559322033898306
3,12,15.773961123008684,17.286572053737935,2.918555482702627,4.352967347688719,12.987771375971409,0.18536969795803404,0.5306510482677854,74.0,0.9224051430249226,4150.121146501317,2791.4460076271293,1.0532087300975264,1.0376248623758433,-1.0451977401129944
3,13,11.339557489058246,18.4215935456586,4.115500964580376,17.01802249183303,3.3797462265417244,0.9643577208942796,0.6236927281061517,49.0,0.6754608133483637,2678.466443817027,1967.5327406348424,0.6797353962256132,0.7313632015962309,-0.692090395480226
3,14,0.7667917616108957,19.135530746669975,13.42780613808237,16.887985464105387,5.564324100366322,0.35317901099490334,0.507183322587967,71.2,0.939878657695559,3892.3889584250196,2667.3928521973285,0.9878020152265806,0.9915123321752126,-1.0056497175141244
3,15,4.207522132078121,17.6654242700183,2.534155920391068,12.988306388996111,10.814666334940155,0.951364672488585,0.9879305997075616,48.6,0.6470407058115792,2317.727523995464,2425.58122795199,0.5881878567128648,0.9016271068680126,-0.6864406779661018
3,16,14.756755745843204,19.125345096721972,5.684023274975829,12.970944141596501,13.924319933403108,0.2927207490124871,0.0014900835088361708,59.8,0.7819363150124378,3721.690182662399,1397.349710245211,0.9444824506876723,0.5194171038316523,-0.844632768361582
3,17,0.9708037171295136,7.984936389745794,6.599174193776982,9.231786620112088,8.548316688552152,0.9420244191246865,0.11932600012925731,50.0,0.6409129834443722,3016.6229282689064,1360.9649567713668,0.7655520143414609,0.5058923124823941,-0.7062146892655368
3,18,11.392163412612243,18.424531349857094,1.1077126634456564,17.01802249183303,14.50195793821286,0.9643577208942796,0.6193182294417914,49.6,0.6949391324515702,2777.2189489296625,1980.2541462969257,0.7047965924731755,0.7360919503390975,-0.7005649717514125
3,19,13.723019226370184,11.219572886764324,13.274860603092176,17.528618061154408,13.671028850622378,0.547228558793293,0.56246846941706,73.4,0.8895205864774935,4083.949870388105,2838.3333651958383,1.0364159273758802,1.055053638648595,-1.036723163841808
3,20,16.015517696992454,4.19408619215891,16.791251498439713,3.013676995923237,8.389933950016044,0.8706232447594072,0.9099608543459907,52.6,0.638781814970604,2535.785367274063,2472.998400052432,0.6435261025375366,0.9192528236257571,-0.7429378531073447
3,21,0.7708351869077739,7.984936389745794,0.036805558812957884,9.231786620112088,8.548316688552152,0.9287714724073015,0.11932600012925731,52.0,0.6822745138059025,3039.9492585167627,1343.1998717264262,0.771471719764733,0.49928874792320665,-0.7344632768361582
3,22,17.73443517324709,4.242709351019601,10.854344554239681,3.360834076655159,12.322326540069913,0.9019066415775158,0.8826366511581263,52.8,0.6361802952525096,2574.8986694226824,2467.3340023083288,0.6534521913989657,0.9171472769257286,-0.7457627118644068
3,23,12.933310307042413,1.4156032082655976,10.33479160743308,18.575012069679502,18.048085993070913,0.7346928750813932,0.029652039890502024,61.0,0.7913462521103135,3774.960573731416,1531.2952817520993,0.9580012948247636,0.5692068023681585,-0.8615819209039548
3,24,10.232900545741836,6.728621677236699,8.68804441522433,18.449226791349396,3.7511059265918245,0.1483028147700044,0.012152882102121731,60.0,0.8036003402150758,3695.389758860571,1444.527429820045,0.93780798626229,0.5369538122785605,-0.8474576271186441
3,25,3.1947782927415713,14.691543028184292,2.3247026748974413,7.824563809913241,0.006762993877643453,0.4306280204141778,0.5867985714381407,70.8,0.9139157878916915,3777.1409030685963,2717.630272339418,0.9585546140680686,1.0101863799693034,-1.0
3,26,3.583856012042228,17.670352313048344,2.4638325562875463,4.257231554063767,14.404772253289567,0.30198823213178283,0.11891256164587016,67.2,0.8835866845112911,4167.719062861613,1931.003187368145,1.0576746910870782,0.7177845858617901,-0.9491525423728814
3,27,0.4205604291493992,11.234803333161574,7.1063214610460825,9.371726860584385,4.333925420490081,0.79496144420249,0.603259089288973,59.0,0.7877553877553878,3185.9673828240593,2309.100013871971,0.8085278821860538,0.8583291876537731,-0.8333333333333334
3,28,18.73613407797993,19.321503613181854,1.1474834081918037,16.4157955875342,5.591859858567543,0.834764684426792,0.21331599315168187,56.2,0.7295243945243945,3307.6041087859717,1665.086128678558,0.8393965862940209,0.6189389873181451,-0.7937853107344633
3,29,14.878204147010942,18.942813263313546,16.84230774197828,13.343319660656759,16.17042328760103,0.8085183257334556,0.25375519476203323,63.0,0.7972716428182999,3661.7717626046915,1871.5363873115725,0.9292764841939883,0.6956798308151092,-0.8898305084745763
3,30,14.611882440566259,4.3435572052901215,8.68804441522433,17.756178731621493,3.7511059265918245,0.19138038588020412,0.012152882102121731,60.2,0.832548551472083,3720.615830875463,1487.689411721478,0.9442098040247789,0.55299780718585,-0.8502824858757063
3,31,5.883925526351181,7.422539510690063,5.306795497747516,7.4519398693447725,5.332576703146916,0.8341383229002534,0.14782792777695875,58.8,0.7616376014023073,3510.5886063542393,1610.6746751645783,0.8909095511850789,0.5987133849565556,-0.8305084745762712
3,32,4.754480621482191,17.936689014056693,17.319429779314778,15.236580137997603,7.511252356269855,0.8020772160582526,0.9852855323775007,49.0,0.6461290214675388,2359.3888331061708,2428.446782731721,0.5987605732466167,0.9026922791392386,-0.692090395480226
3,33,5.883925526351181,7.422539510690063,4.492764397435955,18.98100434829766,5.332576703146916,0.8421569894600114,0.14782792777695875,57.6,0.7563140707655783,3383.926976167121,1604.7566465174173,0.8587656377974134,0.59651355961737,-0.8135593220338984
3,34,18.68249339071096,19.318565803279693,4.162450184216738,16.4157955875342,3.754642751771736,0.45379447622941416,0.21769056141980103,68.6,0.906326515012536,3932.897095164303,2045.8810977116652,0.9980820821807139,0.7604865315861661,-0.9689265536723164
3,35,0.4205604291493992,11.234803333161574,6.339322903009148,3.106370366192055,4.0169024553257815,0.79496144420249,0.5913470433031217,59.2,0.7846701985865323,3203.4863090776066,2212.3535292020015,0.8129737972378892,0.822366981124707,-0.8361581920903955
3,36,12.933310307042413,1.4156032082655976,3.01545574817309,13.95878001929613,18.06597283246732,0.7346928750813932,0.2761012052936129,66.4,0.8950336749339914,3884.833527742544,2082.2879511931446,0.9858846144391028,0.7740195378596313,-0.9378531073446329
3,37,18.73613407797993,19.321503613181854,1.1546510882663634,16.4157955875342,14.876757963197349,0.5333271825163824,0.21331599315168187,67.6,0.9123407352451469,3985.347027259486,2017.9584568110834,1.0113927120215411,0.750107242019944,-0.9548022598870056
3,38,19.982037856330358,3.685143086942364,2.6261463198658475,9.611301488892641,0.07917933023175117,0.7893311796619056,0.07518277030715492,61.6,0.785650947888598,3646.758066386664,1666.2105028547935,0.925466340978967,0.6193569350759336,-0.8700564971751413
3,39,16.241323561782103,11.191830671291807,13.157829068888113,17.680304645528953,3.254852361814013,0.547228558793293,0.56246846941706,72.2,0.9001568801568801,3953.828516527302,2762.7899327408886,1.003394012829159,1.026972943736248,-1.0197740112994351
3,40,5.602188726790116,3.6520065689578103,7.3939385024776545,15.44370791178505,13.589874943771596,0.5673341670813656,0.08630255668248643,66.8,0.855904061269358,4043.7038187660023,1837.5394800342444,1.0262023718135111,0.6830426398615832,-0.943502824858757
3,41,8.091874576956311,13.306933603634388,6.657133755117006,3.9443753668999193,18.636908465283902,0.24389649332303487,0.14706430743323462,69.2,0.8998796301791732,4178.038956050188,1945.9466243388895,1.060293651164676,0.7233392989702737,-0.9774011299435029
3,42,10.445810527485866,1.6806249607484136,1.4958982469764415,11.91107552949796,14.653581152606716,0.6282420580873196,0.7428189512005124,65.2,0.8558380903117746,3480.3826734495233,2755.576945448275,0.8832439551427064,1.024291761679935,-0.92090395480226
3,43,14.756755745843204,1.9640137919757539,0.2710602054565583,12.20834103295013,14.376043180433307,0.7734308477176471,0.07501511042138168,59.8,0.7757253599114063,3558.337554500904,1525.2817165356416,0.9030271755304398,0.5669714645672245,-0.844632768361582
3,44,11.2361943746178,7.993124422609055,12.258189838048782,3.9327847954424744,3.6057508168619035,0.7468603856498379,0.7522234183692774,61.2,0.8049782520338381,3111.547214522139,2538.4079495460305,0.7896416935221429,0.9435665931222535,-0.864406779661017
3,45,5.264341386221623,17.513467216521974,17.319429779314778,15.236580137997603,7.511252356269855,0.7969369836766395,0.9798656581661846,49.6,0.6366405241360809,2417.394900957848,2459.8772293992797,0.613481227151267,0.9143754758798266,-0.7005649717514125
3,46,6.078107662847065,1.658165416276023,14.740835933355555,12.399059995523745,5.586787914022089,0.8128234691617013,0.7468368916603908,57.0,0.7309103602022569,2966.924052316334,2390.1908402011554,0.7529395415529472,0.8884719370674679,-0.8050847457627119
3,47,0.430090584004692,13.2671174750634,6.535432674757676,2.718774522013676,2.7887968855963097,0.79496144420249,0.9591659710394006,50.6,0.6548040310830501,2455.6255131608887,2485.1452324966804,0.6231833088755944,0.9237679943683859,-0.7146892655367232
3,48,16.259010633937873,6.579150664107955,17.558716628117615,9.279030307939841,8.389933950016044,0.8275119119849899,0.8791580043515604,55.4,0.718774477826121,2789.573784261314,2546.337902615253,0.7079319757477536,0.9465142827568073,-0.7824858757062148
3,49,17.35409633416363,9.861598858056883,13.154556676557759,15.550448800148217,12.731951178917424,0.7338949444526471,0.5456422200054575,64.8,0.8544305298443989,3606.646952121607,2444.2229582957652,0.915287029525972,0.9085565344226046,-0.9152542372881356
3,50,18.101835900501996,11.26746648905851,6.3349190613042285,3.4475370009345063,3.9749886800420082,0.7951760101305146,0.906150621594485,53.2,0.7278162878126884,2626.0392565746056,2508.9444635258687,0.6664305385241156,0.9326145469271094,-0.7514124293785311
3,51,0.9708037171295136,7.984936389745794,6.6890078861853635,9.231786620112088,8.548316688552152,0.8776434183376925,0.11932600012925731,55.2,0.7310911334600358,3246.4731333882846,1430.152325083876,0.8238829001399436,0.5316103572976114,-0.7796610169491526
3,52,7.417396942309744,9.856408958836191,7.471870419526727,4.06669255637969,0.915532534591752,0.09705729330540382,0.8577235191311665,55.8,0.7271085306726184,2842.0991629327027,2605.3278719590426,0.7212617522568132,0.9684417922463912,-0.788135593220339
3,53,9.976269006860278,12.192081247570371,11.220614945726425,3.806053544672634,10.030434003678215,0.9266192075346227,0.9088984472096338,51.4,0.6890737948566976,2473.098282073849,2432.1802858920696,0.6276175102177939,0.904080081623095,-0.7259887005649718
3,54,0.502495014631962,12.148479007017759,5.384191216697799,15.222203809099513,0.8232514150351009,0.79496144420249,0.5144584753978277,62.4,0.8114930707987144,3443.938763206004,2318.375140892993,0.873995298760778,0.8617768998331992,-0.8813559322033898
3,55,0.9180509949722415,8.33835878576096,5.216526030885666,14.20243288426029,11.785162777457035,0.3085751184714395,0.27478141155103764,72.8,0.9575851745648837,4201.956301478969,2319.550369984364,1.0663633431368218,0.8622137511714884,-1.0282485875706215
3,56,5.055638930409813,16.100761431404575,7.307867331423532,3.62569846424877,12.584907544904427,0.2620260933143759,0.06639230254323447,63.8,0.8548793859649123,3874.905438260066,1590.1477484634893,0.9833650854550031,0.5910831999431181,-0.9011299435028248
3,57,10.73843131418722,17.153765868749442,12.800379824484295,12.869449082720529,7.818975779660269,0.3565715039475891,0.71890693022688,64.8,0.8600225627212132,3409.885819802519,2672.581690089546,0.865353416750104,0.9934411057173451,-0.9152542372881356
3,58,10.554998664270066,4.104649849001758,14.825150463887375,7.773944608334736,7.609463282656048,0.909454579769297,0.39297044395520897,53.8,0.7032949613402892,3082.7927995013865,1720.2870275871621,0.7823444605355265,0.6394580390843486,-0.7598870056497175
3,59,5.884163310244627,7.509727507901907,4.349004719016763,7.4519398693447725,17.82223693526083,0.6996027836772194,0.14982017733386416,63.6,0.8344110334774891,3862.109265759335,1756.7088894311612,0.9801177005922828,0.6529966242047811,-0.8983050847457628
3,60,10.521337180271644,13.200281414767662,14.994638623849905,7.899889482273008,7.609463282656048,0.8770025034809968,0.39297044395520897,56.0,0.7081184045141634,3227.6736280839164,1882.4554842746493,0.8191120025181314,0.6997386327595582,-0.7909604519774012
3,61,13.768201151141437,16.357645767761223,8.574676164714173,15.706636358928375,0.5199972517480589,0.18754468317091455,0.7883955128557671,62.6,0.8588163454865778,3230.986290235024,2688.4440500633536,0.8199526827234194,0.9993373971160705,-0.884180790960452
3,62,17.07195407809636,4.19408619215891,17.544419068261586,9.279030307939841,16.157336238027757,0.8020806151389231,0.8776361081541503,53.2,0.6868201931285096,2642.1038110548234,2490.1903757109203,0.6705073662663505,0.9256433543141053,-0.7514124293785311
3,63,13.655978157207006,16.4015150034107,8.571458085969239,15.248861592644804,17.569603693325078,0.1870933985173781,0.8503352584433288,57.8,0.7632109572327805,2931.2410316772402,2527.67746719501,0.7438839820821046,0.9395779022278993,-0.8163841807909604
3,64,9.903747830708042,2.508189452905063,9.61494003852129,10.72489851139623,15.482096326206369,0.3936647929941859,0.019600418551609544,61.8,0.804314090723507,3817.7739015432426,1500.8088359358985,0.9688663681621905,0.5578745057527372,-0.8728813559322034
3,65,10.445810527485866,5.192297336356647,1.3999647570174956,11.959114031721349,14.33905482848769,0.6509315010535264,0.28844547723559544,68.2,0.8584448822042088,3989.4958881941757,2034.6127146276092,1.0124456009378224,0.7562978944372315,-0.9632768361581922
3,66,2.272283230139047,13.38055314159956,15.069088925138928,18.818047209967546,7.79807033102127,0.3894868303148111,0.3996467183591207,72.6,0.949383989664631,4168.297300771694,2577.8066493079605,1.0578214350479105,0.9582117162256771,-1.0254237288135593
3,67,9.903747830708042,2.492114816782347,19.43763668848582,6.521767291292789,15.481103580959607,0.3936647929941859,0.06059527957920105,65.8,0.8031640110178362,4058.877578110333,1748.1797091979656,1.0300531355010532,0.6498261923062357,-0.9293785310734464
3,68,19.982037856330358,5.160031709945536,14.61510333293867,11.76891302448338,0.12908759023537364,0.7845626392680259,0.07337491885973701,60.6,0.7720989217795636,3541.234255449609,1563.0703455115563,0.8986867374472097,0.5810180987608896,-0.8559322033898306
3,69,7.365636702781622,11.794005735584165,13.390665622833302,13.382549922918717,10.460995510517128,0.5547374324650892,0.19814971361353295,68.2,0.9088287555064918,4034.1733658153935,1971.835680426167,1.0237837541647643,0.732962672729323,-0.9632768361581922
3,70,0.7667917616108957,19.14500562400834,0.21343554599906556,16.887985464105387,5.564324100366322,0.7464552981141912,0.5061057731674378,64.2,0.8234358974358974,3522.394621837962,2369.323151453527,0.8939056561507389,0.8807150853835386,-0.9067796610169492
3,71,15.64587240923821,12.795580186921075,13.383607315749813,9.574572560478147,15.820147221438674,0.8865243926076503,0.5867108232850349,53.2,0.7784139088270773,2978.6829193692533,2179.1886243509157,0.7559236812922489,0.8100390587010637,-0.7514124293785311
3,72,12.013737085320418,6.478243910083079,14.799212697217577,12.300166404781125,15.718215831324242,0.4752475755976574,0.027008649668984086,62.2,0.8200944609970765,3861.6015470086218,1563.1552900870206,0.9799888528305407,0.5810496740101279,-0.8785310734463277
3,73,14.878204147010942,18.942813263313546,16.84230774197828,14.880126872249622,16.263274783891216,0.8201390416269567,0.25375519476203323,61.4,0.7990300484240486,3584.5698801367944,1790.2867152539936,0.9096843581511862,0.6654780359186739,-0.8672316384180792
3,74,5.441454867706887,2.7448235648425365,4.249407108198916,6.462510992714927,18.063793675554315,0.5059061012160935,0.05476487550584061,64.0,0.7933096891724727,3989.4958456939617,1704.432177845502,1.0124455901522105,0.633564539358318,-0.903954802259887
3,75,12.60180399570686,9.496896753544833,13.424625028591683,14.44329616284235,4.374308491376091,0.8348642077064455,0.6576522108732432,56.0,0.7602549467275495,3032.0741179525075,2254.1030771482774,0.7694731836978977,0.8378859518745059,-0.7909604519774012
3,76,6.078345446740512,5.169836144245641,14.61212725951826,11.848749683337802,18.07927233836487,0.7009773735404422,0.29445570799761833,69.6,0.8638078608911062,4076.860610618717,2170.3889757348334,1.0346168304301577,0.8067680894044089,-0.983050847457627
3,77,7.9162553491925625,11.466513362939775,11.871811927487725,19.334443799723033,18.031608796548255,0.935784824563873,0.05139881989008033,51.2,0.6746809876556712,3066.9474700258006,1248.8493804684053,0.7783232672387892,0.464217170239382,-0.7231638418079097
3,78,2.6936033557181616,12.497374976938662,17.85104657621091,4.00550759835288,8.294824341515847,0.7131551875636052,0.7381025959044417,60.0,0.7562062065935642,3091.293344012967,2622.2336852083536,0.7845017102576766,0.9747259518175374,-0.8474576271186441
3,79,9.263865442099803,18.97812997633869,1.2714859512990468,16.46151167395023,14.876757963197349,0.92268855473314,0.21331599315168187,51.6,0.6797132711858118,3003.624968603738,1495.1862284274612,0.7622534203704507,0.5557844931477308,-0.728813559322034
4,0,4.207522132078121,17.34357674637996,5.365643103060417,14.933764320976367,10.90751774913761,0.9749385902036053,0.9879305997075616,47.6,0.5958980507129747,2248.0659224112833,2365.1818858019105,0.5705092867745182,0.8791757110986415,-0.672316384180791
4,1,14.124145815716258,6.967829230889578,3.814095564169148,0.024021110360245013,3.774370687062092,0.9296546734785384,0.049422047991849405,50.8,0.657941221018762,3223.6195770266722,1246.179605707613,0.8180831742466121,0.463224772513912,-0.7175141242937852
4,2,6.772616919001242,8.41072874881419,5.288025397403735,14.824225218803832,14.047315836967007,0.3838303131035298,0.5063840414302688,77.6,0.9361896588731081,4287.63753697973,2872.4227736913504,1.0881073409743351,1.0677252137756015,-1.0960451977401129
4,3,9.903747830708042,11.557071600677986,19.43763668848582,10.586308856036316,15.481103580959607,0.36874349522492267,0.44336342672319823,77.4,0.9222709533369974,4478.1231597251945,2817.355117120477,1.1364483685616182,1.0472556903047592,-1.093220338983051
4,4,9.76034419189484,11.557071600677986,19.577729235475324,10.586308856036316,3.7903465015668676,0.36542556418965483,0.44336342672319823,76.8,0.9224384946647135,4363.353574947961,2774.5149033946414,1.107322392627409,1.0313313017441477,-1.0847457627118644
4,5,5.441454867706887,11.809635283589447,4.249407108198916,10.692146347331171,18.063793675554315,0.5059061012160935,0.42631624835319254,76.0,0.9288028303690954,4286.438325393142,2708.290719049255,1.0878030076626934,1.006714719521321,-1.073446327683616
4,6,18.73613407797993,19.606691492759413,1.3630821905537105,8.038162871764762,17.448775226511415,0.5047832939867178,0.34949577829706324,74.6,0.9339773677064052,4229.43948441858,2298.841107872265,1.0733379656071242,0.8545157891868186,-1.0536723163841808
4,7,0.9180509949722415,8.33835878576096,5.216526030885666,14.20243288426029,11.785162777457035,0.3085751184714395,0.27478141155103764,72.8,0.9575851745648837,4201.956301478969,2319.550369984364,1.0663633431368218,0.8622137511714884,-1.0282485875706215
4,8,16.259010633937873,6.579150664107955,17.558716628117615,9.279030307939841,8.389933950016044,0.8275119119849899,0.8791580043515604,55.4,0.718774477826121,2789.573784261314,2546.337902615253,0.7079319757477536,0.9465142827568073,-0.7824858757062148
4,9,14.878204147010942,18.942813263313546,16.84230774197828,13.343319660656759,16.17042328760103,0.8085183257334556,0.25375519476203323,63.0,0.7972716428182999,3661.7717626046915,1871.5363873115725,0.9292764841939883,0.6956798308151092,-0.8898305084745763
4,10,0.4205604291493992,11.234803333161574,6.339322903009148,3.106370366192055,4.0169024553257815,0.79496144420249,0.5913470433031217,59.2,0.7846701985865323,3203.4863090776066,2212.3535292020015,0.8129737972378892,0.822366981124707,-0.8361581920903955
4,11,10.554998664270066,4.104649849001758,14.825150463887375,7.773944608334736,7.609463282656048,0.909454579769297,0.39297044395520897,53.8,0.7032949613402892,3082.7927995013865,1720.2870275871621,0.7823444605355265,0.6394580390843486,-0.7598870056497175
4,12,10.445810527485866,1.6806249607484136,1.4958982469764415,11.91107552949796,14.653581152606716,0.6282420580873196,0.7428189512005124,65.2,0.8558380903117746,3480.3826734495233,2755.576945448275,0.8832439551427064,1.024291761679935,-0.92090395480226
4,13,0.7708351869077739,3.511937753917021,0.036805558812957884,10.472513685012732,8.548316688552152,0.9287714724073015,0.9168573237942154,50.2,0.6412573038154432,2439.0986005454606,2361.063744660628,0.6189891448900919,0.877644932561893,-0.7090395480225989
4,14,7.878546652646703,9.5936784702455,10.246037413010672,18.584721865489144,5.8191917530978605,0.8711391497935891,0.014246237478316257,56.4,0.7332895452992267,3316.613113584443,1289.37817665201,0.8416828719633536,0.47928236815020214,-0.7966101694915254
4,15,5.441454867706887,11.809635283589447,4.249407108198916,18.525260156889836,18.063793675554315,0.5056672001246287,0.42631624835319254,73.4,0.9206558942139331,4122.8810520433135,2571.832263273369,1.0462957980940748,0.9559909419495547,-1.036723163841808
4,16,4.207522132078121,17.6654242700183,2.534155920391068,12.988306388996111,10.814666334940155,0.951364672488585,0.9879305997075616,48.6,0.6470407058115792,2317.727523995464,2425.58122795199,0.5881878567128648,0.9016271068680126,-0.6864406779661018
4,17,16.15597795722728,11.855503564442989,5.628214640344369,15.566074661863297,0.7812475277220154,0.8012623854918528,0.9046343457146944,54.6,0.7182995849972593,2727.7364777911343,2541.9598948734574,0.6922390384283179,0.944886907673016,-0.7711864406779662
4,18,7.9162553491925625,11.466513362939775,11.871811927487725,19.334443799723033,18.031608796548255,0.935784824563873,0.05139881989008033,51.2,0.6746809876556712,3066.9474700258006,1248.8493804684053,0.7783232672387892,0.464217170239382,-0.7231638418079097
4,19,3.1947782927415713,14.691543028184292,2.3247026748974413,7.824563809913241,0.006762993877643453,0.4306280204141778,0.5867985714381407,70.8,0.9139157878916915,3777.1409030685963,2717.630272339418,0.9585546140680686,1.0101863799693034,-1.0
4,20,7.878546652646703,1.5084835328850588,10.246037413010672,18.634611198644425,5.678211944957527,0.8711391497935891,0.27747777794836737,55.8,0.7180365757677016,3152.709350437617,1823.7128546042866,0.8000877309666619,0.6779030633590529,-0.788135593220339
4,21,16.241323561782103,11.191830671291807,13.157829068888113,17.680304645528953,3.254852361814013,0.547228558793293,0.56246846941706,72.2,0.9001568801568801,3953.828516527302,2762.7899327408886,1.003394012829159,1.026972943736248,-1.0197740112994351
4,22,0.40362235414201564,19.135530746669975,4.6499173937645075,16.887985464105387,3.283577009694691,0.35317901099490334,0.507183322587967,71.0,0.9370043199961697,3843.1123587643838,2629.261498296927,0.9752967067982099,0.9773383016781149,-1.0028248587570623
4,23,0.9708037171295136,7.984936389745794,6.6890078861853635,9.231786620112088,8.548316688552152,0.8776434183376925,0.11932600012925731,55.2,0.7310911334600358,3246.4731333882846,1430.152325083876,0.8238829001399436,0.5316103572976114,-0.7796610169491526
4,24,7.365636702781622,11.794005735584165,13.390665622833302,13.382549922918717,10.460995510517128,0.5547374324650892,0.19814971361353295,68.2,0.9088287555064918,4034.1733658153935,1971.835680426167,1.0237837541647643,0.732962672729323,-0.9632768361581922
4,25,18.68249339071096,19.318565803279693,4.162450184216738,16.4157955875342,3.754642751771736,0.45379447622941416,0.21769056141980103,68.6,0.906326515012536,3932.897095164303,2045.8810977116652,0.9980820821807139,0.7604865315861661,-0.9689265536723164
4,26,15.773961123008684,17.286572053737935,2.918555482702627,4.352967347688719,12.987771375971409,0.18536969795803404,0.5306510482677854,74.0,0.9224051430249226,4150.121146501317,2791.4460076271293,1.0532087300975264,1.0376248623758433,-1.0451977401129944
4,27,12.875450345018695,1.3009895285623507,0.21343554599906556,16.887985464105387,6.1360671632276205,0.7471572897888868,0.5298127745067456,60.6,0.818229968105407,3345.911104286302,2286.377569933568,0.8491180524056227,0.8498828939765866,-0.8559322033898306
4,28,4.36307352077123,18.942813263313546,5.135224665245088,13.343319660656759,11.2215856614209,0.9798574119575348,0.20392032766693774,48.8,0.6455734572994439,2848.486493559595,1458.0154851722773,0.7228827151494106,0.5419675369002575,-0.6892655367231638
4,29,18.73613407797993,19.321503613181854,1.1546510882663634,16.4157955875342,14.876757963197349,0.5333271825163824,0.21331599315168187,67.6,0.9123407352451469,3985.347027259486,2017.9584568110834,1.0113927120215411,0.750107242019944,-0.9548022598870056
4,30,4.299270096336302,3.685143086942364,4.119161493923037,9.50852235314022,0.07917933023175117,0.7893311796619056,0.07518277030715492,62.6,0.813810723995298,3687.218031489864,1678.4628279329336,0.9357341830399284,0.6239113191078125,-0.884180790960452
4,31,4.294061937137143,0.8669106711702632,17.06354839016948,15.236580137997603,7.648764149065017,0.8020772160582526,0.9852855323775007,49.8,0.657968784158331,2388.5981258873126,2449.9233331703367,0.6061732441232266,0.9106754543940304,-0.7033898305084746
4,32,16.015517696992454,4.19408619215891,16.791251498439713,3.013676995923237,8.389933950016044,0.8706232447594072,0.9099608543459907,52.6,0.638781814970604,2535.785367274063,2472.998400052432,0.6435261025375366,0.9192528236257571,-0.7429378531073447
4,33,6.078107662847065,1.658165416276023,14.740835933355555,12.399059995523745,5.586787914022089,0.8128234691617013,0.7468368916603908,57.0,0.7309103602022569,2966.924052316334,2390.1908402011554,0.7529395415529472,0.8884719370674679,-0.8050847457627119
4,34,9.263865442099803,18.97812997633869,1.2714859512990468,16.46151167395023,14.876757963197349,0.92268855473314,0.21331599315168187,51.6,0.6797132711858118,3003.624968603738,1495.1862284274612,0.7622534203704507,0.5557844931477308,-0.728813559322034
4,35,5.602188726790116,3.6520065689578103,7.3939385024776545,15.44370791178505,13.589874943771596,0.5673341670813656,0.08630255668248643,66.8,0.855904061269358,4043.7038187660023,1837.5394800342444,1.0262023718135111,0.6830426398615832,-0.943502824858757
4,36,0.7708351869077739,7.984936389745794,0.036805558812957884,18.356859071307497,3.2571627311707334,0.9668100954828599,0.10586186180967216,49.6,0.6918097794516701,2890.944022954474,1309.1284275669514,0.7336574947374128,0.4866238504255211,-0.7005649717514125
4,37,14.878204147010942,18.942813263313546,16.84230774197828,14.880126872249622,16.263274783891216,0.8201390416269567,0.25375519476203323,61.4,0.7990300484240486,3584.5698801367944,1790.2867152539936,0.9096843581511862,0.6654780359186739,-0.8672316384180792
4,38,13.723019226370184,11.219572886764324,13.274860603092176,17.528618061154408,13.671028850622378,0.547228558793293,0.56246846941706,73.4,0.8895205864774935,4083.949870388105,2838.3333651958383,1.0364159273758802,1.055053638648595,-1.036723163841808
4,39,7.676983458224495,19.321503613181854,4.3183335350264,19.118932955833916,14.876757963197349,0.5333271825163824,0.21331599315168187,65.6,0.896085505818456,3910.4352443475423,1918.3207730192291,0.9923817624697329,0.7130703308099527,-0.9265536723163842
4,40,0.7708351869077739,7.984936389745794,0.036805558812957884,9.231786620112088,8.548316688552152,0.9287714724073015,0.11932600012925731,52.0,0.6822745138059025,3039.9492585167627,1343.1998717264262,0.771471719764733,0.49928874792320665,-0.7344632768361582
4,41,12.933310307042413,1.4156032082655976,3.01545574817309,13.95878001929613,18.06597283246732,0.7346928750813932,0.2761012052936129,66.4,0.8950336749339914,3884.833527742544,2082.2879511931446,0.9858846144391028,0.7740195378596313,-0.9378531073446329
4,42,18.68249339071096,19.318565803279693,4.424971891680473,16.4157955875342,18.427863435503095,0.709901732337441,0.29179363026006666,68.8,0.8484233310549101,3958.2755958170446,2162.974616562648,1.0045225829518267,0.8040120542188371,-0.9717514124293786
4,43,0.04491931051654552,8.41072874881419,5.199014762963154,14.824225218803832,5.684361998029825,0.3838303131035298,0.506110561222108,74.2,0.9384362397441246,4092.9067281513153,2795.679406992324,1.0386889792838727,1.0391984842269162,-1.0480225988700567
4,44,0.7667917616108957,19.14500562400834,0.21343554599906556,16.887985464105387,5.564324100366322,0.7464552981141912,0.5061057731674378,64.2,0.8234358974358974,3522.394621837962,2369.323151453527,0.8939056561507389,0.8807150853835386,-0.9067796610169492
4,45,0.7667917616108957,19.135530746669975,13.42780613808237,16.887985464105387,5.564324100366322,0.35317901099490334,0.507183322587967,71.2,0.939878657695559,3892.3889584250196,2667.3928521973285,0.9878020152265806,0.9915123321752126,-1.0056497175141244
4,46,8.091874576956311,13.306933603634388,6.657133755117006,3.9443753668999193,18.636908465283902,0.24389649332303487,0.14706430743323462,69.2,0.8998796301791732,4178.038956050188,1945.9466243388895,1.060293651164676,0.7233392989702737,-0.9774011299435029
4,47,10.445810527485866,5.192297336356647,1.3999647570174956,11.959114031721349,14.33905482848769,0.6509315010535264,0.28844547723559544,68.2,0.8584448822042088,3989.4958881941757,2034.6127146276092,1.0124456009378224,0.7562978944372315,-0.9632768361581922
4,48,6.078345446740512,4.778770153950183,14.34961685928523,11.848749683337802,3.3892679253676485,0.4448701173723474,0.29445570799761833,70.0,0.9146488045283732,4067.6842010729247,2116.1459605542714,1.032288061147669,0.7866050982493603,-0.9887005649717514
4,49,9.976269006860278,12.192081247570371,11.220614945726425,3.806053544672634,10.030434003678215,0.9266192075346227,0.9088984472096338,51.4,0.6890737948566976,2473.098282073849,2432.1802858920696,0.6276175102177939,0.904080081623095,-0.7259887005649718
4,50,5.055638930409813,19.099321527047923,7.307867331423532,3.62569846424877,14.446840099465144,0.2620260933143759,0.06802819980126805,64.8,0.8207287851037851,3930.1315611271566,1625.2536463562196,0.9973802509597723,0.6041326203402868,-0.9152542372881356
4,51,18.072221466955536,9.56669137437752,13.157829068888113,9.903184906551534,3.254852361814013,0.5474674598847578,0.56246846941706,71.6,0.9157212036328053,3899.555468100197,2675.785070120574,0.9896207164856,0.9946318530055789,-1.0112994350282485
4,52,11.339557489058246,18.4215935456586,4.115500964580376,17.01802249183303,3.3797462265417244,0.9643577208942796,0.6236927281061517,49.0,0.6754608133483637,2678.466443817027,1967.5327406348424,0.6797353962256132,0.7313632015962309,-0.692090395480226
4,53,9.903747830708042,2.492114816782347,19.43763668848582,6.521767291292789,15.481103580959607,0.3936647929941859,0.06059527957920105,65.8,0.8031640110178362,4058.877578110333,1748.1797091979656,1.0300531355010532,0.6498261923062357,-0.9293785310734464
4,54,18.101835900501996,11.26746648905851,6.3349190613042285,3.4475370009345063,3.9749886800420082,0.7951760101305146,0.906150621594485,53.2,0.7278162878126884,2626.0392565746056,2508.9444635258687,0.6664305385241156,0.9326145469271094,-0.7514124293785311
4,55,9.970953513048725,2.508189452905063,1.6857412513145644,11.922015030637345,15.538129409279248,0.3936647929941859,0.012888280308462619,60.6,0.7797092128976824,3713.049455159594,1419.6991522949645,0.9422896256305001,0.5277247467764518,-0.8559322033898306
4,56,7.417396942309744,9.856408958836191,7.471870419526727,4.06669255637969,0.915532534591752,0.09705729330540382,0.8577235191311665,55.8,0.7271085306726184,2842.0991629327027,2605.3278719590426,0.7212617522568132,0.9684417922463912,-0.788135593220339
4,57,13.335874792518833,18.445560160850846,0.676530842468491,16.887985464105387,5.998555370432459,0.7130477150906305,0.5298127745067456,66.2,0.8654534369368984,3615.5764012344866,2492.9889993937336,0.9175531257262178,0.926683647232466,-0.9350282485875707
4,58,5.884163310244627,7.509727507901907,4.349004719016763,7.4519398693447725,17.82223693526083,0.6996027836772194,0.14982017733386416,63.6,0.8344110334774891,3862.109265759335,1756.7088894311612,0.9801177005922828,0.6529966242047811,-0.8983050847457628
4,59,11.426553750193271,4.19408619215891,16.837290392022794,2.6091301106435667,8.389933950016044,0.9816929520454595,0.8754153862629915,49.2,0.6350211376782136,2355.113102132503,2308.2590574065257,0.5976754875274175,0.8580165907651578,-0.6949152542372882
4,60,18.73613407797993,9.033203271313397,1.3630821905537105,8.038162871764762,17.448775226511415,0.5029912244435204,0.5072909988860401,69.6,0.9326279788093904,3924.406442779142,2526.012998116421,0.9959273428609198,0.9389591926079098,-0.983050847457627
4,61,14.124145815716258,6.967829230889578,3.814095564169148,0.024021110360245013,12.20264103704003,0.9296546734785384,0.87211919233951,50.4,0.6310577059106471,2515.6286287777107,2375.4465912585715,0.6384107692243035,0.882991265315952,-0.711864406779661
4,62,5.883925526351181,7.422539510690063,5.715998380168282,19.000882209326342,5.332576703146916,0.8545927959678647,0.14782792777695875,58.2,0.7433904539161628,3380.2255849780113,1613.4858424727095,0.8578263067812182,0.5997583405398788,-0.8220338983050848
4,63,12.60180399570686,9.496896753544833,13.424625028591683,14.44329616284235,4.374308491376091,0.8348642077064455,0.6576522108732432,56.0,0.7602549467275495,3032.0741179525075,2254.1030771482774,0.7694731836978977,0.8378859518745059,-0.7909604519774012
4,64,17.73443517324709,4.242709351019601,10.854344554239681,3.360834076655159,12.322326540069913,0.9019066415775158,0.8826366511581263,52.8,0.6361802952525096,2574.8986694226824,2467.3340023083288,0.6534521913989657,0.9171472769257286,-0.7457627118644068
4,65,2.6936033557181616,12.497374976938662,17.85104657621091,4.00550759835288,8.294824341515847,0.7131551875636052,0.7381025959044417,60.0,0.7562062065935642,3091.293344012967,2622.2336852083536,0.7845017102576766,0.9747259518175374,-0.8474576271186441
4,66,15.94728372171827,4.242709351019601,10.854344554239681,3.360834076655159,3.894061373097922,0.9019066415775158,0.08173951450784395,54.2,0.6806102558227659,3246.3828807758655,1376.8249903803794,0.8238599960280012,0.5117877391343382,-0.7655367231638419
4,67,12.223566602071656,18.4215935456586,15.94048563371435,17.01802249183303,5.58436326507138,0.9643577208942796,0.6236927281061517,48.8,0.6689616348822635,2590.671859920988,2001.3174071488706,0.6574550774227416,0.7439214992836118,-0.6892655367231638
4,68,18.689488680610513,18.55712098284894,6.3349190613042285,3.4475370009345063,14.099265186792758,0.9624777731368811,0.5988706748306022,49.8,0.6704666746017114,2744.655136427918,1934.822701476778,0.69653261886821,0.7192043599826164,-0.7033898305084746
4,69,6.961767153527258,6.960394707165123,9.615311406051639,19.62344820945283,10.934948158914292,0.9214274620337817,0.5638045715100273,52.2,0.6821320592083098,2888.920740042134,2099.2398868778473,0.733144030394684,0.7803208418733156,-0.7372881355932204
4,70,6.644172191009863,19.14500562400834,0.32494480158563155,16.887985464105387,13.865065697175293,0.7464552981141912,0.5195356780494428,62.4,0.7946788307294637,3469.332646529949,2269.7218294077747,0.8804397033127762,0.8436916904126908,-0.8813559322033898
4,71,15.981127351650928,18.424531349857094,1.1077126634456564,17.422415726094723,14.50195793821286,0.8774468773344446,0.6538621526989007,53.6,0.7337292847997073,2915.8777267902137,2176.94303898687,0.7399851159384483,0.809204338918573,-0.7570621468926554
4,72,5.055638930409813,16.100761431404575,7.307867331423532,3.62569846424877,12.584907544904427,0.2620260933143759,0.06639230254323447,63.8,0.8548793859649123,3874.905438260066,1590.1477484634893,0.9833650854550031,0.5910831999431181,-0.9011299435028248
4,73,13.768201151141437,16.357645767761223,8.574676164714173,15.706636358928375,0.5199972517480589,0.18754468317091455,0.7883955128557671,62.6,0.8588163454865778,3230.986290235024,2688.4440500633536,0.8199526827234194,0.9993373971160705,-0.884180790960452
4,74,17.07195407809636,4.19408619215891,17.544419068261586,9.279030307939841,16.157336238027757,0.8020806151389231,0.8776361081541503,53.2,0.6868201931285096,2642.1038110548234,2490.1903757109203,0.6705073662663505,0.9256433543141053,-0.7514124293785311
4,75,8.828809346050074,18.927086721593533,5.288025397403735,14.824225218803832,14.047315836967007,0.38562238264672727,0.3485888208412975,70.4,0.9369397943639065,4076.2738030446467,2187.429910012745,1.0344679116786126,0.813102475610182,-0.9943502824858759
4,76,0.9708037171295136,7.984936389745794,6.599174193776982,9.231786620112088,8.548316688552152,0.9420244191246865,0.11932600012925731,50.0,0.6409129834443722,3016.6229282689064,1360.9649567713668,0.7655520143414609,0.5058923124823941,-0.7062146892655368
4,77,3.1947782927415713,12.053220829752913,2.3104438562419833,8.022398417337394,0.005397530550118379,0.4306280204141778,0.5646634254606421,74.6,0.9114729908737399,4050.5054355360335,2866.7441110370214,1.027928471343645,1.0656143645816434,-1.0536723163841808
4,78,12.933310307042413,1.4156032082655976,10.33479160743308,18.575012069679502,18.048085993070913,0.7346928750813932,0.029652039890502024,61.0,0.7913462521103135,3774.960573731416,1531.2952817520993,0.9580012948247636,0.5692068023681585,-0.8615819209039548
4,79,4.207522132078121,17.34357674637996,4.135908813748555,13.396957109383504,10.814666334940155,0.9633918298854574,0.9879305997075616,48.2,0.6267661805258324,2266.780816942636,2391.281457433167,0.5752587120581372,0.8888773368323849,-0.6807909604519775
5,0,6.772616919001242,8.41072874881419,5.288025397403735,14.824225218803832,14.047315836967007,0.3838303131035298,0.5063840414302688,77.6,0.9361896588731081,4287.63753697973,2872.4227736913504,1.0881073409743351,1.0677252137756015,-1.0960451977401129
5,1,4.207522132078121,17.6654242700183,2.238078993571715,14.942390809370803,10.814666334940155,0.995409093363945,0.9879305997075616,47.0,0.612904095068709,2198.571328117896,2345.601971845071,0.557948656141753,0.8718975457788448,-0.6638418079096046
5,2,0.884053285393376,14.691543028184292,1.8673081125040492,7.824563809913241,0.36952029393863395,0.42358676511849935,0.5867985714381407,74.6,0.9378702345534755,4035.55068018699,2941.6772176793106,1.024133286014329,1.0934681916858235,-1.0536723163841808
5,3,9.903747830708042,11.557071600677986,19.43763668848582,10.586308856036316,15.481103580959607,0.36874349522492267,0.44336342672319823,77.4,0.9222709533369974,4478.1231597251945,2817.355117120477,1.1364483685616182,1.0472556903047592,-1.093220338983051
5,4,14.124145815716258,17.53987342520071,3.83885111364126,0.024021110360245013,3.774370687062092,0.9296546734785384,0.049422047991849405,50.2,0.6556427533305541,3193.9687471929988,1218.7656119066246,0.8105584510558717,0.4530345551616147,-0.7090395480225989
5,5,5.441454867706887,11.809635283589447,4.249407108198916,10.692146347331171,18.063793675554315,0.5059796187095607,0.4367740098293677,77.0,0.9346447232913038,4323.7586438265835,2760.4621674711575,1.0972740770114175,1.0261076763762316,-1.0875706214689267
5,6,7.878546652646703,9.5936784702455,10.246037413010672,18.584721865489144,5.8191917530978605,0.8711391497935891,0.014246237478316257,56.4,0.7332895452992267,3316.613113584443,1289.37817665201,0.8416828719633536,0.47928236815020214,-0.7966101694915254
5,7,2.6936033557181616,12.497374976938662,17.85104657621091,4.00550759835288,8.294824341515847,0.7131551875636052,0.7381025959044417,60.0,0.7562062065935642,3091.293344012967,2622.2336852083536,0.7845017102576766,0.9747259518175374,-0.8474576271186441
5,8,5.883925526351181,7.422539510690063,5.715998380168282,19.000882209326342,5.332576703146916,0.8545927959678647,0.14782792777695875,58.2,0.7433904539161628,3380.2255849780113,1613.4858424727095,0.8578263067812182,0.5997583405398788,-0.8220338983050848
5,9,16.259010633937873,6.579150664107955,17.558716628117615,9.279030307939841,8.389933950016044,0.8275119119849899,0.8791580043515604,55.4,0.718774477826121,2789.573784261314,2546.337902615253,0.7079319757477536,0.9465142827568073,-0.7824858757062148
5,10,4.927874622302356,11.788072380351844,4.1632153300432995,17.680304645528953,3.254852361814013,0.547228558793293,0.4256987384728021,75.6,0.9168261292010265,4155.802444035749,2582.8078928776863,1.054650517445491,0.960070757975568,-1.0677966101694916
5,11,5.441454867706887,11.809635283589447,4.249407108198916,10.692146347331171,18.063793675554315,0.5059061012160935,0.42631624835319254,76.0,0.9288028303690954,4286.438325393142,2708.290719049255,1.0878030076626934,1.006714719521321,-1.073446327683616
5,12,4.207522132078121,17.34357674637996,4.135908813748555,13.396957109383504,10.814666334940155,0.9633918298854574,0.9879305997075616,48.2,0.6267661805258324,2266.780816942636,2391.281457433167,0.5752587120581372,0.8888773368323849,-0.6807909604519775
5,13,18.73613407797993,19.606691492759413,1.3630821905537105,8.038162871764762,17.448775226511415,0.5047832939867178,0.34949577829706324,74.6,0.9339773677064052,4229.43948441858,2298.841107872265,1.0733379656071242,0.8545157891868186,-1.0536723163841808
5,14,18.68249339071096,19.318565803279693,4.424971891680473,16.4157955875342,18.427863435503095,0.709901732337441,0.29179363026006666,68.8,0.8484233310549101,3958.2755958170446,2162.974616562648,1.0045225829518267,0.8040120542188371,-0.9717514124293786
5,15,6.078107662847065,1.658165416276023,14.740835933355555,12.399059995523745,5.586787914022089,0.8128234691617013,0.7468368916603908,57.0,0.7309103602022569,2966.924052316334,2390.1908402011554,0.7529395415529472,0.8884719370674679,-0.8050847457627119
5,16,14.878204147010942,18.942813263313546,16.84230774197828,13.343319660656759,16.17042328760103,0.8085183257334556,0.25375519476203323,63.0,0.7972716428182999,3661.7717626046915,1871.5363873115725,0.9292764841939883,0.6956798308151092,-0.8898305084745763
5,17,6.644172191009863,19.14500562400834,0.32494480158563155,16.887985464105387,13.865065697175293,0.7464552981141912,0.5195356780494428,62.4,0.7946788307294637,3469.332646529949,2269.7218294077747,0.8804397033127762,0.8436916904126908,-0.8813559322033898
5,18,6.961767153527258,6.960394707165123,9.615311406051639,19.62344820945283,10.934948158914292,0.9214274620337817,0.5638045715100273,52.2,0.6821320592083098,2888.920740042134,2099.2398868778473,0.733144030394684,0.7803208418733156,-0.7372881355932204
5,19,9.903747830708042,2.492114816782347,19.43763668848582,6.521767291292789,15.481103580959607,0.3936647929941859,0.06059527957920105,65.8,0.8031640110178362,4058.877578110333,1748.1797091979656,1.0300531355010532,0.6498261923062357,-0.9293785310734464
5,20,5.055638930409813,19.099321527047923,7.307867331423532,15.7202276858273,14.446840099465144,0.26996283989673386,0.09167985174309196,67.4,0.8617329277514848,4125.32596663488,1891.9888155080766,1.0469162632085334,0.703282323549937,-0.9519774011299437
5,21,7.878546652646703,1.5084835328850588,10.246037413010672,18.634611198644425,5.678211944957527,0.8711391497935891,0.27747777794836737,55.8,0.7180365757677016,3152.709350437617,1823.7128546042866,0.8000877309666619,0.6779030633590529,-0.788135593220339
5,22,10.445810527485866,1.6806249607484136,1.4958982469764415,11.91107552949796,14.653581152606716,0.6282420580873196,0.7428189512005124,65.2,0.8558380903117746,3480.3826734495233,2755.576945448275,0.8832439551427064,1.024291761679935,-0.92090395480226
5,23,4.207522132078121,17.720486777588768,5.6459240010808385,6.335337938334012,10.54501220457006,0.9719851898535192,0.9879305997075616,47.6,0.5738407866620734,2212.42212651309,2362.1413197396123,0.5614636816732215,0.878045484351172,-0.672316384180791
5,24,14.878204147010942,18.942813263313546,16.318232686163224,19.358503333733495,18.095687542057664,0.8085183257334556,0.04841232327847156,57.8,0.7338708564446962,3552.105704702779,1428.6173449764633,0.9014456702248477,0.53103978078696,-0.8163841807909604
5,25,4.36307352077123,7.043023656521953,5.110469115772978,13.343319660656759,10.224881270158848,0.9798574119575348,0.20392032766693774,48.8,0.6455734572994439,2840.788902024385,1458.0154851722773,0.7209292370895128,0.5419675369002575,-0.6892655367231638
5,26,8.091874576956311,13.224976501319391,6.301387599659465,3.9443753668999193,12.620007277026358,0.24389649332303487,0.06728717189829997,64.8,0.8604262689947364,3866.1529827298937,1647.0477879419184,0.9811439063017297,0.6122338492738472,-0.9152542372881356
5,27,4.207522132078121,17.046518240273297,2.534155920391068,12.988306388996111,10.814666334940155,0.9488030316726823,0.9879305997075616,48.6,0.6470407058115792,2317.3933147394014,2425.58122795199,0.5881030418137958,0.9016271068680126,-0.6864406779661018
5,28,5.602188726790116,18.692960364441543,7.3939385024776545,15.44370791178505,13.589874943771596,0.5673341670813656,0.5128470530510401,74.6,0.8987349836078256,4100.7714255335995,2726.1849596610236,1.040684865102671,1.0133662932581493,-1.0536723163841808
5,29,10.554998664270066,4.104649849001758,14.825150463887375,7.773944608334736,7.609463282656048,0.909454579769297,0.39297044395520897,53.8,0.7032949613402892,3082.7927995013865,1720.2870275871621,0.7823444605355265,0.6394580390843486,-0.7598870056497175
5,30,15.981127351650928,18.424531349857094,1.1077126634456564,17.422415726094723,14.50195793821286,0.8774468773344446,0.6538621526989007,53.6,0.7337292847997073,2915.8777267902137,2176.94303898687,0.7399851159384483,0.809204338918573,-0.7570621468926554
5,31,11.426553750193271,4.19408619215891,16.837290392022794,2.6091301106435667,8.389933950016044,0.9816929520454595,0.8754153862629915,49.2,0.6350211376782136,2355.113102132503,2308.2590574065257,0.5976754875274175,0.8580165907651578,-0.6949152542372882
5,32,4.299270096336302,3.685143086942364,4.119161493923037,9.50852235314022,0.07917933023175117,0.7893311796619056,0.07518277030715492,62.6,0.813810723995298,3687.218031489864,1678.4628279329336,0.9357341830399284,0.6239113191078125,-0.884180790960452
5,33,8.091874576956311,13.306933603634388,6.657133755117006,3.9443753668999193,18.636908465283902,0.24389649332303487,0.14706430743323462,69.2,0.8998796301791732,4178.038956050188,1945.9466243388895,1.060293651164676,0.7233392989702737,-0.9774011299435029
5,34,9.970953513048725,2.508189452905063,1.6857412513145644,11.922015030637345,15.538129409279248,0.3936647929941859,0.012888280308462619,60.6,0.7797092128976824,3713.049455159594,1419.6991522949645,0.9422896256305001,0.5277247467764518,-0.8559322033898306
5,35,18.73613407797993,19.321503613181854,1.1546510882663634,16.4157955875342,14.876757963197349,0.5333271825163824,0.21331599315168187,67.6,0.9123407352451469,3985.347027259486,2017.9584568110834,1.0113927120215411,0.750107242019944,-0.9548022598870056
5,36,14.878204147010942,18.942813263313546,17.17831929759975,14.880126872249622,13.613849128732836,0.8201390416269567,0.25375519476203323,61.8,0.8116629439837734,3597.506033176864,1798.4075371392337,0.9129672669711287,0.6684966745267743,-0.8728813559322034
5,37,9.263865442099803,19.985257515560285,0.34179510809613234,16.46151167395023,14.929937027812326,0.8665631928981663,0.21331599315168187,55.0,0.7294035087719298,3193.5618697311993,1529.6765147384087,0.810455194577393,0.5686050809323113,-0.7768361581920904
5,38,0.7708351869077739,7.946184644358791,0.05266299890396908,9.231786620112088,8.11075980493666,0.9212344252011049,0.25834288829508384,52.4,0.6889731531173376,3043.9321613267466,1547.1498095796935,0.7724824921886034,0.5751001824336126,-0.7401129943502825
5,39,7.417396942309744,9.856408958836191,7.471870419526727,4.06669255637969,0.915532534591752,0.09705729330540382,0.8577235191311665,55.8,0.7271085306726184,2842.0991629327027,2605.3278719590426,0.7212617522568132,0.9684417922463912,-0.788135593220339
5,40,14.878204147010942,18.942813263313546,16.84230774197828,14.880126872249622,16.263274783891216,0.8201390416269567,0.25375519476203323,61.4,0.7990300484240486,3584.5698801367944,1790.2867152539936,0.9096843581511862,0.6654780359186739,-0.8672316384180792
5,41,12.933310307042413,1.4156032082655976,3.01545574817309,13.95878001929613,18.06597283246732,0.7346928750813932,0.2761012052936129,66.4,0.8950336749339914,3884.833527742544,2082.2879511931446,0.9858846144391028,0.7740195378596313,-0.9378531073446329
5,42,0.7667917616108957,19.14500562400834,0.21343554599906556,16.887985464105387,5.564324100366322,0.7464552981141912,0.5061057731674378,64.2,0.8234358974358974,3522.394621837962,2369.323151453527,0.8939056561507389,0.8807150853835386,-0.9067796610169492
5,43,14.124145815716258,6.967829230889578,3.814095564169148,0.024021110360245013,3.774370687062092,0.9296546734785384,0.049422047991849405,50.8,0.657941221018762,3223.6195770266722,1246.179605707613,0.8180831742466121,0.463224772513912,-0.7175141242937852
5,44,0.4205604291493992,11.234803333161574,6.339322903009148,3.106370366192055,4.0169024553257815,0.79496144420249,0.5913470433031217,59.2,0.7846701985865323,3203.4863090776066,2212.3535292020015,0.8129737972378892,0.822366981124707,-0.8361581920903955
5,45,13.335874792518833,18.445560160850846,0.676530842468491,16.887985464105387,5.998555370432459,0.7130477150906305,0.5298127745067456,66.2,0.8654534369368984,3615.5764012344866,2492.9889993937336,0.9175531257262178,0.926683647232466,-0.9350282485875707
5,46,9.263865442099803,18.97812997633869,1.2714859512990468,16.46151167395023,14.876757963197349,0.92268855473314,0.21331599315168187,51.6,0.6797132711858118,3003.624968603738,1495.1862284274612,0.7622534203704507,0.5557844931477308,-0.728813559322034
5,47,10.445810527485866,5.192297336356647,1.3999647570174956,11.959114031721349,14.33905482848769,0.6509315010535264,0.28844547723559544,68.2,0.8584448822042088,3989.4958881941757,2034.6127146276092,1.0124456009378224,0.7562978944372315,-0.9632768361581922
5,48,6.919842084921932,8.472260061275946,4.62473643172378,17.271496422347223,14.047315836967007,0.3845436787849154,0.5063840414302688,73.6,0.9544860238427656,4093.8501857955707,2725.4552669213213,1.0389284079155512,1.0130950548653803,-1.03954802259887
5,49,0.7231154881940189,19.169629434077482,0.4403388519147651,19.118932955833916,15.377596433906245,0.5330591809762086,0.5037421308110167,73.0,0.9219815885828814,4053.0234792946917,2790.756122180862,1.0285674950192845,1.0373684209869423,-1.0310734463276836
5,50,7.710377716655994,12.194818232043863,11.871811927487725,19.334443799723033,17.383676579592645,0.9375097712346354,0.05139881989008033,51.2,0.6746809876556712,3065.144060097924,1248.8493804684053,0.7778656017844722,0.464217170239382,-0.7231638418079097
5,51,16.015517696992454,4.19408619215891,16.791251498439713,3.013676995923237,8.389933950016044,0.8706232447594072,0.9099608543459907,52.6,0.638781814970604,2535.785367274063,2472.998400052432,0.6435261025375366,0.9192528236257571,-0.7429378531073447
5,52,9.976269006860278,12.192081247570371,11.220614945726425,3.806053544672634,10.030434003678215,0.9266192075346227,0.9088984472096338,51.4,0.6890737948566976,2473.098282073849,2432.1802858920696,0.6276175102177939,0.904080081623095,-0.7259887005649718
5,53,18.73613407797993,9.033203271313397,1.3630821905537105,8.038162871764762,17.448775226511415,0.5029912244435204,0.5072909988860401,69.6,0.9326279788093904,3924.406442779142,2526.012998116421,0.9959273428609198,0.9389591926079098,-0.983050847457627
5,54,7.727294315130976,19.296879803112713,4.422874753522599,16.887985464105387,5.06348036301017,0.7337691765270488,0.2578485416274038,63.6,0.8208306783655621,3702.6235400154023,1865.3692681613618,0.9396437595312959,0.6933874145756376,-0.8983050847457628
5,55,5.602188726790116,3.6520065689578103,7.3939385024776545,15.44370791178505,13.589874943771596,0.5673341670813656,0.08630255668248643,66.8,0.855904061269358,4043.7038187660023,1837.5394800342444,1.0262023718135111,0.6830426398615832,-0.943502824858757
5,56,17.73443517324709,4.242709351019601,10.854344554239681,3.360834076655159,12.322326540069913,0.9019066415775158,0.8826366511581263,52.8,0.6361802952525096,2574.8986694226824,2467.3340023083288,0.6534521913989657,0.9171472769257286,-0.7457627118644068
5,57,0.7708351869077739,7.984936389745794,0.036805558812957884,9.231786620112088,8.548316688552152,0.9287714724073015,0.11932600012925731,52.0,0.6822745138059025,3039.9492585167627,1343.1998717264262,0.771471719764733,0.49928874792320665,-0.7344632768361582
5,58,7.878546652646703,0.03485006441861671,11.334365657295903,18.634611198644425,5.625032124812864,0.9272645116227373,0.27747777794836737,52.2,0.6957019177850218,2975.4076405467817,1589.2125964281518,0.755092488146902,0.5907355890635537,-0.7372881355932204
5,59,3.1947782927415713,14.691543028184292,2.3247026748974413,7.824563809913241,0.006762993877643453,0.4306280204141778,0.5867985714381407,70.8,0.9139157878916915,3777.1409030685963,2717.630272339418,0.9585546140680686,1.0101863799693034,-1.0
5,60,8.828809346050074,18.927086721593533,5.288025397403735,14.824225218803832,14.047315836967007,0.38562238264672727,0.3485888208412975,70.4,0.9369397943639065,4076.2738030446467,2187.429910012745,1.0344679116786126,0.813102475610182,-0.9943502824858759
5,61,15.94728372171827,4.242709351019601,10.854344554239681,3.360834076655159,3.894061373097922,0.9019066415775158,0.08173951450784395,54.2,0.6806102558227659,3246.3828807758655,1376.8249903803794,0.8238599960280012,0.5117877391343382,-0.7655367231638419
5,62,6.078107662847065,8.40811520184199,5.757123808829138,12.399059995523745,5.008654065327902,0.8128234691617013,0.50564547916113,60.8,0.7755683267705618,3340.0178239916413,2209.5042558593204,0.8476224685332143,0.8213078609224919,-0.8587570621468926
5,63,16.259010633937873,6.200798541264743,17.277611923494298,14.832278448818993,8.407368129440213,0.8030244886146944,0.8791580043515604,54.4,0.6770434476742061,2665.411233495205,2449.0687921329286,0.6764222733073114,0.9103578079040348,-0.768361581920904
5,64,18.101835900501996,11.26746648905851,6.3349190613042285,3.4475370009345063,3.9749886800420082,0.7951760101305146,0.906150621594485,53.2,0.7278162878126884,2626.0392565746056,2508.9444635258687,0.6664305385241156,0.9326145469271094,-0.7514124293785311
5,65,16.015517696992454,4.19408619215891,2.865413015097279,3.013676995923237,13.101974465128588,0.8706232447594072,0.9046383781938051,51.8,0.6693723137582787,2505.098406146956,2421.540630122721,0.6357384321977252,0.9001251524132046,-0.731638418079096
5,66,0.9708037171295136,7.984936389745794,6.599174193776982,9.231786620112088,8.548316688552152,0.9420244191246865,0.11932600012925731,50.0,0.6409129834443722,3016.6229282689064,1360.9649567713668,0.7655520143414609,0.5058923124823941,-0.7062146892655368
5,67,11.339557489058246,18.4215935456586,4.115500964580376,17.01802249183303,3.3797462265417244,0.9643577208942796,0.6236927281061517,49.0,0.6754608133483637,2678.466443817027,1967.5327406348424,0.6797353962256132,0.7313632015962309,-0.692090395480226
5,68,6.0807713573633135,9.44765204110594,6.4040346534090276,2.5751576910889815,3.3942178947857444,0.79496144420249,0.5913470433031217,59.2,0.769420302233214,3195.7378285002255,2312.7839008590195,0.8110074046674052,0.859698547017164,-0.8361581920903955
5,69,12.933310307042413,1.4156032082655976,10.33479160743308,18.575012069679502,18.048085993070913,0.7346928750813932,0.029652039890502024,61.0,0.7913462521103135,3774.960573731416,1531.2952817520993,0.9580012948247636,0.5692068023681585,-0.8615819209039548
5,70,17.07195407809636,4.19408619215891,17.544419068261586,9.279030307939841,16.157336238027757,0.8020806151389231,0.8776361081541503,53.2,0.6868201931285096,2642.1038110548234,2490.1903757109203,0.6705073662663505,0.9256433543141053,-0.7514124293785311
5,71,3.897299814197228,1.4156032082655976,3.01545574817309,13.95878001929613,18.06597283246732,0.4277076673865717,0.5774429347482205,70.0,0.9131257696529997,3839.855938119325,2692.3958380432973,0.9744702994401652,1.0008063395378919,-0.9887005649717514
5,72,0.40362235414201564,19.135530746669975,4.6499173937645075,16.887985464105387,3.283577009694691,0.35317901099490334,0.507183322587967,71.0,0.9370043199961697,3843.1123587643838,2629.261498296927,0.9752967067982099,0.9773383016781149,-1.0028248587570623
5,73,0.9708037171295136,7.984936389745794,6.6890078861853635,9.231786620112088,8.548316688552152,0.8776434183376925,0.11932600012925731,55.2,0.7310911334600358,3246.4731333882846,1430.152325083876,0.8238829001399436,0.5316103572976114,-0.7796610169491526
5,74,0.7667917616108957,19.135530746669975,13.42780613808237,16.887985464105387,5.564324100366322,0.35317901099490334,0.507183322587967,71.2,0.939878657695559,3892.3889584250196,2667.3928521973285,0.9878020152265806,0.9915123321752126,-1.0056497175141244
5,75,10.554998664270066,4.29025819995641,14.960141473224148,7.773944608334736,7.579725770607012,0.9884988264672752,0.39297044395520897,48.0,0.6089673522298961,2721.163313685812,1531.665077486756,0.6905709151192128,0.5693442613221313,-0.6779661016949153
5,76,12.23082937693098,14.691543028184292,2.3247026748974413,7.824563809913241,0.006762993877643453,0.7376132273155257,0.28545684234322705,64.2,0.8324012669797524,3698.8204406743307,2048.4415207389393,0.9386786172412156,0.7614382815336986,-0.9067796610169492
5,77,0.7708351869077739,7.984936389745794,0.036805558812957884,18.356859071307497,3.2571627311707334,0.9668100954828599,0.10586186180967216,49.6,0.6918097794516701,2890.944022954474,1309.1284275669514,0.7336574947374128,0.4866238504255211,-0.7005649717514125
5,78,4.294061937137143,0.8669106711702632,17.06354839016948,15.236580137997603,7.648764149065017,0.8020772160582526,0.9852855323775007,49.8,0.657968784158331,2388.5981258873126,2449.9233331703367,0.6061732441232266,0.9106754543940304,-0.7033898305084746
5,79,5.815970340698921,7.512116407864843,5.712529784265313,19.09809688597447,5.34800050070035,0.8545927959678647,0.14452894136701233,58.0,0.7406877512134601,3374.1931177462416,1599.2892601017343,0.8562954003502377,0.5944812451604082,-0.8192090395480226
6,0,4.207522132078121,17.6654242700183,2.238078993571715,14.942390809370803,10.814666334940155,0.995409093363945,0.9879305997075616,47.0,0.612904095068709,2198.571328117896,2345.601971845071,0.557948656141753,0.8718975457788448,-0.6638418079096046
6,1,7.878546652646703,9.5936784702455,1.6647551743678637,18.584721865489144,5.8191917530978605,0.9959635340811408,0.0005982882586780258,47.6,0.6107891891126158,2852.042067395393,1113.49421804237,0.7237850409544117,0.4139035043470717,-0.672316384180791
6,2,6.078107662847065,8.408229264284802,5.757123808829138,14.798605840176823,4.9971070168369565,0.3787435378378585,0.5056434453418749,77.6,0.946509550524277,4187.537399882057,2842.7187300652886,1.062704145608796,1.0566837484937066,-1.0960451977401129
6,3,4.482254462595896,17.720486777588768,14.541409926055529,6.335337938334012,10.54501220457006,0.9719851898535192,0.9929990110242966,47.2,0.6250735264000784,2189.2216597573906,2386.890742304057,0.5555759176136014,0.8872452382106935,-0.6666666666666667
6,4,9.903747830708042,11.557071600677986,19.43763668848582,10.586308856036316,15.481103580959607,0.36874349522492267,0.44305957679143465,77.6,0.9249736560397,4473.934562704343,2809.1168126139696,1.1353853955077013,1.0441933815384714,-1.0960451977401129
6,5,0.884053285393376,14.691543028184292,1.8673081125040492,7.824563809913241,0.36952029393863395,0.42358676511849935,0.5867985714381407,74.6,0.9378702345534755,4035.55068018699,2941.6772176793106,1.024133286014329,1.0934681916858235,-1.0536723163841808
6,6,5.441454867706887,11.809635283589447,2.52615717555803,11.122113673506739,18.063793675554315,0.3927655102529669,0.4367740098293677,76.6,0.9481019290848032,4339.291554138295,2663.8674265005866,1.1012159852513514,0.9902018753928127,-1.0819209039548021
6,7,0.8389454683790185,14.691543028184292,6.326739205381328,7.824563809913241,0.6114158159969358,0.7857944960466033,0.5870668117929707,63.4,0.8067002701501776,3435.777660342709,2445.2377969724876,0.87192419180283,0.9089337660937136,-0.8954802259887006
6,8,5.441454867706887,11.809635283589447,4.249407108198916,10.692146347331171,18.063793675554315,0.5059061012160935,0.42631624835319254,76.0,0.9288028303690954,4286.438325393142,2708.290719049255,1.0878030076626934,1.006714719521321,-1.073446327683616
6,9,4.927874622302356,11.788072380351844,4.1632153300432995,17.680304645528953,3.254852361814013,0.547228558793293,0.4256987384728021,75.6,0.9168261292010265,4155.802444035749,2582.8078928776863,1.054650517445491,0.960070757975568,-1.0677966101694916
6,10,9.263865442099803,11.096050268636805,0.34179510809613234,16.058126553601767,14.813602675255753,0.794435787651782,0.19977320015432162,64.8,0.8282200732755584,3719.5427866185637,1787.933472471653,0.9439374891840182,0.6646032981621522,-0.9152542372881356
6,11,8.033104915423976,13.311106040484855,6.657133755117006,3.483942952171745,18.61870077582281,0.5051359756249199,0.14274769897828982,68.2,0.8657519371067759,4041.1401961232004,1889.7489597656597,1.0255517812276553,0.7024497335589013,-0.9632768361581922
6,12,4.299270096336302,3.685143086942364,4.119161493923037,9.50852235314022,0.07917933023175117,0.7893311796619056,0.07518277030715492,62.6,0.813810723995298,3687.218031489864,1678.4628279329336,0.9357341830399284,0.6239113191078125,-0.884180790960452
6,13,4.207522132078121,17.34357674637996,4.135908813748555,13.396957109383504,10.814666334940155,0.9633918298854574,0.9879305997075616,48.2,0.6267661805258324,2266.780816942636,2391.281457433167,0.5752587120581372,0.8888773368323849,-0.6807909604519775
6,14,5.883925526351181,7.422539510690063,5.715998380168282,19.000882209326342,5.332576703146916,0.8545927959678647,0.14782792777695875,58.2,0.7433904539161628,3380.2255849780113,1613.4858424727095,0.8578263067812182,0.5997583405398788,-0.8220338983050848
6,15,8.091874576956311,13.306933603634388,6.657133755117006,3.9443753668999193,18.636908465283902,0.24389649332303487,0.14706430743323462,69.2,0.8998796301791732,4178.038956050188,1945.9466243388895,1.060293651164676,0.7233392989702737,-0.9774011299435029
6,16,4.300585866800555,3.36631684984094,4.11881443564095,9.50852235314022,10.960034240216327,0.9697516804002695,0.03272335045515934,49.2,0.6326594869111622,3021.5984415810735,1208.1800592286784,0.76681468930253,0.44909973693098626,-0.6949152542372882
6,17,6.644172191009863,19.14500562400834,0.32494480158563155,16.887985464105387,13.865065697175293,0.7464552981141912,0.5195356780494428,62.4,0.7946788307294637,3469.332646529949,2269.7218294077747,0.8804397033127762,0.8436916904126908,-0.8813559322033898
6,18,17.73443517324709,4.242709351019601,10.854344554239681,3.360834076655159,12.322326540069913,0.9019066415775158,0.8826366511581263,52.8,0.6361802952525096,2574.8986694226824,2467.3340023083288,0.6534521913989657,0.9171472769257286,-0.7457627118644068
6,19,10.554998664270066,4.104649849001758,14.825150463887375,7.773944608334736,7.609463282656048,0.909454579769297,0.39297044395520897,53.8,0.7032949613402892,3082.7927995013865,1720.2870275871621,0.7823444605355265,0.6394580390843486,-0.7598870056497175
6,20,9.390481383270043,4.104649849001758,15.213162478354931,7.76884489417173,18.40244453818437,0.7026677886633559,0.4001983542115529,64.2,0.8884056445506714,3578.9985893668513,2142.459353477889,0.9082704880809686,0.79638620475703,-0.9067796610169492
6,21,14.878204147010942,18.942813263313546,17.17831929759975,14.880126872249622,13.613849128732836,0.8201390416269567,0.25375519476203323,61.8,0.8116629439837734,3597.506033176864,1798.4075371392337,0.9129672669711287,0.6684966745267743,-0.8728813559322034
6,22,4.294061937137143,0.8669106711702632,17.06354839016948,15.236580137997603,7.648764149065017,0.8020772160582526,0.9852855323775007,49.8,0.657968784158331,2388.5981258873126,2449.9233331703367,0.6061732441232266,0.9106754543940304,-0.7033898305084746
6,23,10.554998664270066,4.29025819995641,14.960141473224148,7.773944608334736,7.579725770607012,0.9884988264672752,0.39297044395520897,48.0,0.6089673522298961,2721.163313685812,1531.665077486756,0.6905709151192128,0.5693442613221313,-0.6779661016949153
6,24,9.263865442099803,18.97812997633869,1.2714859512990468,16.46151167395023,14.876757963197349,0.92268855473314,0.21331599315168187,51.6,0.6797132711858118,3003.624968603738,1495.1862284274612,0.7622534203704507,0.5557844931477308,-0.728813559322034
6,25,5.602188726790116,19.184702341390373,7.3939385024776545,16.01690264990326,12.528486141645505,0.5673341670813656,0.5128470530510401,73.0,0.9016001819269338,4030.355995581385,2762.1196808182876,1.0228149902384722,1.0267238004402481,-1.0310734463276836
6,26,6.644172191009863,18.802257260541513,0.32494480158563155,16.887985464105387,13.865065697175293,0.7464552981141912,0.25085821823520993,64.2,0.8362908158335818,3660.747159543702,1851.289358729593,0.9290164626547066,0.688153688382659,-0.9067796610169492
6,27,5.602188726790116,18.692960364441543,7.3939385024776545,15.44370791178505,13.589874943771596,0.5673341670813656,0.5128470530510401,74.6,0.8987349836078256,4100.7714255335995,2726.1849596610236,1.040684865102671,1.0133662932581493,-1.0536723163841808
6,28,5.441454867706887,11.809635283589447,4.249407108198916,10.692146347331171,18.063793675554315,0.5059796187095607,0.4367740098293677,77.0,0.9346447232913038,4323.7586438265835,2760.4621674711575,1.0972740770114175,1.0261076763762316,-1.0875706214689267
6,29,14.878204147010942,18.61081421476289,16.84230774197828,13.686622208644247,15.057233110603505,0.7201605075862056,0.22855863802470083,65.6,0.8575926575926577,3908.2727127988546,2001.8276560097154,0.991832959910533,0.7441111668976602,-0.9265536723163842
6,30,18.73613407797993,19.321503613181854,1.1546510882663634,16.4157955875342,14.876757963197349,0.5333271825163824,0.21331599315168187,67.6,0.9123407352451469,3985.347027259486,2017.9584568110834,1.0113927120215411,0.750107242019944,-0.9548022598870056
6,31,0.7667917616108957,19.14500562400834,0.21343554599906556,16.887985464105387,5.564324100366322,0.7464552981141912,0.5061057731674378,64.2,0.8234358974358974,3522.394621837962,2369.323151453527,0.8939056561507389,0.8807150853835386,-0.9067796610169492
6,32,14.124145815716258,6.967829230889578,3.814095564169148,0.024021110360245013,3.774370687062092,0.9296546734785384,0.049422047991849405,50.8,0.657941221018762,3223.6195770266722,1246.179605707613,0.8180831742466121,0.463224772513912,-0.7175141242937852
6,33,18.73613407797993,19.606691492759413,1.3630821905537105,8.038162871764762,17.448775226511415,0.5047832939867178,0.34949577829706324,74.6,0.9339773677064052,4229.43948441858,2298.841107872265,1.0733379656071242,0.8545157891868186,-1.0536723163841808
6,34,0.40362235414201564,19.135530746669975,4.6499173937645075,16.887985464105387,3.283577009694691,0.35317901099490334,0.507183322587967,71.0,0.9370043199961697,3843.1123587643838,2629.261498296927,0.9752967067982099,0.9773383016781149,-1.0028248587570623
6,35,7.878546652646703,1.5084835328850588,10.246037413010672,18.634611198644425,5.678211944957527,0.8711391497935891,0.27747777794836737,55.8,0.7180365757677016,3152.709350437617,1823.7128546042866,0.8000877309666619,0.6779030633590529,-0.788135593220339
6,36,5.500224529239408,10.31971084825334,4.249407108198916,11.152585989828872,18.0820013650154,0.23765467758554287,0.43063295845917665,71.6,0.9322831837862129,4093.236293799132,2498.133298487892,1.0387726157381274,0.9285958649952353,-1.0112994350282485
6,37,5.441454867706887,11.809635283589447,1.421608593602535,8.372970134662339,17.445002014512323,0.5058981155878043,0.42631624835319254,72.4,0.9218602159230178,4119.811025271136,2563.904504549839,1.0455166933682243,0.953044067988183,-1.0225988700564972
6,38,18.101835900501996,11.26746648905851,6.3349190613042285,3.4475370009345063,3.9749886800420082,0.7951760101305146,0.906150621594485,53.2,0.7278162878126884,2626.0392565746056,2508.9444635258687,0.6664305385241156,0.9326145469271094,-0.7514124293785311
6,39,7.552687114773663,8.613312062143635,4.62473643172378,17.271496422347223,14.047315836967007,0.42115881873981437,0.5865662953860042,72.4,0.8791669720364125,3946.4904620166258,2802.670172383205,1.0015317772943984,1.0417970628692381,-1.0225988700564972
6,40,6.127135657024419,9.44765204110594,1.944608154394456,2.5751576910889815,3.3942178947857444,0.4327536759621131,0.5910788029482918,70.2,0.9008258039128771,3765.483934413828,2681.9112653023667,0.9555963338829166,0.9969090571553374,-0.9915254237288137
6,41,0.7708351869077739,7.946184644358791,0.05266299890396908,9.231786620112088,8.11075980493666,0.9212344252011049,0.25834288829508384,52.4,0.6889731531173376,3043.9321613267466,1547.1498095796935,0.7724824921886034,0.5751001824336126,-0.7401129943502825
6,42,11.426553750193271,4.19408619215891,16.837290392022794,2.6091301106435667,8.389933950016044,0.9816929520454595,0.8754153862629915,49.2,0.6350211376782136,2355.113102132503,2308.2590574065257,0.5976754875274175,0.8580165907651578,-0.6949152542372882
6,43,16.015517696992454,4.203779246146561,1.7520197381166382,3.013676995923237,13.010398776840278,0.8706232447594072,0.9045166288620423,51.8,0.6693723137582787,2503.9291065044717,2421.540630122721,0.6354416898742866,0.9001251524132046,-0.731638418079096
6,44,4.207522132078121,17.720486777588768,5.6459240010808385,6.335337938334012,10.54501220457006,0.9719851898535192,0.9879305997075616,47.6,0.5738407866620734,2212.42212651309,2362.1413197396123,0.5614636816732215,0.878045484351172,-0.672316384180791
6,45,14.878204147010942,18.942813263313546,16.318232686163224,19.358503333733495,18.095687542057664,0.8085183257334556,0.04841232327847156,57.8,0.7338708564446962,3552.105704702779,1428.6173449764633,0.9014456702248477,0.53103978078696,-0.8163841807909604
6,46,16.015517696992454,4.19408619215891,16.791251498439713,3.013676995923237,8.389933950016044,0.8706232447594072,0.9099608543459907,52.6,0.638781814970604,2535.785367274063,2472.998400052432,0.6435261025375366,0.9192528236257571,-0.7429378531073447
6,47,6.961767153527258,6.960394707165123,9.615311406051639,19.62344820945283,10.934948158914292,0.9214274620337817,0.5638045715100273,52.2,0.6821320592083098,2888.920740042134,2099.2398868778473,0.733144030394684,0.7803208418733156,-0.7372881355932204
6,48,2.6535133185330206,12.497374976938662,17.99656276261507,4.00550759835288,5.537742691085497,0.710369202778432,0.7381025959044417,60.6,0.7701029734682097,3110.603309386518,2633.7170300398166,0.7894021513270777,0.9789944936656707,-0.8559322033898306
6,49,14.124145815716258,6.967874671178655,3.687309756215944,0.024021110360245013,3.774370687062092,0.921508497223639,0.049422047991849405,52.0,0.667073160573237,3280.4444151190605,1283.601630502424,0.8325040582286944,0.4771351341048025,-0.7344632768361582
6,50,16.259010633937873,6.579150664107955,17.558716628117615,9.279030307939841,8.389933950016044,0.8275119119849899,0.8791580043515604,55.4,0.718774477826121,2789.573784261314,2546.337902615253,0.7079319757477536,0.9465142827568073,-0.7824858757062148
6,51,2.6936033557181616,12.497374976938662,17.85104657621091,4.00550759835288,8.294824341515847,0.7131551875636052,0.7381025959044417,60.0,0.7562062065935642,3091.293344012967,2622.2336852083536,0.7845017102576766,0.9747259518175374,-0.8474576271186441
6,52,0.7708351869077739,7.984936389745794,0.036805558812957884,18.356859071307497,3.2571627311707334,0.9668100954828599,0.10586186180967216,49.6,0.6918097794516701,2890.944022954474,1309.1284275669514,0.7336574947374128,0.4866238504255211,-0.7005649717514125
6,53,6.919842084921932,8.472260061275946,4.62473643172378,17.271496422347223,14.047315836967007,0.3845436787849154,0.5063840414302688,73.6,0.9544860238427656,4093.8501857955707,2725.4552669213213,1.0389284079155512,1.0130950548653803,-1.03954802259887
6,54,18.68249339071096,19.318565803279693,4.424971891680473,16.4157955875342,18.427863435503095,0.709901732337441,0.29179363026006666,68.8,0.8484233310549101,3958.2755958170446,2162.974616562648,1.0045225829518267,0.8040120542188371,-0.9717514124293786
6,55,11.426553750193271,4.19408619215891,18.53228488675115,2.6091301106435667,8.389933950016044,0.9868762469872593,0.8754153862629915,48.2,0.6440357047422657,2310.9111828347577,2232.719708013822,0.5864580204588482,0.8299374135919646,-0.6807909604519775
6,56,0.884053285393376,14.55049101623255,1.8673081125040492,7.824563809913241,0.36952029393863395,0.38697162516360034,0.5066163174824052,73.4,0.9087842442415155,4059.965886021032,2835.4581308955862,1.030329323918721,1.053984868345696,-1.036723163841808
6,57,16.158281301288255,11.809635283589447,6.32785297593616,3.198195730413051,18.109156217524756,0.8941396533942936,0.4367740098293677,56.0,0.7422039157904136,3255.109007748327,1968.755861467406,0.8260744935770868,0.7318178550561546,-0.7909604519774012
6,58,3.1947782927415713,14.691543028184292,2.3247026748974413,7.824563809913241,0.006762993877643453,0.4306280204141778,0.5867985714381407,70.8,0.9139157878916915,3777.1409030685963,2717.630272339418,0.9585546140680686,1.0101863799693034,-1.0
6,59,16.015517696992454,4.19408619215891,18.941927746111162,3.013676995923237,8.389933950016044,0.8706232447594072,0.9099608543459907,51.8,0.6428490121412496,2462.9150981455805,2448.0875956995887,0.625033243919331,0.9099930815896707,-0.731638418079096
6,60,6.078107662847065,1.658165416276023,5.845349721789158,12.399059995523745,5.586787914022089,0.8128234691617013,0.7383504816361369,59.0,0.7520698886519781,3088.9553738994628,2519.6851092390225,0.783908385280567,0.9366070157047565,-0.8333333333333334
6,61,7.878546652646703,1.8087665772162946,10.246037413010672,18.634611198644425,5.678211944957527,0.8711391497935891,0.5461552389004566,55.0,0.7112395518498804,2978.7506018729937,2075.1225925795893,0.7559408576110351,0.7713560601405749,-0.7768361581920904
6,62,9.263865442099803,19.985257515560285,0.34179510809613234,16.46151167395023,14.929937027812326,0.8665631928981663,0.21331599315168187,55.0,0.7294035087719298,3193.5618697311993,1529.6765147384087,0.810455194577393,0.5686050809323113,-0.7768361581920904
6,63,12.933310307042413,1.4156032082655976,3.01545574817309,13.95878001929613,18.06597283246732,0.7346928750813932,0.2761012052936129,66.4,0.8950336749339914,3884.833527742544,2082.2879511931446,0.9858846144391028,0.7740195378596313,-0.9378531073446329
6,64,18.73613407797993,18.998042806437628,1.0397540859884762,15.166447085293814,14.99179325596531,0.5333271825163824,0.21331599315168187,67.0,0.9092507281579747,3975.6173937733183,2008.0379426655581,1.0089235467691198,0.7464196291852976,-0.9463276836158192
6,65,18.73613407797993,9.033203271313397,1.3630821905537105,8.038162871764762,17.448775226511415,0.5029912244435204,0.5072909988860401,69.6,0.9326279788093904,3924.406442779142,2526.012998116421,0.9959273428609198,0.9389591926079098,-0.983050847457627
6,66,12.933310307042413,1.27928864313124,0.16287831350772342,16.99801227934098,18.06597283246732,0.7346928750813932,0.2577831739648577,68.4,0.8415724523187457,4001.1763605908186,2156.935223506873,1.015409845851535,0.801767115799391,-0.9661016949152543
6,67,10.445810527485866,5.192297336356647,1.3999647570174956,11.959114031721349,14.33905482848769,0.6509315010535264,0.28844547723559544,68.2,0.8584448822042088,3989.4958881941757,2034.6127146276092,1.0124456009378224,0.7562978944372315,-0.9632768361581922
6,68,7.878546652646703,9.5936784702455,10.246037413010672,18.584721865489144,5.8191917530978605,0.8711391497935891,0.014246237478316257,56.4,0.7332895452992267,3316.613113584443,1289.37817665201,0.8416828719633536,0.47928236815020214,-0.7966101694915254
6,69,8.828809346050074,18.927086721593533,5.288025397403735,14.824225218803832,14.047315836967007,0.38562238264672727,0.3485888208412975,70.4,0.9369397943639065,4076.2738030446467,2187.429910012745,1.0344679116786126,0.813102475610182,-0.9943502824858759
6,70,14.124145815716258,17.53987342520071,3.83885111364126,0.024021110360245013,3.774370687062092,0.9296546734785384,0.049422047991849405,50.2,0.6556427533305541,3193.9687471929988,1218.7656119066246,0.8105584510558717,0.4530345551616147,-0.7090395480225989
6,71,4.36307352077123,7.043023656521953,5.110469115772978,13.343319660656759,10.224881270158848,0.9798574119575348,0.20392032766693774,48.8,0.6455734572994439,2840.788902024385,1458.0154851722773,0.7209292370895128,0.5419675369002575,-0.6892655367231638
6,72,15.981127351650928,18.424531349857094,1.1077126634456564,17.422415726094723,14.50195793821286,0.8774468773344446,0.6538621526989007,53.6,0.7337292847997073,2915.8777267902137,2176.94303898687,0.7399851159384483,0.809204338918573,-0.7570621468926554
6,73,5.2304126749515305,4.242709351019601,10.501553053146662,10.854795518354635,3.8431783424321235,0.51373710967095,0.08173951450784395,65.2,0.854744473155326,3917.8511868307555,1707.174425899472,0.9942637642449836,0.6345838765591187,-0.92090395480226
6,74,10.445810527485866,1.6806249607484136,1.4958982469764415,11.91107552949796,14.653581152606716,0.6282420580873196,0.7428189512005124,65.2,0.8558380903117746,3480.3826734495233,2755.576945448275,0.8832439551427064,1.024291761679935,-0.92090395480226
6,75,7.710377716655994,12.194818232043863,11.871811927487725,19.334443799723033,17.383676579592645,0.9375097712346354,0.05139881989008033,51.2,0.6746809876556712,3065.144060097924,1248.8493804684053,0.7778656017844722,0.464217170239382,-0.7231638418079097
6,76,8.091874576956311,13.224976501319391,6.301387599659465,3.9443753668999193,12.620007277026358,0.24389649332303487,0.06728717189829997,64.8,0.8604262689947364,3866.1529827298937,1647.0477879419184,0.9811439063017297,0.6122338492738472,-0.9152542372881356
6,77,0.6630557169525639,19.150637116761317,0.5966163132378046,19.118932955833916,15.377596433906245,0.5766951329091216,0.5813876565700895,71.2,0.8679317008951821,3866.005568246721,2785.6785129041177,0.9811064957743886,1.0354809928896105,-1.0056497175141244
6,78,18.73613407797993,19.606691492759413,4.190881740825113,10.357339084433596,17.879455064393788,0.504791279615007,0.34949577829706324,69.2,0.9282666068602292,3997.2106914721016,2244.629471067494,1.0144034469564012,0.8343644618729378,-0.9774011299435029
6,79,11.339557489058246,18.4215935456586,4.115500964580376,17.01802249183303,3.3797462265417244,0.9643577208942796,0.6236927281061517,49.0,0.6754608133483637,2678.466443817027,1967.5327406348424,0.6797353962256132,0.7313632015962309,-0.692090395480226
7,0,9.903747830708042,11.557071600677986,19.43763668848582,10.586308856036316,15.481103580959607,0.36874349522492267,0.44305957679143465,77.6,0.9249736560397,4473.934562704343,2809.1168126139696,1.1353853955077013,1.0441933815384714,-1.0960451977401129
7,1,7.878546652646703,9.5936784702455,1.3513874361715388,18.966498811461847,5.8191917530978605,0.9991046247295744,0.0005982882586780258,47.6,0.6107891891126158,2851.997974859917,1113.49421804237,0.7237738512465318,0.4139035043470717,-0.672316384180791
7,2,0.884053285393376,14.691543028184292,1.8673081125040492,7.824563809913241,0.36952029393863395,0.42358676511849935,0.5867985714381407,74.6,0.9378702345534755,4035.55068018699,2941.6772176793106,1.024133286014329,1.0934681916858235,-1.0536723163841808
7,3,4.482254462595896,17.720486777588768,14.466158201311337,6.335337938334012,9.839626887749327,0.9719851898535192,0.9929990110242966,47.2,0.6250735264000784,2187.220230062725,2386.890742304057,0.5550679991329865,0.8872452382106935,-0.6666666666666667
7,4,6.078107662847065,8.408229264284802,5.757123808829138,14.798605840176823,4.9971070168369565,0.3787435378378585,0.5056434453418749,77.6,0.946509550524277,4187.537399882057,2842.7187300652886,1.062704145608796,1.0566837484937066,-1.0960451977401129
7,5,5.441454867706887,11.809635283589447,2.52615717555803,11.122113673506739,18.063793675554315,0.3927655102529669,0.4367740098293677,76.6,0.9481019290848032,4339.291554138295,2663.8674265005866,1.1012159852513514,0.9902018753928127,-1.0819209039548021
7,6,7.878546652646703,9.5936784702455,10.246037413010672,18.584721865489144,5.8191917530978605,0.8711391497935891,0.014246237478316257,56.4,0.7332895452992267,3316.613113584443,1289.37817665201,0.8416828719633536,0.47928236815020214,-0.7966101694915254
7,7,5.883925526351181,7.422539510690063,5.715998380168282,19.000882209326342,5.332576703146916,0.8545927959678647,0.14782792777695875,58.2,0.7433904539161628,3380.2255849780113,1613.4858424727095,0.8578263067812182,0.5997583405398788,-0.8220338983050848
7,8,7.878546652646703,9.5936784702455,1.0123736509521448,18.721224063130485,5.568596176127961,0.9872215192039375,0.0005982882586780258,48.6,0.62791331475542,2944.4927997582586,1172.8568341056575,0.747246987001593,0.4359695325470219,-0.6864406779661018
7,9,6.078107662847065,7.295061299831315,5.757123808829138,14.798605840176823,4.9971070168369565,0.8337118076385197,0.5056434453418749,57.6,0.7500510957662917,3208.312210701971,2106.7799105800013,0.8141985040697987,0.7831235885626233,-0.8135593220338984
7,10,5.441454867706887,11.809635283589447,4.249407108198916,10.692146347331171,18.063793675554315,0.5059061012160935,0.42631624835319254,76.0,0.9288028303690954,4286.438325393142,2708.290719049255,1.0878030076626934,1.006714719521321,-1.073446327683616
7,11,0.40362235414201564,12.745510289925974,3.9710929578890095,16.966550987621726,3.283577009694691,0.35317901099490334,0.057967256742458756,63.2,0.8278568416613957,3811.5248648069487,1584.5043183575697,0.9672805011927617,0.588985447247568,-0.8926553672316385
7,12,8.091874576956311,19.580647736200614,6.301387599659465,3.8654074721189753,12.620007277026358,0.24389649332303487,0.5167973019716949,77.2,0.9408368621615347,4323.355223200089,2752.5599565002253,1.0971716978010944,1.0231702989206855,-1.0903954802259888
7,13,4.927874622302356,11.788072380351844,4.1632153300432995,17.680304645528953,3.254852361814013,0.547228558793293,0.4256987384728021,75.6,0.9168261292010265,4155.802444035749,2582.8078928776863,1.054650517445491,0.960070757975568,-1.0677966101694916
7,14,14.250371746383959,6.8819356791538535,6.761916625369373,0.1325996681155741,3.774370687062092,0.5136908256105235,0.008241431052920911,58.8,0.8216324507724673,3603.509229303932,1392.8284897689086,0.9144907450447377,0.5177364942974982,-0.8305084745762712
7,15,4.294061937137143,0.8669106711702632,17.06354839016948,15.236580137997603,7.648764149065017,0.8020772160582526,0.9852855323775007,49.8,0.657968784158331,2388.5981258873126,2449.9233331703367,0.6061732441232266,0.9106754543940304,-0.7033898305084746
7,16,2.6535133185330206,12.497374976938662,17.99656276261507,4.00550759835288,5.537742691085497,0.710369202778432,0.7381025959044417,60.6,0.7701029734682097,3110.603309386518,2633.7170300398166,0.7894021513270777,0.9789944936656707,-0.8559322033898306
7,17,4.842732439039002,3.685143086942364,2.678806116787053,9.50852235314022,0.07917933023175117,0.7916032844407562,0.05593168260553549,60.8,0.784815081051628,3647.9201249228913,1557.9983975688945,0.925761245670188,0.5791327750714461,-0.8587570621468926
7,18,2.6936033557181616,12.497374976938662,17.85104657621091,4.00550759835288,8.294824341515847,0.7131551875636052,0.7381025959044417,60.0,0.7562062065935642,3091.293344012967,2622.2336852083536,0.7845017102576766,0.9747259518175374,-0.8474576271186441
7,19,9.390481383270043,4.104649849001758,15.213162478354931,7.76884489417173,18.40244453818437,0.7026677886633559,0.4001983542115529,64.2,0.8884056445506714,3578.9985893668513,2142.459353477889,0.9082704880809686,0.79638620475703,-0.9067796610169492
7,20,14.878204147010942,18.942813263313546,16.318232686163224,19.358503333733495,18.095687542057664,0.8085183257334556,0.04841232327847156,57.8,0.7338708564446962,3552.105704702779,1428.6173449764633,0.9014456702248477,0.53103978078696,-0.8163841807909604
7,21,7.90687897551263,13.39699959122623,3.7093126941347725,3.056461084664969,18.61870077582281,0.9423015692186981,0.14274769897828982,50.4,0.6419090532169162,3048.6363704128803,1363.8900640222455,0.7736763161524887,0.5069796213539733,-0.711864406779661
7,22,17.73443517324709,4.242709351019601,10.854344554239681,3.360834076655159,12.322326540069913,0.9019066415775158,0.8826366511581263,52.8,0.6361802952525096,2574.8986694226824,2467.3340023083288,0.6534521913989657,0.9171472769257286,-0.7457627118644068
7,23,0.7667917616108957,19.14500562400834,0.21343554599906556,16.887985464105387,5.564324100366322,0.7464552981141912,0.5061057731674378,64.2,0.8234358974358974,3522.394621837962,2369.323151453527,0.8939056561507389,0.8807150853835386,-0.9067796610169492
7,24,11.426553750193271,4.19408619215891,18.53228488675115,2.6091301106435667,8.389933950016044,0.9868762469872593,0.8754153862629915,48.2,0.6440357047422657,2310.9111828347577,2232.719708013822,0.5864580204588482,0.8299374135919646,-0.6807909604519775
7,25,14.878204147010942,18.61081421476289,16.84230774197828,13.686622208644247,15.057233110603505,0.7201605075862056,0.22855863802470083,65.6,0.8575926575926577,3908.2727127988546,2001.8276560097154,0.991832959910533,0.7441111668976602,-0.9265536723163842
7,26,14.878204147010942,18.942813263313546,17.17831929759975,12.968815484212637,18.370779717225137,0.8130361397977599,0.25375519476203323,62.0,0.7802745979673665,3641.918997105051,1910.7019470708742,0.9242382924876023,0.7102382920728513,-0.8757062146892656
7,27,16.259010633937873,6.579150664107955,17.558716628117615,9.279030307939841,8.389933950016044,0.8275119119849899,0.8791580043515604,55.4,0.718774477826121,2789.573784261314,2546.337902615253,0.7079319757477536,0.9465142827568073,-0.7824858757062148
7,28,14.878204147010942,18.942813263313546,17.17831929759975,14.880126872249622,13.613849128732836,0.8201390416269567,0.25375519476203323,61.8,0.8116629439837734,3597.506033176864,1798.4075371392337,0.9129672669711287,0.6684966745267743,-0.8728813559322034
7,29,18.73613407797993,19.97807082851315,1.3630821905537105,8.030202598671162,17.448775226511415,0.505909494499125,0.34949577829706324,74.0,0.9224961487127835,4199.110526760938,2294.6227192973683,1.0656411486101758,0.8529477470851567,-1.0451977401129944
7,30,7.710377716655994,12.194818232043863,11.871811927487725,19.334443799723033,17.383676579592645,0.9375097712346354,0.05139881989008033,51.2,0.6746809876556712,3065.144060097924,1248.8493804684053,0.7778656017844722,0.464217170239382,-0.7231638418079097
7,31,6.127135657024419,9.44765204110594,1.944608154394456,2.5751576910889815,3.3942178947857444,0.4327536759621131,0.5910788029482918,70.2,0.9008258039128771,3765.483934413828,2681.9112653023667,0.9555963338829166,0.9969090571553374,-0.9915254237288137
7,32,18.73613407797993,18.998042806437628,1.0397540859884762,15.166447085293814,14.99179325596531,0.5333271825163824,0.21331599315168187,67.0,0.9092507281579747,3975.6173937733183,2008.0379426655581,1.0089235467691198,0.7464196291852976,-0.9463276836158192
7,33,7.878546652646703,1.8087665772162946,10.246037413010672,18.634611198644425,5.678211944957527,0.8711391497935891,0.5461552389004566,55.0,0.7112395518498804,2978.7506018729937,2075.1225925795893,0.7559408576110351,0.7713560601405749,-0.7768361581920904
7,34,18.73613407797993,19.321503613181854,1.1546510882663634,16.4157955875342,14.876757963197349,0.5333271825163824,0.21331599315168187,67.6,0.9123407352451469,3985.347027259486,2017.9584568110834,1.0113927120215411,0.750107242019944,-0.9548022598870056
7,35,15.981127351650928,18.424531349857094,1.1077126634456564,17.422415726094723,14.50195793821286,0.8774468773344446,0.6538621526989007,53.6,0.7337292847997073,2915.8777267902137,2176.94303898687,0.7399851159384483,0.809204338918573,-0.7570621468926554
7,36,16.015517696992454,4.19408619215891,16.791251498439713,3.013676995923237,8.389933950016044,0.8706232447594072,0.9099608543459907,52.6,0.638781814970604,2535.785367274063,2472.998400052432,0.6435261025375366,0.9192528236257571,-0.7429378531073447
7,37,6.961767153527258,6.960394707165123,6.559178365827839,19.646597301365475,3.9921010689186374,0.9214274620337817,0.9070863234666481,50.2,0.6794536671058411,2450.128081926584,2397.7895087144107,0.6217881827179009,0.8912964829654587,-0.7090395480225989
7,38,12.933310307042413,1.4156032082655976,3.01545574817309,13.95878001929613,18.06597283246732,0.7346928750813932,0.2761012052936129,66.4,0.8950336749339914,3884.833527742544,2082.2879511931446,0.9858846144391028,0.7740195378596313,-0.9378531073446329
7,39,5.500224529239408,10.31971084825334,4.249407108198916,11.152585989828872,18.0820013650154,0.23765467758554287,0.43063295845917665,71.6,0.9322831837862129,4093.236293799132,2498.133298487892,1.0387726157381274,0.9285958649952353,-1.0112994350282485
7,40,10.445810527485866,5.192297336356647,1.3999647570174956,11.959114031721349,14.33905482848769,0.6509315010535264,0.28844547723559544,68.2,0.8584448822042088,3989.4958881941757,2034.6127146276092,1.0124456009378224,0.7562978944372315,-0.9632768361581922
7,41,14.124145815716258,6.967829230889578,3.814095564169148,0.024021110360245013,3.774370687062092,0.9296546734785384,0.049422047991849405,50.8,0.657941221018762,3223.6195770266722,1246.179605707613,0.8180831742466121,0.463224772513912,-0.7175141242937852
7,42,18.101835900501996,11.26746648905851,9.39105210152848,3.2065782671991663,10.917836319927794,0.7951760101305146,0.5628630332723721,59.6,0.7924913023693512,3396.7055182082304,2317.8197215998603,0.862008548440386,0.8615704416513024,-0.8418079096045198
7,43,6.644172191009863,19.14500562400834,0.32494480158563155,16.887985464105387,13.865065697175293,0.7464552981141912,0.5195356780494428,62.4,0.7946788307294637,3469.332646529949,2269.7218294077747,0.8804397033127762,0.8436916904126908,-0.8813559322033898
7,44,0.884053285393376,17.972656814141686,1.8673081125040492,6.275108963022777,0.36952029393863395,0.42358676511849935,0.5537639703258106,74.8,0.9340290340290339,4104.005695922787,2801.036537714139,1.0415056512168932,1.0411898148895062,-1.0564971751412429
7,45,9.248143047812098,4.29025819995641,14.960141473224148,7.749440623112953,7.579725770607012,0.9884988264672752,0.3900568713755818,48.0,0.6089673522298961,2720.966057737355,1531.665077486756,0.6905208559330722,0.5693442613221313,-0.6779661016949153
7,46,9.23952784248825,11.096050268636805,0.34179510809613234,16.058126553601767,14.813602675255753,0.794435787651782,0.19977320015432162,64.8,0.8282200732755584,3719.540839610595,1787.933472471653,0.9439369950765649,0.6646032981621522,-0.9152542372881356
7,47,4.300585866800555,3.36631684984094,4.11881443564095,9.50852235314022,10.960034240216327,0.9697516804002695,0.03272335045515934,49.2,0.6326594869111622,3021.5984415810735,1208.1800592286784,0.76681468930253,0.44909973693098626,-0.6949152542372882
7,48,1.1225513179838558,4.122458640784165,14.420418071225951,7.91103282744779,7.609463282656048,0.967088283625207,0.39297044395520897,49.6,0.6253411840677978,2847.030938121029,1735.5027220344177,0.7225133274518175,0.6451139546254868,-0.7005649717514125
7,49,10.217295453239515,7.967127598725318,0.7069668452473667,18.2176367246474,3.2571627311707334,0.9091763861433356,0.10586186180967216,53.0,0.6814052580073925,3077.5027305841495,1314.7835251997146,0.7810019583362476,0.4887259401263016,-0.748587570621469
7,50,8.091874576956311,13.224976501319391,6.301387599659465,3.9443753668999193,12.620007277026358,0.24389649332303487,0.06728717189829997,64.8,0.8604262689947364,3866.1529827298937,1647.0477879419184,0.9811439063017297,0.6122338492738472,-0.9152542372881356
7,51,18.73613407797993,9.033203271313397,1.3630821905537105,8.038162871764762,17.448775226511415,0.5029912244435204,0.5072909988860401,69.6,0.9326279788093904,3924.406442779142,2526.012998116421,0.9959273428609198,0.9389591926079098,-0.983050847457627
7,52,12.153175577170884,13.004844590920472,17.4853206393891,11.959114031721349,14.33905482848769,0.6509315010535264,0.7297853950626675,63.6,0.8377121922384149,3348.809292494995,2662.5862463337735,0.8498535483140818,0.9897256403552602,-0.8983050847457628
7,53,18.68249339071096,19.318565803279693,4.424971891680473,16.4157955875342,18.427863435503095,0.709901732337441,0.29179363026006666,68.8,0.8484233310549101,3958.2755958170446,2162.974616562648,1.0045225829518267,0.8040120542188371,-0.9717514124293786
7,54,18.101835900501996,11.26746648905851,6.3349190613042285,3.4475370009345063,3.9749886800420082,0.7951760101305146,0.906150621594485,53.2,0.7278162878126884,2626.0392565746056,2508.9444635258687,0.6664305385241156,0.9326145469271094,-0.7514124293785311
7,55,6.644172191009863,9.084381266896958,0.32494480158563155,16.887985464105387,5.918333629268847,0.7464552981141912,0.010143424470900025,59.2,0.7705574458903566,3621.03789781983,1439.7533405317663,0.9189391324667513,0.5351792073866211,-0.8361581920903955
7,56,8.033104915423976,13.311106040484855,6.657133755117006,3.483942952171745,18.61870077582281,0.5051359756249199,0.14274769897828982,68.2,0.8657519371067759,4041.1401961232004,1889.7489597656597,1.0255517812276553,0.7024497335589013,-0.9632768361581922
7,57,7.878546652646703,1.5084835328850588,10.246037413010672,18.634611198644425,5.678211944957527,0.8711391497935891,0.27747777794836737,55.8,0.7180365757677016,3152.709350437617,1823.7128546042866,0.8000877309666619,0.6779030633590529,-0.788135593220339
7,58,4.482254462595896,14.439372475217402,14.25271698580303,7.884792785224477,10.54501220457006,0.9719851898535192,0.9737186618200478,47.6,0.6152941687180931,2242.0861246835507,2339.9325668180572,0.5689917466958689,0.8697901377921474,-0.672316384180791
7,59,14.124145815716258,17.53987342520071,3.83885111364126,0.024021110360245013,0.8272058051693842,0.9296546734785384,0.049422047991849405,50.2,0.6556427533305541,3180.4483424223226,1218.7656119066246,0.8071272721007866,0.4530345551616147,-0.7090395480225989
7,60,4.36307352077123,7.043023656521953,5.110469115772978,13.343319660656759,10.224881270158848,0.9798574119575348,0.20392032766693774,48.8,0.6455734572994439,2840.788902024385,1458.0154851722773,0.7209292370895128,0.5419675369002575,-0.6892655367231638
7,61,4.299270096336302,3.685143086942364,4.119161493923037,9.50852235314022,0.07917933023175117,0.7893311796619056,0.07518277030715492,62.6,0.813810723995298,3687.218031489864,1678.4628279329336,0.9357341830399284,0.6239113191078125,-0.884180790960452
7,62,18.657948542556706,18.984820899469785,16.837290392022794,2.6091301106435667,9.783941362297057,0.5280106960148956,0.8754153862629915,54.6,0.697246592416871,2803.7512112442505,2537.839024502684,0.7115298923727507,0.9433551146382737,-0.7711864406779662
7,63,6.644172191009863,18.802257260541513,0.32494480158563155,16.887985464105387,13.865065697175293,0.7464552981141912,0.25085821823520993,64.2,0.8362908158335818,3660.747159543702,1851.289358729593,0.9290164626547066,0.688153688382659,-0.9067796610169492
7,64,3.9063547053826375,17.720486777588768,5.6459240010808385,5.906161845653691,10.54501220457006,0.9719851898535192,0.9879305997075616,47.8,0.6112493551051246,2189.8188708767257,2343.674593180208,0.5557274765542662,0.8711811084856246,-0.675141242937853
7,65,14.124145815716258,6.967874671178655,3.687309756215944,0.024021110360245013,3.774370687062092,0.921508497223639,0.049422047991849405,52.0,0.667073160573237,3280.4444151190605,1283.601630502424,0.8325040582286944,0.4771351341048025,-0.7344632768361582
7,66,18.73613407797993,19.606691492759413,1.3630821905537105,8.038162871764762,17.448775226511415,0.5047832939867178,0.34949577829706324,74.6,0.9339773677064052,4229.43948441858,2298.841107872265,1.0733379656071242,0.8545157891868186,-1.0536723163841808
7,67,7.552687114773663,8.613312062143635,4.62473643172378,17.271496422347223,14.047315836967007,0.42115881873981437,0.5865662953860042,72.4,0.8791669720364125,3946.4904620166258,2802.670172383205,1.0015317772943984,1.0417970628692381,-1.0225988700564972
7,68,5.99108355848176,7.6237062380279825,4.335241427435275,13.362576356315062,10.23970287059888,0.9633918298854574,0.9647182210766178,48.6,0.6409939131224272,2347.3922892346504,2420.8320646963975,0.5957161164005473,0.8998617673787227,-0.6864406779661018
7,69,9.263865442099803,19.985257515560285,0.34179510809613234,16.46151167395023,14.929937027812326,0.8665631928981663,0.21331599315168187,55.0,0.7294035087719298,3193.5618697311993,1529.6765147384087,0.810455194577393,0.5686050809323113,-0.7768361581920904
7,70,16.158281301288255,11.809635283589447,6.32785297593616,3.198195730413051,18.109156217524756,0.8941396533942936,0.4367740098293677,56.0,0.7422039157904136,3255.109007748327,1968.755861467406,0.8260744935770868,0.7318178550561546,-0.7909604519774012
7,71,10.557154534244777,11.096050268636805,0.34179510809613234,16.082627025541864,14.813602675255753,0.794435787651782,0.21344313525939868,63.6,0.809126153737758,3673.163984628731,1780.4283170645351,0.9321675775542492,0.6618135125724823,-0.8983050847457628
7,72,8.091874576956311,13.306933603634388,6.657133755117006,3.9443753668999193,18.636908465283902,0.24389649332303487,0.14706430743323462,69.2,0.8998796301791732,4178.038956050188,1945.9466243388895,1.060293651164676,0.7233392989702737,-0.9774011299435029
7,73,6.961767153527258,6.960394707165123,9.615311406051639,19.62344820945283,10.934948158914292,0.9214274620337817,0.5638045715100273,52.2,0.6821320592083098,2888.920740042134,2099.2398868778473,0.733144030394684,0.7803208418733156,-0.7372881355932204
7,74,5.2304126749515305,4.242709351019601,10.501553053146662,10.854795518354635,3.8431783424321235,0.51373710967095,0.08173951450784395,65.2,0.854744473155326,3917.8511868307555,1707.174425899472,0.9942637642449836,0.6345838765591187,-0.92090395480226
7,75,6.022036323454435,9.307440182677016,4.831174727527058,2.9906938895302733,3.234836738459647,0.4327536759621131,0.6082810288320626,69.2,0.9049775371925174,3688.0375907901443,2659.39093991594,0.9359421690189921,0.9885378941574137,-0.9774011299435029
7,76,0.884053285393376,14.55049101623255,1.8673081125040492,7.824563809913241,0.36952029393863395,0.38697162516360034,0.5066163174824052,73.4,0.9087842442415155,4059.965886021032,2835.4581308955862,1.030329323918721,1.053984868345696,-1.036723163841808
7,77,3.1947782927415713,14.691543028184292,2.3247026748974413,7.824563809913241,0.006762993877643453,0.4306280204141778,0.5867985714381407,70.8,0.9139157878916915,3777.1409030685963,2717.630272339418,0.9585546140680686,1.0101863799693034,-1.0
7,78,11.339557489058246,18.4215935456586,4.115500964580376,17.01802249183303,3.3797462265417244,0.9643577208942796,0.6236927281061517,49.0,0.6754608133483637,2678.466443817027,1967.5327406348424,0.6797353962256132,0.7313632015962309,-0.692090395480226
7,79,0.40362235414201564,19.135530746669975,4.6499173937645075,16.887985464105387,3.283577009694691,0.35317901099490334,0.507183322587967,71.0,0.9370043199961697,3843.1123587643838,2629.261498296927,0.9752967067982099,0.9773383016781149,-1.0028248587570623
8,0,4.482254462595896,17.720486777588768,14.466158201311337,6.335337938334012,9.839626887749327,0.9719851898535192,0.9929990110242966,47.2,0.6250735264000784,2187.220230062725,2386.890742304057,0.5550679991329865,0.8872452382106935,-0.6666666666666667
8,1,6.10554398662318,9.906020016240337,5.899934441073484,14.798605840176823,4.9971070168369565,0.3787435378378585,0.5056434453418749,78.8,0.9445576905197532,4253.2970337727365,2895.9099892855656,1.0793924826613344,1.0764557852363963,-1.112994350282486
8,2,9.903747830708042,11.557071600677986,19.43763668848582,10.586308856036316,15.481103580959607,0.36874349522492267,0.44305957679143465,77.6,0.9249736560397,4473.934562704343,2809.1168126139696,1.1353853955077013,1.0441933815384714,-1.0960451977401129
8,3,7.878546652646703,6.897786573441733,1.3513874361715388,18.959557090563738,5.8191917530978605,0.9991046247295744,0.9583645506861526,47.0,0.6251326433437634,2200.1823897538065,2312.5734192455975,0.5583575078643339,0.8596203076549972,-0.6638418079096046
8,4,0.884053285393376,14.691543028184292,1.8673081125040492,7.824563809913241,0.36952029393863395,0.42358676511849935,0.5867985714381407,74.6,0.9378702345534755,4035.55068018699,2941.6772176793106,1.024133286014329,1.0934681916858235,-1.0536723163841808
8,5,7.878546652646703,9.5936784702455,1.3513874361715388,18.966498811461847,5.8191917530978605,0.9991046247295744,0.0005982882586780258,47.6,0.6107891891126158,2851.997974859917,1113.49421804237,0.7237738512465318,0.4139035043470717,-0.672316384180791
8,6,11.135365845938272,4.19408619215891,18.53228488675115,2.8220374505778656,4.986800942415839,0.9868762469872593,0.8754153862629915,48.2,0.6440357047422657,2302.987171720825,2232.719708013822,0.5844470821300671,0.8299374135919646,-0.6807909604519775
8,7,5.441454867706887,11.809635283589447,2.52615717555803,11.122113673506739,18.063793675554315,0.3927655102529669,0.4367740098293677,76.6,0.9481019290848032,4339.291554138295,2663.8674265005866,1.1012159852513514,0.9902018753928127,-1.0819209039548021
8,8,8.091874576956311,19.580647736200614,6.301387599659465,3.8654074721189753,12.620007277026358,0.24389649332303487,0.5167973019716949,77.2,0.9408368621615347,4323.355223200089,2752.5599565002253,1.0971716978010944,1.0231702989206855,-1.0903954802259888
8,9,4.927874622302356,11.788072380351844,4.1632153300432995,17.680304645528953,3.254852361814013,0.547228558793293,0.4256987384728021,75.6,0.9168261292010265,4155.802444035749,2582.8078928776863,1.054650517445491,0.960070757975568,-1.0677966101694916
8,10,7.878546652646703,9.5936784702455,10.246037413010672,18.584721865489144,5.8191917530978605,0.8711391497935891,0.014246237478316257,56.4,0.7332895452992267,3316.613113584443,1289.37817665201,0.8416828719633536,0.47928236815020214,-0.7966101694915254
8,11,6.961767153527258,6.960394707165123,6.559178365827839,19.646597301365475,3.9921010689186374,0.9214274620337817,0.9070863234666481,50.2,0.6794536671058411,2450.128081926584,2397.7895087144107,0.6217881827179009,0.8912964829654587,-0.7090395480225989
8,12,6.644172191009863,19.14500562400834,0.32494480158563155,16.887985464105387,13.865065697175293,0.7464552981141912,0.5195356780494428,62.4,0.7946788307294637,3469.332646529949,2269.7218294077747,0.8804397033127762,0.8436916904126908,-0.8813559322033898
8,13,18.101835900501996,11.26746648905851,6.3349190613042285,3.4475370009345063,3.9749886800420082,0.7951760101305146,0.906150621594485,53.2,0.7278162878126884,2626.0392565746056,2508.9444635258687,0.6664305385241156,0.9326145469271094,-0.7514124293785311
8,14,5.2304126749515305,4.242709351019601,10.501553053146662,10.854795518354635,3.8431783424321235,0.51373710967095,0.08173951450784395,65.2,0.854744473155326,3917.8511868307555,1707.174425899472,0.9942637642449836,0.6345838765591187,-0.92090395480226
8,15,15.942011579103399,6.114757020516565,17.14969504272693,14.728301763959358,12.564559905806654,0.8201390416269567,0.9078941240511722,51.6,0.6642074401866324,2526.8872606457808,2440.335821060479,0.641267960364953,0.9071116237104577,-0.728813559322034
8,16,18.73613407797993,19.97807082851315,1.3630821905537105,8.030202598671162,17.448775226511415,0.505909494499125,0.34949577829706324,74.0,0.9224961487127835,4199.110526760938,2294.6227192973683,1.0656411486101758,0.8529477470851567,-1.0451977401129944
8,17,0.884053285393376,14.691543028184292,1.8673081125040492,7.824563809913241,0.36952029393863395,0.42987622183936014,0.553659567963231,73.0,0.9101610985227607,4016.9930435322794,2795.5385154537344,1.0194237692930652,1.0391461126019808,-1.0310734463276836
8,18,0.884053285393376,14.55049101623255,1.8673081125040492,7.824563809913241,0.36952029393863395,0.38697162516360034,0.5066163174824052,73.4,0.9087842442415155,4059.965886021032,2835.4581308955862,1.030329323918721,1.053984868345696,-1.036723163841808
8,19,11.339557489058246,18.4215935456586,4.115500964580376,17.01802249183303,3.3797462265417244,0.9643577208942796,0.6236927281061517,49.0,0.6754608133483637,2678.466443817027,1967.5327406348424,0.6797353962256132,0.7313632015962309,-0.692090395480226
8,20,5.99108355848176,7.6237062380279825,4.335241427435275,13.362576356315062,10.23970287059888,0.9633918298854574,0.9647182210766178,48.6,0.6409939131224272,2347.3922892346504,2420.8320646963975,0.5957161164005473,0.8998617673787227,-0.6864406779661018
8,21,6.127135657024419,9.44765204110594,1.944608154394456,2.5751576910889815,3.3942178947857444,0.4327536759621131,0.5910788029482918,70.2,0.9008258039128771,3765.483934413828,2681.9112653023667,0.9555963338829166,0.9969090571553374,-0.9915254237288137
8,22,6.961767153527258,6.960394707165123,9.615311406051639,19.62344820945283,10.934948158914292,0.9214274620337817,0.5638045715100273,52.2,0.6821320592083098,2888.920740042134,2099.2398868778473,0.733144030394684,0.7803208418733156,-0.7372881355932204
8,23,14.878204147010942,18.942813263313546,16.318232686163224,19.358503333733495,18.095687542057664,0.8085183257334556,0.04841232327847156,57.8,0.7338708564446962,3552.105704702779,1428.6173449764633,0.9014456702248477,0.53103978078696,-0.8163841807909604
8,24,0.7559625415887403,11.26746648905851,9.39105210152848,4.064193648862693,10.917836319927794,0.7951760101305146,0.3985671766667377,60.4,0.8050912456483553,3416.440426275191,1982.524524445161,0.8670168305435042,0.7369358859936531,-0.8531073446327684
8,25,12.754182136387266,4.242709351019601,11.148362711267037,3.3830057707120478,18.274053949296963,0.9072672555838383,0.2674034591439783,53.8,0.6912107351305239,3172.364021567031,1684.8365680490733,0.8050756507140518,0.6262805396453971,-0.7598870056497175
8,26,14.878893170230853,6.8819356791538535,6.761916625369373,0.1325996681155741,2.150503440580429,0.5532306761953572,0.008241431052920911,60.6,0.7720504765666055,3738.2817226496672,1489.5540101184808,0.9486930156672234,0.5536909080553599,-0.8559322033898306
8,27,7.851110328870588,9.67616194939326,0.8706511401653483,18.721224063130485,5.568596176127961,0.9872215192039375,0.0005982882586780258,48.6,0.62791331475542,2944.4647687733977,1172.8568341056575,0.7472398733591409,0.4359695325470219,-0.6864406779661018
8,28,5.883925526351181,7.422539510690063,5.715998380168282,19.000882209326342,5.332576703146916,0.8545927959678647,0.14782792777695875,58.2,0.7433904539161628,3380.2255849780113,1613.4858424727095,0.8578263067812182,0.5997583405398788,-0.8220338983050848
8,29,14.250371746383959,6.8819356791538535,16.97572925441223,0.1325996681155741,3.774370687062092,0.5136908256105235,0.010883901002899224,58.8,0.8259429530555723,3601.8747833314883,1390.777326835554,0.9140759588960244,0.5169740444236275,-0.8305084745762712
8,30,6.644172191009863,18.802257260541513,0.32494480158563155,16.887985464105387,13.865065697175293,0.7464552981141912,0.25085821823520993,64.2,0.8362908158335818,3660.747159543702,1851.289358729593,0.9290164626547066,0.688153688382659,-0.9067796610169492
8,31,7.878546652646703,9.915311775622843,1.3088620207179398,18.827434775120096,5.568596176127961,0.8025214838404318,0.0005982882586780258,57.6,0.7260021699173014,3400.6531528399746,1300.4587258324702,0.8630103705825886,0.4834011844507894,-0.8135593220338984
8,32,0.7667917616108957,19.14500562400834,0.21343554599906556,16.887985464105387,5.564324100366322,0.7464552981141912,0.5061057731674378,64.2,0.8234358974358974,3522.394621837962,2369.323151453527,0.8939056561507389,0.8807150853835386,-0.9067796610169492
8,33,8.033104915423976,13.311106040484855,6.657133755117006,3.483942952171745,18.61870077582281,0.5051359756249199,0.14274769897828982,68.2,0.8657519371067759,4041.1401961232004,1889.7489597656597,1.0255517812276553,0.7024497335589013,-0.9632768361581922
8,34,17.73443517324709,4.242709351019601,10.854344554239681,3.360834076655159,12.322326540069913,0.9019066415775158,0.8826366511581263,52.8,0.6361802952525096,2574.8986694226824,2467.3340023083288,0.6534521913989657,0.9171472769257286,-0.7457627118644068
8,35,16.259010633937873,19.326850330052572,17.587340882990436,9.430855411295006,8.522508488170883,0.8168976004846825,0.22460940862266304,61.0,0.824297358800082,3612.8322321428095,1751.893385174743,0.9168567164547308,0.6512066247107254,-0.8615819209039548
8,36,14.878204147010942,18.942813263313546,17.17831929759975,14.880126872249622,13.613849128732836,0.8201390416269567,0.25375519476203323,61.8,0.8116629439837734,3597.506033176864,1798.4075371392337,0.9129672669711287,0.6684966745267743,-0.8728813559322034
8,37,7.4666620620772095,13.203875210937358,3.7093126941347725,16.479203326858524,18.61870077582281,0.9423015692186981,0.14260076984026143,50.4,0.6473994331629292,3000.047456740992,1358.0130972835082,0.7613455271806223,0.5047950593789942,-0.711864406779661
8,38,14.845095335565418,4.104649849001758,15.213162478354931,7.67889578384351,18.39379742944801,0.7026677886633559,0.4071768893427714,66.4,0.8834578182894394,3761.2450995009967,2304.020583730232,0.9545206115658946,0.8564410827119726,-0.9378531073446329
8,39,8.751268272997414,18.988972633911395,0.9885442987332347,18.71835566561953,6.914086036426935,0.8711391497935891,0.018958706765763222,54.4,0.7146507758564209,3216.8972396643176,1261.7470180694497,0.8163771940723559,0.4690114271958808,-0.768361581920904
8,40,10.217295453239515,7.967127598725318,0.7069668452473667,18.2176367246474,3.2571627311707334,0.9091763861433356,0.10586186180967216,53.0,0.6814052580073925,3077.5027305841495,1314.7835251997146,0.7810019583362476,0.4887259401263016,-0.748587570621469
8,41,7.710377716655994,12.194818232043863,11.871811927487725,19.334443799723033,17.383676579592645,0.9375097712346354,0.05139881989008033,51.2,0.6746809876556712,3065.144060097924,1248.8493804684053,0.7778656017844722,0.464217170239382,-0.7231638418079097
8,42,6.078107662847065,8.408229264284802,5.757123808829138,14.798605840176823,4.9971070168369565,0.3787435378378585,0.5056434453418749,77.6,0.946509550524277,4187.537399882057,2842.7187300652886,1.062704145608796,1.0566837484937066,-1.0960451977401129
8,43,5.883925526351181,2.2259433875469297,5.553709604283141,18.99509751505854,5.716222100165571,0.8707722555954593,0.14782792777695875,55.4,0.714944340761414,3299.4377884872024,1554.608113173929,0.837324155266631,0.577872552459535,-0.7824858757062148
8,44,0.40362235414201564,12.745510289925974,3.9710929578890095,16.966550987621726,3.283577009694691,0.35317901099490334,0.057967256742458756,63.2,0.8278568416613957,3811.5248648069487,1584.5043183575697,0.9672805011927617,0.588985447247568,-0.8926553672316385
8,45,8.091874576956311,13.224976501319391,6.301387599659465,3.9443753668999193,12.620007277026358,0.24389649332303487,0.06728717189829997,64.8,0.8604262689947364,3866.1529827298937,1647.0477879419184,0.9811439063017297,0.6122338492738472,-0.9152542372881356
8,46,4.36307352077123,7.043023656521953,5.110469115772978,13.343319660656759,10.224881270158848,0.9798574119575348,0.20392032766693774,48.8,0.6455734572994439,2840.788902024385,1458.0154851722773,0.7209292370895128,0.5419675369002575,-0.6892655367231638
8,47,4.299270096336302,3.685143086942364,4.119161493923037,9.50852235314022,0.07917933023175117,0.7893311796619056,0.07518277030715492,62.6,0.813810723995298,3687.218031489864,1678.4628279329336,0.9357341830399284,0.6239113191078125,-0.884180790960452
8,48,9.248143047812098,4.29025819995641,14.960141473224148,7.749440623112953,7.579725770607012,0.9884988264672752,0.3900568713755818,48.0,0.6089673522298961,2720.966057737355,1531.665077486756,0.6905208559330722,0.5693442613221313,-0.6779661016949153
8,49,6.078107662847065,7.295061299831315,5.757123808829138,14.586303675874769,8.40024002445576,0.8337118076385197,0.5056434453418749,58.0,0.7550797164008791,3256.7932546135444,2118.1590380263,0.8265019180881958,0.7873533911517336,-0.8192090395480226
8,50,9.263865442099803,19.985257515560285,0.34179510809613234,16.46151167395023,14.929937027812326,0.8665631928981663,0.21331599315168187,55.0,0.7294035087719298,3193.5618697311993,1529.6765147384087,0.810455194577393,0.5686050809323113,-0.7768361581920904
8,51,7.710377716655994,12.194818232043863,11.39787583688144,19.334443799723033,5.693414753105992,0.9375097712346354,0.001199295491086716,50.8,0.6943840693840694,3043.756917222681,1193.0791577632094,0.7724380191205207,0.4434864917662776,-0.7175141242937852
8,52,5.99108355848176,2.0972540248245544,4.335241427435275,18.582581839236482,9.973274205185152,0.9633918298854574,0.548843449013166,49.2,0.6167779306549257,2737.5724029788034,1855.7136519097735,0.6947351781578708,0.6897982684997925,-0.6949152542372882
8,53,3.1947782927415713,14.691543028184292,2.3247026748974413,7.824563809913241,0.006762993877643453,0.4306280204141778,0.5867985714381407,70.8,0.9139157878916915,3777.1409030685963,2717.630272339418,0.9585546140680686,1.0101863799693034,-1.0
8,54,9.390481383270043,4.104649849001758,15.213162478354931,7.76884489417173,18.40244453818437,0.7026677886633559,0.4001983542115529,64.2,0.8884056445506714,3578.9985893668513,2142.459353477889,0.9082704880809686,0.79638620475703,-0.9067796610169492
8,55,18.73613407797993,18.998042806437628,1.0397540859884762,15.166447085293814,14.99179325596531,0.5333271825163824,0.21331599315168187,67.0,0.9092507281579747,3975.6173937733183,2008.0379426655581,1.0089235467691198,0.7464196291852976,-0.9463276836158192
8,56,4.482254462595896,14.439372475217402,14.25271698580303,7.884792785224477,10.54501220457006,0.9719851898535192,0.9737186618200478,47.6,0.6152941687180931,2242.0861246835507,2339.9325668180572,0.5689917466958689,0.8697901377921474,-0.672316384180791
8,57,4.294061937137143,0.8669106711702632,17.06354839016948,15.236580137997603,7.648764149065017,0.8020772160582526,0.9852855323775007,49.8,0.657968784158331,2388.5981258873126,2449.9233331703367,0.6061732441232266,0.9106754543940304,-0.7033898305084746
8,58,12.153175577170884,13.004844590920472,17.4853206393891,11.959114031721349,14.33905482848769,0.6509315010535264,0.7297853950626675,63.6,0.8377121922384149,3348.809292494995,2662.5862463337735,0.8498535483140818,0.9897256403552602,-0.8983050847457628
8,59,18.68249339071096,19.318565803279693,4.424971891680473,16.4157955875342,18.427863435503095,0.709901732337441,0.29179363026006666,68.8,0.8484233310549101,3958.2755958170446,2162.974616562648,1.0045225829518267,0.8040120542188371,-0.9717514124293786
8,60,5.203532064153249,11.129856025843985,3.8236118515022035,11.195564717767462,18.0820013650154,0.23765467758554287,0.43063295845917665,72.6,0.9334010854923498,4131.076283135296,2457.930745646793,1.0483755660397693,0.913651936921784,-1.0254237288135593
8,61,16.015517696992454,4.19408619215891,16.791251498439713,3.013676995923237,8.389933950016044,0.8706232447594072,0.9099608543459907,52.6,0.638781814970604,2535.785367274063,2472.998400052432,0.6435261025375366,0.9192528236257571,-0.7429378531073447
8,62,6.066486032545684,3.7217586064476014,3.970501282484597,2.4710714735953725,0.11497736124366154,0.7903118328172765,0.07518277030715492,61.6,0.8116239641467953,3636.164485698702,1594.622803106508,0.9227779250822502,0.5927466489030475,-0.8700564971751413
8,63,18.73613407797993,19.606691492759413,1.3630821905537105,8.038162871764762,17.448775226511415,0.5047832939867178,0.34949577829706324,74.6,0.9339773677064052,4229.43948441858,2298.841107872265,1.0733379656071242,0.8545157891868186,-1.0536723163841808
8,64,15.981127351650928,18.424531349857094,1.1077126634456564,17.422415726094723,14.50195793821286,0.8774468773344446,0.6538621526989007,53.6,0.7337292847997073,2915.8777267902137,2176.94303898687,0.7399851159384483,0.809204338918573,-0.7570621468926554
8,65,0.6474776627824927,18.861825390292537,1.996593400220692,6.275108963022777,0.36952029393863395,0.42358676511849935,0.5537639703258106,71.8,0.9172342775082502,3912.220774815506,2711.462274300351,0.9928348905135491,1.0078936370328704,-1.0141242937853108
8,66,18.657948542556706,18.984820899469785,16.837290392022794,2.6091301106435667,9.783941362297057,0.5280106960148956,0.8754153862629915,54.6,0.697246592416871,2803.7512112442505,2537.839024502684,0.7115298923727507,0.9433551146382737,-0.7711864406779662
8,67,8.091874576956311,13.306933603634388,6.657133755117006,3.9443753668999193,18.636908465283902,0.24389649332303487,0.14706430743323462,69.2,0.8998796301791732,4178.038956050188,1945.9466243388895,1.060293651164676,0.7233392989702737,-0.9774011299435029
8,68,18.73613407797993,9.033203271313397,1.3630821905537105,8.038162871764762,17.448775226511415,0.5029912244435204,0.5072909988860401,69.6,0.9326279788093904,3924.406442779142,2526.012998116421,0.9959273428609198,0.9389591926079098,-0.983050847457627
8,69,15.131505820190577,12.497374976938662,17.99656276261507,4.00550759835288,5.537742691085497,0.822882118212209,0.7381025959044417,60.0,0.7555256159774232,3089.0090595957618,2547.27088200842,0.7839220095199633,0.9468610860307338,-0.8474576271186441
8,70,7.552687114773663,8.613312062143635,4.62473643172378,17.271496422347223,14.047315836967007,0.42115881873981437,0.5865662953860042,72.4,0.8791669720364125,3946.4904620166258,2802.670172383205,1.0015317772943984,1.0417970628692381,-1.0225988700564972
8,71,9.23952784248825,11.096050268636805,0.34179510809613234,16.058126553601767,14.813602675255753,0.794435787651782,0.19977320015432162,64.8,0.8282200732755584,3719.540839610595,1787.933472471653,0.9439369950765649,0.6646032981621522,-0.9152542372881356
8,72,17.88782095154984,12.745510289925974,3.9710929578890095,16.108803562613918,2.886572735304424,0.3411533001627354,0.05530758542582129,64.4,0.8202521264615518,3869.525618955298,1625.7807566324693,0.9819998065973231,0.6043285556105217,-0.9096045197740115
8,73,14.878204147010942,18.942813263313546,17.17831929759975,12.968815484212637,18.370779717225137,0.8130361397977599,0.25375519476203323,62.0,0.7802745979673665,3641.918997105051,1910.7019470708742,0.9242382924876023,0.7102382920728513,-0.8757062146892656
8,74,7.878546652646703,1.8087665772162946,10.246037413010672,18.634611198644425,5.678211944957527,0.8711391497935891,0.5461552389004566,55.0,0.7112395518498804,2978.7506018729937,2075.1225925795893,0.7559408576110351,0.7713560601405749,-0.7768361581920904
8,75,4.475701456765158,16.910299847456937,14.466158201311337,6.292359210532242,9.839626887749327,0.9719851898535192,0.9768627231244301,47.4,0.6133501673004075,2214.8939286464397,2335.161700905952,0.5620909702496314,0.8680167310803801,-0.6694915254237288
8,76,6.022036323454435,9.307440182677016,4.831174727527058,2.9906938895302733,3.234836738459647,0.4327536759621131,0.6082810288320626,69.2,0.9049775371925174,3688.0375907901443,2659.39093991594,0.9359421690189921,0.9885378941574137,-0.9774011299435029
8,77,1.3083492187458958,12.745510289925974,3.9710929578890095,14.92847269089147,3.283577009694691,0.35317901099490334,0.05254799267859846,62.4,0.8036837606837606,3792.464844175265,1562.4141599891254,0.9624434905570477,0.5807741841694753,-0.8813559322033898
8,78,0.884053285393376,17.972656814141686,1.8673081125040492,6.275108963022777,0.36952029393863395,0.42358676511849935,0.5537639703258106,74.8,0.9340290340290339,4104.005695922787,2801.036537714139,1.0415056512168932,1.0411898148895062,-1.0564971751412429
8,79,10.616870276446145,5.192297336356647,1.3999647570174956,18.497841757575575,14.436267753687655,0.6509315010535264,0.28844547723559544,69.8,0.8771218671316362,4084.4709631687483,2174.348393654139,1.0365481691698883,0.8082398679959999,-0.9858757062146892
9,0,6.10554398662318,9.906020016240337,5.899934441073484,14.798605840176823,4.9971070168369565,0.3787435378378585,0.5056434453418749,78.8,0.9445576905197532,4253.2970337727365,2895.9099892855656,1.0793924826613344,1.0764557852363963,-1.112994350282486
9,1,4.482254462595896,17.720486777588768,14.466158201311337,6.335337938334012,9.839626887749327,0.9719851898535192,0.9929990110242966,47.2,0.6250735264000784,2187.220230062725,2386.890742304057,0.5550679991329865,0.8872452382106935,-0.6666666666666667
9,2,7.878546652646703,9.5936784702455,1.3513874361715388,18.966498811461847,5.8191917530978605,0.9991046247295744,0.0005982882586780258,47.6,0.6107891891126158,2851.997974859917,1113.49421804237,0.7237738512465318,0.4139035043470717,-0.672316384180791
9,3,0.884053285393376,14.691543028184292,1.8673081125040492,7.824563809913241,0.36952029393863395,0.42358676511849935,0.5867985714381407,74.6,0.9378702345534755,4035.55068018699,2941.6772176793106,1.024133286014329,1.0934681916858235,-1.0536723163841808
9,4,9.903747830708042,11.557071600677986,19.43763668848582,10.586308856036316,15.481103580959607,0.36874349522492267,0.44305957679143465,77.6,0.9249736560397,4473.934562704343,2809.1168126139696,1.1353853955077013,1.0441933815384714,-1.0960451977401129
9,5,7.878546652646703,9.601092854918802,1.3513874361715388,18.959557090563738,5.8191917530978605,0.9991046247295744,0.9234727176983007,46.8,0.629393161888948,2289.15777022742,2249.3973317288883,0.5809374866578587,0.8361367514852351,-0.6610169491525424
9,6,18.73613407797993,18.998042806437628,1.0397540859884762,15.166447085293814,14.99179325596531,0.5333271825163824,0.21331599315168187,67.0,0.9092507281579747,3975.6173937733183,2008.0379426655581,1.0089235467691198,0.7464196291852976,-0.9463276836158192
9,7,5.441454867706887,11.846890874488466,1.2242213026027144,11.122113673506739,18.056780127911235,0.3927655102529669,0.43133685717095205,76.6,0.9329808806626222,4358.240486821248,2603.8771111114934,1.10602480422873,0.9679025213736372,-1.0819209039548021
9,8,8.033104915423976,13.311106040484855,6.657133755117006,3.483942952171745,18.107743569855906,0.5051359756249199,0.14274769897828982,68.2,0.8657519371067759,4039.2498205222146,1889.7489597656597,1.0250720458137144,0.7024497335589013,-0.9632768361581922
9,9,3.1947782927415713,14.691543028184292,2.3247026748974413,7.824563809913241,0.006762993877643453,0.4306280204141778,0.5867985714381407,70.8,0.9139157878916915,3777.1409030685963,2717.630272339418,0.9585546140680686,1.0101863799693034,-1.0
9,10,4.927874622302356,11.788072380351844,4.1632153300432995,17.680304645528953,3.254852361814013,0.547228558793293,0.4256987384728021,75.6,0.9168261292010265,4155.802444035749,2582.8078928776863,1.054650517445491,0.960070757975568,-1.0677966101694916
9,11,6.535090637933168,19.33500523697978,0.32494480158563155,0.2335500220664386,13.865065697175293,0.7550340534272265,0.02358929214667646,60.0,0.7958318277265646,3707.2697129338717,1485.3578280639522,0.9408228552026114,0.5521311204703815,-0.8474576271186441
9,12,8.091874576956311,19.580647736200614,6.301387599659465,14.65853186116563,12.620007277026358,0.8364422689641962,0.5011107312481493,56.8,0.7403785972207025,3241.5545124799837,2019.39123096359,0.8226346632095518,0.7506398269521792,-0.8022598870056498
9,13,8.091874576956311,19.580647736200614,6.301387599659465,3.8654074721189753,12.620007277026358,0.24389649332303487,0.5167973019716949,77.2,0.9408368621615347,4323.355223200089,2752.5599565002253,1.0971716978010944,1.0231702989206855,-1.0903954802259888
9,14,6.078107662847065,9.485241794681698,5.252404879092686,14.798605840176823,4.969791689780949,0.37436221669122827,0.5051212589193133,78.0,0.9466477813216944,4216.571602616988,2912.7373313211106,1.0700723825137908,1.082710775809768,-1.1016949152542372
9,15,16.018467486000425,19.25159860530827,17.587340882990436,9.430855411295006,10.221094850824265,0.8168976004846825,0.22460940862266304,61.0,0.8095386380687586,3605.3586582095363,1733.4602150142855,0.9149600890952648,0.6443547222921815,-0.8615819209039548
9,16,18.101835900501996,11.26746648905851,6.3349190613042285,3.4475370009345063,3.9749886800420082,0.7951760101305146,0.906150621594485,53.2,0.7278162878126884,2626.0392565746056,2508.9444635258687,0.6664305385241156,0.9326145469271094,-0.7514124293785311
9,17,4.294061937137143,0.8669106711702632,17.06354839016948,15.236580137997603,7.648764149065017,0.8020772160582526,0.9852855323775007,49.8,0.657968784158331,2388.5981258873126,2449.9233331703367,0.6061732441232266,0.9106754543940304,-0.7033898305084746
9,18,6.961767153527258,6.960394707165123,6.559178365827839,19.646597301365475,3.9921010689186374,0.9214274620337817,0.9070863234666481,50.2,0.6794536671058411,2450.128081926584,2397.7895087144107,0.6217881827179009,0.8912964829654587,-0.7090395480225989
9,19,0.7559625415887403,11.26746648905851,9.39105210152848,4.064193648862693,10.917836319927794,0.7951760101305146,0.3985671766667377,60.4,0.8050912456483553,3416.440426275191,1982.524524445161,0.8670168305435042,0.7369358859936531,-0.8531073446327684
9,20,8.091874576956311,13.224976501319391,6.301387599659465,3.9443753668999193,12.620007277026358,0.24389649332303487,0.06728717189829997,64.8,0.8604262689947364,3866.1529827298937,1647.0477879419184,0.9811439063017297,0.6122338492738472,-0.9152542372881356
9,21,6.644172191009863,19.14500562400834,0.32494480158563155,16.887985464105387,13.865065697175293,0.7464552981141912,0.5195356780494428,62.4,0.7946788307294637,3469.332646529949,2269.7218294077747,0.8804397033127762,0.8436916904126908,-0.8813559322033898
9,22,14.250371746383959,6.8819356791538535,16.97572925441223,0.1325996681155741,3.774370687062092,0.5136908256105235,0.010883901002899224,58.8,0.8259429530555723,3601.8747833314883,1390.777326835554,0.9140759588960244,0.5169740444236275,-0.8305084745762712
9,23,0.884053285393376,14.55049101623255,1.8673081125040492,7.824563809913241,0.36952029393863395,0.38697162516360034,0.5066163174824052,73.4,0.9087842442415155,4059.965886021032,2835.4581308955862,1.030329323918721,1.053984868345696,-1.036723163841808
9,24,14.845095335565418,4.104649849001758,15.213162478354931,7.67889578384351,18.39379742944801,0.7026677886633559,0.4071768893427714,66.4,0.8834578182894394,3761.2450995009967,2304.020583730232,0.9545206115658946,0.8564410827119726,-0.9378531073446329
9,25,9.263865442099803,19.985257515560285,0.34179510809613234,16.46151167395023,14.929937027812326,0.8665631928981663,0.21331599315168187,55.0,0.7294035087719298,3193.5618697311993,1529.6765147384087,0.810455194577393,0.5686050809323113,-0.7768361581920904
9,26,7.635358586168774,9.41815509659787,0.5554335572141227,18.584721865489144,5.8191917530978605,0.8599297893383444,0.21205109115087079,55.4,0.7405641232483338,3141.509378093843,1573.8123547109778,0.7972454263126741,0.5850110743680605,-0.7824858757062148
9,27,7.878546652646703,9.5936784702455,10.246037413010672,18.584721865489144,5.8191917530978605,0.8711391497935891,0.014246237478316257,56.4,0.7332895452992267,3316.613113584443,1289.37817665201,0.8416828719633536,0.47928236815020214,-0.7966101694915254
9,28,7.710377716655994,12.194818232043863,11.871811927487725,19.334443799723033,17.383676579592645,0.9375097712346354,0.05139881989008033,51.2,0.6746809876556712,3065.144060097924,1248.8493804684053,0.7778656017844722,0.464217170239382,-0.7231638418079097
9,29,0.8336082605086808,11.809635283589447,4.92899227174874,7.803336404323141,18.063793675554315,0.43741539148810715,0.7054181586534194,65.6,0.8578046835228237,3514.5916306086874,2761.5387187212386,0.8919254299854197,1.0265078475920293,-0.9265536723163842
9,30,7.663145217875165,4.242709351019601,12.920739296226717,3.360834076655159,5.883245391026909,0.9019066415775158,0.8826366511581263,52.0,0.6912441913458174,2496.7618938296537,2414.7744871614645,0.6336228102095453,0.8976100694992575,-0.7344632768361582
9,31,6.127135657024419,9.44765204110594,1.944608154394456,2.5751576910889815,3.3942178947857444,0.4327536759621131,0.5910788029482918,70.2,0.9008258039128771,3765.483934413828,2681.9112653023667,0.9555963338829166,0.9969090571553374,-0.9915254237288137
9,32,17.94871726862322,9.5936784702455,8.65538399003057,19.08794114283052,12.258272909169962,0.8645020348281431,0.014246237478316257,55.6,0.7165587823482561,3342.7764170593787,1288.4080581872854,0.8483225382900157,0.47892175969290157,-0.7853107344632769
9,33,6.644172191009863,18.802257260541513,0.32494480158563155,16.887985464105387,13.865065697175293,0.7464552981141912,0.25085821823520993,64.2,0.8362908158335818,3660.747159543702,1851.289358729593,0.9290164626547066,0.688153688382659,-0.9067796610169492
9,34,7.878546652646703,1.8087665772162946,10.246037413010672,18.634611198644425,5.678211944957527,0.8711391497935891,0.5461552389004566,55.0,0.7112395518498804,2978.7506018729937,2075.1225925795893,0.7559408576110351,0.7713560601405749,-0.7768361581920904
9,35,16.015517696992454,4.19408619215891,16.791251498439713,3.013676995923237,8.389933950016044,0.8706232447594072,0.9099608543459907,52.6,0.638781814970604,2535.785367274063,2472.998400052432,0.6435261025375366,0.9192528236257571,-0.7429378531073447
9,36,7.4666620620772095,13.203875210937358,3.7093126941347725,16.479203326858524,18.61870077582281,0.9423015692186981,0.14260076984026143,50.4,0.6473994331629292,3000.047456740992,1358.0130972835082,0.7613455271806223,0.5047950593789942,-0.711864406779661
9,37,18.68249339071096,19.318565803279693,4.424971891680473,16.4157955875342,18.427863435503095,0.709901732337441,0.29179363026006666,68.8,0.8484233310549101,3958.2755958170446,2162.974616562648,1.0045225829518267,0.8040120542188371,-0.9717514124293786
9,38,6.961767153527258,6.960394707165123,9.615311406051639,19.62344820945283,10.934948158914292,0.9214274620337817,0.5638045715100273,52.2,0.6821320592083098,2888.920740042134,2099.2398868778473,0.733144030394684,0.7803208418733156,-0.7372881355932204
9,39,4.623079797353234,7.302146048800116,1.0052855940959793,7.849892447053303,0.36952029393863395,0.37963845804414725,0.5066163174824052,72.0,0.917191671465741,3889.6250926707908,2616.7179473663914,0.9871006073788542,0.972675664366686,-1.0169491525423728
9,40,9.23952784248825,11.096050268636805,0.34179510809613234,16.058126553601767,14.813602675255753,0.794435787651782,0.19977320015432162,64.8,0.8282200732755584,3719.540839610595,1787.933472471653,0.9439369950765649,0.6646032981621522,-0.9152542372881356
9,41,18.657948542556706,18.984820899469785,16.837290392022794,2.6091301106435667,9.783941362297057,0.5280106960148956,0.8754153862629915,54.6,0.697246592416871,2803.7512112442505,2537.839024502684,0.7115298923727507,0.9433551146382737,-0.7711864406779662
9,42,6.078107662847065,7.295061299831315,5.757123808829138,14.586303675874769,8.40024002445576,0.8337118076385197,0.5056434453418749,58.0,0.7550797164008791,3256.7932546135444,2118.1590380263,0.8265019180881958,0.7873533911517336,-0.8192090395480226
9,43,4.482254462595896,14.439372475217402,14.25271698580303,7.884792785224477,10.54501220457006,0.9719851898535192,0.9737186618200478,47.6,0.6152941687180931,2242.0861246835507,2339.9325668180572,0.5689917466958689,0.8697901377921474,-0.672316384180791
9,44,14.878204147010942,17.921864344176058,17.17831929759975,14.880126872249622,13.613849128732836,0.8201390416269567,0.25375519476203323,61.8,0.8116629439837734,3596.4034083441957,1798.4075371392337,0.9126874452361011,0.6684966745267743,-0.8728813559322034
9,45,11.135365845938272,4.19408619215891,18.53228488675115,2.8220374505778656,4.986800942415839,0.9868762469872593,0.8754153862629915,48.2,0.6440357047422657,2302.987171720825,2232.719708013822,0.5844470821300671,0.8299374135919646,-0.6807909604519775
9,46,8.751268272997414,18.988972633911395,0.9885442987332347,18.71835566561953,6.914086036426935,0.8711391497935891,0.018958706765763222,54.4,0.7146507758564209,3216.8972396643176,1261.7470180694497,0.8163771940723559,0.4690114271958808,-0.768361581920904
9,47,9.390481383270043,4.104649849001758,15.213162478354931,7.76884489417173,18.40244453818437,0.7026677886633559,0.4001983542115529,64.2,0.8884056445506714,3578.9985893668513,2142.459353477889,0.9082704880809686,0.79638620475703,-0.9067796610169492
9,48,10.217295453239515,7.967127598725318,0.7069668452473667,18.2176367246474,3.2571627311707334,0.9091763861433356,0.10586186180967216,53.0,0.6814052580073925,3077.5027305841495,1314.7835251997146,0.7810019583362476,0.4887259401263016,-0.748587570621469
9,49,11.135365845938272,6.8083818809919014,6.914387572802964,3.7078037571776767,4.986800942415839,0.9752802291644006,0.026148058598388146,50.0,0.6783885519245045,2997.9361259666557,1201.2326776680504,0.7608097182427244,0.44651728474813107,-0.7062146892655368
9,50,6.961767153527258,6.960394707165123,9.615311406051639,19.62344820945283,10.934948158914292,0.9214274620337817,0.4884355564734312,53.8,0.7010066230755886,3021.398607151621,1889.6053741107821,0.7667639757550831,0.7023963604881077,-0.7598870056497175
9,51,4.482254462595896,14.689106992850807,13.930184386199791,6.123131159684569,9.64562980699839,0.9719851898535192,0.8287031066040978,49.4,0.6562423127060809,2585.8834004867895,2190.218835575989,0.6562398725885243,0.814139163583308,-0.6977401129943502
9,52,0.678171105372495,18.90415153080563,0.318988174314077,16.790436647891948,5.564324100366322,0.7464552981141912,0.5341666578401176,63.8,0.8400722085655097,3501.1693737629735,2479.6784518523577,0.888519158797545,0.92173590508627,-0.9011299435028248
9,53,8.013036908934449,19.639151548635844,6.301387599659465,3.8654074721189753,12.620007277026358,0.676010224650069,0.5060269726747353,62.8,0.8943293137043137,3555.147441275594,2290.9703732733697,0.9022175955253527,0.8515901119992029,-0.8870056497175142
9,54,4.299270096336302,3.685143086942364,4.119161493923037,9.50852235314022,0.07917933023175117,0.7893311796619056,0.07518277030715492,62.6,0.813810723995298,3687.218031489864,1678.4628279329336,0.9357341830399284,0.6239113191078125,-0.884180790960452
9,55,14.878204147010942,18.942813263313546,16.31435598539909,19.358503333733495,18.020018751013538,0.7887967707255819,0.036492338964274285,58.6,0.7714506853761232,3536.1094161552437,1379.4799074248633,0.8973861668627287,0.5127746140104328,-0.8276836158192091
9,56,4.36307352077123,7.043023656521953,5.110469115772978,13.343319660656759,10.224881270158848,0.9798574119575348,0.20392032766693774,48.8,0.6455734572994439,2840.788902024385,1458.0154851722773,0.7209292370895128,0.5419675369002575,-0.6892655367231638
9,57,5.883925526351181,7.422539510690063,5.715998380168282,19.000882209326342,5.332576703146916,0.8545927959678647,0.14782792777695875,58.2,0.7433904539161628,3380.2255849780113,1613.4858424727095,0.8578263067812182,0.5997583405398788,-0.8220338983050848
9,58,5.99108355848176,2.0972540248245544,4.335241427435275,18.582581839236482,9.973274205185152,0.9633918298854574,0.548843449013166,49.2,0.6167779306549257,2737.5724029788034,1855.7136519097735,0.6947351781578708,0.6897982684997925,-0.6949152542372882
9,59,5.886464969313773,7.041901076931946,5.119600992740757,18.762297534349113,5.463146898427297,0.975799368568013,0.14782792777695875,49.4,0.6291589608462491,2951.276960418447,1412.6446593787355,0.7489686565580872,0.5251024795997508,-0.6977401129943502
9,60,6.132631322405333,9.283870975492157,0.9511322607094983,18.721224063130485,3.5292468645300086,0.9852296741096341,0.01707136699484818,48.8,0.6480676837555932,2909.061905608663,1167.7118571158758,0.7382554116436123,0.43405706279967143,-0.6892655367231638
9,61,6.961767153527258,6.960394707165123,10.542984008460355,19.36520764694197,10.889755835993213,0.9214274620337817,0.5638045715100273,51.6,0.6782880283983288,2947.7495726506013,1981.5224297562886,0.7480734837521883,0.7365633914654452,-0.728813559322034
9,62,7.710377716655994,11.719898003991855,11.39787583688144,19.334443799723033,5.693414753105992,0.9375097712346354,0.001199295491086716,50.8,0.6943840693840694,3043.5147079063745,1193.0791577632094,0.7723765517663304,0.4434864917662776,-0.7175141242937852
9,63,7.878546652646703,9.915311775622843,1.3088620207179398,18.895399647769146,3.2150389750314616,0.8025214838404318,0.0005982882586780258,57.6,0.7260021699173014,3390.1837327387425,1300.4587258324702,0.8603534638898835,0.4834011844507894,-0.8135593220338984
9,64,18.73613407797993,19.97807082851315,1.3630821905537105,8.030202598671162,17.448775226511415,0.505909494499125,0.34949577829706324,74.0,0.9224961487127835,4199.110526760938,2294.6227192973683,1.0656411486101758,0.8529477470851567,-1.0451977401129944
9,65,5.2304126749515305,4.242709351019601,10.501553053146662,10.854795518354635,3.8431783424321235,0.51373710967095,0.08173951450784395,65.2,0.854744473155326,3917.8511868307555,1707.174425899472,0.9942637642449836,0.6345838765591187,-0.92090395480226
9,66,15.131505820190577,12.497374976938662,17.99656276261507,4.00550759835288,5.537742691085497,0.822882118212209,0.7381025959044417,60.0,0.7555256159774232,3089.0090595957618,2547.27088200842,0.7839220095199633,0.9468610860307338,-0.8474576271186441
9,67,6.022036323454435,9.307440182677016,4.831174727527058,2.9906938895302733,3.234836738459647,0.4327536759621131,0.6082810288320626,69.2,0.9049775371925174,3688.0375907901443,2659.39093991594,0.9359421690189921,0.9885378941574137,-0.9774011299435029
9,68,6.106836172793367,19.09881934778638,16.805726522597553,14.880126872249622,13.55827355070477,0.8948358456952556,0.5074926558901087,53.8,0.7205019030641948,3009.8173605840684,1934.7119251247234,0.7638249121567491,0.7191631826513188,-0.7598870056497175
9,69,4.475701456765158,16.910299847456937,14.466158201311337,6.292359210532242,9.839626887749327,0.9719851898535192,0.9768627231244301,47.4,0.6133501673004075,2214.8939286464397,2335.161700905952,0.5620909702496314,0.8680167310803801,-0.6694915254237288
9,70,6.127135657024419,8.72128667109796,1.944608154394456,2.5751576910889815,3.421533221841827,0.4371349971087434,0.5173133893607018,71.4,0.94677499093984,3910.2917389394993,2548.7557227420234,0.9923453439789872,0.947413024938972,-1.0084745762711866
9,71,6.066486032545684,3.7217586064476014,3.970501282484597,2.4710714735953725,0.11497736124366154,0.7903118328172765,0.07518277030715492,61.6,0.8116239641467953,3636.164485698702,1594.622803106508,0.9227779250822502,0.5927466489030475,-0.8700564971751413
9,72,0.40362235414201564,12.745510289925974,3.9710929578890095,16.966550987621726,3.283577009694691,0.35317901099490334,0.057967256742458756,63.2,0.8278568416613957,3811.5248648069487,1584.5043183575697,0.9672805011927617,0.588985447247568,-0.8926553672316385
9,73,0.884053285393376,16.10474611942374,1.6989069251269038,7.824563809913241,0.36952029393863395,0.4468258585336359,0.39156680748428474,75.0,0.9574749948759992,4183.783889779921,2498.649678522762,1.0617515879680601,0.9287878116641487,-1.0593220338983051
9,74,4.360534077808639,7.42366209028007,5.7068665032005015,13.581262654724366,10.094311075539759,0.7866801020987192,0.20392032766693774,62.0,0.822607431375037,3634.751094900098,1723.3591733331316,0.9224192378354011,0.6406000045023256,-0.8757062146892656
9,75,0.884053285393376,17.72292279219629,1.8673081125040492,7.824563809913241,0.6094922483708904,0.42358676511849935,0.5867985714381407,73.0,0.9096680154592294,3916.885115710373,2873.6741758730477,0.9940185968144523,1.0681903798626446,-1.0310734463276836
9,76,5.441454867706887,11.809635283589447,2.52615717555803,11.122113673506739,18.063793675554315,0.3927655102529669,0.4367740098293677,76.6,0.9481019290848032,4339.291554138295,2663.8674265005866,1.1012159852513514,0.9902018753928127,-1.0819209039548021
9,77,9.248143047812098,4.29025819995641,14.960141473224148,7.749440623112953,7.579725770607012,0.9884988264672752,0.3900568713755818,48.0,0.6089673522298961,2720.966057737355,1531.665077486756,0.6905208559330722,0.5693442613221313,-0.6779661016949153
9,78,0.9816760727459768,14.691543028184292,1.8673081125040492,7.824563809913241,0.36952029393863395,0.4436340747343163,0.5331808465966286,71.8,0.9324892072276345,3875.4728440708823,2746.393264197538,0.9835090804692121,1.0208780413472245,-1.0141242937853108
9,79,18.190864427689796,11.26746648905851,6.3349190613042285,3.442700281364478,3.251826726706243,0.7842684488979959,0.906150621594485,52.8,0.7030177919427107,2570.888258738385,2464.356774425433,0.6524344380865018,0.91604059398656,-0.7457627118644068
10,0,0.884053285393376,14.691543028184292,1.8673081125040492,7.824563809913241,0.36952029393863395,0.42358676511849935,0.5867985714381407,74.6,0.9378702345534755,4035.55068018699,2941.6772176793106,1.024133286014329,1.0934681916858235,-1.0536723163841808
10,1,6.10554398662318,9.906020016240337,5.899934441073484,14.798605840176823,4.9971070168369565,0.3787435378378585,0.5056434453418749,78.8,0.9445576905197532,4253.2970337727365,2895.9099892855656,1.0793924826613344,1.0764557852363963,-1.112994350282486
10,2,7.878546652646703,9.601092854918802,1.3513874361715388,18.959557090563738,5.8191917530978605,0.9991046247295744,0.9234727176983007,46.8,0.629393161888948,2289.15777022742,2249.3973317288883,0.5809374866578587,0.8361367514852351,-0.6610169491525424
10,3,4.841805718353657,11.604882791292837,1.2242213026027144,11.122113673506739,10.336785762448839,0.3949345123692859,0.43133685717095205,78.2,0.9315178429387269,4391.632546594572,2586.3669582813827,1.1144989686272444,0.9613937191718823,-1.1045197740112995
10,4,4.482254462595896,17.720486777588768,14.466158201311337,6.335337938334012,9.839626887749327,0.9719851898535192,0.9929990110242966,47.2,0.6250735264000784,2187.220230062725,2386.890742304057,0.5550679991329865,0.8872452382106935,-0.6666666666666667
10,5,7.878546652646703,9.5936784702455,1.3513874361715388,18.966498811461847,5.8191917530978605,0.9991046247295744,0.0005982882586780258,47.6,0.6107891891126158,2851.997974859917,1113.49421804237,0.7237738512465318,0.4139035043470717,-0.672316384180791
10,6,6.106836172793367,18.99730908523648,3.264607877925333,14.895088342116267,13.481174830956222,0.5328725973581746,0.5074926558901087,74.4,0.9147023103979697,4053.5203018403818,2839.937411212526,1.0286935775657833,1.0556498880558063,-1.0508474576271187
10,7,18.101835900501996,11.26746648905851,6.3349190613042285,3.4475370009345063,3.9749886800420082,0.7951760101305146,0.906150621594485,53.2,0.7278162878126884,2626.0392565746056,2508.9444635258687,0.6664305385241156,0.9326145469271094,-0.7514124293785311
10,8,4.36307352077123,7.043023656521953,5.110469115772978,13.343319660656759,10.224881270158848,0.9798574119575348,0.20392032766693774,48.8,0.6455734572994439,2840.788902024385,1458.0154851722773,0.7209292370895128,0.5419675369002575,-0.6892655367231638
10,9,8.091874576956311,19.580647736200614,6.301387599659465,3.8654074721189753,12.620007277026358,0.24389649332303487,0.5167973019716949,77.2,0.9408368621615347,4323.355223200089,2752.5599565002253,1.0971716978010944,1.0231702989206855,-1.0903954802259888
10,10,6.132631322405333,9.283870975492157,0.9511322607094983,18.721224063130485,3.5292468645300086,0.9852296741096341,0.01707136699484818,48.8,0.6480676837555932,2909.061905608663,1167.7118571158758,0.7382554116436123,0.43405706279967143,-0.6892655367231638
10,11,9.248143047812098,4.29025819995641,14.960141473224148,7.749440623112953,7.579725770607012,0.9884988264672752,0.3900568713755818,48.0,0.6089673522298961,2720.966057737355,1531.665077486756,0.6905208559330722,0.5693442613221313,-0.6779661016949153
10,12,7.663145217875165,4.242709351019601,12.920739296226717,3.360834076655159,5.883245391026909,0.9019066415775158,0.8826366511581263,52.0,0.6912441913458174,2496.7618938296537,2414.7744871614645,0.6336228102095453,0.8976100694992575,-0.7344632768361582
10,13,7.646226737531402,1.4761692715853112,12.920739296226717,14.92145602027353,12.485300500827991,0.7866771613204643,0.8782414390335012,54.8,0.6925466777639062,2771.6347330332833,2525.3741179367644,0.7033794422924455,0.9387217106875433,-0.7740112994350282
10,14,9.263865442099803,19.989931002395974,0.07750009269889047,16.46151167395023,12.750453077066885,0.22201552658226936,0.21331599315168187,69.4,0.9181557739488909,4111.953024333003,2105.7824184269907,1.0435225069584775,0.7827528048701712,-0.9802259887005651
10,15,6.961767153527258,6.960394707165123,6.559178365827839,19.646597301365475,3.9921010689186374,0.9214274620337817,0.9070863234666481,50.2,0.6794536671058411,2450.128081926584,2397.7895087144107,0.6217881827179009,0.8912964829654587,-0.7090395480225989
10,16,11.135365845938272,4.19408619215891,18.53228488675115,2.3745546710160834,3.530360192366012,0.9869435433023459,0.8754153862629915,48.2,0.6440357047422657,2297.9537913616464,2232.719708013822,0.5831697217955003,0.8299374135919646,-0.6807909604519775
10,17,6.078107662847065,7.295061299831315,5.757123808829138,14.586303675874769,8.40024002445576,0.8337118076385197,0.5056434453418749,58.0,0.7550797164008791,3256.7932546135444,2118.1590380263,0.8265019180881958,0.7873533911517336,-0.8192090395480226
10,18,14.821656866733834,9.647113345637942,1.455674255560572,18.789656396454788,3.2150389750314616,0.8200818948107554,0.24640740230118652,59.8,0.7940238896905564,3450.097096852916,1809.490793967642,0.8755581472971994,0.672616497303153,-0.844632768361582
10,19,3.1947782927415713,14.691543028184292,2.3247026748974413,7.824563809913241,0.006762993877643453,0.4306280204141778,0.5867985714381407,70.8,0.9139157878916915,3777.1409030685963,2717.630272339418,0.9585546140680686,1.0101863799693034,-1.0
10,20,0.884053285393376,16.10474611942374,1.6989069251269038,7.824563809913241,0.36952029393863395,0.4468258585336359,0.39156680748428474,75.0,0.9574749948759992,4183.783889779921,2498.649678522762,1.0617515879680601,0.9287878116641487,-1.0593220338983051
10,21,6.644172191009863,19.14500562400834,0.32494480158563155,16.887985464105387,13.865065697175293,0.7464552981141912,0.5195356780494428,62.4,0.7946788307294637,3469.332646529949,2269.7218294077747,0.8804397033127762,0.8436916904126908,-0.8813559322033898
10,22,8.033104915423976,13.195721315406724,16.904174302304064,3.483942952171745,17.817506726839238,0.5049382224009624,0.14199115853416827,70.0,0.8859492437835975,4135.401375670941,1949.2450469467094,1.049473178628949,0.7245653750953878,-0.9887005649717514
10,23,4.294061937137143,0.8669106711702632,17.06354839016948,15.236580137997603,7.648764149065017,0.8020772160582526,0.9852855323775007,49.8,0.657968784158331,2388.5981258873126,2449.9233331703367,0.6061732441232266,0.9106754543940304,-0.7033898305084746
10,24,3.9045670824753156,0.8669106711702632,16.81739257211812,15.47199174634661,7.648764149065017,0.8020772160582526,0.9852855323775007,49.6,0.6657684036890856,2371.9836062699924,2441.0091421499665,0.6019568474230749,0.9073619078645863,-0.7005649717514125
10,25,6.127135657024419,8.72128667109796,1.944608154394456,2.5751576910889815,3.421533221841827,0.4371349971087434,0.5173133893607018,71.4,0.94677499093984,3910.2917389394993,2548.7557227420234,0.9923453439789872,0.947413024938972,-1.0084745762711866
10,26,1.9964890698790707,14.55049101623255,1.8673081125040492,7.824563809913241,0.36952029393863395,0.39087364005867314,0.5235227191367031,72.6,0.939064472716461,3960.1414934607865,2716.030353634328,1.0049961064029467,1.0095916647494334,-1.0254237288135593
10,27,0.773656195664254,7.1400934640026215,9.19788571314209,14.344820638577822,10.917836319927794,0.834091690009623,0.3985671766667377,59.2,0.7464725086098893,3374.282885950123,2023.7864958302284,0.8563181815300335,0.7522736167836465,-0.8361581920903955
10,28,8.013036908934449,19.639151548635844,7.357815652721653,3.8654074721189753,12.620007277026358,0.24874921938105926,0.5006266786587925,76.4,0.9473619947304158,4256.375186329198,2679.7103430077927,1.0801736495310703,0.9960909393458697,-1.0790960451977403
10,29,4.927874622302356,11.788072380351844,4.1632153300432995,17.680304645528953,3.254852361814013,0.547228558793293,0.4256987384728021,75.6,0.9168261292010265,4155.802444035749,2582.8078928776863,1.054650517445491,0.960070757975568,-1.0677966101694916
10,30,6.66317895015161,18.207754692090848,6.037778109061081,16.794438500655023,13.778377833001834,0.5987556428861855,0.13993836184281605,67.8,0.8911147066706608,4003.475583270537,1850.3920754588798,1.0159933375890615,0.687820153924983,-0.9576271186440678
10,31,14.845095335565418,4.104649849001758,15.213162478354931,7.67889578384351,18.39379742944801,0.7026677886633559,0.4071768893427714,66.4,0.8834578182894394,3761.2450995009967,2304.020583730232,0.9545206115658946,0.8564410827119726,-0.9378531073446329
10,32,18.210760472660162,14.475521081107637,14.25271698580303,7.884792785224477,12.229526950393257,0.9853733146636701,0.9519241063804049,48.4,0.6153097447652851,2278.5684487479425,2315.70843944248,0.5782501516538199,0.8607856445060227,-0.6836158192090396
10,33,7.9225778413030365,9.287714485428157,4.831174727527058,5.046886317575489,3.234836738459647,0.41756653663971616,0.5488916308340404,72.8,0.9207505423735649,3999.593844259255,2686.9783909915677,1.0150082382942882,0.9987925883365002,-1.0282485875706215
10,34,4.211908789415898,9.557529863745494,8.65538399003057,19.08794114283052,10.400580838450095,0.8645020348281431,0.03991654779582282,55.6,0.7291562062525918,3309.3245686832497,1342.7114823021432,0.839833200869748,0.4991072058092726,-0.7853107344632769
10,35,18.68249339071096,8.9648267466773,1.5730995745049785,16.363102747739916,18.427863435503095,0.7272469758231065,0.29179363026006666,66.0,0.8781235392324713,3851.9749809194823,2087.6320298678897,0.9775458437982646,0.7760060168688104,-0.9322033898305085
10,36,18.587466950112145,18.905910882043155,1.0397540859884762,14.826292795525026,5.193054190157692,0.5333271825163824,0.21331599315168187,67.0,0.9043081578051178,3946.8435232819575,2000.12883221013,1.0016213764154314,0.743479687081669,-0.9463276836158192
10,37,5.886464969313773,7.041901076931946,5.119600992740757,18.762297534349113,5.463146898427297,0.975799368568013,0.14782792777695875,49.4,0.6291589608462491,2951.276960418447,1412.6446593787355,0.7489686565580872,0.5251024795997508,-0.6977401129943502
10,38,15.131505820190577,14.7037699179808,17.99656276261507,4.00550759835288,5.537742691085497,0.822882118212209,0.7343016554288206,60.2,0.7359974394755625,3112.293487003631,2577.4316001881134,0.7898310809315205,0.9580723045049052,-0.8502824858757063
10,39,7.710377716655994,12.194818232043863,11.871811927487725,19.334443799723033,17.383676579592645,0.9375097712346354,0.05139881989008033,51.2,0.6746809876556712,3065.144060097924,1248.8493804684053,0.7778656017844722,0.464217170239382,-0.7231638418079097
10,40,5.883925526351181,7.422539510690063,5.715998380168282,19.000882209326342,5.332576703146916,0.8545927959678647,0.14782792777695875,58.2,0.7433904539161628,3380.2255849780113,1613.4858424727095,0.8578263067812182,0.5997583405398788,-0.8220338983050848
10,41,4.623079797353234,7.302146048800116,1.0052855940959793,7.849892447053303,0.36952029393863395,0.37963845804414725,0.5066163174824052,72.0,0.917191671465741,3889.6250926707908,2616.7179473663914,0.9871006073788542,0.972675664366686,-1.0169491525423728
10,42,5.441454867706887,11.846890874488466,1.2242213026027144,11.122113673506739,18.056780127911235,0.3927655102529669,0.43133685717095205,76.6,0.9329808806626222,4358.240486821248,2603.8771111114934,1.10602480422873,0.9679025213736372,-1.0819209039548021
10,43,6.535090637933168,19.33500523697978,0.32494480158563155,0.2335500220664386,13.865065697175293,0.7550340534272265,0.02358929214667646,60.0,0.7958318277265646,3707.2697129338717,1485.3578280639522,0.9408228552026114,0.5521311204703815,-0.8474576271186441
10,44,11.135365845938272,6.8083818809919014,6.914387572802964,3.7078037571776767,4.986800942415839,0.9752802291644006,0.026148058598388146,50.0,0.6783885519245045,2997.9361259666557,1201.2326776680504,0.7608097182427244,0.44651728474813107,-0.7062146892655368
10,45,8.091874576956311,13.224976501319391,6.301387599659465,3.9443753668999193,12.620007277026358,0.24389649332303487,0.06728717189829997,64.8,0.8604262689947364,3866.1529827298937,1647.0477879419184,0.9811439063017297,0.6122338492738472,-0.9152542372881356
10,46,17.94871726862322,9.5936784702455,8.65538399003057,19.08794114283052,12.258272909169962,0.8645020348281431,0.014246237478316257,55.6,0.7165587823482561,3342.7764170593787,1288.4080581872854,0.8483225382900157,0.47892175969290157,-0.7853107344632769
10,47,5.2304126749515305,4.242709351019601,10.501553053146662,10.854795518354635,3.8431783424321235,0.51373710967095,0.08173951450784395,65.2,0.854744473155326,3917.8511868307555,1707.174425899472,0.9942637642449836,0.6345838765591187,-0.92090395480226
10,48,0.8336082605086808,11.563683348959977,5.078538599443205,8.005597515326082,17.39330050678278,0.44602032330148006,0.7054181586534194,67.0,0.8535039047252285,3595.5438933511045,2798.2624530766343,0.9124693193881035,1.0401586435244343,-0.9463276836158192
10,49,14.878204147010942,18.942813263313546,16.31435598539909,19.358503333733495,18.020018751013538,0.7887967707255819,0.036492338964274285,58.6,0.7714506853761232,3536.1094161552437,1379.4799074248633,0.8973861668627287,0.5127746140104328,-0.8276836158192091
10,50,0.40362235414201564,12.745510289925974,3.9710929578890095,16.966550987621726,3.283577009694691,0.35317901099490334,0.057967256742458756,63.2,0.8278568416613957,3811.5248648069487,1584.5043183575697,0.9672805011927617,0.588985447247568,-0.8926553672316385
10,51,4.299270096336302,3.685143086942364,4.119161493923037,9.50852235314022,0.07917933023175117,0.7893311796619056,0.07518277030715492,62.6,0.813810723995298,3687.218031489864,1678.4628279329336,0.9357341830399284,0.6239113191078125,-0.884180790960452
10,52,0.8336082605086808,11.809635283589447,4.92899227174874,7.803336404323141,18.063793675554315,0.43741539148810715,0.7054181586534194,65.6,0.8578046835228237,3514.5916306086874,2761.5387187212386,0.8919254299854197,1.0265078475920293,-0.9265536723163842
10,53,6.127135657024419,9.52846129490737,1.8673148586031576,7.5960704075869,2.5544964173167326,0.4326178567238596,0.5910788029482918,73.4,0.9368594808344151,3930.1854430860667,2791.89935928344,0.9973939250062677,1.0377933803943549,-1.036723163841808
10,54,8.091874576956311,19.580647736200614,6.301387599659465,14.705729302329766,12.859505090682879,0.8468839831301971,0.5011107312481493,56.8,0.7273738738738738,3214.544749257948,2052.1513670653444,0.8157801841668624,0.7628172903962572,-0.8022598870056498
10,55,8.013036908934449,19.639151548635844,6.301387599659465,3.8654074721189753,12.620007277026358,0.676010224650069,0.5060269726747353,62.8,0.8943293137043137,3555.147441275594,2290.9703732733697,0.9022175955253527,0.8515901119992029,-0.8870056497175142
10,56,0.7559625415887403,11.26746648905851,9.39105210152848,4.064193648862693,10.917836319927794,0.7951760101305146,0.3985671766667377,60.4,0.8050912456483553,3416.440426275191,1982.524524445161,0.8670168305435042,0.7369358859936531,-0.8531073446327684
10,57,6.961767153527258,6.960394707165123,10.542984008460355,19.36520764694197,10.889755835993213,0.9214274620337817,0.5638045715100273,51.6,0.6782880283983288,2947.7495726506013,1981.5224297562886,0.7480734837521883,0.7365633914654452,-0.728813559322034
10,58,8.033104915423976,13.311106040484855,6.657133755117006,3.483942952171745,18.107743569855906,0.5051359756249199,0.14274769897828982,68.2,0.8657519371067759,4039.2498205222146,1889.7489597656597,1.0250720458137144,0.7024497335589013,-0.9632768361581922
10,59,4.927874622302356,11.788072380351844,4.1632153300432995,17.680304645528953,3.015468350341557,0.5367867079853921,0.4256987384728021,76.0,0.9212705736454708,4212.924035876721,2633.8818016341547,1.0691467109493111,0.9790557418869982,-1.073446327683616
10,60,7.920589961883371,7.335873291610172,10.246037413010672,18.584721865489144,5.8191917530978605,0.8711391497935891,0.4933638582705473,54.2,0.708838452395424,3016.87652663224,1919.9411487024845,0.7656163719832676,0.7136726502138535,-0.7655367231638419
10,61,0.678171105372495,18.90415153080563,0.318988174314077,16.790436647891948,5.564324100366322,0.7464552981141912,0.5341666578401176,63.8,0.8400722085655097,3501.1693737629735,2479.6784518523577,0.888519158797545,0.92173590508627,-0.9011299435028248
10,62,7.878546652646703,9.915311775622843,1.3088620207179398,18.895399647769146,3.2150389750314616,0.8025214838404318,0.0005982882586780258,57.6,0.7260021699173014,3390.1837327387425,1300.4587258324702,0.8603534638898835,0.4834011844507894,-0.8135593220338984
10,63,6.10554398662318,9.906020016240337,11.050903407622345,14.798605840176823,11.890111324152091,0.3787435378378585,0.564432632354094,77.8,0.9247003106097818,4196.3869409306035,2925.9190525838053,1.0649499629140433,1.0876106311799627,-1.0988700564971752
10,64,18.68249339071096,19.318565803279693,4.424971891680473,16.4157955875342,18.427863435503095,0.709901732337441,0.29179363026006666,68.8,0.8484233310549101,3958.2755958170446,2162.974616562648,1.0045225829518267,0.8040120542188371,-0.9717514124293786
10,65,6.0827474484988775,9.485241794681698,5.244004692465829,14.798605840176823,4.969791689780949,0.37436221669122827,0.5051212589193133,78.0,0.9466477813216944,4216.564359027507,2912.7373313211106,1.070070544251386,1.082710775809768,-1.1016949152542372
10,66,9.263865442099803,19.985257515560285,0.34179510809613234,16.46151167395023,14.929937027812326,0.8665631928981663,0.21331599315168187,55.0,0.7294035087719298,3193.5618697311993,1529.6765147384087,0.810455194577393,0.5686050809323113,-0.7768361581920904
10,67,9.23952784248825,11.096050268636805,0.34179510809613234,16.058126553601767,14.813602675255753,0.794435787651782,0.19977320015432162,64.8,0.8282200732755584,3719.540839610595,1787.933472471653,0.9439369950765649,0.6646032981621522,-0.9152542372881356
10,68,18.73613407797993,19.97807082851315,1.3630821905537105,8.030202598671162,17.448775226511415,0.505909494499125,0.34949577829706324,74.0,0.9224961487127835,4199.110526760938,2294.6227192973683,1.0656411486101758,0.8529477470851567,-1.0451977401129944
10,69,16.015517696992454,4.19408619215891,16.791251498439713,3.013676995923237,8.389933950016044,0.8706232447594072,0.9099608543459907,52.6,0.638781814970604,2535.785367274063,2472.998400052432,0.6435261025375366,0.9192528236257571,-0.7429378531073447
10,70,4.482254462595896,14.689106992850807,13.930184386199791,6.123131159684569,9.64562980699839,0.9719851898535192,0.8287031066040978,49.4,0.6562423127060809,2585.8834004867895,2190.218835575989,0.6562398725885243,0.814139163583308,-0.6977401129943502
10,71,6.066486032545684,3.7217586064476014,3.970501282484597,2.4710714735953725,0.11497736124366154,0.7903118328172765,0.07518277030715492,61.6,0.8116239641467953,3636.164485698702,1594.622803106508,0.9227779250822502,0.5927466489030475,-0.8700564971751413
10,72,7.710377716655994,11.719898003991855,11.39787583688144,19.334443799723033,5.693414753105992,0.9375097712346354,0.001199295491086716,50.8,0.6943840693840694,3043.5147079063745,1193.0791577632094,0.7723765517663304,0.4434864917662776,-0.7175141242937852
10,73,4.475701456765158,16.910299847456937,14.466158201311337,6.292359210532242,9.839626887749327,0.9719851898535192,0.9768627231244301,47.4,0.6133501673004075,2214.8939286464397,2335.161700905952,0.5620909702496314,0.8680167310803801,-0.6694915254237288
10,74,6.931184399067961,14.439372475217402,14.354787523511149,7.884792785224477,10.49996541838144,0.9810809325816026,0.9737186618200478,47.8,0.619775964458951,2232.544178533025,2341.090920380975,0.5665702123278117,0.8702207162282056,-0.675141242937853
10,75,7.878546652646703,9.5936784702455,10.246037413010672,18.584721865489144,5.8191917530978605,0.8711391497935891,0.014246237478316257,56.4,0.7332895452992267,3316.613113584443,1289.37817665201,0.8416828719633536,0.47928236815020214,-0.7966101694915254
10,76,7.635358586168774,9.41815509659787,0.5554335572141227,18.584721865489144,5.8191917530978605,0.8599297893383444,0.21205109115087079,55.4,0.7405641232483338,3141.509378093843,1573.8123547109778,0.7972454263126741,0.5850110743680605,-0.7824858757062148
10,77,4.482254462595896,14.437438170651841,13.593053091927898,6.118902756654514,9.64562980699839,0.9719851898535192,0.8228166924090291,49.2,0.6659744555632237,2554.763410219935,2184.1067628298515,0.6483423090542086,0.8118672089674159,-0.6949152542372882
10,78,16.018467486000425,19.25159860530827,17.587340882990436,9.430855411295006,10.221094850824265,0.8168976004846825,0.22460940862266304,61.0,0.8095386380687586,3605.3586582095363,1733.4602150142855,0.9149600890952648,0.6443547222921815,-0.8615819209039548
10,79,6.106836172793367,19.09881934778638,16.805726522597553,14.880126872249622,13.55827355070477,0.8948358456952556,0.5074926558901087,53.8,0.7205019030641948,3009.8173605840684,1934.7119251247234,0.7638249121567491,0.7191631826513188,-0.7598870056497175
11,0,7.878546652646703,8.487904948827238,1.3513874361715388,18.959557090563738,5.8191917530978605,0.999095027054449,0.9234727176983007,46.8,0.629393161888948,2288.990792041506,2249.3973317288883,0.5808951112965302,0.8361367514852351,-0.6610169491525424
11,1,0.884053285393376,14.691543028184292,1.8673081125040492,7.824563809913241,0.36952029393863395,0.42358676511849935,0.5867985714381407,74.6,0.9378702345534755,4035.55068018699,2941.6772176793106,1.024133286014329,1.0934681916858235,-1.0536723163841808
11,2,4.841805718353657,11.604882791292837,1.2242213026027144,11.122113673506739,10.336785762448839,0.3949345123692859,0.43133685717095205,78.2,0.9315178429387269,4391.632546594572,2586.3669582813827,1.1144989686272444,0.9613937191718823,-1.1045197740112995
11,3,7.878546652646703,11.772322845558493,1.3513874361715388,10.804862081731313,5.8191917530978605,0.9991046247295744,0.0006439035707069829,47.6,0.6451951048374125,2808.490136744823,1074.475768225811,0.7127325265928847,0.3993997261939555,-0.672316384180791
11,4,6.10554398662318,9.906020016240337,5.899934441073484,14.798605840176823,4.9971070168369565,0.3787435378378585,0.5056434453418749,78.8,0.9445576905197532,4253.2970337727365,2895.9099892855656,1.0793924826613344,1.0764557852363963,-1.112994350282486
11,5,4.482254462595896,17.720486777588768,14.466158201311337,6.335337938334012,9.839626887749327,0.9719851898535192,0.9929990110242966,47.2,0.6250735264000784,2187.220230062725,2386.890742304057,0.5550679991329865,0.8872452382106935,-0.6666666666666667
11,6,8.091874576956311,19.580647736200614,6.301387599659465,3.8654074721189753,12.620007277026358,0.24389649332303487,0.5167973019716949,77.2,0.9408368621615347,4323.355223200089,2752.5599565002253,1.0971716978010944,1.0231702989206855,-1.0903954802259888
11,7,7.710377716655994,12.194818232043863,11.871811927487725,19.334443799723033,17.383676579592645,0.9375097712346354,0.05139881989008033,51.2,0.6746809876556712,3065.144060097924,1248.8493804684053,0.7778656017844722,0.464217170239382,-0.7231638418079097
11,8,18.68249339071096,19.318565803279693,4.424971891680473,16.4157955875342,18.427863435503095,0.709901732337441,0.29179363026006666,68.8,0.8484233310549101,3958.2755958170446,2162.974616562648,1.0045225829518267,0.8040120542188371,-0.9717514124293786
11,9,6.066486032545684,3.7217586064476014,3.970501282484597,2.4710714735953725,0.11497736124366154,0.7903118328172765,0.07518277030715492,61.6,0.8116239641467953,3636.164485698702,1594.622803106508,0.9227779250822502,0.5927466489030475,-0.8700564971751413
11,10,17.779110142504667,10.28196824399892,6.3349190613042285,3.6071997932355804,3.9749886800420082,0.7951760101305146,0.906150621594485,53.4,0.7315697892132487,2609.983361298102,2495.1732898659343,0.6623559082957905,0.9274955827291274,-0.7542372881355932
11,11,6.66317895015161,18.207754692090848,6.037778109061081,16.794438500655023,13.778377833001834,0.5987556428861855,0.13993836184281605,67.8,0.8911147066706608,4003.475583270537,1850.3920754588798,1.0159933375890615,0.687820153924983,-0.9576271186440678
11,12,6.078107662847065,10.045241931483876,5.757123808829138,14.586303675874769,5.039040651438491,0.8337118076385197,0.5056434453418749,56.8,0.7498185376267568,3144.079620675694,2050.1789470563294,0.7978976968922826,0.7620841105193011,-0.8022598870056498
11,13,7.710377716655994,11.719898003991855,11.39787583688144,19.334443799723033,5.693414753105992,0.9375097712346354,0.001199295491086716,50.8,0.6943840693840694,3043.5147079063745,1193.0791577632094,0.7723765517663304,0.4434864917662776,-0.7175141242937852
11,14,9.263865442099803,19.985257515560285,0.34179510809613234,16.46151167395023,14.929937027812326,0.8665631928981663,0.21331599315168187,55.0,0.7294035087719298,3193.5618697311993,1529.6765147384087,0.810455194577393,0.5686050809323113,-0.7768361581920904
11,15,6.107850807378437,9.283870975492157,0.9511322607094983,18.721224063130485,3.5292468645300086,0.9852296741096341,0.01707136699484818,48.8,0.6480676837555932,2909.0595266792207,1167.7118571158758,0.7382548079240657,0.43405706279967143,-0.6892655367231638
11,16,7.646226737531402,1.36059162330023,11.917590028774285,14.92145602027353,12.485300500827991,0.7866771613204643,0.8782414390335012,54.8,0.6925466777639062,2771.104944509443,2525.3741179367644,0.7032449937116169,0.9387217106875433,-0.7740112994350282
11,17,0.773656195664254,7.1400934640026215,9.19788571314209,14.344820638577822,10.917836319927794,0.834091690009623,0.3985671766667377,59.2,0.7464725086098893,3374.282885950123,2023.7864958302284,0.8563181815300335,0.7522736167836465,-0.8361581920903955
11,18,16.018467486000425,19.25159860530827,17.587340882990436,9.430855411295006,10.221094850824265,0.8168976004846825,0.22460940862266304,61.0,0.8095386380687586,3605.3586582095363,1733.4602150142855,0.9149600890952648,0.6443547222921815,-0.8615819209039548
11,19,5.441454867706887,11.846890874488466,1.2242213026027144,11.122113673506739,18.056780127911235,0.3927655102529669,0.43133685717095205,76.6,0.9329808806626222,4358.240486821248,2603.8771111114934,1.10602480422873,0.9679025213736372,-1.0819209039548021
11,20,7.920589961883371,7.335873291610172,10.246037413010672,18.584721865489144,5.8191917530978605,0.8711391497935891,0.4933638582705473,54.2,0.708838452395424,3016.87652663224,1919.9411487024845,0.7656163719832676,0.7136726502138535,-0.7655367231638419
11,21,9.23952784248825,11.096050268636805,0.34179510809613234,16.058126553601767,14.813602675255753,0.794435787651782,0.19977320015432162,64.8,0.8282200732755584,3719.540839610595,1787.933472471653,0.9439369950765649,0.6646032981621522,-0.9152542372881356
11,22,6.644172191009863,19.14500562400834,0.32494480158563155,14.937070069746936,13.775877452894637,0.7283381970864254,0.5195356780494428,64.4,0.8192975312975314,3559.7631810912776,2351.725159814942,0.9033889679499469,0.8741736321001201,-0.9096045197740115
11,23,16.015517696992454,4.19408619215891,16.791251498439713,3.013676995923237,8.389933950016044,0.8706232447594072,0.9099608543459907,52.6,0.638781814970604,2535.785367274063,2472.998400052432,0.6435261025375366,0.9192528236257571,-0.7429378531073447
11,24,0.884053285393376,13.18416262753097,1.8502540026325187,7.824563809913241,0.36952029393863395,0.42152836480880684,0.5921412073732943,71.0,0.9194820768510616,3752.6598882073317,2685.1243159888036,0.9523418752916916,0.9981033991799408,-1.0028248587570623
11,25,7.920589961883371,9.912318161283727,10.246037413010672,18.57580990004708,5.8191917530978605,0.9980441431593959,0.4933638582705473,47.2,0.6168570721241129,2664.5412220712496,1701.2436153682283,0.6762014836978884,0.6323792999903998,-0.6666666666666667
11,26,6.535090637933168,19.33500523697978,0.32494480158563155,0.2335500220664386,13.865065697175293,0.7550340534272265,0.02358929214667646,60.0,0.7958318277265646,3707.2697129338717,1485.3578280639522,0.9408228552026114,0.5521311204703815,-0.8474576271186441
11,27,8.013036908934449,19.639151548635844,7.357815652721653,3.8654074721189753,12.620007277026358,0.24874921938105926,0.5006266786587925,76.4,0.9473619947304158,4256.375186329198,2679.7103430077927,1.0801736495310703,0.9960909393458697,-1.0790960451977403
11,28,5.87040780537445,9.535733174197356,8.213559717211256,19.083378322655612,5.1116219171153805,0.8545927959678647,0.16503048319390023,55.8,0.7252707552003956,3280.9736683770266,1565.030395595796,0.8326383709709121,0.5817466805401367,-0.788135593220339
11,29,18.68249339071096,8.9648267466773,1.5730995745049785,16.363102747739916,18.427863435503095,0.7272469758231065,0.29179363026006666,66.0,0.8781235392324713,3851.9749809194823,2087.6320298678897,0.9775458437982646,0.7760060168688104,-0.9322033898305085
11,30,7.663145217875165,4.242709351019601,12.920739296226717,3.360834076655159,5.883245391026909,0.9019066415775158,0.8826366511581263,52.0,0.6912441913458174,2496.7618938296537,2414.7744871614645,0.6336228102095453,0.8976100694992575,-0.7344632768361582
11,31,14.821656866733834,9.647113345637942,1.455674255560572,18.789656396454788,3.2150389750314616,0.8200818948107554,0.24640740230118652,59.8,0.7940238896905564,3450.097096852916,1809.490793967642,0.8755581472971994,0.672616497303153,-0.844632768361582
11,32,8.091874576956311,13.224976501319391,6.301387599659465,3.9443753668999193,12.620007277026358,0.24389649332303487,0.06728717189829997,64.8,0.8604262689947364,3866.1529827298937,1647.0477879419184,0.9811439063017297,0.6122338492738472,-0.9152542372881356
11,33,11.14943923670497,4.19408619215891,18.53228488675115,3.8177307905469435,3.530360192366012,0.9869435433023459,0.5071540226182044,48.0,0.6582248812458833,2698.013377851113,1740.2933763573026,0.6846959746869661,0.6468947170041578,-0.6779661016949153
11,34,6.106836172793367,18.99730908523648,3.264607877925333,14.895088342116267,13.481174830956222,0.5328725973581746,0.5074926558901087,74.4,0.9147023103979697,4053.5203018403818,2839.937411212526,1.0286935775657833,1.0556498880558063,-1.0508474576271187
11,35,0.678171105372495,18.90415153080563,0.318988174314077,16.790436647891948,5.564324100366322,0.7464552981141912,0.5341666578401176,63.8,0.8400722085655097,3501.1693737629735,2479.6784518523577,0.888519158797545,0.92173590508627,-0.9011299435028248
11,36,4.2945135193596995,18.232477803773,17.115726371854322,15.236580137997603,9.888232375609745,0.8020772160582526,0.9852855323775007,49.0,0.6461290214675388,2365.8798487661857,2428.446782731721,0.6004078491017061,0.9026922791392386,-0.692090395480226
11,37,8.69183707455963,0.47674125149734436,16.823510466960542,15.47199174634661,12.609636949669138,0.8020772160582526,0.4998142448521814,58.8,0.768946051838457,3239.5092263266974,2164.0901674324496,0.8221156149321287,0.804426722213342,-0.8305084745762712
11,38,9.062408821432271,14.613435856232552,14.226644185052477,7.502030253811817,7.579725770607012,0.9885941232079478,0.3900568713755818,48.0,0.6089673522298961,2720.2263825696828,1531.665077486756,0.6903331427756658,0.5693442613221313,-0.6779661016949153
11,39,14.845095335565418,4.104649849001758,15.213162478354931,7.67889578384351,18.39379742944801,0.7026677886633559,0.4071768893427714,66.4,0.8834578182894394,3761.2450995009967,2304.020583730232,0.9545206115658946,0.8564410827119726,-0.9378531073446329
11,40,0.40362235414201564,12.745510289925974,3.9710929578890095,16.966550987621726,3.283577009694691,0.35317901099490334,0.057967256742458756,63.2,0.8278568416613957,3811.5248648069487,1584.5043183575697,0.9672805011927617,0.588985447247568,-0.8926553672316385
11,41,6.106836172793367,19.09881934778638,16.805726522597553,14.880126872249622,13.55827355070477,0.8948358456952556,0.5074926558901087,53.8,0.7205019030641948,3009.8173605840684,1934.7119251247234,0.7638249121567491,0.7191631826513188,-0.7598870056497175
11,42,4.299270096336302,3.685143086942364,4.119161493923037,9.50852235314022,0.07917933023175117,0.7893311796619056,0.07518277030715492,62.6,0.813810723995298,3687.218031489864,1678.4628279329336,0.9357341830399284,0.6239113191078125,-0.884180790960452
11,43,11.135365845938272,4.19408619215891,18.53228488675115,2.3745546710160834,3.530360192366012,0.9869435433023459,0.8754153862629915,48.2,0.6440357047422657,2297.9537913616464,2232.719708013822,0.5831697217955003,0.8299374135919646,-0.6807909604519775
11,44,0.7559625415887403,11.26746648905851,9.39105210152848,4.064193648862693,10.917836319927794,0.7951760101305146,0.3985671766667377,60.4,0.8050912456483553,3416.440426275191,1982.524524445161,0.8670168305435042,0.7369358859936531,-0.8531073446327684
11,45,4.927874622302356,11.788072380351844,4.1632153300432995,17.680304645528953,3.254852361814013,0.547228558793293,0.4256987384728021,75.6,0.9168261292010265,4155.802444035749,2582.8078928776863,1.054650517445491,0.960070757975568,-1.0677966101694916
11,46,6.10554398662318,9.906020016240337,5.9524216326017605,14.64972164800108,4.9971070168369565,0.33381648661555896,0.5056434453418749,74.8,0.9408967448279792,4089.6623730811575,2832.119254847462,1.0378656339012187,1.0527437550336496,-1.0564971751412429
11,47,18.587466950112145,18.905910882043155,1.0397540859884762,14.826292795525026,5.193054190157692,0.5333271825163824,0.21331599315168187,67.0,0.9043081578051178,3946.8435232819575,2000.12883221013,1.0016213764154314,0.743479687081669,-0.9463276836158192
11,48,8.033104915423976,13.311106040484855,6.657133755117006,3.483942952171745,18.107743569855906,0.5051359756249199,0.14274769897828982,68.2,0.8657519371067759,4039.2498205222146,1889.7489597656597,1.0250720458137144,0.7024497335589013,-0.9632768361581922
11,49,6.885240750958621,7.079984715860553,10.542984008460355,19.36520764694197,11.131650575695835,0.9214274620337817,0.14414725819614008,52.6,0.7575732354882522,3088.6431167589226,1436.4513519069737,0.7838291413416932,0.533951805716302,-0.7429378531073447
11,50,4.927874622302356,11.788072380351844,4.1632153300432995,17.680304645528953,3.015468350341557,0.5367867079853921,0.4256987384728021,76.0,0.9212705736454708,4212.924035876721,2633.8818016341547,1.0691467109493111,0.9790557418869982,-1.073446327683616
11,51,14.878204147010942,18.942813263313546,16.31435598539909,19.358503333733495,18.020018751013538,0.7887967707255819,0.036492338964274285,58.6,0.7714506853761232,3536.1094161552437,1379.4799074248633,0.8973861668627287,0.5127746140104328,-0.8276836158192091
11,52,18.210760472660162,14.475521081107637,14.25271698580303,7.884792785224477,12.229526950393257,0.9853733146636701,0.9519241063804049,48.4,0.6153097447652851,2278.5684487479425,2315.70843944248,0.5782501516538199,0.8607856445060227,-0.6836158192090396
11,53,4.482254462595896,14.689106992850807,13.930184386199791,6.123131159684569,6.359745105878133,0.9719851898535192,0.8287031066040978,49.4,0.6562423127060809,2572.754158566643,2190.218835575989,0.6529079620920035,0.814139163583308,-0.6977401129943502
11,54,6.10554398662318,9.906020016240337,3.5149425470462243,17.840821779217187,4.746984018504771,0.5437771085237667,0.5056434453418749,69.6,0.9199942556418579,3881.702741836764,2546.230393379238,0.9850900903923016,0.9464743198644858,-0.983050847457627
11,55,17.94871726862322,9.5936784702455,8.65538399003057,19.08794114283052,12.258272909169962,0.8645020348281431,0.014246237478316257,55.6,0.7165587823482561,3342.7764170593787,1288.4080581872854,0.8483225382900157,0.47892175969290157,-0.7853107344632769
11,56,6.658632840189917,19.144374288901908,1.1976664264457293,16.887985464105387,13.865065697175293,0.7523566365393939,0.5195356780494428,62.2,0.7965831145313378,3492.593783552789,2231.32698448202,0.8863428641410096,0.8294197161122122,-0.8785310734463277
11,57,6.106836172793367,18.99730908523648,2.330820698062814,15.3268757757524,13.481174830956222,0.5328725973581746,0.58514849983122,73.0,0.9411663245524006,3901.490038279251,2868.2398122197487,0.9901116675035683,1.0661703404914917,-1.0310734463276836
11,58,6.078107662847065,7.295061299831315,5.757123808829138,14.586303675874769,8.40024002445576,0.8337118076385197,0.5056434453418749,58.0,0.7550797164008791,3256.7932546135444,2118.1590380263,0.8265019180881958,0.7873533911517336,-0.8192090395480226
11,59,7.885452152278227,4.242709351019601,12.920739296226717,3.360834076655159,6.2986966392041275,0.8900105003674057,0.8826366511581263,51.6,0.6826520326581348,2469.4159428447397,2438.8317057126455,0.6266830141666249,0.9065525201216623,-0.728813559322034
11,60,4.211908789415898,9.406848967122592,7.972760777239023,19.091016851548066,10.400580838450095,0.8645020348281431,0.03617323424570257,55.6,0.7291562062525918,3306.721157043439,1335.9430013146527,0.8391725127186569,0.49659125381380187,-0.7853107344632769
11,61,6.961767153527258,6.960394707165123,6.559178365827839,19.646597301365475,3.9921010689186374,0.9214274620337817,0.9070863234666481,50.2,0.6794536671058411,2450.128081926584,2397.7895087144107,0.6217881827179009,0.8912964829654587,-0.7090395480225989
11,62,0.8336082605086808,11.809635283589447,4.92899227174874,7.803336404323141,18.063793675554315,0.43741539148810715,0.7054181586534194,65.6,0.8578046835228237,3514.5916306086874,2761.5387187212386,0.8919254299854197,1.0265078475920293,-0.9265536723163842
11,63,6.644172191009863,19.14500562400834,0.32494480158563155,16.887985464105387,13.865065697175293,0.7464552981141912,0.5195356780494428,62.4,0.7946788307294637,3469.332646529949,2269.7218294077747,0.8804397033127762,0.8436916904126908,-0.8813559322033898
11,64,1.8852962075754514,6.779961141832139,11.057261573658177,8.207489158194843,0.36952029393863395,0.9179268988070093,0.5235227191367031,52.0,0.6710858585858585,2885.0876619886085,1877.9510911402679,0.7321712801720738,0.698064278215935,-0.7344632768361582
11,65,5.883925526351181,7.422539510690063,5.715998380168282,19.000882209326342,5.332576703146916,0.8545927959678647,0.14782792777695875,58.2,0.7433904539161628,3380.2255849780113,1613.4858424727095,0.8578263067812182,0.5997583405398788,-0.8220338983050848
11,66,6.10554398662318,9.906020016240337,11.050903407622345,14.798605840176823,11.890111324152091,0.3787435378378585,0.564432632354094,77.8,0.9247003106097818,4196.3869409306035,2925.9190525838053,1.0649499629140433,1.0876106311799627,-1.0988700564971752
11,67,7.9225778413030365,9.287714485428157,4.831174727527058,5.046886317575489,3.234836738459647,0.41756653663971616,0.5488916308340404,72.8,0.9207505423735649,3999.593844259255,2686.9783909915677,1.0150082382942882,0.9987925883365002,-1.0282485875706215
11,68,7.878546652646703,9.5936784702455,10.246037413010672,18.584721865489144,5.8191917530978605,0.8711391497935891,0.014246237478316257,56.4,0.7332895452992267,3316.613113584443,1289.37817665201,0.8416828719633536,0.47928236815020214,-0.7966101694915254
11,69,6.0827474484988775,9.485241794681698,5.244004692465829,14.798605840176823,4.969791689780949,0.37436221669122827,0.5051212589193133,78.0,0.9466477813216944,4216.564359027507,2912.7373313211106,1.070070544251386,1.082710775809768,-1.1016949152542372
11,70,8.033104915423976,13.195721315406724,16.904174302304064,3.483942952171745,17.817506726839238,0.5049382224009624,0.14199115853416827,70.0,0.8859492437835975,4135.401375670941,1949.2450469467094,1.049473178628949,0.7245653750953878,-0.9887005649717514
11,71,4.482254462595896,11.948878290165048,14.466158201311337,6.335337938334012,9.839626887749327,0.9603085762483377,0.39925546977539433,50.4,0.6457781165072977,2876.3633966771313,1682.0848058784868,0.729957255071269,0.6252576658961846,-0.711864406779661
11,72,6.931184399067961,14.439372475217402,14.354787523511149,7.884792785224477,10.49996541838144,0.9810809325816026,0.9737186618200478,47.8,0.619775964458951,2232.544178533025,2341.090920380975,0.5665702123278117,0.8702207162282056,-0.675141242937853
11,73,3.1515482965398793,7.302146048800116,1.022339704023449,9.916307385182353,0.19889496768189474,0.3816968583538398,0.5012736815472516,73.6,0.9448194132526998,3938.7781217340175,2710.352093735108,0.9995745563294217,1.0074809652659529,-1.03954802259887
11,74,14.878204147010942,18.1880979620936,1.4923587603229622,19.195056979375778,3.3622894687477887,0.8023570522291664,0.03656828732387134,58.4,0.7581758254928987,3487.19382785644,1407.2968317289412,0.8849724751136123,0.5231146070369408,-0.824858757062147
11,75,4.927874622302356,11.788072380351844,5.92314563945348,14.796288226945583,3.254852361814013,0.355636706971545,0.4256987384728021,72.2,0.9519611734357302,4040.012060750091,2557.0292530998386,1.025265485483086,0.9504884277142482,-1.0197740112994351
11,76,4.294061937137143,0.8669106711702632,17.06354839016948,15.236580137997603,7.648764149065017,0.8020772160582526,0.9852855323775007,49.8,0.657968784158331,2388.5981258873126,2449.9233331703367,0.6061732441232266,0.9106754543940304,-0.7033898305084746
11,77,0.884053285393376,16.10474611942374,1.6989069251269038,7.824563809913241,0.36952029393863395,0.4468258585336359,0.39156680748428474,75.0,0.9574749948759992,4183.783889779921,2498.649678522762,1.0617515879680601,0.9287878116641487,-1.0593220338983051
11,78,8.013036908934449,19.639151548635844,6.301387599659465,3.8654074721189753,12.620007277026358,0.676010224650069,0.5060269726747353,62.8,0.8943293137043137,3555.147441275594,2290.9703732733697,0.9022175955253527,0.8515901119992029,-0.8870056497175142
11,79,18.73613407797993,19.97807082851315,1.3630821905537105,8.030202598671162,17.448775226511415,0.505909494499125,0.34949577829706324,74.0,0.9224961487127835,4199.110526760938,2294.6227192973683,1.0656411486101758,0.8529477470851567,-1.0451977401129944
12,0,7.878546652646703,8.487904948827238,1.3513874361715388,18.959557090563738,5.8191917530978605,0.999095027054449,0.9234727176983007,46.8,0.629393161888948,2288.990792041506,2249.3973317288883,0.5808951112965302,0.8361367514852351,-0.6610169491525424
12,1,0.884053285393376,14.691543028184292,1.8673081125040492,7.824563809913241,0.36952029393863395,0.42358676511849935,0.5867985714381407,74.6,0.9378702345534755,4035.55068018699,2941.6772176793106,1.024133286014329,1.0934681916858235,-1.0536723163841808
12,2,7.878546652646703,11.772322845558493,1.3513874361715388,10.804862081731313,5.8191917530978605,0.9991046247295744,0.0006439035707069829,47.6,0.6451951048374125,2808.490136744823,1074.475768225811,0.7127325265928847,0.3993997261939555,-0.672316384180791
12,3,4.841805718353657,11.604882791292837,1.2242213026027144,11.122113673506739,10.336785762448839,0.3949345123692859,0.43133685717095205,78.2,0.9315178429387269,4391.632546594572,2586.3669582813827,1.1144989686272444,0.9613937191718823,-1.1045197740112995
12,4,6.10554398662318,9.906020016240337,5.899934441073484,14.798605840176823,4.9971070168369565,0.3787435378378585,0.5056434453418749,78.8,0.9445576905197532,4253.2970337727365,2895.9099892855656,1.0793924826613344,1.0764557852363963,-1.112994350282486
12,5,4.482254462595896,14.675266240786545,14.466158201311337,6.335337938334012,9.839626887749327,0.9719851898535192,0.9929990110242966,47.2,0.6250735264000784,2186.398020517788,2386.890742304057,0.5548593405805905,0.8872452382106935,-0.6666666666666667
12,6,6.078107662847065,10.045241931483876,5.757123808829138,14.586303675874769,5.039040651438491,0.8337118076385197,0.5056434453418749,56.8,0.7498185376267568,3144.079620675694,2050.1789470563294,0.7978976968922826,0.7620841105193011,-0.8022598870056498
12,7,8.091874576956311,19.580647736200614,6.301387599659465,3.8654074721189753,12.620007277026358,0.24389649332303487,0.5167973019716949,77.2,0.9408368621615347,4323.355223200089,2752.5599565002253,1.0971716978010944,1.0231702989206855,-1.0903954802259888
12,8,0.8336082605086808,11.809635283589447,4.92899227174874,7.803336404323141,18.063793675554315,0.43741539148810715,0.7054181586534194,65.6,0.8578046835228237,3514.5916306086874,2761.5387187212386,0.8919254299854197,1.0265078475920293,-0.9265536723163842
12,9,6.10554398662318,9.906020016240337,5.9524216326017605,14.64972164800108,4.9971070168369565,0.33381648661555896,0.5056434453418749,74.8,0.9408967448279792,4089.6623730811575,2832.119254847462,1.0378656339012187,1.0527437550336496,-1.0564971751412429
12,10,7.710377716655994,11.719898003991855,11.39787583688144,19.334443799723033,5.693414753105992,0.9375097712346354,0.001199295491086716,50.8,0.6943840693840694,3043.5147079063745,1193.0791577632094,0.7723765517663304,0.4434864917662776,-0.7175141242937852
12,11,6.66317895015161,18.207754692090848,6.037778109061081,16.794438500655023,13.778377833001834,0.5987556428861855,0.13993836184281605,67.8,0.8911147066706608,4003.475583270537,1850.3920754588798,1.0159933375890615,0.687820153924983,-0.9576271186440678
12,12,5.441454867706887,11.846890874488466,1.2242213026027144,11.122113673506739,18.056780127911235,0.3927655102529669,0.43133685717095205,76.6,0.9329808806626222,4358.240486821248,2603.8771111114934,1.10602480422873,0.9679025213736372,-1.0819209039548021
12,13,4.482254462595896,14.689106992850807,13.930184386199791,6.123131159684569,6.359745105878133,0.9719851898535192,0.8287031066040978,49.4,0.6562423127060809,2572.754158566643,2190.218835575989,0.6529079620920035,0.814139163583308,-0.6977401129943502
12,14,7.710377716655994,12.194818232043863,11.871811927487725,19.334443799723033,17.383676579592645,0.9375097712346354,0.05139881989008033,51.2,0.6746809876556712,3065.144060097924,1248.8493804684053,0.7778656017844722,0.464217170239382,-0.7231638418079097
12,15,9.23952784248825,11.096050268636805,0.34179510809613234,16.058126553601767,14.813602675255753,0.794435787651782,0.19977320015432162,64.8,0.8282200732755584,3719.540839610595,1787.933472471653,0.9439369950765649,0.6646032981621522,-0.9152542372881356
12,16,8.013036908934449,19.639151548635844,7.357815652721653,3.8654074721189753,12.620007277026358,0.24874921938105926,0.5006266786587925,76.4,0.9473619947304158,4256.375186329198,2679.7103430077927,1.0801736495310703,0.9960909393458697,-1.0790960451977403
12,17,7.710377716655994,6.768643543178954,11.871811927487725,7.447147573825604,17.431537021665857,0.9372417906960586,0.09783395692753877,49.8,0.6191072204837643,3003.010481519773,1279.1704129306904,0.762097477173007,0.4754879800812375,-0.7033898305084746
12,18,7.878546652646703,9.5936784702455,10.246037413010672,18.584721865489144,5.8191917530978605,0.8711391497935891,0.014246237478316257,56.4,0.7332895452992267,3316.613113584443,1289.37817665201,0.8416828719633536,0.47928236815020214,-0.7966101694915254
12,19,18.587466950112145,18.905910882043155,1.0397540859884762,14.826292795525026,5.193054190157692,0.5333271825163824,0.21331599315168187,67.0,0.9043081578051178,3946.8435232819575,2000.12883221013,1.0016213764154314,0.743479687081669,-0.9463276836158192
12,20,6.107850807378437,9.283870975492157,0.9511322607094983,18.721224063130485,3.5292468645300086,0.9852296741096341,0.01707136699484818,48.8,0.6480676837555932,2909.0595266792207,1167.7118571158758,0.7382548079240657,0.43405706279967143,-0.6892655367231638
12,21,0.7559625415887403,11.26746648905851,9.39105210152848,4.064193648862693,10.917836319927794,0.7951760101305146,0.3985671766667377,60.4,0.8050912456483553,3416.440426275191,1982.524524445161,0.8670168305435042,0.7369358859936531,-0.8531073446327684
12,22,18.68249339071096,19.318565803279693,4.424971891680473,16.4157955875342,18.427863435503095,0.709901732337441,0.29179363026006666,68.8,0.8484233310549101,3958.2755958170446,2162.974616562648,1.0045225829518267,0.8040120542188371,-0.9717514124293786
12,23,6.229676775900545,10.045241931483876,14.152079694770393,14.586303675874769,5.039040651438491,0.8215516237800002,0.5056434453418749,57.8,0.7398177863357581,3171.5227156381634,2130.4672644711986,0.804862145922821,0.7919285546104153,-0.8163841807909604
12,24,7.710377716655994,18.09386880148884,6.113625622560014,19.334443799723033,5.693414753105992,0.9828821289025325,0.13988466355843515,49.4,0.6365145042241529,2921.250300354436,1364.7051144745674,0.741348555987831,0.5072825885656297,-0.6977401129943502
12,25,4.927874622302356,11.788072380351844,4.1632153300432995,17.680304645528953,3.254852361814013,0.547228558793293,0.4256987384728021,75.6,0.9168261292010265,4155.802444035749,2582.8078928776863,1.054650517445491,0.960070757975568,-1.0677966101694916
12,26,14.821656866733834,9.647113345637942,1.455674255560572,18.789656396454788,3.2150389750314616,0.8200818948107554,0.24640740230118652,59.8,0.7940238896905564,3450.097096852916,1809.490793967642,0.8755581472971994,0.672616497303153,-0.844632768361582
12,27,16.015517696992454,4.19408619215891,16.791251498439713,3.013676995923237,8.389933950016044,0.8706232447594072,0.9099608543459907,52.6,0.638781814970604,2535.785367274063,2472.998400052432,0.6435261025375366,0.9192528236257571,-0.7429378531073447
12,28,18.210760472660162,14.475521081107637,14.25271698580303,7.884792785224477,12.229526950393257,0.9853733146636701,0.9519241063804049,48.4,0.6153097447652851,2278.5684487479425,2315.70843944248,0.5782501516538199,0.8607856445060227,-0.6836158192090396
12,29,4.927874622302356,11.788072380351844,4.1632153300432995,17.680304645528953,3.015468350341557,0.5367867079853921,0.4256987384728021,76.0,0.9212705736454708,4212.924035876721,2633.8818016341547,1.0691467109493111,0.9790557418869982,-1.073446327683616
12,30,6.106836172793367,18.99730908523648,3.264607877925333,14.895088342116267,13.481174830956222,0.5328725973581746,0.5074926558901087,74.4,0.9147023103979697,4053.5203018403818,2839.937411212526,1.0286935775657833,1.0556498880558063,-1.0508474576271187
12,31,5.883925526351181,7.422539510690063,5.715998380168282,19.000882209326342,5.332576703146916,0.8545927959678647,0.14782792777695875,58.2,0.7433904539161628,3380.2255849780113,1613.4858424727095,0.8578263067812182,0.5997583405398788,-0.8220338983050848
12,32,6.106836172793367,18.99730908523648,2.330820698062814,15.3268757757524,13.481174830956222,0.5328725973581746,0.58514849983122,73.0,0.9411663245524006,3901.490038279251,2868.2398122197487,0.9901116675035683,1.0661703404914917,-1.0310734463276836
12,33,3.1515482965398793,7.302146048800116,1.022339704023449,9.916307385182353,0.19889496768189474,0.3816968583538398,0.5012736815472516,73.6,0.9448194132526998,3938.7781217340175,2710.352093735108,0.9995745563294217,1.0074809652659529,-1.03954802259887
12,34,6.885240750958621,7.079984715860553,10.542984008460355,19.36520764694197,11.131650575695835,0.9214226739403363,0.14414725819614008,52.6,0.7575732354882522,3088.6431167589226,1436.4513519069737,0.7838291413416932,0.533951805716302,-0.7429378531073447
12,35,6.931184399067961,14.439372475217402,14.354787523511149,7.884792785224477,10.49996541838144,0.9810809325816026,0.9737186618200478,47.8,0.619775964458951,2232.544178533025,2341.090920380975,0.5665702123278117,0.8702207162282056,-0.675141242937853
12,36,18.68249339071096,8.9648267466773,1.5730995745049785,16.363102747739916,18.427863435503095,0.7272469758231065,0.29179363026006666,66.0,0.8781235392324713,3851.9749809194823,2087.6320298678897,0.9775458437982646,0.7760060168688104,-0.9322033898305085
12,37,7.646226737531402,1.36059162330023,11.917590028774285,14.92145602027353,12.485300500827991,0.7866771613204643,0.8782414390335012,54.8,0.6925466777639062,2771.104944509443,2525.3741179367644,0.7032449937116169,0.9387217106875433,-0.7740112994350282
12,38,8.091874576956311,13.289265704987857,6.1784583560695445,3.9443753668999193,12.620007277026358,0.24389649332303487,0.06728717189829997,64.8,0.8604262689947364,3865.9529255286425,1647.0477879419184,0.9810931362197396,0.6122338492738472,-0.9152542372881356
12,39,8.604189393638954,0.47674125149734436,16.823510466960542,15.47199174634661,12.818777724499142,0.8061642803197994,0.49932952911922346,58.8,0.772599897992303,3220.1671417967696,2151.7801308915687,0.8172070227329882,0.7998508859132049,-0.8305084745762712
12,40,8.033104915423976,13.311106040484855,6.657133755117006,3.483942952171745,18.107743569855906,0.5051359756249199,0.14274769897828982,68.2,0.8657519371067759,4039.2498205222146,1889.7489597656597,1.0250720458137144,0.7024497335589013,-0.9632768361581922
12,41,6.078107662847065,7.295061299831315,5.757123808829138,14.586303675874769,8.40024002445576,0.8337118076385197,0.5056434453418749,58.0,0.7550797164008791,3256.7932546135444,2118.1590380263,0.8265019180881958,0.7873533911517336,-0.8192090395480226
12,42,4.211908789415898,9.406848967122592,7.972760777239023,19.091016851548066,10.400580838450095,0.8645020348281431,0.03617323424570257,55.6,0.7291562062525918,3306.721157043439,1335.9430013146527,0.8391725127186569,0.49659125381380187,-0.7853107344632769
12,43,9.263865442099803,19.985257515560285,0.34179510809613234,16.46151167395023,14.929937027812326,0.8665631928981663,0.21331599315168187,55.0,0.7294035087719298,3193.5618697311993,1529.6765147384087,0.810455194577393,0.5686050809323113,-0.7768361581920904
12,44,6.644172191009863,19.14500562400834,0.32494480158563155,14.937070069746936,13.775877452894637,0.7283381970864254,0.5195356780494428,64.4,0.8192975312975314,3559.7631810912776,2351.725159814942,0.9033889679499469,0.8741736321001201,-0.9096045197740115
12,45,14.878204147010942,18.942813263313546,16.31435598539909,19.358503333733495,18.020018751013538,0.7887967707255819,0.036492338964274285,58.6,0.7714506853761232,3536.1094161552437,1379.4799074248633,0.8973861668627287,0.5127746140104328,-0.8276836158192091
12,46,4.927874622302356,11.788072380351844,5.92314563945348,14.796288226945583,3.254852361814013,0.355636706971545,0.4256987384728021,72.2,0.9519611734357302,4040.012060750091,2557.0292530998386,1.025265485483086,0.9504884277142482,-1.0197740112994351
12,47,6.658632840189917,19.144374288901908,1.1976664264457293,16.887985464105387,13.865065697175293,0.7523566365393939,0.5195356780494428,62.2,0.7965831145313378,3492.593783552789,2231.32698448202,0.8863428641410096,0.8294197161122122,-0.8785310734463277
12,48,17.963547477572003,14.11651811044068,14.25271698580303,7.884792785224477,12.117371527975738,0.9759547594077932,0.9518439728278457,49.2,0.6072942935060777,2370.654252782192,2357.6788491537764,0.6016194869824243,0.876386713085372,-0.6949152542372882
12,49,14.878204147010942,18.1880979620936,1.4923587603229622,19.195056979375778,3.3622894687477887,0.8023570522291664,0.03656828732387134,58.4,0.7581758254928987,3487.19382785644,1407.2968317289412,0.8849724751136123,0.5231146070369408,-0.824858757062147
12,50,6.0827474484988775,9.485241794681698,5.244004692465829,14.798605840176823,4.969791689780949,0.37436221669122827,0.5051212589193133,78.0,0.9466477813216944,4216.564359027507,2912.7373313211106,1.070070544251386,1.082710775809768,-1.1016949152542372
12,51,1.8852962075754514,6.779961141832139,11.057261573658177,8.207489158194843,0.36952029393863395,0.9179268988070093,0.5235227191367031,52.0,0.6710858585858585,2885.0876619886085,1877.9510911402679,0.7321712801720738,0.698064278215935,-0.7344632768361582
12,52,8.033104915423976,13.195721315406724,16.904174302304064,3.483942952171745,17.817506726839238,0.5049382224009624,0.14199115853416827,70.0,0.8859492437835975,4135.401375670941,1949.2450469467094,1.049473178628949,0.7245653750953878,-0.9887005649717514
12,53,17.779110142504667,10.28196824399892,6.3349190613042285,3.6071997932355804,3.9749886800420082,0.7951760101305146,0.906150621594485,53.4,0.7315697892132487,2609.983361298102,2495.1732898659343,0.6623559082957905,0.9274955827291274,-0.7542372881355932
12,54,7.710377716655994,11.719898003991855,1.0456950776573728,8.474547170710485,5.693414753105992,0.9543214906706021,0.5733378139492109,51.0,0.6527705556234967,2799.4733611172114,1913.6828526304762,0.7104442688594118,0.7113463420629231,-0.7203389830508475
12,55,6.961767153527258,6.960394707165123,6.559178365827839,19.646597301365475,3.9921010689186374,0.9214274620337817,0.9070863234666481,50.2,0.6794536671058411,2450.128081926584,2397.7895087144107,0.6217881827179009,0.8912964829654587,-0.7090395480225989
12,56,16.018467486000425,19.25159860530827,17.587340882990436,9.430855411295006,10.221094850824265,0.8168976004846825,0.22460940862266304,61.0,0.8095386380687586,3605.3586582095363,1733.4602150142855,0.9149600890952648,0.6443547222921815,-0.8615819209039548
12,57,6.057981215159188,11.765953511525165,3.970501282484597,11.10143486457569,0.11497736124366154,0.7903118328172765,0.0660007051398028,60.8,0.8275021641508232,3600.7480633259765,1577.5626147490495,0.9137900223403698,0.5864051056497853,-0.8587570621468926
12,58,0.884053285393376,16.10474611942374,1.6989069251269038,7.824563809913241,0.36952029393863395,0.4468258585336359,0.39156680748428474,75.0,0.9574749948759992,4183.783889779921,2498.649678522762,1.0617515879680601,0.9287878116641487,-1.0593220338983051
12,59,0.884053285393376,14.691543028184292,12.088563554352156,18.655571527085396,0.36952029393863395,0.4055230923091025,0.025474855300641308,61.8,0.7864886520365972,3748.433277930007,1511.1767407997136,0.9512692553161154,0.5617284208304596,-0.8728813559322034
12,60,9.062408821432271,14.613435856232552,14.226644185052477,7.502030253811817,7.579725770607012,0.9885941232079478,0.3900568713755818,48.0,0.6089673522298961,2720.2263825696828,1531.665077486756,0.6903331427756658,0.5693442613221313,-0.6779661016949153
12,61,6.10554398662318,9.906020016240337,11.050903407622345,14.798605840176823,11.890111324152091,0.3787435378378585,0.564432632354094,77.8,0.9247003106097818,4196.3869409306035,2925.9190525838053,1.0649499629140433,1.0876106311799627,-1.0988700564971752
12,62,0.773656195664254,10.241439150045792,5.933658350925112,14.344820638577822,10.917836319927794,0.834091690009623,0.5151484316856496,55.6,0.7459300375487912,3073.5005803593795,2031.6198713957433,0.77998630134526,0.7551854070245815,-0.7853107344632769
12,63,8.620797001884435,7.336202127316536,5.832977735266431,14.586303675874769,8.388079412386347,0.8361448276362294,0.9284056513734767,52.2,0.6811357560507381,2506.3994015255844,2421.203820235227,0.6360685959790265,0.8999999548230657,-0.7372881355932204
12,64,7.9225778413030365,9.287714485428157,4.831174727527058,5.046886317575489,3.234836738459647,0.41756653663971616,0.5488916308340404,72.8,0.9207505423735649,3999.593844259255,2686.9783909915677,1.0150082382942882,0.9987925883365002,-1.0282485875706215
12,65,11.135365845938272,4.19408619215891,18.53228488675115,2.3745546710160834,3.530360192366012,0.9869435433023459,0.8754153862629915,48.2,0.6440357047422657,2297.9537913616464,2232.719708013822,0.5831697217955003,0.8299374135919646,-0.6807909604519775
12,66,7.920589961883371,9.912318161283727,10.246037413010672,18.57580990004708,5.8191917530978605,0.9980441431593959,0.4933638582705473,47.2,0.6168570721241129,2664.5412220712496,1701.2436153682283,0.6762014836978884,0.6323792999903998,-0.6666666666666667
12,67,6.10554398662318,9.906020016240337,3.5149425470462243,17.840821779217187,4.746984018504771,0.5437771085237667,0.5056434453418749,69.6,0.9199942556418579,3881.702741836764,2546.230393379238,0.9850900903923016,0.9464743198644858,-0.983050847457627
12,68,6.066486032545684,3.7217586064476014,3.970501282484597,2.4710714735953725,0.11497736124366154,0.7903118328172765,0.07518277030715492,61.6,0.8116239641467953,3636.164485698702,1594.622803106508,0.9227779250822502,0.5927466489030475,-0.8700564971751413
12,69,6.066486032545684,4.292636828037045,3.965360683653914,2.1190130933510334,0.321980807087086,0.522350917971649,0.4660059876192896,69.0,0.915047873782051,3776.714424461551,2432.1780737082427,0.9584463832535252,0.904079259319195,-0.9745762711864407
12,70,5.87040780537445,9.535733174197356,8.213559717211256,19.083378322655612,5.1116219171153805,0.8545927959678647,0.16503048319390023,55.8,0.7252707552003956,3280.9736683770266,1565.030395595796,0.8326383709709121,0.5817466805401367,-0.788135593220339
12,71,4.2945135193596995,3.5496500831890865,17.103126081910226,2.9756932887229635,9.888874806889042,0.8020772160582526,0.9884369522385338,49.2,0.6356628370438265,2333.628263826066,2418.4359284140533,0.5922231119291415,0.8989710854262838,-0.6949152542372882
12,72,16.527465873089092,19.02900123225759,11.917590028774285,14.92145602027353,12.28461154545477,0.7867751886352241,0.8586431067170097,54.4,0.6747517093141197,2744.2657791045062,2502.5637544142132,0.696433808612396,0.9302427359030911,-0.768361581920904
12,73,0.884053285393376,13.18416262753097,1.8502540026325187,7.824563809913241,0.36952029393863395,0.42152836480880684,0.5921412073732943,71.0,0.9194820768510616,3752.6598882073317,2685.1243159888036,0.9523418752916916,0.9981033991799408,-1.0028248587570623
12,74,6.711170788610371,3.5606964816362128,1.2242213026027144,2.49184774235155,10.336785762448839,0.3949345123692859,0.478107708588158,71.8,0.9261923178589845,4029.598221062981,2565.8354669097785,1.0226226838671508,0.9537618373978403,-1.0141242937853108
12,75,6.3848718697718745,6.987917842918305,5.9524216326017605,14.64972164800108,4.9971070168369565,0.9199883111765013,0.5237029770290061,51.6,0.6499907184115225,2856.170146858123,1946.2221753745969,0.7248326559938784,0.723441725671246,-0.728813559322034
12,76,4.294061937137143,0.8669106711702632,17.06354839016948,15.236580137997603,7.648764149065017,0.8020772160582526,0.9852855323775007,49.8,0.657968784158331,2388.5981258873126,2449.9233331703367,0.6061732441232266,0.9106754543940304,-0.7033898305084746
12,77,0.40362235414201564,12.745510289925974,3.9710929578890095,16.966550987621726,3.283577009694691,0.35317901099490334,0.057967256742458756,63.2,0.8278568416613957,3811.5248648069487,1584.5043183575697,0.9672805011927617,0.588985447247568,-0.8926553672316385
12,78,5.441454867706887,12.698553537684473,1.076503228537795,11.114764487328346,18.056780127911235,0.3534985861056665,0.004465569882783044,60.4,0.7526292952321867,3829.0343651732956,1472.123408380743,0.9717240241634173,0.5472116762594267,-0.8531073446327684
12,79,7.918151663675331,7.335873291610172,10.296981298881681,18.354505311786532,5.8191917530978605,0.8711391497935891,0.4933638582705473,54.2,0.708838452395424,3016.311081141821,1919.9411487024845,0.7654728744549111,0.7136726502138535,-0.7655367231638419
13,0,4.482254462595896,14.675266240786545,14.466158201311337,6.335337938334012,9.839626887749327,0.9719851898535192,0.9929990110242966,47.2,0.6250735264000784,2186.398020517788,2386.890742304057,0.5548593405805905,0.8872452382106935,-0.6666666666666667
13,1,0.884053285393376,14.691543028184292,1.8673081125040492,7.824563809913241,0.36952029393863395,0.42358676511849935,0.5867985714381407,74.6,0.9378702345534755,4035.55068018699,2941.6772176793106,1.024133286014329,1.0934681916858235,-1.0536723163841808
13,2,4.841805718353657,11.604882791292837,1.2242213026027144,11.122113673506739,10.336785762448839,0.3949345123692859,0.43133685717095205,78.2,0.9315178429387269,4391.632546594572,2586.3669582813827,1.1144989686272444,0.9613937191718823,-1.1045197740112995
13,3,6.10554398662318,9.906020016240337,5.899934441073484,14.798605840176823,4.9971070168369565,0.3787435378378585,0.5056434453418749,78.8,0.9445576905197532,4253.2970337727365,2895.9099892855656,1.0793924826613344,1.0764557852363963,-1.112994350282486
13,4,7.878546652646703,11.772322845558493,1.3513874361715388,10.804862081731313,5.8191917530978605,0.9991046247295744,0.0006439035707069829,47.6,0.6451951048374125,2808.490136744823,1074.475768225811,0.7127325265928847,0.3993997261939555,-0.672316384180791
13,5,7.878546652646703,8.476898697848814,1.3513874361715388,18.959557090563738,5.796018178591964,0.999095027054449,0.9234727176983007,46.8,0.629393161888948,2288.9274121239923,2249.3973317288883,0.5808790268787307,0.8361367514852351,-0.6610169491525424
13,6,9.23952784248825,9.982860178875057,0.34179510809613234,16.058126553601767,13.046446312313293,0.8089613825405415,0.19977320015432162,62.8,0.8318170822737034,3663.830952372927,1776.074841655644,0.9297990609006134,0.6601952565468724,-0.8870056497175142
13,7,8.033104915423976,13.195721315406724,16.904174302304064,3.483942952171745,17.817506726839238,0.5049382224009624,0.14199115853416827,70.0,0.8859492437835975,4135.401375670941,1949.2450469467094,1.049473178628949,0.7245653750953878,-0.9887005649717514
13,8,14.821656866733834,9.647113345637942,1.455674255560572,18.789656396454788,3.2150389750314616,0.8200818948107554,0.24640740230118652,59.8,0.7940238896905564,3450.097096852916,1809.490793967642,0.8755581472971994,0.672616497303153,-0.844632768361582
13,9,7.920589961883371,9.912318161283727,10.246037413010672,18.57580990004708,5.8191917530978605,0.9980441431593959,0.4933638582705473,47.2,0.6168570721241129,2664.5412220712496,1701.2436153682283,0.6762014836978884,0.6323792999903998,-0.6666666666666667
13,10,18.587466950112145,18.905910882043155,1.0397540859884762,14.826292795525026,5.193054190157692,0.5333271825163824,0.21331599315168187,67.0,0.9043081578051178,3946.8435232819575,2000.12883221013,1.0016213764154314,0.743479687081669,-0.9463276836158192
13,11,5.441454867706887,12.698553537684473,1.076503228537795,11.114764487328346,18.056780127911235,0.3534985861056665,0.004465569882783044,60.4,0.7526292952321867,3829.0343651732956,1472.123408380743,0.9717240241634173,0.5472116762594267,-0.8531073446327684
13,12,18.7439482304702,9.462593934628963,0.9143483419963774,10.802488957391327,5.194360352684537,0.9992522542357951,0.0006439035707069829,47.8,0.6325781894145268,2832.5153855096282,1099.2651726745128,0.71882960203927,0.4086143419555293,-0.675141242937853
13,13,18.210760472660162,14.475521081107637,14.25271698580303,7.884792785224477,12.229526950393257,0.9853733146636701,0.9519241063804049,48.4,0.6153097447652851,2278.5684487479425,2315.70843944248,0.5782501516538199,0.8607856445060227,-0.6836158192090396
13,14,4.927874622302356,11.788072380351844,4.1632153300432995,17.680304645528953,3.015468350341557,0.5367867079853921,0.4256987384728021,76.0,0.9212705736454708,4212.924035876721,2633.8818016341547,1.0691467109493111,0.9790557418869982,-1.073446327683616
13,15,8.091874576956311,13.289265704987857,6.1784583560695445,3.9443753668999193,12.620007277026358,0.24389649332303487,0.06728717189829997,64.8,0.8604262689947364,3865.9529255286425,1647.0477879419184,0.9810931362197396,0.6122338492738472,-0.9152542372881356
13,16,17.779110142504667,10.28196824399892,6.3349190613042285,3.6071997932355804,3.9749886800420082,0.7951760101305146,0.906150621594485,53.4,0.7315697892132487,2609.983361298102,2495.1732898659343,0.6623559082957905,0.9274955827291274,-0.7542372881355932
13,17,0.7559625415887403,11.26746648905851,9.39105210152848,4.064193648862693,10.917836319927794,0.7951760101305146,0.3985671766667377,60.4,0.8050912456483553,3416.440426275191,1982.524524445161,0.8670168305435042,0.7369358859936531,-0.8531073446327684
13,18,16.018467486000425,19.25159860530827,17.587340882990436,9.430855411295006,10.221094850824265,0.8168976004846825,0.22460940862266304,61.0,0.8095386380687586,3605.3586582095363,1733.4602150142855,0.9149600890952648,0.6443547222921815,-0.8615819209039548
13,19,6.107850807378437,9.283870975492157,0.9511322607094983,18.721224063130485,3.5292468645300086,0.9852296741096341,0.01707136699484818,48.8,0.6480676837555932,2909.0595266792207,1167.7118571158758,0.7382548079240657,0.43405706279967143,-0.6892655367231638
13,20,6.931184399067961,14.439372475217402,14.354787523511149,7.884792785224477,5.847125693407488,0.9810809325816026,0.9737186618200478,47.8,0.619775964458951,2220.8386620625693,2341.090920380975,0.5635996117834451,0.8702207162282056,-0.675141242937853
13,21,18.68249339071096,8.9648267466773,1.5730995745049785,16.363102747739916,18.427863435503095,0.7272469758231065,0.29179363026006666,66.0,0.8781235392324713,3851.9749809194823,2087.6320298678897,0.9775458437982646,0.7760060168688104,-0.9322033898305085
13,22,6.078107662847065,10.045241931483876,5.757123808829138,14.586303675874769,5.039040651438491,0.8337118076385197,0.5056434453418749,56.8,0.7498185376267568,3144.079620675694,2050.1789470563294,0.7978976968922826,0.7620841105193011,-0.8022598870056498
13,23,3.1515482965398793,7.374698754275373,5.644019567695386,9.916307385182353,0.19889496768189474,0.40865131895125784,0.5012736815472516,77.6,0.910492469640382,4275.342301435329,2868.5902943131705,1.084987082804309,1.066300620257949,-1.0960451977401129
13,24,6.229676775900545,14.59487016974879,1.7607806788933553,14.586303675874769,0.3357695258404174,0.8215516237800002,0.5056434453418749,59.4,0.7675150204277819,3343.6717150505124,2282.2415762163305,0.8485497450695324,0.8483454793535168,-0.8389830508474576
13,25,0.884053285393376,14.691543028184292,12.088563554352156,18.655571527085396,0.36952029393863395,0.4055230923091025,0.025474855300641308,61.8,0.7864886520365972,3748.433277930007,1511.1767407997136,0.9512692553161154,0.5617284208304596,-0.8728813559322034
13,26,6.644172191009863,19.14500562400834,0.32494480158563155,14.937070069746936,13.775877452894637,0.7283381970864254,0.5195356780494428,64.4,0.8192975312975314,3559.7631810912776,2351.725159814942,0.9033889679499469,0.8741736321001201,-0.9096045197740115
13,27,6.885240750958621,7.079984715860553,10.542984008460355,19.36520764694197,11.131650575695835,0.9214226739403363,0.14414725819614008,52.6,0.7575732354882522,3088.6431167589226,1436.4513519069737,0.7838291413416932,0.533951805716302,-0.7429378531073447
13,28,8.091874576956311,19.580647736200614,6.301387599659465,3.8654074721189753,12.620007277026358,0.24389649332303487,0.5167973019716949,77.2,0.9408368621615347,4323.355223200089,2752.5599565002253,1.0971716978010944,1.0231702989206855,-1.0903954802259888
13,29,6.691201822074904,9.897553587040893,10.246037413010672,14.74958560417078,5.8191917530978605,0.8711391497935891,0.014246237478316257,54.2,0.7107568049977689,3254.914641629798,1299.7811245386663,0.8260251677657084,0.4831493092766653,-0.7655367231638419
13,30,5.441454867706887,11.846890874488466,1.2242213026027144,11.122113673506739,18.056780127911235,0.3927655102529669,0.43133685717095205,76.6,0.9329808806626222,4358.240486821248,2603.8771111114934,1.10602480422873,0.9679025213736372,-1.0819209039548021
13,31,3.1515482965398793,7.302146048800116,1.022339704023449,9.916307385182353,0.19889496768189474,0.3816968583538398,0.5012736815472516,73.6,0.9448194132526998,3938.7781217340175,2710.352093735108,0.9995745563294217,1.0074809652659529,-1.03954802259887
13,32,1.8852962075754514,6.779961141832139,11.057261573658177,8.207489158194843,0.36952029393863395,0.9017906109071429,0.5235227191367031,53.0,0.7156802568070173,2963.029007001724,1920.5533159681468,0.7519510654134178,0.7139002025193784,-0.748587570621469
13,33,0.8347419415894759,16.10474611942374,1.6989069251269038,7.824563809913241,0.36952029393863395,0.35813725767485227,0.7342234730279403,63.6,0.8355457404716521,3329.971409912432,2708.0159204910806,0.8450729113899685,1.0066125725282116,-0.8983050847457628
13,34,6.3848718697718745,6.987917842918305,5.9524216326017605,14.64972164800108,4.9971070168369565,0.9199883111765013,0.5237029770290061,51.6,0.6499907184115225,2856.170146858123,1946.2221753745969,0.7248326559938784,0.723441725671246,-0.728813559322034
13,35,6.961767153527258,6.960394707165123,6.559178365827839,19.646597301365475,3.9921010689186374,0.9214274620337817,0.9070863234666481,50.2,0.6794536671058411,2450.128081926584,2397.7895087144107,0.6217881827179009,0.8912964829654587,-0.7090395480225989
13,36,16.015517696992454,4.19408619215891,16.791251498439713,3.013676995923237,8.389933950016044,0.8706232447594072,0.9099608543459907,52.6,0.638781814970604,2535.785367274063,2472.998400052432,0.6435261025375366,0.9192528236257571,-0.7429378531073447
13,37,3.1515482965398793,7.302146048800116,0.6984208667457699,9.916307385182353,0.19889496768189474,0.37108303479781557,0.5012736815472516,77.0,0.9456139801445724,4158.021080615892,2810.723972124238,1.0552135582177078,1.0447907882807483,-1.0875706214689267
13,38,8.013036908934449,19.639151548635844,7.357815652721653,3.8654074721189753,12.620007277026358,0.24874921938105926,0.5006266786587925,76.4,0.9473619947304158,4256.375186329198,2679.7103430077927,1.0801736495310703,0.9960909393458697,-1.0790960451977403
13,39,8.620797001884435,7.336202127316536,5.832977735266431,14.586303675874769,8.388079412386347,0.8361448276362294,0.9284056513734767,52.2,0.6811357560507381,2506.3994015255844,2421.203820235227,0.6360685959790265,0.8999999548230657,-0.7372881355932204
13,40,6.106836172793367,18.99730908523648,2.330820698062814,15.3268757757524,13.481174830956222,0.5328725973581746,0.58514849983122,73.0,0.9411663245524006,3901.490038279251,2868.2398122197487,0.9901116675035683,1.0661703404914917,-1.0310734463276836
13,41,6.066486032545684,4.292636828037045,3.965360683653914,2.1190130933510334,0.321980807087086,0.522350917971649,0.4660059876192896,69.0,0.915047873782051,3776.714424461551,2432.1780737082427,0.9584463832535252,0.904079259319195,-0.9745762711864407
13,42,6.066486032545684,3.7217586064476014,3.970501282484597,2.4710714735953725,0.11497736124366154,0.7903118328172765,0.07518277030715492,61.6,0.8116239641467953,3636.164485698702,1594.622803106508,0.9227779250822502,0.5927466489030475,-0.8700564971751413
13,43,0.884053285393376,13.18416262753097,1.8502540026325187,7.824563809913241,0.36952029393863395,0.42152836480880684,0.5921412073732943,71.0,0.9194820768510616,3752.6598882073317,2685.1243159888036,0.9523418752916916,0.9981033991799408,-1.0028248587570623
13,44,6.658632840189917,19.144374288901908,1.1976664264457293,16.887985464105387,13.865065697175293,0.7523566365393939,0.5195356780494428,62.2,0.7965831145313378,3492.593783552789,2231.32698448202,0.8863428641410096,0.8294197161122122,-0.8785310734463277
13,45,6.530362177648195,18.229730794028086,7.5906908087336635,16.794438500655023,13.996145097345106,0.5913498509277568,0.13993836184281605,67.6,0.8461862916876435,3992.879599808314,1836.7716929695089,1.0133043119215122,0.6827572412025358,-0.9548022598870056
13,46,9.23952784248825,11.096050268636805,0.34179510809613234,16.058126553601767,14.813602675255753,0.794435787651782,0.19977320015432162,64.8,0.8282200732755584,3719.540839610595,1787.933472471653,0.9439369950765649,0.6646032981621522,-0.9152542372881356
13,47,5.883925526351181,7.422539510690063,5.715998380168282,19.000882209326342,5.332576703146916,0.8545927959678647,0.14782792777695875,58.2,0.7433904539161628,3380.2255849780113,1613.4858424727095,0.8578263067812182,0.5997583405398788,-0.8220338983050848
13,48,7.646226737531402,1.36059162330023,11.917590028774285,14.92145602027353,12.485300500827991,0.7866771613204643,0.8782414390335012,54.8,0.6925466777639062,2771.104944509443,2525.3741179367644,0.7032449937116169,0.9387217106875433,-0.7740112994350282
13,49,0.8829196043125809,11.809635283589447,4.92899227174874,7.803336404323141,18.063793675554315,0.5498931520310169,0.39778720026218395,71.8,0.936036655302624,4089.9208068289154,2408.0416056416625,1.0379312186563818,0.8951073503919242,-1.0141242937853108
13,50,0.773656195664254,10.168886444570553,1.3122369034398034,14.344820638577822,10.917836319927794,0.8071362935551963,0.5151484316856496,59.2,0.7527514327272764,3368.8406241573357,2213.9731591561986,0.854937056153375,0.8229690233292604,-0.8361581920903955
13,51,17.963547477572003,14.11651811044068,14.25271698580303,7.884792785224477,12.117371527975738,0.9759547594077932,0.9518439728278457,49.2,0.6072942935060777,2370.654252782192,2357.6788491537764,0.6016194869824243,0.876386713085372,-0.6949152542372882
13,52,14.878204147010942,18.1880979620936,1.4923587603229622,19.195056979375778,3.3622894687477887,0.8023570522291664,0.03656828732387134,58.4,0.7581758254928987,3487.19382785644,1407.2968317289412,0.8849724751136123,0.5231146070369408,-0.824858757062147
13,53,5.87040780537445,9.535733174197356,8.213559717211256,19.083378322655612,5.1116219171153805,0.8545927959678647,0.16503048319390023,55.8,0.7252707552003956,3280.9736683770266,1565.030395595796,0.8326383709709121,0.5817466805401367,-0.788135593220339
13,54,6.057981215159188,11.765953511525165,3.970501282484597,11.10143486457569,0.11497736124366154,0.7903118328172765,0.0660007051398028,60.8,0.8275021641508232,3600.7480633259765,1577.5626147490495,0.9137900223403698,0.5864051056497853,-0.8587570621468926
13,55,0.8336082605086808,11.809635283589447,4.92899227174874,7.803336404323141,18.063793675554315,0.43741539148810715,0.7054181586534194,65.6,0.8578046835228237,3514.5916306086874,2761.5387187212386,0.8919254299854197,1.0265078475920293,-0.9265536723163842
13,56,0.773656195664254,10.241439150045792,5.933658350925112,14.344820638577822,10.917836319927794,0.834091690009623,0.5151484316856496,55.6,0.7459300375487912,3073.5005803593795,2031.6198713957433,0.77998630134526,0.7551854070245815,-0.7853107344632769
13,57,0.884053285393376,16.10474611942374,1.6989069251269038,7.824563809913241,0.36952029393863395,0.4468258585336359,0.39156680748428474,75.0,0.9574749948759992,4183.783889779921,2498.649678522762,1.0617515879680601,0.9287878116641487,-1.0593220338983051
13,58,4.90572765574562,11.78012310754143,14.127100112541484,14.50560789662488,3.4943980237098575,0.8846576666875676,0.4256987384728021,55.0,0.7265029865029865,3135.156562415767,1827.4736317850661,0.7956332225488175,0.6793010040299348,-0.7768361581920904
13,59,4.211908789415898,9.406848967122592,7.972760777239023,19.091016851548066,10.400580838450095,0.8645020348281431,0.03617323424570257,55.6,0.7291562062525918,3306.721157043439,1335.9430013146527,0.8391725127186569,0.49659125381380187,-0.7853107344632769
13,60,6.229676775900545,10.045241931483876,14.152079694770393,14.586303675874769,5.039040651438491,0.8215516237800002,0.5056434453418749,57.8,0.7398177863357581,3171.5227156381634,2130.4672644711986,0.804862145922821,0.7919285546104153,-0.8163841807909604
13,61,16.527465873089092,19.02900123225759,11.917590028774285,14.92145602027353,12.28461154545477,0.7867751886352241,0.8586431067170097,54.4,0.6747517093141197,2744.2657791045062,2502.5637544142132,0.696433808612396,0.9302427359030911,-0.768361581920904
13,62,8.033104915423976,13.311106040484855,6.657133755117006,3.483942952171745,18.107743569855906,0.5051359756249199,0.14274769897828982,68.2,0.8657519371067759,4039.2498205222146,1889.7489597656597,1.0250720458137144,0.7024497335589013,-0.9632768361581922
13,63,6.66317895015161,18.207754692090848,6.037778109061081,16.794438500655023,13.778377833001834,0.5987556428861855,0.13993836184281605,67.8,0.8911147066706608,4003.475583270537,1850.3920754588798,1.0159933375890615,0.687820153924983,-0.9576271186440678
13,64,1.8852962075754514,6.779961141832139,11.057261573658177,8.207489158194843,0.36952029393863395,0.9179268988070093,0.5235227191367031,52.0,0.6710858585858585,2885.0876619886085,1877.9510911402679,0.7321712801720738,0.698064278215935,-0.7344632768361582
13,65,0.8336082605086808,11.413630536205138,4.92899227174874,16.09816126047282,18.063793675554315,0.4446526604218285,0.2031153152822095,71.2,0.9231656621653535,4240.198371622029,2185.005131063821,1.0760683326322795,0.8122011467231842,-1.0056497175141244
13,66,4.927874622302356,11.788072380351844,4.1632153300432995,17.680304645528953,3.254852361814013,0.547228558793293,0.4256987384728021,75.6,0.9168261292010265,4155.802444035749,2582.8078928776863,1.054650517445491,0.960070757975568,-1.0677966101694916
13,67,9.039085841137362,9.912318161283727,10.246037413010672,18.57580990004708,5.799430701670578,0.9804045665552859,0.4933638582705473,48.6,0.678053703570945,2710.002116137549,1783.5794962177995,0.6877384506486072,0.662984855964507,-0.6864406779661018
13,68,18.587466950112145,18.905910882043155,1.0397540859884762,14.776792699902085,4.210268554567629,0.5413103061224949,0.2667015437701605,68.6,0.9294491677874278,3948.2997891170207,2085.8941830053877,1.0019909443959045,0.7753600315599035,-0.9689265536723164
13,69,5.357746280060883,9.283870975492157,0.9511322607094983,18.721224063130485,3.858598238306295,0.8713692399804209,0.9561555758430726,50.0,0.636234335839599,2409.0740918329893,2442.6360903120176,0.6113695902851566,0.9079666703633515,-0.7062146892655368
13,70,0.40362235414201564,12.745510289925974,3.9710929578890095,16.966550987621726,3.283577009694691,0.35317901099490334,0.057967256742458756,63.2,0.8278568416613957,3811.5248648069487,1584.5043183575697,0.9672805011927617,0.588985447247568,-0.8926553672316385
13,71,6.10554398662318,9.906020016240337,3.5149425470462243,17.840821779217187,4.746984018504771,0.5437771085237667,0.5056434453418749,69.6,0.9199942556418579,3881.702741836764,2546.230393379238,0.9850900903923016,0.9464743198644858,-0.983050847457627
13,72,8.604189393638954,0.47674125149734436,16.823510466960542,15.47199174634661,12.818777724499142,0.8061642803197994,0.49932952911922346,58.8,0.772599897992303,3220.1671417967696,2151.7801308915687,0.8172070227329882,0.7998508859132049,-0.8305084745762712
13,73,4.482254462595896,14.780400725378149,13.930184386199791,14.664442279009668,6.359745105878133,0.9719851898535192,0.8329649499461159,48.8,0.6674629887002236,2469.46234179692,2170.3068043399135,0.6266947891919262,0.80673754499047,-0.6892655367231638
13,74,7.9225778413030365,9.287714485428157,4.831174727527058,5.046886317575489,3.234836738459647,0.41756653663971616,0.5488916308340404,72.8,0.9207505423735649,3999.593844259255,2686.9783909915677,1.0150082382942882,0.9987925883365002,-1.0282485875706215
13,75,6.229676775900545,9.953948197859177,12.062747691427345,6.044992267217074,5.039040651438491,0.8215516237800002,0.4502153621212468,61.4,0.7840284580819809,3513.5556455597425,2192.2360561598907,0.8916625199499575,0.814888996546236,-0.8672316384180792
13,76,6.10554398662318,9.906020016240337,11.050903407622345,14.798605840176823,11.890111324152091,0.3787435378378585,0.564432632354094,77.8,0.9247003106097818,4196.3869409306035,2925.9190525838053,1.0649499629140433,1.0876106311799627,-1.0988700564971752
13,77,6.0827474484988775,9.485241794681698,5.244004692465829,14.798605840176823,4.969791689780949,0.37436221669122827,0.5051212589193133,78.0,0.9466477813216944,4216.564359027507,2912.7373313211106,1.070070544251386,1.082710775809768,-1.1016949152542372
13,78,5.4517719856811615,12.391203818356827,1.2242213026027144,17.703946353913153,18.056780127911235,0.3955873513343232,0.4393077969072662,77.0,0.9346106464016912,4359.81318038282,2733.0530330048496,1.1064239189847445,1.015919265315894,-1.0875706214689267
13,79,7.281040499508098,12.194818232043863,11.871811927487725,19.33479462449665,17.383676579592645,0.9365075968976415,0.05139881989008033,51.2,0.6746809876556712,3065.1166772387155,1248.8493804684053,0.7778586526219404,0.464217170239382,-0.7231638418079097
14,0,0.884053285393376,14.691543028184292,1.8673081125040492,7.824563809913241,0.36952029393863395,0.42358676511849935,0.5867985714381407,74.6,0.9378702345534755,4035.55068018699,2941.6772176793106,1.024133286014329,1.0934681916858235,-1.0536723163841808
14,1,7.867203861967462,7.3791361185059365,1.2652320806645276,10.804862081731313,0.14802930758214572,0.9991046247295744,0.0006439035707069829,47.6,0.6451951048374125,2786.8181404332167,1074.475768225811,0.707232654442582,0.3993997261939555,-0.672316384180791
14,2,4.482254462595896,13.167885840133419,14.2977236472547,6.335337938334012,9.839626887749327,0.9695498136822753,0.9979151067158146,46.8,0.6243677028412694,2179.440387603764,2397.502357816397,0.5530936476123162,0.8911897444112403,-0.6610169491525424
14,3,8.468583115437013,8.476898697848814,1.3513874361715388,18.959557090563738,0.16934838072114689,0.999095027054449,0.9234727176983007,46.8,0.6112550650150215,2254.531852925299,2265.4617780941826,0.5721501965757432,0.8421081616086579,-0.6610169491525424
14,4,4.841805718353657,11.604882791292837,1.2242213026027144,11.122113673506739,10.336785762448839,0.3949345123692859,0.43133685717095205,78.2,0.9315178429387269,4391.632546594572,2586.3669582813827,1.1144989686272444,0.9613937191718823,-1.1045197740112995
14,5,6.10554398662318,9.906020016240337,5.899934441073484,14.798605840176823,4.9971070168369565,0.3787435378378585,0.5056434453418749,78.8,0.9445576905197532,4253.2970337727365,2895.9099892855656,1.0793924826613344,1.0764557852363963,-1.112994350282486
14,6,3.1515482965398793,7.302146048800116,0.6984208667457699,9.916307385182353,0.19889496768189474,0.37108303479781557,0.5012736815472516,77.0,0.9456139801445724,4158.021080615892,2810.723972124238,1.0552135582177078,1.0447907882807483,-1.0875706214689267
14,7,17.963547477572003,14.11651811044068,14.25271698580303,7.884792785224477,12.117371527975738,0.9759547594077932,0.9518439728278457,49.2,0.6072942935060777,2370.654252782192,2357.6788491537764,0.6016194869824243,0.876386713085372,-0.6949152542372882
14,8,3.11371174792588,7.374698754275373,5.644019567695386,9.901784014555947,0.19889496768189474,0.40865131895125784,0.49693104389606063,78.2,0.9154663313163715,4342.107236086994,2855.103655892627,1.1019305429003605,1.0612874223322888,-1.1045197740112995
14,9,4.927874622302356,11.788072380351844,4.1632153300432995,17.680304645528953,3.015468350341557,0.5367867079853921,0.4256987384728021,76.0,0.9212705736454708,4212.924035876721,2633.8818016341547,1.0691467109493111,0.9790557418869982,-1.073446327683616
14,10,10.834997212758276,9.699721216423953,11.096509463938695,7.884792785224477,12.117371527975738,0.9759547594077932,0.5018442264051752,47.8,0.6175566703827573,2669.715243585396,1720.4876308530693,0.6775145356392769,0.6395326065076877,-0.675141242937853
14,11,0.8829196043125809,11.809635283589447,4.92899227174874,7.803336404323141,18.063793675554315,0.5498931520310169,0.39778720026218395,71.8,0.936036655302624,4089.9208068289154,2408.0416056416625,1.0379312186563818,0.8951073503919242,-1.0141242937853108
14,12,6.691201822074904,9.897553587040893,10.246037413010672,14.74958560417078,5.8191917530978605,0.8711391497935891,0.014246237478316257,54.2,0.7107568049977689,3254.914641629798,1299.7811245386663,0.8260251677657084,0.4831493092766653,-0.7655367231638419
14,13,17.779110142504667,10.28196824399892,6.3349190613042285,3.6071997932355804,3.9749886800420082,0.7951760101305146,0.906150621594485,53.4,0.7315697892132487,2609.983361298102,2495.1732898659343,0.6623559082957905,0.9274955827291274,-0.7542372881355932
14,14,18.7439482304702,9.462593934628963,0.9143483419963774,10.802488957391327,5.194360352684537,0.9992522542357951,0.0006439035707069829,47.8,0.6325781894145268,2832.5153855096282,1099.2651726745128,0.71882960203927,0.4086143419555293,-0.675141242937853
14,15,4.211908789415898,9.406848967122592,7.972760777239023,19.091016851548066,10.400580838450095,0.8645020348281431,0.03617323424570257,55.6,0.7291562062525918,3306.721157043439,1335.9430013146527,0.8391725127186569,0.49659125381380187,-0.7853107344632769
14,16,8.091874576956311,13.289265704987857,6.1784583560695445,3.9443753668999193,12.620007277026358,0.24389649332303487,0.06728717189829997,64.8,0.8604262689947364,3865.9529255286425,1647.0477879419184,0.9810931362197396,0.6122338492738472,-0.9152542372881356
14,17,7.878546652646703,8.476898697848814,1.3513874361715388,18.959557090563738,5.796018178591964,0.999095027054449,0.9234727176983007,46.8,0.629393161888948,2288.9274121239923,2249.3973317288883,0.5808790268787307,0.8361367514852351,-0.6610169491525424
14,18,0.884053285393376,13.18416262753097,1.8502540026325187,7.824563809913241,0.36952029393863395,0.42152836480880684,0.5921412073732943,71.0,0.9194820768510616,3752.6598882073317,2685.1243159888036,0.9523418752916916,0.9981033991799408,-1.0028248587570623
14,19,6.107850807378437,9.283870975492157,0.9511322607094983,18.721224063130485,3.5292468645300086,0.9852296741096341,0.01707136699484818,48.8,0.6480676837555932,2909.0595266792207,1167.7118571158758,0.7382548079240657,0.43405706279967143,-0.6892655367231638
14,20,2.860364143369887,6.997858113017627,0.6984208667457699,16.917325576726657,0.17734339899480478,0.3758596627525144,0.5244760834242599,74.0,0.9387349074146828,4030.2620510026545,2795.269576850681,1.0227911491873387,1.0390461438473575,-1.0451977401129944
14,21,18.68249339071096,8.9648267466773,1.5730995745049785,16.363102747739916,18.427863435503095,0.7272469758231065,0.29179363026006666,66.0,0.8781235392324713,3851.9749809194823,2087.6320298678897,0.9775458437982646,0.7760060168688104,-0.9322033898305085
14,22,0.884053285393376,14.691543028184292,12.088563554352156,18.655571527085396,0.36952029393863395,0.4055230923091025,0.025474855300641308,61.8,0.7864886520365972,3748.433277930007,1511.1767407997136,0.9512692553161154,0.5617284208304596,-0.8728813559322034
14,23,7.7103870563658266,12.210223023221763,16.904174302304064,3.643605744472819,17.817506726839238,0.5049382224009624,0.14199115853416827,66.8,0.8684872588010016,3977.438301811616,1759.1254255538993,1.0093856528558918,0.6538948891022326,-0.943502824858757
14,24,0.6489214590087307,10.029781436564114,6.266132231716584,14.36447181335275,13.775877452894637,0.8334197255297208,0.5195356780494428,55.2,0.7487091781457978,3039.227759826733,2006.6457116915903,0.7712886193943417,0.7459021147971233,-0.7796610169491526
14,25,6.885240750958621,7.079984715860553,10.542984008460355,19.36520764694197,11.131650575695835,0.9214226739403363,0.14414725819614008,52.6,0.7575732354882522,3088.6431167589226,1436.4513519069737,0.7838291413416932,0.533951805716302,-0.7429378531073447
14,26,7.281040499508098,12.194818232043863,11.871811927487725,19.33479462449665,17.383676579592645,0.9365075968976415,0.05139881989008033,51.2,0.6746809876556712,3065.1166772387155,1248.8493804684053,0.7778586526219404,0.464217170239382,-0.7231638418079097
14,27,6.691201822074904,9.897553587040893,10.358018875424575,7.818994345094076,5.8191917530978605,0.40619549643468467,0.014246237478316257,60.2,0.7751806026790548,3648.065426699309,1375.5368965413886,0.9257981200393979,0.5113089341749164,-0.8502824858757063
14,28,5.883925526351181,7.422539510690063,5.715998380168282,19.000882209326342,5.332576703146916,0.8545927959678647,0.14782792777695875,58.2,0.7433904539161628,3380.2255849780113,1613.4858424727095,0.8578263067812182,0.5997583405398788,-0.8220338983050848
14,29,1.8116027265888706,12.77869648982464,0.7450110266898973,10.687282848954814,18.056780127911235,0.9182287014213988,0.004465569882783044,52.0,0.6495293245523249,3184.4508441398752,1229.745863476274,0.8081430182928492,0.4571160892456268,-0.7344632768361582
14,30,9.23952784248825,11.096050268636805,0.34179510809613234,16.058126553601767,14.813602675255753,0.794435787651782,0.19977320015432162,64.8,0.8282200732755584,3719.540839610595,1787.933472471653,0.9439369950765649,0.6646032981621522,-0.9152542372881356
14,31,9.039085841137362,9.912318161283727,10.246037413010672,18.57580990004708,5.799430701670578,0.9804045665552859,0.4933638582705473,48.6,0.678053703570945,2710.002116137549,1783.5794962177995,0.6877384506486072,0.662984855964507,-0.6864406779661018
14,32,8.604189393638954,0.47674125149734436,16.823510466960542,15.47199174634661,12.818777724499142,0.8061642803197994,0.49932952911922346,58.8,0.772599897992303,3220.1671417967696,2151.7801308915687,0.8172070227329882,0.7998508859132049,-0.8305084745762712
14,33,6.107850807378437,9.283870975492157,1.405679516553071,15.895494431238342,3.879894029710493,0.9852296741096341,0.021051907451219987,48.2,0.6362776851631341,2885.453011120723,1159.8391687900385,0.7322639976812485,0.43113065938068906,-0.6807909604519775
14,34,16.015517696992454,4.19408619215891,16.791251498439713,3.013676995923237,8.389933950016044,0.8706232447594072,0.9099608543459907,52.6,0.638781814970604,2535.785367274063,2472.998400052432,0.6435261025375366,0.9192528236257571,-0.7429378531073447
14,35,0.884053285393376,14.691543028184292,1.2452142075775785,14.927102524357949,0.29495987497314147,0.8619663091291041,0.5867985714381407,56.2,0.7362289725192039,2966.678017152855,2123.3977132978703,0.7528771032835714,0.7893006900401386,-0.7937853107344633
14,36,16.527465873089092,19.02900123225759,11.917590028774285,14.92145602027353,12.28461154545477,0.7867751886352241,0.8586431067170097,54.4,0.6747517093141197,2744.2657791045062,2502.5637544142132,0.696433808612396,0.9302427359030911,-0.768361581920904
14,37,4.90572765574562,3.4692570254087993,13.901775862414723,14.540116002507737,0.14115379873572853,0.5338612975493995,0.4669662212974422,70.2,0.9062330047583018,3923.9770764370464,2534.986132318806,0.9958183792032478,0.9422946492552495,-0.9915254237288137
14,38,6.644172191009863,19.14500562400834,0.32494480158563155,14.937070069746936,13.775877452894637,0.7283381970864254,0.5195356780494428,64.4,0.8192975312975314,3559.7631810912776,2351.725159814942,0.9033889679499469,0.8741736321001201,-0.9096045197740115
14,39,6.229676775900545,10.045241931483876,14.152079694770393,14.586303675874769,5.039040651438491,0.8215516237800002,0.5056434453418749,57.8,0.7398177863357581,3171.5227156381634,2130.4672644711986,0.804862145922821,0.7919285546104153,-0.8163841807909604
14,40,6.106836172793367,18.99730908523648,2.330820698062814,15.3268757757524,13.481174830956222,0.5328725973581746,0.58514849983122,73.0,0.9411663245524006,3901.490038279251,2868.2398122197487,0.9901116675035683,1.0661703404914917,-1.0310734463276836
14,41,6.3550489095302645,19.144374288901908,1.1976664264457293,16.458628771596345,13.865065697175293,0.7523566365393939,0.5195356780494428,62.2,0.7965831145313378,3491.632371696736,2231.32698448202,0.8860988791284593,0.8294197161122122,-0.8785310734463277
14,42,7.8990417659977945,9.832818531027048,9.954849598049556,18.59703242524205,5.95752143556764,0.9724962828610508,0.8790384593345293,49.8,0.6530932347453158,2523.786072840588,2306.0094216652224,0.6404809476598289,0.8571803653930432,-0.7033898305084746
14,43,9.23952784248825,9.982860178875057,0.3457614561022802,18.88384476194836,13.046446312313293,0.8089613825405415,0.19597183041606742,62.8,0.8294846128179462,3629.683311755443,1737.2050426013134,0.921133146836662,0.6457467342454825,-0.8870056497175142
14,44,0.773656195664254,10.168886444570553,1.3122369034398034,14.344820638577822,10.917836319927794,0.8071362935551963,0.5151484316856496,59.2,0.7527514327272764,3368.8406241573357,2213.9731591561986,0.854937056153375,0.8229690233292604,-0.8361581920903955
14,45,6.10554398662318,9.906020016240337,3.5149425470462243,17.840821779217187,4.746984018504771,0.5437771085237667,0.5056434453418749,69.6,0.9199942556418579,3881.702741836764,2546.230393379238,0.9850900903923016,0.9464743198644858,-0.983050847457627
14,46,6.10554398662318,9.906020016240337,11.050903407622345,14.798605840176823,11.890111324152091,0.3787435378378585,0.564432632354094,77.8,0.9247003106097818,4196.3869409306035,2925.9190525838053,1.0649499629140433,1.0876106311799627,-1.0988700564971752
14,47,7.9225778413030365,9.287714485428157,4.831174727527058,5.046886317575489,3.234836738459647,0.41756653663971616,0.5488916308340404,72.8,0.9207505423735649,3999.593844259255,2686.9783909915677,1.0150082382942882,0.9987925883365002,-1.0282485875706215
14,48,0.8336082605086808,11.809635283589447,4.92899227174874,7.803336404323141,18.063793675554315,0.43741539148810715,0.7054181586534194,65.6,0.8578046835228237,3514.5916306086874,2761.5387187212386,0.8919254299854197,1.0265078475920293,-0.9265536723163842
14,49,0.40362235414201564,12.745510289925974,3.9710929578890095,16.966550987621726,3.283577009694691,0.35317901099490334,0.057967256742458756,63.2,0.8278568416613957,3811.5248648069487,1584.5043183575697,0.9672805011927617,0.588985447247568,-0.8926553672316385
14,50,1.9294683655465592,3.717851358692737,11.92997763503094,8.207489158194843,0.36952029393863395,0.9194400844482145,0.5235227191367031,51.0,0.6885524271050587,2815.24766971414,1842.1588890832456,0.7144474386318277,0.6847597476493144,-0.7203389830508475
14,51,9.23952784248825,9.982860178875057,1.40950612046572,16.058126553601767,13.046446312313293,0.763125648306873,0.19977320015432162,65.6,0.8372696773579518,3795.651435796287,1868.3014774745031,0.9632521768570477,0.694477363396676,-0.9265536723163842
14,52,14.575492352551546,18.146646379455508,0.9659430843459427,19.188919079377442,3.3622894687477887,0.8014700582384917,0.03656828732387134,58.4,0.7581758254928987,3486.6207356264495,1407.2968317289412,0.8848270370122967,0.5231146070369408,-0.824858757062147
14,53,6.022316058389455,6.783868389725825,3.970501282484597,2.4710714735953725,1.5089848112059705,0.7887986401788494,0.07518277030715492,61.8,0.7763598402323892,3624.107592215563,1563.020016431466,0.9197181528428294,0.5809993906416355,-0.8728813559322034
14,54,4.90572765574562,12.083086970252108,13.987593786150633,14.488537968127128,3.4930903809179608,0.8033430708461149,0.03617901702369386,59.6,0.7740622183238361,3579.4870162810103,1483.2758967703448,0.9083944400023336,0.551357233507817,-0.8418079096045198
14,55,3.1515482965398793,6.092733139076057,0.16418041993062582,9.966040028246367,0.19889496768189474,0.3580051209726969,0.5012736815472516,75.8,0.9399440975494657,4125.310580460883,2756.0769652102913,1.0469123585387166,1.0244776269753157,-1.0706214689265536
14,56,5.357746280060883,9.283870975492157,0.9511322607094983,18.721224063130485,3.858598238306295,0.8713692399804209,0.9561555758430726,50.0,0.636234335839599,2409.0740918329893,2442.6360903120176,0.6113695902851566,0.9079666703633515,-0.7062146892655368
14,57,1.8852962075754514,6.779961141832139,11.057261573658177,8.207489158194843,0.36952029393863395,0.9017906109071429,0.5235227191367031,53.0,0.7156802568070173,2963.029007001724,1920.5533159681468,0.7519510654134178,0.7139002025193784,-0.748587570621469
14,58,7.599586448888406,9.462593934628963,0.68681768798045,10.802488957391327,5.194360352684537,0.8245792362494847,0.00037724481069012494,57.4,0.7552518296492632,3475.2117938902084,1374.6455715807867,0.8819317005597903,0.5109776145158402,-0.8107344632768362
14,59,6.066486032545684,12.603535947193787,4.190699117772473,2.0107843396954554,3.3213897411133435,0.8731452878364097,0.4247385047946494,54.8,0.6898334486684213,3115.8106508365368,1901.1872615768784,0.7907236591294178,0.7067015322002685,-0.7740112994350282
14,60,8.033104915423976,13.195721315406724,16.904174302304064,3.483942952171745,17.817506726839238,0.5049382224009624,0.14199115853416827,70.0,0.8859492437835975,4135.401375670941,1949.2450469467094,1.049473178628949,0.7245653750953878,-0.9887005649717514
14,61,5.441454867706887,12.698553537684473,1.076503228537795,11.114764487328346,18.056780127911235,0.3534985861056665,0.004465569882783044,60.4,0.7526292952321867,3829.0343651732956,1472.123408380743,0.9717240241634173,0.5472116762594267,-0.8531073446327684
14,62,6.066486032545684,4.292636828037045,3.965360683653914,2.1190130933510334,0.321980807087086,0.522350917971649,0.4660059876192896,69.0,0.915047873782051,3776.714424461551,2432.1780737082427,0.9584463832535252,0.904079259319195,-0.9745762711864407
14,63,0.8347419415894759,17.31349813713638,1.6989069251269038,7.774831166849228,0.36952029393863395,0.37121517149997096,0.7342234730279403,64.0,0.8175266439103022,3345.579069936819,2718.1280979335957,0.8490337894496214,1.0103714296576134,-0.903954802259887
14,64,14.821656866733834,9.647113345637942,1.42160653459886,18.787029240183823,3.2150389750314616,0.8200818948107554,0.24640740230118652,59.8,0.7940238896905564,3449.9825453771628,1809.490793967642,0.8755290766724996,0.672616497303153,-0.844632768361582
14,65,6.078107662847065,10.045241931483876,5.757123808829138,14.586303675874769,5.039040651438491,0.8337118076385197,0.5056434453418749,56.8,0.7498185376267568,3144.079620675694,2050.1789470563294,0.7978976968922826,0.7620841105193011,-0.8022598870056498
14,66,14.768819268512804,10.168886444570553,17.267194059753656,14.344820638577822,10.917836319927794,0.8168509593873754,0.5118351826542245,57.4,0.7698140268871977,3184.965090824987,2117.8291741612074,0.8082735226996036,0.7872307755085565,-0.8107344632768362
14,67,8.579619648909812,11.652075947689351,1.3513874361715388,10.804862081731313,5.8191917530978605,0.840280484341413,0.9551671376559197,50.4,0.631931146745098,2450.487585310505,2467.1540542235007,0.6218794167057966,0.9170803873615944,-0.711864406779661
14,68,4.482254462595896,14.675266240786545,14.466158201311337,6.335337938334012,9.839626887749327,0.9719851898535192,0.9929990110242966,47.2,0.6250735264000784,2186.398020517788,2386.890742304057,0.5548593405805905,0.8872452382106935,-0.6666666666666667
14,69,4.927874622302356,11.788072380351844,4.1632153300432995,17.680304645528953,3.254852361814013,0.547228558793293,0.4256987384728021,75.6,0.9168261292010265,4155.802444035749,2582.8078928776863,1.054650517445491,0.960070757975568,-1.0677966101694916
14,70,6.931184399067961,14.439372475217402,14.354787523511149,7.884792785224477,5.847125693407488,0.9810809325816026,0.9737186618200478,47.8,0.619775964458951,2220.8386620625693,2341.090920380975,0.5635996117834451,0.8702207162282056,-0.675141242937853
14,71,6.66317895015161,18.207754692090848,6.037778109061081,16.794438500655023,13.778377833001834,0.5987556428861855,0.13993836184281605,67.8,0.8911147066706608,4003.475583270537,1850.3920754588798,1.0159933375890615,0.687820153924983,-0.9576271186440678
14,72,6.3848718697718745,6.751200382012127,5.270383910728286,14.799515829973394,4.9971070168369565,0.9199883111765013,0.5228128258607226,51.6,0.6499907184115225,2854.0510025685844,1946.2221753745969,0.7242948641590641,0.723441725671246,-0.728813559322034
14,73,7.878546652646703,10.024999549348674,1.3513874361715388,14.63032389254651,5.796018178591964,0.999095027054449,0.4716631197759603,47.4,0.6267706173234229,2612.480477991069,1638.0692700624418,0.6629896211461546,0.6088963914281371,-0.6694915254237288
14,74,0.7559625415887403,11.26746648905851,9.39105210152848,4.064193648862693,10.917836319927794,0.7951760101305146,0.3985671766667377,60.4,0.8050912456483553,3416.440426275191,1982.524524445161,0.8670168305435042,0.7369358859936531,-0.8531073446327684
14,75,5.883925526351181,7.422539510690063,5.828238856612046,19.159534480748427,5.35049372789148,0.8545927959678647,0.501596964465201,57.0,0.7570367762128325,3230.5776683722825,2062.8735792734933,0.8198489835546586,0.7668029071470187,-0.8050847457627119
14,76,4.482254462595896,14.780400725378149,13.930184386199791,14.664442279009668,6.359745105878133,0.9719851898535192,0.8329649499461159,48.8,0.6674629887002236,2469.46234179692,2170.3068043399135,0.6266947891919262,0.80673754499047,-0.6892655367231638
14,77,12.96951254336417,4.19408619215891,16.791251498439713,3.013676995923237,8.389933950016044,0.8706232447594072,0.9099608543459907,52.4,0.6577818149706042,2494.960386447064,2447.8962164768145,0.6331656275790387,0.9099219428898176,-0.7401129943502825
14,78,0.8347419415894759,16.10474611942374,1.6989069251269038,7.824563809913241,0.36952029393863395,0.35813725767485227,0.7342234730279403,63.6,0.8355457404716521,3329.971409912432,2708.0159204910806,0.8450729113899685,1.0066125725282116,-0.8983050847457628
14,79,8.033104915423976,13.311106040484855,6.657133755117006,3.483942952171745,18.107743569855906,0.5051359756249199,0.14274769897828982,68.2,0.8657519371067759,4039.2498205222146,1889.7489597656597,1.0250720458137144,0.7024497335589013,-0.9632768361581922
15,0,4.482254462595896,13.167885840133419,14.2977236472547,6.335337938334012,9.839626887749327,0.9695498136822753,0.9902890009344112,47.2,0.6076189809455329,2174.765019093412,2367.3057353613367,0.5519071427471083,0.8799651797470713,-0.6666666666666667
15,1,6.10554398662318,9.906020016240337,5.899934441073484,14.798605840176823,4.9971070168369565,0.3787435378378585,0.5056434453418749,78.8,0.9445576905197532,4253.2970337727365,2895.9099892855656,1.0793924826613344,1.0764557852363963,-1.112994350282486
15,2,4.841805718353657,11.604882791292837,1.2242213026027144,11.122113673506739,10.336785762448839,0.3949345123692859,0.43133685717095205,78.2,0.9315178429387269,4391.632546594572,2586.3669582813827,1.1144989686272444,0.9613937191718823,-1.1045197740112995
15,3,7.867203861967462,7.3791361185059365,1.2652320806645276,10.804862081731313,0.14802930758214572,0.9991046247295744,0.0006439035707069829,47.6,0.6451951048374125,2786.8181404332167,1074.475768225811,0.707232654442582,0.3993997261939555,-0.672316384180791
15,4,0.884053285393376,14.691543028184292,1.8673081125040492,7.824563809913241,0.36952029393863395,0.42358676511849935,0.5867985714381407,74.6,0.9378702345534755,4035.55068018699,2941.6772176793106,1.024133286014329,1.0934681916858235,-1.0536723163841808
15,5,7.878546652646703,8.476898697848814,1.3513874361715388,18.959557090563738,5.796018178591964,0.999095027054449,0.9234727176983007,46.8,0.629393161888948,2288.9274121239923,2249.3973317288883,0.5808790268787307,0.8361367514852351,-0.6610169491525424
15,6,10.083624768947935,9.494662516666864,11.47976621475171,7.884792785224477,1.498902306139108,0.9743693239310277,0.5018442264051752,48.0,0.6235007263268133,2666.56339476658,1713.4500607863902,0.676714666292156,0.6369166298232217,-0.6779661016949153
15,7,3.1515482965398793,7.302146048800116,0.6984208667457699,9.916307385182353,0.19889496768189474,0.37108303479781557,0.5012736815472516,77.0,0.9456139801445724,4158.021080615892,2810.723972124238,1.0552135582177078,1.0447907882807483,-1.0875706214689267
15,8,17.779110142504667,10.28196824399892,6.3349190613042285,3.6071997932355804,3.9749886800420082,0.7951760101305146,0.906150621594485,53.4,0.7315697892132487,2609.983361298102,2495.1732898659343,0.6623559082957905,0.9274955827291274,-0.7542372881355932
15,9,6.10554398662318,9.906020016240337,11.050903407622345,14.798605840176823,11.890111324152091,0.3787435378378585,0.564432632354094,77.8,0.9247003106097818,4196.3869409306035,2925.9190525838053,1.0649499629140433,1.0876106311799627,-1.0988700564971752
15,10,0.6489214590087307,10.029781436564114,6.266132231716584,14.36447181335275,13.775877452894637,0.8334197255297208,0.5195356780494428,55.2,0.7487091781457978,3039.227759826733,2006.6457116915903,0.7712886193943417,0.7459021147971233,-0.7796610169491526
15,11,0.8829196043125809,11.809635283589447,4.92899227174874,7.803336404323141,18.063793675554315,0.5498931520310169,0.39778720026218395,71.8,0.936036655302624,4089.9208068289154,2408.0416056416625,1.0379312186563818,0.8951073503919242,-1.0141242937853108
15,12,6.691201822074904,9.897553587040893,10.246037413010672,14.74958560417078,5.8191917530978605,0.8711391497935891,0.014246237478316257,54.2,0.7107568049977689,3254.914641629798,1299.7811245386663,0.8260251677657084,0.4831493092766653,-0.7655367231638419
15,13,4.927874622302356,13.154304876539095,4.122644927071251,17.680304645528953,0.8329532588871751,0.5367867079853921,0.4285626498381409,73.8,0.9115539089998437,4049.635181737326,2556.7382829308785,1.0277076202248838,0.9503802694762964,-1.0423728813559323
15,14,17.963547477572003,14.11651811044068,14.25271698580303,7.884792785224477,12.117371527975738,0.9759547594077932,0.9518439728278457,49.2,0.6072942935060777,2370.654252782192,2357.6788491537764,0.6016194869824243,0.876386713085372,-0.6949152542372882
15,15,2.777037871333033,7.374698754275373,5.644019567695386,9.901784014555947,0.19889496768189474,0.4134844113725895,0.49693104389606063,78.0,0.9242580982236154,4312.045417975286,2851.409879749458,1.0943015199971264,1.0599143870123395,-1.1016949152542372
15,16,6.022316058389455,6.783868389725825,3.970501282484597,2.4710714735953725,1.5089848112059705,0.7887986401788494,0.07518277030715492,61.8,0.7763598402323892,3624.107592215563,1563.020016431466,0.9197181528428294,0.5809993906416355,-0.8728813559322034
15,17,0.884053285393376,14.691543028184292,1.2452142075775785,14.927102524357949,0.29495987497314147,0.8619663091291041,0.5867985714381407,56.2,0.7362289725192039,2966.678017152855,2123.3977132978703,0.7528771032835714,0.7893006900401386,-0.7937853107344633
15,18,4.927874622302356,11.788072380351844,4.1632153300432995,17.680304645528953,3.015468350341557,0.5367867079853921,0.4256987384728021,76.0,0.9212705736454708,4212.924035876721,2633.8818016341547,1.0691467109493111,0.9790557418869982,-1.073446327683616
15,19,18.7439482304702,9.462593934628963,0.9143483419963774,10.802488957391327,5.194360352684537,0.9992522542357951,0.0006439035707069829,47.8,0.6325781894145268,2832.5153855096282,1099.2651726745128,0.71882960203927,0.4086143419555293,-0.675141242937853
15,20,6.906967299652242,9.906020016240337,5.899934441073484,14.798605840176823,4.65792177774515,0.3787435378378585,0.5056434453418749,72.8,0.9386300132379594,4015.651854994562,2678.654087645446,1.0190834053791535,0.9956983124342281,-1.0282485875706215
15,21,0.7559625415887403,11.26746648905851,9.39105210152848,4.064193648862693,10.917836319927794,0.7951760101305146,0.3985671766667377,60.4,0.8050912456483553,3416.440426275191,1982.524524445161,0.8670168305435042,0.7369358859936531,-0.8531073446327684
15,22,7.7103870563658266,12.210223023221763,16.904174302304064,3.643605744472819,17.817506726839238,0.5049382224009624,0.14199115853416827,66.8,0.8684872588010016,3977.438301811616,1759.1254255538993,1.0093856528558918,0.6538948891022326,-0.943502824858757
15,23,4.211908789415898,9.406848967122592,7.972760777239023,19.091016851548066,10.400580838450095,0.8645020348281431,0.03617323424570257,55.6,0.7291562062525918,3306.721157043439,1335.9430013146527,0.8391725127186569,0.49659125381380187,-0.7853107344632769
15,24,1.8852962075754514,6.779961141832139,11.057261573658177,8.207489158194843,0.36952029393863395,0.9017906109071429,0.5235227191367031,53.0,0.7156802568070173,2963.029007001724,1920.5533159681468,0.7519510654134178,0.7139002025193784,-0.748587570621469
15,25,6.107850807378437,9.283870975492157,1.405679516553071,15.895494431238342,3.879894029710493,0.9852296741096341,0.021051907451219987,48.2,0.6362776851631341,2885.453011120723,1159.8391687900385,0.7322639976812485,0.43113065938068906,-0.6807909604519775
15,26,0.8336082605086808,11.809635283589447,4.92899227174874,7.803336404323141,18.063793675554315,0.43741539148810715,0.7054181586534194,65.6,0.8578046835228237,3514.5916306086874,2761.5387187212386,0.8919254299854197,1.0265078475920293,-0.9265536723163842
15,27,9.23952784248825,9.982860178875057,0.3457614561022802,18.88384476194836,13.046446312313293,0.8089613825405415,0.19597183041606742,62.8,0.8294846128179462,3629.683311755443,1737.2050426013134,0.921133146836662,0.6457467342454825,-0.8870056497175142
15,28,5.883925526351181,7.422539510690063,5.715998380168282,19.000882209326342,5.332576703146916,0.8545927959678647,0.14782792777695875,58.2,0.7433904539161628,3380.2255849780113,1613.4858424727095,0.8578263067812182,0.5997583405398788,-0.8220338983050848
15,29,9.229308738894026,13.22844260940983,1.8414644283679849,15.22661562129968,13.046446312313293,0.7666518698170485,0.586810055376489,60.8,0.7272323735695828,3372.9274777327446,2382.4140494156914,0.855974208976704,0.885581180288922,-0.8587570621468926
15,30,0.40362235414201564,12.745510289925974,3.9710929578890095,16.966550987621726,3.283577009694691,0.35317901099490334,0.057967256742458756,63.2,0.8278568416613957,3811.5248648069487,1584.5043183575697,0.9672805011927617,0.588985447247568,-0.8926553672316385
15,31,6.885240750958621,7.079984715860553,10.542984008460355,19.36520764694197,11.131650575695835,0.9214226739403363,0.14414725819614008,52.6,0.7575732354882522,3088.6431167589226,1436.4513519069737,0.7838291413416932,0.533951805716302,-0.7429378531073447
15,32,8.579619648909812,11.652075947689351,1.3513874361715388,10.804862081731313,5.8191917530978605,0.840280484341413,0.9551671376559197,50.4,0.631931146745098,2450.487585310505,2467.1540542235007,0.6218794167057966,0.9170803873615944,-0.711864406779661
15,33,18.68249339071096,8.9648267466773,1.5730995745049785,16.363102747739916,18.427863435503095,0.7272469758231065,0.29179363026006666,66.0,0.8781235392324713,3851.9749809194823,2087.6320298678897,0.9775458437982646,0.7760060168688104,-0.9322033898305085
15,34,8.580850479659853,9.283870975492157,0.9651021525604874,18.721224063130485,3.5617569718125037,0.9851667886688267,0.07004625849894869,49.0,0.6489802694070914,2922.2413263966305,1263.1590446911437,0.7416000564242154,0.4695362999410469,-0.692090395480226
15,35,14.821656866733834,9.647113345637942,1.42160653459886,18.787029240183823,3.2150389750314616,0.8200818948107554,0.24640740230118652,59.8,0.7940238896905564,3449.9825453771628,1809.490793967642,0.8755290766724996,0.672616497303153,-0.844632768361582
15,36,6.066486032545684,12.603535947193787,4.190699117772473,2.0107843396954554,3.3213897411133435,0.8731452878364097,0.4247385047946494,54.8,0.6898334486684213,3115.8106508365368,1901.1872615768784,0.7907236591294178,0.7067015322002685,-0.7740112994350282
15,37,6.644172191009863,19.14500562400834,0.32494480158563155,14.937070069746936,13.775877452894637,0.7283381970864254,0.5195356780494428,64.4,0.8192975312975314,3559.7631810912776,2351.725159814942,0.9033889679499469,0.8741736321001201,-0.9096045197740115
15,38,18.538390311432924,13.856309688977827,18.800983822790286,14.344820638577822,12.048533021088577,0.8153914979087935,0.6389691189368665,59.2,0.7406000841060065,3244.325114171159,2334.95466951494,0.8233377804887254,0.8679397742207385,-0.8361581920903955
15,39,16.015517696992454,4.19408619215891,16.791251498439713,3.013676995923237,8.389933950016044,0.8706232447594072,0.9099608543459907,52.6,0.638781814970604,2535.785367274063,2472.998400052432,0.6435261025375366,0.9192528236257571,-0.7429378531073447
15,40,1.0356223984491033,14.675003893120063,0.5104186528952432,7.824563809913241,0.7225830929061221,0.42358676511849935,0.13719262290561562,66.8,0.9081720826918145,3932.0718659004183,1869.4273634964652,0.9978726572906024,0.6948958731315579,-0.943502824858757
15,41,6.3848718697718745,6.751200382012127,5.270383910728286,14.799515829973394,4.9971070168369565,0.9199883111765013,0.5228128258607226,51.6,0.6499907184115225,2854.0510025685844,1946.2221753745969,0.7242948641590641,0.723441725671246,-0.728813559322034
15,42,6.106836172793367,18.99730908523648,2.330820698062814,15.3268757757524,13.481174830956222,0.5328725973581746,0.58514849983122,73.0,0.9411663245524006,3901.490038279251,2868.2398122197487,0.9901116675035683,1.0661703404914917,-1.0310734463276836
15,43,8.468583115437013,8.476898697848814,1.3513874361715388,18.959557090563738,0.16934838072114689,0.999095027054449,0.9234727176983007,46.8,0.6112550650150215,2254.531852925299,2265.4617780941826,0.5721501965757432,0.8421081616086579,-0.6610169491525424
15,44,3.644223378448335,9.887631088057054,0.20859418690310205,18.59703242524205,5.95752143556764,0.977284727298314,0.8790384593345293,48.4,0.6545193350715961,2409.019459440806,2215.4162986643278,0.611355725795335,0.8235054612289798,-0.6836158192090396
15,45,2.9962482495475156,7.302146048800116,0.9240290446615952,10.768075985331455,0.20943994288970247,0.37108303479781557,0.5012736815472516,76.2,0.9378924611572307,4127.320099584756,2800.7811167555715,1.0474223299371044,1.0410948708582561,-1.076271186440678
15,46,2.860364143369887,7.332744810502872,0.7634088535566228,16.22083112455238,0.17734339899480478,0.3758596627525144,0.5244760834242599,75.2,0.9120650183150183,4121.300696034635,2895.4145178044323,1.0458947387788773,1.076271610609333,-1.0621468926553672
15,47,6.66317895015161,18.207754692090848,6.037778109061081,16.794438500655023,13.778377833001834,0.5987556428861855,0.13993836184281605,67.8,0.8911147066706608,4003.475583270537,1850.3920754588798,1.0159933375890615,0.687820153924983,-0.9576271186440678
15,48,9.137800275837309,12.711705664511538,0.37921069825507403,16.966550987621726,3.283577009694691,0.36407350243196046,0.057967256742458756,63.8,0.825615287289706,3859.686099479621,1650.01337866489,0.9795027547171669,0.6133362064956521,-0.9011299435028248
15,49,7.8990417659977945,8.914481690526161,9.954849598049556,18.18025439716659,7.7281829519809495,0.9748342699694097,0.8790384593345293,49.8,0.6406257022777833,2510.8414400152715,2274.447590257649,0.6371958868584053,0.8454483308556991,-0.7033898305084746
15,50,6.107850807378437,9.283870975492157,0.9511322607094983,18.721224063130485,3.5292468645300086,0.9852296741096341,0.01707136699484818,48.8,0.6480676837555932,2909.0595266792207,1167.7118571158758,0.7382548079240657,0.43405706279967143,-0.6892655367231638
15,51,6.10554398662318,9.906020016240337,3.5149425470462243,17.840821779217187,4.746984018504771,0.5437771085237667,0.5056434453418749,69.6,0.9199942556418579,3881.702741836764,2546.230393379238,0.9850900903923016,0.9464743198644858,-0.983050847457627
15,52,5.447590191673672,8.476898697848814,1.3374175443205538,18.959557090563738,0.15488668107755488,0.999119522134378,0.9146899887866822,47.2,0.6470699295657157,2292.0829310151667,2247.7492981984115,0.581679827608843,0.8355241512197887,-0.6666666666666667
15,53,6.691201822074904,9.897553587040893,10.358018875424575,7.818994345094076,5.8191917530978605,0.40619549643468467,0.014246237478316257,60.2,0.7751806026790548,3648.065426699309,1375.5368965413886,0.9257981200393979,0.5113089341749164,-0.8502824858757063
15,54,7.281040499508098,12.194818232043863,11.871811927487725,19.33479462449665,17.383676579592645,0.9365075968976415,0.05139881989008033,51.2,0.6746809876556712,3065.1166772387155,1248.8493804684053,0.7778586526219404,0.464217170239382,-0.7231638418079097
15,55,3.11371174792588,7.374698754275373,5.644019567695386,9.901784014555947,0.19889496768189474,0.40865131895125784,0.49693104389606063,78.2,0.9154663313163715,4342.107236086994,2855.103655892627,1.1019305429003605,1.0612874223322888,-1.1045197740112995
15,56,0.884053285393376,12.12703308662014,12.088563554352156,18.595838571883423,0.36952029393863395,0.39562126894941485,0.025474855300641308,62.0,0.8045848551359709,3755.597929406516,1525.5313191308712,0.953087485005513,0.5670642458203156,-0.8757062146892656
15,57,6.066486032545684,4.292636828037045,3.965360683653914,2.1190130933510334,0.321980807087086,0.522350917971649,0.4660059876192896,69.0,0.915047873782051,3776.714424461551,2432.1780737082427,0.9584463832535252,0.904079259319195,-0.9745762711864407
15,58,6.106706584794868,9.288012980970478,0.6811522291619091,9.83073535672502,0.2531296562827303,0.9852296741096341,0.06665833274038935,48.2,0.6306507933909045,2812.507676179133,1216.6004888288278,0.7137520890240425,0.45222974449019665,-0.6807909604519775
15,59,9.23952784248825,9.982860178875057,1.40950612046572,16.058126553601767,13.046446312313293,0.763125648306873,0.19977320015432162,65.6,0.8372696773579518,3795.651435796287,1868.3014774745031,0.9632521768570477,0.694477363396676,-0.9265536723163842
15,60,7.874410581516759,3.664437373967032,13.935493156589047,3.643605744472819,1.2702547531259798,0.5336461562781376,0.4764226307503786,68.0,0.8978643115881372,3697.4371160778223,2482.901166489749,0.9383275601298275,0.9229338393550909,-0.96045197740113
15,61,9.039085841137362,9.912318161283727,10.246037413010672,18.57580990004708,5.799430701670578,0.9804045665552859,0.4933638582705473,48.6,0.678053703570945,2710.002116137549,1783.5794962177995,0.6877384506486072,0.662984855964507,-0.6864406779661018
15,62,5.883925526351181,7.417158298138501,5.715998380168282,19.000882209326342,4.899087274588817,0.8545927959678647,0.0022130823007912304,56.8,0.7167504170837504,3366.1733760110997,1304.9365519418632,0.8542601677123424,0.48506566360883385,-0.8022598870056498
15,63,7.878546652646703,10.024999549348674,1.3513874361715388,14.63032389254651,5.796018178591964,0.999095027054449,0.4716631197759603,47.4,0.6267706173234229,2612.480477991069,1638.0692700624418,0.6629896211461546,0.6088963914281371,-0.6694915254237288
15,64,5.441454867706887,12.698553537684473,1.076503228537795,11.114764487328346,18.056780127911235,0.3534985861056665,0.004465569882783044,60.4,0.7526292952321867,3829.0343651732956,1472.123408380743,0.9717240241634173,0.5472116762594267,-0.8531073446327684
15,65,7.878546652646703,8.476898697848814,1.3513874361715388,16.25882583190138,2.769590131423923,0.9814867136192366,0.9470690284297704,47.2,0.6386090426641174,2219.587442278988,2297.2721904697796,0.5632820799445373,0.8539325976440177,-0.6666666666666667
15,66,1.7871579774565463,11.809635283589447,4.92899227174874,7.812691183197872,18.063793675554315,0.5542525358855488,0.39778720026218395,68.8,0.9339498883545174,3972.2508474110386,2343.0435932089836,1.0080691919457623,0.8709465557640201,-0.9717514124293786
15,67,8.033104915423976,13.311106040484855,6.657133755117006,3.483942952171745,18.107743569855906,0.5051359756249199,0.14274769897828982,68.2,0.8657519371067759,4039.2498205222146,1889.7489597656597,1.0250720458137144,0.7024497335589013,-0.9632768361581922
15,68,9.573048871581348,14.34679764323155,10.332484696222657,14.927102524357949,5.633681536044701,0.8611039987209728,0.5063992398161222,55.8,0.7228585777509993,3096.5148007910907,2038.325160977653,0.7858268002173234,0.7576778697699146,-0.788135593220339
15,69,0.8347419415894759,16.10474611942374,1.6989069251269038,7.824563809913241,0.36952029393863395,0.35813725767485227,0.7342234730279403,63.6,0.8355457404716521,3329.971409912432,2708.0159204910806,0.8450729113899685,1.0066125725282116,-0.8983050847457628
15,70,6.0819538495779675,0.47674125149734436,7.036167816669795,15.47199174634661,5.2102873928348785,0.8063114577484254,0.49932952911922346,60.0,0.7573526565858986,3303.4549303546955,2132.517977858255,0.8383436168041456,0.7926908373807797,-0.8474576271186441
15,71,6.3550489095302645,19.144374288901908,1.1976664264457293,16.458628771596345,13.865065697175293,0.7523566365393939,0.5195356780494428,62.2,0.7965831145313378,3491.632371696736,2231.32698448202,0.8860988791284593,0.8294197161122122,-0.8785310734463277
15,72,7.599586448888406,9.462593934628963,0.68681768798045,10.802488957391327,5.194360352684537,0.8245792362494847,0.00037724481069012494,57.4,0.7552518296492632,3475.2117938902084,1374.6455715807867,0.8819317005597903,0.5109776145158402,-0.8107344632768362
15,73,0.8347419415894759,17.31349813713638,1.6989069251269038,7.774831166849228,0.36952029393863395,0.37121517149997096,0.7342234730279403,64.0,0.8175266439103022,3345.579069936819,2718.1280979335957,0.8490337894496214,1.0103714296576134,-0.903954802259887
15,74,4.482254462595896,14.780400725378149,13.930184386199791,14.664442279009668,6.359745105878133,0.9719851898535192,0.8329649499461159,48.8,0.6674629887002236,2469.46234179692,2170.3068043399135,0.6266947891919262,0.80673754499047,-0.6892655367231638
15,75,15.965838131502545,19.013180641283405,11.698625913586962,11.122113673506739,10.336785762448839,0.3949345123692859,0.43133685717095205,76.2,0.9286289012168678,4266.638328575225,2608.384858426388,1.0827782074777368,0.9695781227194854,-1.076271186440678
15,76,4.90572765574562,12.083086970252108,13.987593786150633,14.488537968127128,3.4930903809179608,0.8033430708461149,0.03617901702369386,59.6,0.7740622183238361,3579.4870162810103,1483.2758967703448,0.9083944400023336,0.551357233507817,-0.8418079096045198
15,77,4.927874622302356,11.788072380351844,4.1632153300432995,17.680304645528953,3.254852361814013,0.547228558793293,0.4256987384728021,75.6,0.9168261292010265,4155.802444035749,2582.8078928776863,1.054650517445491,0.960070757975568,-1.0677966101694916
15,78,8.033104915423976,13.195721315406724,16.904174302304064,3.483942952171745,17.817506726839238,0.5049382224009624,0.14199115853416827,70.0,0.8859492437835975,4135.401375670941,1949.2450469467094,1.049473178628949,0.7245653750953878,-0.9887005649717514
15,79,6.078107662847065,10.045241931483876,5.757123808829138,14.586303675874769,5.039040651438491,0.8337118076385197,0.5056434453418749,56.8,0.7498185376267568,3144.079620675694,2050.1789470563294,0.7978976968922826,0.7620841105193011,-0.8022598870056498
16,0,7.867203861967462,7.3791361185059365,1.2652320806645276,10.804862081731313,0.14802930758214572,0.9991046247295744,0.0006439035707069829,47.6,0.6451951048374125,2786.8181404332167,1074.475768225811,0.707232654442582,0.3993997261939555,-0.672316384180791
16,1,6.10554398662318,9.906020016240337,5.899934441073484,14.798605840176823,4.9971070168369565,0.3787435378378585,0.5056434453418749,78.8,0.9445576905197532,4253.2970337727365,2895.9099892855656,1.0793924826613344,1.0764557852363963,-1.112994350282486
16,2,4.482254462595896,3.1804095467048614,13.031011787997286,6.335337938334012,3.137729841267331,0.9695498136822753,0.9991047863293752,46.8,0.6289261073996741,2172.9581318411883,2413.7486597237503,0.5514485948249715,0.8972287531309769,-0.6610169491525424
16,3,0.884053285393376,14.691543028184292,1.8673081125040492,7.824563809913241,0.36952029393863395,0.42358676511849935,0.5867985714381407,74.6,0.9378702345534755,4035.55068018699,2941.6772176793106,1.024133286014329,1.0934681916858235,-1.0536723163841808
16,4,4.841805718353657,11.604882791292837,1.2242213026027144,11.122113673506739,10.336785762448839,0.3949345123692859,0.43133685717095205,78.2,0.9315178429387269,4391.632546594572,2586.3669582813827,1.1144989686272444,0.9613937191718823,-1.1045197740112995
16,5,7.281040499508098,12.194818232043863,11.871811927487725,19.33479462449665,17.383676579592645,0.9365075968976415,0.05139881989008033,51.2,0.6746809876556712,3065.1166772387155,1248.8493804684053,0.7778586526219404,0.464217170239382,-0.7231638418079097
16,6,6.66317895015161,18.207754692090848,6.037778109061081,16.794438500655023,13.778377833001834,0.5987556428861855,0.13993836184281605,67.8,0.8911147066706608,4003.475583270537,1850.3920754588798,1.0159933375890615,0.687820153924983,-0.9576271186440678
16,7,4.262785893497268,14.591207666899791,4.186631663581177,2.0107843396954554,3.3213897411133435,0.8731452878364097,0.4247385047946494,55.4,0.69714642148994,3188.415934598609,1950.4262114176588,0.8091492703369094,0.7250044327086331,-0.7824858757062148
16,8,0.7559625415887403,11.26746648905851,9.39105210152848,4.064193648862693,10.917836319927794,0.7951760101305146,0.3985671766667377,60.4,0.8050912456483553,3416.440426275191,1982.524524445161,0.8670168305435042,0.7369358859936531,-0.8531073446327684
16,9,6.906967299652242,9.906020016240337,5.899934441073484,14.798605840176823,4.65792177774515,0.3787435378378585,0.5056434453418749,72.8,0.9386300132379594,4015.651854994562,2678.654087645446,1.0190834053791535,0.9956983124342281,-1.0282485875706215
16,10,18.538390311432924,13.856309688977827,18.800983822790286,14.344820638577822,12.048533021088577,0.8153914979087935,0.6389691189368665,59.2,0.7406000841060065,3244.325114171159,2334.95466951494,0.8233377804887254,0.8679397742207385,-0.8361581920903955
16,11,8.579619648909812,11.803922279450507,1.3513874361715388,10.804862081731313,5.8191917530978605,0.840280484341413,0.02314668488983468,58.6,0.7783298617473844,3519.1073921631505,1413.8867675369281,0.8930714301440437,0.5255641909504912,-0.8276836158192091
16,12,8.579619648909812,11.652075947689351,1.3513874361715388,10.804862081731313,5.8191917530978605,0.840280484341413,0.9551671376559197,50.4,0.631931146745098,2450.487585310505,2467.1540542235007,0.6218794167057966,0.9170803873615944,-0.711864406779661
16,13,6.691201822074904,9.897553587040893,10.246037413010672,14.74958560417078,5.8191917530978605,0.8711391497935891,0.014246237478316257,54.2,0.7107568049977689,3254.914641629798,1299.7811245386663,0.8260251677657084,0.4831493092766653,-0.7655367231638419
16,14,0.8829196043125809,12.652992310225649,4.92899227174874,15.988510115580624,18.063793675554315,0.7147959104545731,0.3991217737176228,64.6,0.852577163904761,3687.0769809974763,2232.2481988754366,0.9356983875523455,0.8297621461486792,-0.9124293785310734
16,15,7.878546652646703,8.476898697848814,1.3513874361715388,16.25882583190138,2.769590131423923,0.9814867136192366,0.9470690284297704,47.2,0.6386090426641174,2219.587442278988,2297.2721904697796,0.5632820799445373,0.8539325976440177,-0.6666666666666667
16,16,10.206171788167453,9.463145726351204,11.475676885925214,10.808587237413146,1.2464500427708316,0.9743693239310277,0.009330788240045323,49.2,0.6549890054215937,2991.775143239713,1209.279795126922,0.759246197428527,0.4495085262491199,-0.6949152542372882
16,17,6.066486032545684,12.603535947193787,4.190699117772473,2.0107843396954554,3.3213897411133435,0.8731452878364097,0.4247385047946494,54.8,0.6898334486684213,3115.8106508365368,1901.1872615768784,0.7907236591294178,0.7067015322002685,-0.7740112994350282
16,18,17.779110142504667,10.28196824399892,6.3349190613042285,3.6071997932355804,3.9749886800420082,0.7951760101305146,0.906150621594485,53.4,0.7315697892132487,2609.983361298102,2495.1732898659343,0.6623559082957905,0.9274955827291274,-0.7542372881355932
16,19,6.1017239307718425,11.785770549665399,3.8098614870275838,17.840821779217187,4.746984018504771,0.5436377031013995,0.5064686961696052,71.4,0.9097261469505543,3897.5902359772917,2636.077025305826,0.9891219841461221,0.9798717414277301,-1.0084745762711866
16,20,7.7103870563658266,12.210223023221763,16.904174302304064,3.643605744472819,17.817506726839238,0.5049382224009624,0.14199115853416827,66.8,0.8684872588010016,3977.438301811616,1759.1254255538993,1.0093856528558918,0.6538948891022326,-0.943502824858757
16,21,3.644223378448335,9.887631088057054,0.20859418690310205,18.59703242524205,5.95752143556764,0.977284727298314,0.8790384593345293,48.4,0.6545193350715961,2409.019459440806,2215.4162986643278,0.611355725795335,0.8235054612289798,-0.6836158192090396
16,22,0.884053285393376,14.691543028184292,1.2452142075775785,14.927102524357949,0.29495987497314147,0.8619663091291041,0.5867985714381407,56.2,0.7362289725192039,2966.678017152855,2123.3977132978703,0.7528771032835714,0.7893006900401386,-0.7937853107344633
16,23,0.8829196043125809,11.809635283589447,4.92899227174874,7.803336404323141,18.063793675554315,0.5498931520310169,0.39778720026218395,71.8,0.936036655302624,4089.9208068289154,2408.0416056416625,1.0379312186563818,0.8951073503919242,-1.0141242937853108
16,24,0.8347419415894759,17.31349813713638,1.6989069251269038,7.774831166849228,0.36952029393863395,0.37121517149997096,0.7342234730279403,64.0,0.8175266439103022,3345.579069936819,2718.1280979335957,0.8490337894496214,1.0103714296576134,-0.903954802259887
16,25,4.90572765574562,12.083086970252108,13.987593786150633,14.488537968127128,3.4930903809179608,0.8033430708461149,0.03617901702369386,59.6,0.7740622183238361,3579.4870162810103,1483.2758967703448,0.9083944400023336,0.551357233507817,-0.8418079096045198
16,26,6.691201822074904,9.897553587040893,10.358018875424575,7.818994345094076,5.8191917530978605,0.40619549643468467,0.014246237478316257,60.2,0.7751806026790548,3648.065426699309,1375.5368965413886,0.9257981200393979,0.5113089341749164,-0.8502824858757063
16,27,6.10554398662318,9.906020016240337,11.050903407622345,14.798605840176823,11.890111324152091,0.3787435378378585,0.564432632354094,77.8,0.9247003106097818,4196.3869409306035,2925.9190525838053,1.0649499629140433,1.0876106311799627,-1.0988700564971752
16,28,16.015517696992454,4.19408619215891,2.1110899835585863,2.637175407052933,8.389933950016044,0.8635684031813476,0.9126637589825893,51.8,0.6687550502461335,2480.3123657466394,2465.5257998074167,0.6294482847025923,0.9164751393074368,-0.731638418079096
16,29,0.40362235414201564,12.745510289925974,3.9710929578890095,16.966550987621726,3.283577009694691,0.35317901099490334,0.057967256742458756,63.2,0.8278568416613957,3811.5248648069487,1584.5043183575697,0.9672805011927617,0.588985447247568,-0.8926553672316385
16,30,6.10554398662318,9.906020016240337,3.5149425470462243,17.840821779217187,4.746984018504771,0.5437771085237667,0.5056434453418749,69.6,0.9199942556418579,3881.702741836764,2546.230393379238,0.9850900903923016,0.9464743198644858,-0.983050847457627
16,31,7.878546652646703,8.476898697848814,4.091535677794721,16.25882583190138,0.8120429512777076,0.9814867136192366,0.42567330131930753,48.8,0.6620940584776202,2754.0280448275325,1655.540091375131,0.6989112552030072,0.6153905734795327,-0.6892655367231638
16,32,6.885240750958621,7.079984715860553,10.542984008460355,19.36520764694197,11.131650575695835,0.9214226739403363,0.14414725819614008,52.6,0.7575732354882522,3088.6431167589226,1436.4513519069737,0.7838291413416932,0.533951805716302,-0.7429378531073447
16,33,0.884053285393376,13.146823871435572,12.088563554352156,18.595838571883423,0.8462245719901825,0.536678881171181,0.036405072397051375,61.4,0.7725428333972637,3753.1206258921775,1510.6167925187115,0.9524588003005852,0.5615202791517651,-0.8672316384180792
16,34,14.821656866733834,9.647113345637942,1.42160653459886,18.787029240183823,3.2150389750314616,0.8200818948107554,0.24640740230118652,59.8,0.7940238896905564,3449.9825453771628,1809.490793967642,0.8755290766724996,0.672616497303153,-0.844632768361582
16,35,2.860364143369887,7.332744810502872,0.7634088535566228,16.22083112455238,0.17734339899480478,0.3758596627525144,0.5244760834242599,75.2,0.9120650183150183,4121.300696034635,2895.4145178044323,1.0458947387788773,1.076271610609333,-1.0621468926553672
16,36,6.107850807378437,9.283870975492157,1.405679516553071,15.895494431238342,3.879894029710493,0.9852296741096341,0.021051907451219987,48.2,0.6362776851631341,2885.453011120723,1159.8391687900385,0.7322639976812485,0.43113065938068906,-0.6807909604519775
16,37,7.599586448888406,9.462593934628963,0.68681768798045,10.802488957391327,5.194360352684537,0.8245792362494847,0.00037724481069012494,57.4,0.7552518296492632,3475.2117938902084,1374.6455715807867,0.8819317005597903,0.5109776145158402,-0.8107344632768362
16,38,7.8990417659977945,8.914481690526161,9.954849598049556,18.18025439716659,7.7281829519809495,0.9748342699694097,0.8790384593345293,49.8,0.6406257022777833,2510.8414400152715,2274.447590257649,0.6371958868584053,0.8454483308556991,-0.7033898305084746
16,39,2.777037871333033,7.374698754275373,5.644019567695386,9.901784014555947,0.19889496768189474,0.4134844113725895,0.49693104389606063,78.0,0.9242580982236154,4312.045417975286,2851.409879749458,1.0943015199971264,1.0599143870123395,-1.1016949152542372
16,40,4.927874622302356,11.788072380351844,4.1632153300432995,17.680304645528953,3.015468350341557,0.5367867079853921,0.4256987384728021,76.0,0.9212705736454708,4212.924035876721,2633.8818016341547,1.0691467109493111,0.9790557418869982,-1.073446327683616
16,41,0.8336082605086808,11.809635283589447,4.92899227174874,7.803336404323141,18.063793675554315,0.43741539148810715,0.7054181586534194,65.6,0.8578046835228237,3514.5916306086874,2761.5387187212386,0.8919254299854197,1.0265078475920293,-0.9265536723163842
16,42,5.883925526351181,7.422539510690063,5.715998380168282,19.000882209326342,5.332576703146916,0.8545927959678647,0.14782792777695875,58.2,0.7433904539161628,3380.2255849780113,1613.4858424727095,0.8578263067812182,0.5997583405398788,-0.8220338983050848
16,43,2.777037871333033,7.374698754275373,3.861893670130489,10.298606323394425,0.19889496768189474,0.4134844113725895,0.49693104389606063,76.8,0.9393793103448276,4194.759573174308,2787.173405208384,1.0645369730596494,1.0360366681264743,-1.0847457627118644
16,44,18.68249339071096,8.9648267466773,1.5730995745049785,16.363102747739916,18.427863435503095,0.7272469758231065,0.29179363026006666,66.0,0.8781235392324713,3851.9749809194823,2087.6320298678897,0.9775458437982646,0.7760060168688104,-0.9322033898305085
16,45,3.1515482965398793,7.302146048800116,0.6984208667457699,9.916307385182353,0.19889496768189474,0.37108303479781557,0.5012736815472516,77.0,0.9456139801445724,4158.021080615892,2810.723972124238,1.0552135582177078,1.0447907882807483,-1.0875706214689267
16,46,3.1696497468227376,11.77864937527399,5.690266985180619,10.259246519141076,0.4272288828751649,0.36266552249675643,0.5012736815472516,74.0,0.9313173603652063,4102.260635582416,2693.875276444821,1.0410627935941525,1.001356270313404,-1.0451977401129944
16,47,6.296061475615644,10.449603477085835,6.3349190613042285,3.6071997932355804,3.9749886800420082,0.7952348253366668,0.906150621594485,53.8,0.6954740454740455,2644.91324030914,2521.1831859795725,0.6712203371201609,0.9371638746472166,-0.7598870056497175
16,48,14.821656866733834,10.30791510359737,1.42160653459886,17.955518307881736,3.2150389750314616,0.8200818948107554,0.8958011828270626,52.6,0.7494364111406117,2624.2045281244805,2449.7788125396464,0.6659649251232491,0.910621733777862,-0.7429378531073447
16,49,0.6373131555531639,11.25965548000972,9.528818280272933,2.0780324755515807,4.9971070168369565,0.8048675145498091,0.5035023723588877,61.2,0.7723822519352406,3364.123755651776,2321.4549675259877,0.8537400195095253,0.8629217203590023,-0.864406779661017
16,50,10.083624768947935,9.494662516666864,11.47976621475171,7.884792785224477,1.498902306139108,0.9743693239310277,0.5018442264051752,48.0,0.6235007263268133,2666.56339476658,1713.4500607863902,0.676714666292156,0.6369166298232217,-0.6779661016949153
16,51,0.9551880110668445,12.703871308478279,2.209503861050512,7.824563809913241,0.36952029393863395,0.42358676511849935,0.593571240663302,73.6,0.9027139018692484,3924.4435006362837,2836.2691842195036,0.9959367473234121,1.0542863497611739,-1.03954802259887
16,52,16.015517696992454,4.19408619215891,16.791251498439713,3.013676995923237,8.389933950016044,0.8706232447594072,0.9099608543459907,52.6,0.638781814970604,2535.785367274063,2472.998400052432,0.6435261025375366,0.9192528236257571,-0.7429378531073447
16,53,4.927874622302356,13.154304876539095,4.122644927071251,17.680304645528953,0.8329532588871751,0.5367867079853921,0.4285626498381409,73.8,0.9115539089998437,4049.635181737326,2556.7382829308785,1.0277076202248838,0.9503802694762964,-1.0423728813559323
16,54,7.134751842851491,6.783868389725825,3.970501282484597,2.4710714735953725,1.5089848112059705,0.7887986401788494,0.07518277030715492,63.6,0.7920031150861904,3717.2711647909623,1610.0523298273988,0.9433610019307902,0.5984820493000261,-0.8983050847457628
16,55,6.3550489095302645,19.144374288901908,1.1976664264457293,16.458628771596345,13.865065697175293,0.7523566365393939,0.5195356780494428,62.2,0.7965831145313378,3491.632371696736,2231.32698448202,0.8860988791284593,0.8294197161122122,-0.8785310734463277
16,56,3.11371174792588,7.374698754275373,5.644019567695386,9.901784014555947,0.19889496768189474,0.40865131895125784,0.49693104389606063,78.2,0.9154663313163715,4342.107236086994,2855.103655892627,1.1019305429003605,1.0612874223322888,-1.1045197740112995
16,57,6.066486032545684,4.292636828037045,3.965360683653914,2.1190130933510334,0.321980807087086,0.522350917971649,0.4660059876192896,69.0,0.915047873782051,3776.714424461551,2432.1780737082427,0.9584463832535252,0.904079259319195,-0.9745762711864407
16,58,4.927874622302356,11.788072380351844,4.1632153300432995,17.680304645528953,3.254852361814013,0.547228558793293,0.4256987384728021,75.6,0.9168261292010265,4155.802444035749,2582.8078928776863,1.054650517445491,0.960070757975568,-1.0677966101694916
16,59,15.965838131502545,19.013180641283405,11.698625913586962,11.122113673506739,10.336785762448839,0.3949345123692859,0.43133685717095205,76.2,0.9286289012168678,4266.638328575225,2608.384858426388,1.0827782074777368,0.9695781227194854,-1.076271186440678
16,60,5.441454867706887,12.698553537684473,1.076503228537795,11.114764487328346,18.056780127911235,0.3534985861056665,0.004465569882783044,60.4,0.7526292952321867,3829.0343651732956,1472.123408380743,0.9717240241634173,0.5472116762594267,-0.8531073446327684
16,61,6.0819538495779675,0.47674125149734436,7.036167816669795,15.47199174634661,5.2102873928348785,0.8063114577484254,0.49932952911922346,60.0,0.7573526565858986,3303.4549303546955,2132.517977858255,0.8383436168041456,0.7926908373807797,-0.8474576271186441
16,62,5.883925526351181,10.0771654803642,5.715998380168282,19.000882209326342,4.988111130218956,0.8545927959678647,0.19219066475369181,57.6,0.7401075089868193,3326.9187882026345,1614.1812076283218,0.8442982236830435,0.6000168188238655,-0.8135593220338984
16,63,5.894497102396358,9.294882983561497,1.2652320806645276,16.347381067828906,0.14802930758214572,0.9849005994157111,0.0006439035707069829,48.0,0.6420690071907669,2837.4810411364715,1101.456745142161,0.7200897753383696,0.40942898428567537,-0.6779661016949153
16,64,18.042712370590205,14.11651811044068,11.352284835881308,7.884792785224477,11.705025841308352,0.9788137940103019,0.9518439728278457,49.2,0.6072942935060777,2368.5752598655386,2357.6788491537764,0.6010918846758082,0.876386713085372,-0.6949152542372882
16,65,0.8336082605086808,12.526927790306313,4.92899227174874,3.4347449646283996,18.063793675554315,0.5067714420333083,0.7054181586534194,66.4,0.8490118273832336,3578.817867424954,2776.5521095704426,0.9082246248590992,1.0320885636693367,-0.9378531073446329
16,66,6.078107662847065,10.045241931483876,5.757123808829138,14.586303675874769,5.039040651438491,0.8337118076385197,0.5056434453418749,56.8,0.7498185376267568,3144.079620675694,2050.1789470563294,0.7978976968922826,0.7620841105193011,-0.8022598870056498
16,67,0.6489214590087307,9.788585024129281,6.837004681949114,14.36447181335275,13.50997694076671,0.8572266569607586,0.5195356780494428,53.6,0.702005148005148,2961.154705739712,2017.725842360036,0.7514754093103067,0.7500207755301408,-0.7570621468926554
16,68,6.644172191009863,19.14500562400834,0.32494480158563155,14.937070069746936,13.775877452894637,0.7283381970864254,0.5195356780494428,64.4,0.8192975312975314,3559.7631810912776,2351.725159814942,0.9033889679499469,0.8741736321001201,-0.9096045197740115
16,69,1.8852962075754514,6.779961141832139,11.057261573658177,8.207489158194843,0.36952029393863395,0.9017906109071429,0.5235227191367031,53.0,0.7156802568070173,2963.029007001724,1920.5533159681468,0.7519510654134178,0.7139002025193784,-0.748587570621469
16,70,6.106836172793367,18.99730908523648,2.330820698062814,15.3268757757524,13.481174830956222,0.5328725973581746,0.58514849983122,73.0,0.9411663245524006,3901.490038279251,2868.2398122197487,0.9901116675035683,1.0661703404914917,-1.0310734463276836
16,71,6.107850807378437,9.283870975492157,0.9511322607094983,18.721224063130485,3.5292468645300086,0.9852296741096341,0.01707136699484818,48.8,0.6480676837555932,2909.0595266792207,1167.7118571158758,0.7382548079240657,0.43405706279967143,-0.6892655367231638
16,72,9.039085841137362,8.915614714262578,10.168206852352453,15.530589363244857,5.799430701670578,0.9737216551826214,0.4933638582705473,49.6,0.6562365861373892,2726.149012843106,1807.0774885976884,0.6918361750219336,0.6717194333278774,-0.7005649717514125
16,73,6.10554398662318,9.91361508269589,11.05730466004238,14.798605840176823,0.07810699283995781,0.8669524365518849,0.5641913094531351,55.8,0.7322585725133189,3032.4556492978563,2073.7200939294107,0.7695700078939977,0.7708347290939067,-0.788135593220339
16,74,5.883925526351181,7.417158298138501,5.715998380168282,19.000882209326342,4.899087274588817,0.8545927959678647,0.0022130823007912304,56.8,0.7167504170837504,3366.1733760110997,1304.9365519418632,0.8542601677123424,0.48506566360883385,-0.8022598870056498
16,75,5.447590191673672,8.476898697848814,1.3374175443205538,18.959557090563738,0.15488668107755488,0.999119522134378,0.9146899887866822,47.2,0.6470699295657157,2292.0829310151667,2247.7492981984115,0.581679827608843,0.8355241512197887,-0.6666666666666667
16,76,7.002050558663599,7.149080642714517,11.140219894802126,19.36520764694197,3.7861049466442616,0.81910857991758,0.1472264885345074,60.0,0.7783826622014011,3532.620804704316,1695.6164302805773,0.8965008346263112,0.6302875858264204,-0.8474576271186441
16,77,4.482254462595896,14.780400725378149,13.930184386199791,14.664442279009668,6.359745105878133,0.9719851898535192,0.8329649499461159,48.8,0.6674629887002236,2469.46234179692,2170.3068043399135,0.6266947891919262,0.80673754499047,-0.6892655367231638
16,78,6.66317895015161,18.151126373089856,5.937404711135429,17.068664048420207,14.7584468221013,0.620580511881716,0.13993836184281605,66.8,0.8948351503792367,3948.7251610637636,1784.1019055245456,1.0020988943646003,0.6631790438096363,-0.943502824858757
16,79,6.022316058389455,6.783868389725825,3.970501282484597,2.4710714735953725,1.5089848112059705,0.7887986401788494,0.07518277030715492,61.8,0.7763598402323892,3624.107592215563,1563.020016431466,0.9197181528428294,0.5809993906416355,-0.8728813559322034
17,0,0.884053285393376,14.691543028184292,1.8673081125040492,7.824563809913241,0.36952029393863395,0.42358676511849935,0.5867985714381407,74.6,0.9378702345534755,4035.55068018699,2941.6772176793106,1.024133286014329,1.0934681916858235,-1.0536723163841808
17,1,4.482254462595896,3.1804095467048614,13.031011787997286,6.335337938334012,3.137729841267331,0.9695498136822753,0.9991047863293752,46.8,0.6289261073996741,2172.9581318411883,2413.7486597237503,0.5514485948249715,0.8972287531309769,-0.6610169491525424
17,2,7.867203861967462,7.3791361185059365,1.2652320806645276,10.804862081731313,0.14802930758214572,0.9991046247295744,0.0006439035707069829,47.6,0.6451951048374125,2786.8181404332167,1074.475768225811,0.707232654442582,0.3993997261939555,-0.672316384180791
17,3,4.841805718353657,11.604882791292837,1.2242213026027144,11.122113673506739,10.336785762448839,0.38907841384086084,0.43133685717095205,79.6,0.9326318621640052,4475.495331123302,2683.8320197283256,1.135781483926926,0.9976230321136378,-1.1242937853107344
17,4,5.894497102396358,9.294882983561497,1.2652320806645276,16.347381067828906,0.14802930758214572,0.9849005994157111,0.0006439035707069829,48.0,0.6420690071907669,2837.4810411364715,1101.456745142161,0.7200897753383696,0.40942898428567537,-0.6779661016949153
17,5,5.447590191673672,8.476898697848814,1.3374175443205538,18.959557090563738,0.15488668107755488,0.999119522134378,0.9146899887866822,47.2,0.6470699295657157,2292.0829310151667,2247.7492981984115,0.581679827608843,0.8355241512197887,-0.6666666666666667
17,6,7.878546652646703,8.476898697848814,1.3513874361715388,16.25882583190138,2.769590131423923,0.9814867136192366,0.9470690284297704,47.2,0.6386090426641174,2219.587442278988,2297.2721904697796,0.5632820799445373,0.8539325976440177,-0.6666666666666667
17,7,0.40362235414201564,12.745510289925974,3.9710929578890095,16.966550987621726,3.283577009694691,0.35317901099490334,0.057967256742458756,63.2,0.8278568416613957,3811.5248648069487,1584.5043183575697,0.9672805011927617,0.588985447247568,-0.8926553672316385
17,8,5.883925526351181,7.417158298138501,5.715998380168282,19.000882209326342,4.899087274588817,0.8545927959678647,0.0022130823007912304,56.8,0.7167504170837504,3366.1733760110997,1304.9365519418632,0.8542601677123424,0.48506566360883385,-0.8022598870056498
17,9,6.10554398662318,9.906020016240337,5.899934441073484,14.798605840176823,4.9971070168369565,0.3787435378378585,0.5056434453418749,78.8,0.9445576905197532,4253.2970337727365,2895.9099892855656,1.0793924826613344,1.0764557852363963,-1.112994350282486
17,10,0.884053285393376,9.767398564778567,1.2452142075775785,7.193885613973078,0.29495987497314147,0.39769625602127984,0.5867985714381407,70.0,0.9296967418546366,3716.6199316392567,2748.6805511618704,0.9431957333960913,1.0217282622775576,-0.9887005649717514
17,11,4.902643199493568,9.287934264545449,1.2255427540802692,15.895494431238342,3.879894029710493,0.9852296741096341,0.021051907451219987,48.2,0.6362776851631341,2885.2196399138506,1159.8391687900385,0.732204773243273,0.43113065938068906,-0.6807909604519775
17,12,6.066486032545684,4.292636828037045,3.965360683653914,2.1190130933510334,0.321980807087086,0.522350917971649,0.4660059876192896,69.0,0.915047873782051,3776.714424461551,2432.1780737082427,0.9584463832535252,0.904079259319195,-0.9745762711864407
17,13,0.6489214590087307,9.788585024129281,6.837004681949114,14.36447181335275,13.50997694076671,0.8572266569607586,0.5195356780494428,53.6,0.702005148005148,2961.154705739712,2017.725842360036,0.7514754093103067,0.7500207755301408,-0.7570621468926554
17,14,3.1515482965398793,7.302146048800116,0.6984208667457699,9.916307385182353,0.19889496768189474,0.37108303479781557,0.5012736815472516,77.0,0.9456139801445724,4158.021080615892,2810.723972124238,1.0552135582177078,1.0447907882807483,-1.0875706214689267
17,15,2.860364143369887,7.332744810502872,0.7634088535566228,16.22083112455238,0.17734339899480478,0.3758596627525144,0.5244760834242599,75.2,0.9120650183150183,4121.300696034635,2895.4145178044323,1.0458947387788773,1.076271610609333,-1.0621468926553672
17,16,6.022316058389455,6.783868389725825,3.970501282484597,2.4710714735953725,1.5089848112059705,0.7887986401788494,0.07518277030715492,61.8,0.7763598402323892,3624.107592215563,1563.020016431466,0.9197181528428294,0.5809993906416355,-0.8728813559322034
17,17,6.066486032545684,12.603535947193787,4.190699117772473,2.0107843396954554,3.3213897411133435,0.8731452878364097,0.4247385047946494,54.8,0.6898334486684213,3115.8106508365368,1901.1872615768784,0.7907236591294178,0.7067015322002685,-0.7740112994350282
17,18,10.206171788167453,9.463145726351204,11.475676885925214,10.808587237413146,1.2464500427708316,0.9743693239310277,0.009330788240045323,49.2,0.6549890054215937,2991.775143239713,1209.279795126922,0.759246197428527,0.4495085262491199,-0.6949152542372882
17,19,6.078107662847065,10.045241931483876,5.757123808829138,14.586303675874769,5.039040651438491,0.8337118076385197,0.5056434453418749,56.8,0.7498185376267568,3144.079620675694,2050.1789470563294,0.7978976968922826,0.7620841105193011,-0.8022598870056498
17,20,3.644223378448335,9.887631088057054,0.20859418690310205,18.59703242524205,5.95752143556764,0.977284727298314,0.8790384593345293,48.4,0.6545193350715961,2409.019459440806,2215.4162986643278,0.611355725795335,0.8235054612289798,-0.6836158192090396
17,21,4.841805718353657,11.604882791292837,1.2242213026027144,11.122113673506739,10.336785762448839,0.3949345123692859,0.43133685717095205,78.2,0.9315178429387269,4391.632546594572,2586.3669582813827,1.1144989686272444,0.9613937191718823,-1.1045197740112995
17,22,7.878546652646703,8.476898697848814,4.091535677794721,16.25882583190138,0.8120429512777076,0.9814867136192366,0.42567330131930753,48.8,0.6620940584776202,2754.0280448275325,1655.540091375131,0.6989112552030072,0.6153905734795327,-0.6892655367231638
17,23,16.015517696992454,4.19408619215891,16.791251498439713,3.013676995923237,8.389933950016044,0.8706232447594072,0.9099608543459907,52.6,0.638781814970604,2535.785367274063,2472.998400052432,0.6435261025375366,0.9192528236257571,-0.7429378531073447
17,24,6.1017239307718425,11.785770549665399,3.8098614870275838,17.840821779217187,4.746984018504771,0.5436377031013995,0.5064686961696052,71.4,0.9097261469505543,3897.5902359772917,2636.077025305826,0.9891219841461221,0.9798717414277301,-1.0084745762711866
17,25,6.3550489095302645,19.144374288901908,1.1976664264457293,16.458628771596345,13.865065697175293,0.7523566365393939,0.5195356780494428,62.2,0.7965831145313378,3491.632371696736,2231.32698448202,0.8860988791284593,0.8294197161122122,-0.8785310734463277
17,26,0.8347419415894759,17.31349813713638,1.6989069251269038,7.774831166849228,0.36952029393863395,0.37121517149997096,0.7342234730279403,64.0,0.8175266439103022,3345.579069936819,2718.1280979335957,0.8490337894496214,1.0103714296576134,-0.903954802259887
17,27,4.482254462595896,14.780400725378149,13.930184386199791,14.664442279009668,6.359745105878133,0.9719851898535192,0.8329649499461159,48.8,0.6674629887002236,2469.46234179692,2170.3068043399135,0.6266947891919262,0.80673754499047,-0.6892655367231638
17,28,6.10554398662318,9.906020016240337,3.5149425470462243,17.840821779217187,4.746984018504771,0.5437771085237667,0.5056434453418749,69.6,0.9199942556418579,3881.702741836764,2546.230393379238,0.9850900903923016,0.9464743198644858,-0.983050847457627
17,29,7.8990417659977945,8.914481690526161,9.954849598049556,18.18025439716659,7.7281829519809495,0.9748342699694097,0.8790384593345293,49.8,0.6406257022777833,2510.8414400152715,2274.447590257649,0.6371958868584053,0.8454483308556991,-0.7033898305084746
17,30,8.579619648909812,11.652075947689351,1.3513874361715388,10.804862081731313,5.8191917530978605,0.840280484341413,0.9551671376559197,50.4,0.631931146745098,2450.487585310505,2467.1540542235007,0.6218794167057966,0.9170803873615944,-0.711864406779661
17,31,6.691201822074904,9.897553587040893,4.899363314319199,14.74958560417078,6.12679513461255,0.8711391497935891,0.010876668532871558,54.2,0.697206962656238,3227.8911395605915,1251.246700478751,0.8191672021082262,0.46510829220233924,-0.7655367231638419
17,32,6.107850807378437,9.283870975492157,0.9511322607094983,18.721224063130485,3.5292468645300086,0.9852296741096341,0.01707136699484818,48.8,0.6480676837555932,2909.0595266792207,1167.7118571158758,0.7382548079240657,0.43405706279967143,-0.6892655367231638
17,33,4.482254462595896,3.1804095467048614,12.921564263352376,6.335337938334012,3.137729841267331,0.9705766676263584,0.9862407524254054,47.8,0.6076783827691689,2182.137593032096,2368.1792509585953,0.5537781385473292,0.8802898793826409,-0.675141242937853
17,34,6.885240750958621,7.079984715860553,10.542984008460355,19.36520764694197,11.131650575695835,0.9214226739403363,0.14414725819614008,52.6,0.7575732354882522,3088.6431167589226,1436.4513519069737,0.7838291413416932,0.533951805716302,-0.7429378531073447
17,35,6.662961641702804,18.22108232388543,3.6576202916359453,16.732697136137784,4.870574934666332,0.5436377031013995,0.17578946562529457,67.8,0.901697503475215,3985.9477952540656,1962.7502166464262,1.01154517361828,0.7295854613921466,-0.9576271186440678
17,36,0.9551880110668445,12.703871308478279,2.209503861050512,7.824563809913241,0.36952029393863395,0.42358676511849935,0.593571240663302,73.6,0.9027139018692484,3924.4435006362837,2836.2691842195036,0.9959367473234121,1.0542863497611739,-1.03954802259887
17,37,6.0470133262385275,11.600819502239545,1.2955942453395877,11.122113673506739,10.336785762448839,0.3949345123692859,0.43133685717095205,77.8,0.9312734917900876,4378.604726250933,2594.2042740386532,1.1111927966781123,0.9643069740447382,-1.0988700564971752
17,38,17.779110142504667,9.9140603048914,5.907564270902572,3.6071997932355804,4.648258003011279,0.7951760101305146,0.8992463448194471,53.4,0.7315697892132487,2609.4662020104306,2495.1851604300637,0.6622246647350849,0.9274999952065449,-0.7542372881355932
17,39,15.965838131502545,19.013180641283405,11.698625913586962,11.122113673506739,10.336785762448839,0.3949345123692859,0.43133685717095205,76.2,0.9286289012168678,4266.638328575225,2608.384858426388,1.0827782074777368,0.9695781227194854,-1.076271186440678
17,40,18.042712370590205,14.11651811044068,11.352284835881308,7.884792785224477,11.705025841308352,0.9788137940103019,0.9518439728278457,49.2,0.6072942935060777,2368.5752598655386,2357.6788491537764,0.6010918846758082,0.876386713085372,-0.6949152542372882
17,41,4.927874622302356,11.788072380351844,4.1632153300432995,17.680304645528953,3.254852361814013,0.547228558793293,0.4256987384728021,75.6,0.9168261292010265,4155.802444035749,2582.8078928776863,1.054650517445491,0.960070757975568,-1.0677966101694916
17,42,0.884053285393376,14.691543028184292,1.2452142075775785,14.927102524357949,0.29495987497314147,0.8619663091291041,0.5867985714381407,56.2,0.7362289725192039,2966.678017152855,2123.3977132978703,0.7528771032835714,0.7893006900401386,-0.7937853107344633
17,43,2.777037871333033,7.374698754275373,5.644019567695386,9.901784014555947,0.19889496768189474,0.4134844113725895,0.49693104389606063,78.0,0.9242580982236154,4312.045417975286,2851.409879749458,1.0943015199971264,1.0599143870123395,-1.1016949152542372
17,44,10.083624768947935,9.494662516666864,11.47976621475171,7.884792785224477,1.498902306139108,0.9743693239310277,0.5018442264051752,48.0,0.6235007263268133,2666.56339476658,1713.4500607863902,0.676714666292156,0.6369166298232217,-0.6779661016949153
17,45,7.7103870563658266,12.210223023221763,16.904174302304064,3.643605744472819,17.817506726839238,0.5049382224009624,0.14199115853416827,66.8,0.8684872588010016,3977.438301811616,1759.1254255538993,1.0093856528558918,0.6538948891022326,-0.943502824858757
17,46,4.90572765574562,12.083086970252108,13.987593786150633,14.488537968127128,3.4930903809179608,0.8033430708461149,0.03617901702369386,59.6,0.7740622183238361,3579.4870162810103,1483.2758967703448,0.9083944400023336,0.551357233507817,-0.8418079096045198
17,47,0.8336082605086808,12.526927790306313,10.48482141337086,3.4347449646283996,17.39811621832202,0.5067714420333083,0.7230916753636772,65.4,0.8235096746915325,3544.267424453586,2743.505665181604,0.8994564884887047,1.0198046748829195,-0.9237288135593221
17,48,8.364411470744198,11.803922279450507,1.3513874361715388,10.82484901225364,5.8191917530978605,0.844522137484458,0.02314668488983468,58.8,0.7895482513655733,3485.4387644304416,1376.2836092148134,0.8845270789295288,0.5115864991476509,-0.8305084745762712
17,49,0.884053285393376,13.146823871435572,12.088563554352156,18.595838571883423,0.8462245719901825,0.536678881171181,0.036405072397051375,61.4,0.7725428333972637,3753.1206258921775,1510.6167925187115,0.9524588003005852,0.5615202791517651,-0.8672316384180792
17,50,7.599586448888406,9.462593934628963,0.68681768798045,10.802488957391327,5.194360352684537,0.8245792362494847,0.00037724481069012494,57.4,0.7552518296492632,3475.2117938902084,1374.6455715807867,0.8819317005597903,0.5109776145158402,-0.8107344632768362
17,51,5.883925526351181,6.5042916681699126,5.715998380168282,18.683727274941344,7.103238219602616,0.8598200266471663,0.14782792777695875,54.4,0.7019046791656216,3263.9762656272355,1523.8243226106995,0.8283248070210608,0.566429728074144,-0.768361581920904
17,52,3.6583446810043703,9.906745678510536,6.957562804986569,14.710202836629193,4.9971070168369565,0.3907118514658816,0.8786365715692954,58.0,0.7595867251985396,3019.5406778222596,2630.823297972861,0.7662924744854787,0.9779188474487913,-0.8192090395480226
17,53,6.10554398662318,9.91361508269589,11.05730466004238,14.798605840176823,0.07810699283995781,0.8669524365518849,0.5641913094531351,55.8,0.7322585725133189,3032.4556492978563,2073.7200939294107,0.7695700078939977,0.7708347290939067,-0.788135593220339
17,54,7.426247384218898,7.329972018807926,17.10433874690796,3.643605744472819,17.817506726839238,0.5087085358478136,0.14199115853416827,64.4,0.8224541697685378,3968.863727356192,1755.5178810850218,1.0072096159753932,0.6525539074666195,-0.9096045197740115
17,55,5.883925526351181,10.0771654803642,5.715998380168282,19.000882209326342,4.988111130218956,0.8545927959678647,0.19219066475369181,57.6,0.7401075089868193,3326.9187882026345,1614.1812076283218,0.8442982236830435,0.6000168188238655,-0.8135593220338984
17,56,5.883925526351181,7.422539510690063,5.715998380168282,19.000882209326342,5.332576703146916,0.8545927959678647,0.14782792777695875,58.2,0.7433904539161628,3380.2255849780113,1613.4858424727095,0.8578263067812182,0.5997583405398788,-0.8220338983050848
17,57,0.6373131555531639,11.25965548000972,9.528818280272933,2.0780324755515807,4.9971070168369565,0.8048675145498091,0.5035023723588877,61.2,0.7723822519352406,3364.123755651776,2321.4549675259877,0.8537400195095253,0.8629217203590023,-0.864406779661017
17,58,4.262785893497268,14.591207666899791,4.186631663581177,2.0107843396954554,3.3213897411133435,0.8731452878364097,0.4247385047946494,55.4,0.69714642148994,3188.415934598609,1950.4262114176588,0.8091492703369094,0.7250044327086331,-0.7824858757062148
17,59,6.66317895015161,18.207754692090848,6.037778109061081,16.794438500655023,13.778377833001834,0.5987556428861855,0.13993836184281605,67.8,0.8911147066706608,4003.475583270537,1850.3920754588798,1.0159933375890615,0.687820153924983,-0.9576271186440678
17,60,10.845296266942356,9.463145726351204,11.475676885925214,10.808587237413146,1.2464500427708316,0.7769652407015009,0.009330788240045323,60.4,0.7609191979352788,3656.7343712923735,1471.1239477840184,0.9279981059684459,0.5468401608651497,-0.8531073446327684
17,61,4.927874622302356,13.154304876539095,18.981113021226015,17.680304645528953,0.46151581868065605,0.8126735262395302,0.4285626498381409,60.6,0.8061239045526355,3442.7191943195808,2093.973824287265,0.8736857992178022,0.7783633626830014,-0.8559322033898306
17,62,1.024769355390898,10.383924072514285,2.291775115487588,3.6071997932355804,3.9749886800420082,0.4306811517869109,0.5978182947849352,72.2,0.9156736487125492,3941.7083627284765,2796.003522668704,1.0003181865242308,1.0393189631769582,-1.0197740112994351
17,63,15.11582378342458,12.059391522449705,11.631980946578352,19.33479462449665,17.520796005169327,0.9329044903570007,0.05139881989008033,52.0,0.6962146588858917,3102.252746490373,1228.8632511260644,0.7872829636135182,0.4567880082023556,-0.7344632768361582
17,64,0.8829196043125809,12.652992310225649,4.92899227174874,15.988510115580624,18.063793675554315,0.7147959104545731,0.3991217737176228,64.6,0.852577163904761,3687.0769809974763,2232.2481988754366,0.9356983875523455,0.8297621461486792,-0.9124293785310734
17,65,4.927874622302356,10.474683942821319,6.4204452833780135,18.65871137395228,3.934321314232495,0.5385114829009591,0.4256987384728021,76.4,0.9509534755543034,4254.943243940501,2638.137396950012,1.079810254301983,0.9806376143258267,-1.0790960451977403
17,66,3.1696497468227376,11.77864937527399,5.690266985180619,10.259246519141076,0.4272288828751649,0.36266552249675643,0.5012736815472516,74.0,0.9313173603652063,4102.260635582416,2693.875276444821,1.0410627935941525,1.001356270313404,-1.0451977401129944
17,67,4.927874622302356,11.788072380351844,4.1632153300432995,17.680304645528953,3.015468350341557,0.5367867079853921,0.4256987384728021,76.0,0.9212705736454708,4212.924035876721,2633.8818016341547,1.0691467109493111,0.9790557418869982,-1.073446327683616
17,68,4.927874622302356,13.190987665140963,3.335076273573838,17.680304645528953,12.06263610157308,0.5390358373165887,0.4285626498381409,72.6,0.9214510551933046,4079.052436486644,2519.442179295579,1.0351730672380641,0.9365167147824232,-1.0254237288135593
17,69,6.106836172793367,18.99730908523648,2.330820698062814,15.3268757757524,12.739281466599142,0.5328725973581746,0.58514849983122,73.0,0.9411663245524006,3898.745273946473,2868.2398122197487,0.9894151071730876,1.0661703404914917,-1.0310734463276836
17,70,18.68249339071096,8.9648267466773,1.5730995745049785,16.363102747739916,18.427863435503095,0.7272469758231065,0.29179363026006666,66.0,0.8781235392324713,3851.9749809194823,2087.6320298678897,0.9775458437982646,0.7760060168688104,-0.9322033898305085
17,71,5.82225620494285,11.355262073309968,5.759805418195928,18.595838571883423,0.8462245719901825,0.536678881171181,0.10992161116345855,68.4,0.8577706000574217,4040.131965090116,1943.2462471650786,1.0252959145460536,0.7223355258413353,-0.9661016949152543
17,72,6.296061475615644,10.449603477085835,6.3349190613042285,3.6071997932355804,3.9749886800420082,0.7952348253366668,0.906150621594485,53.8,0.6954740454740455,2644.91324030914,2521.1831859795725,0.6712203371201609,0.9371638746472166,-0.7598870056497175
17,73,3.644223378448335,9.887631088057054,0.20859418690310205,19.142912372522396,5.95752143556764,0.8685364524082707,0.43602067641225994,56.6,0.7316875461316135,3233.790546950494,1987.3740618918043,0.8206643409015564,0.7387385361656109,-0.7994350282485876
17,74,3.11371174792588,7.374698754275373,5.644019567695386,9.901784014555947,0.19889496768189474,0.40865131895125784,0.49693104389606063,78.2,0.9154663313163715,4342.107236086994,2855.103655892627,1.1019305429003605,1.0612874223322888,-1.1045197740112995
17,75,2.777037871333033,7.374698754275373,3.861893670130489,10.298606323394425,0.19889496768189474,0.4134844113725895,0.49693104389606063,76.8,0.9393793103448276,4194.759573174308,2787.173405208384,1.0645369730596494,1.0360366681264743,-1.0847457627118644
17,76,0.647161599858439,12.745510289925974,3.9710929578890095,16.946562405632378,3.283577009694691,0.35317901099490334,0.057967256742458756,63.4,0.8132293906810035,3830.522391664944,1599.2078375481367,0.9721016522943313,0.5944509791026947,-0.8954802259887006
17,77,9.039085841137362,8.915614714262578,10.168206852352453,15.530589363244857,5.799430701670578,0.9737216551826214,0.4933638582705473,49.6,0.6562365861373892,2726.149012843106,1807.0774885976884,0.6918361750219336,0.6717194333278774,-0.7005649717514125
17,78,7.281040499508098,12.194818232043863,11.871811927487725,19.33479462449665,17.383676579592645,0.9365075968976415,0.05139881989008033,51.2,0.6746809876556712,3065.1166772387155,1248.8493804684053,0.7778586526219404,0.464217170239382,-0.7231638418079097
17,79,6.66317895015161,18.151126373089856,5.937404711135429,17.068664048420207,14.7584468221013,0.620580511881716,0.13993836184281605,66.8,0.8948351503792367,3948.7251610637636,1784.1019055245456,1.0020988943646003,0.6631790438096363,-0.943502824858757
18,0,4.841805718353657,11.604882791292837,1.2242213026027144,11.122113673506739,10.336785762448839,0.38907841384086084,0.43133685717095205,79.6,0.9326318621640052,4475.495331123302,2683.8320197283256,1.135781483926926,0.9976230321136378,-1.1242937853107344
18,1,4.482254462595896,3.1804095467048614,13.031011787997286,6.335337938334012,3.137729841267331,0.9695498136822753,0.9991047863293752,46.8,0.6289261073996741,2172.9581318411883,2413.7486597237503,0.5514485948249715,0.8972287531309769,-0.6610169491525424
18,2,0.884053285393376,14.691543028184292,1.8673081125040492,7.824563809913241,0.36952029393863395,0.42358676511849935,0.5867985714381407,74.6,0.9378702345534755,4035.55068018699,2941.6772176793106,1.024133286014329,1.0934681916858235,-1.0536723163841808
18,3,7.867203861967462,7.3791361185059365,1.2652320806645276,10.804862081731313,0.14802930758214572,0.9991046247295744,0.0006439035707069829,47.6,0.6451951048374125,2786.8181404332167,1074.475768225811,0.707232654442582,0.3993997261939555,-0.672316384180791
18,4,6.10554398662318,9.906020016240337,5.899934441073484,14.798605840176823,4.9971070168369565,0.3787435378378585,0.5056434453418749,78.8,0.9445576905197532,4253.2970337727365,2895.9099892855656,1.0793924826613344,1.0764557852363963,-1.112994350282486
18,5,4.90572765574562,12.083086970252108,13.987593786150633,14.488537968127128,3.4930903809179608,0.8033430708461149,0.03617901702369386,59.6,0.7740622183238361,3579.4870162810103,1483.2758967703448,0.9083944400023336,0.551357233507817,-0.8418079096045198
18,6,0.8336082605086808,12.526927790306313,10.48482141337086,3.4347449646283996,17.39811621832202,0.5067714420333083,0.7230916753636772,65.4,0.8235096746915325,3544.267424453586,2743.505665181604,0.8994564884887047,1.0198046748829195,-0.9237288135593221
18,7,7.878546652646703,8.476898697848814,4.091535677794721,16.25882583190138,0.8120429512777076,0.9814867136192366,0.42567330131930753,48.8,0.6620940584776202,2754.0280448275325,1655.540091375131,0.6989112552030072,0.6153905734795327,-0.6892655367231638
18,8,6.66317895015161,18.207754692090848,6.037778109061081,16.794438500655023,13.778377833001834,0.5987556428861855,0.13993836184281605,67.8,0.8911147066706608,4003.475583270537,1850.3920754588798,1.0159933375890615,0.687820153924983,-0.9576271186440678
18,9,6.106836172793367,18.99730908523648,2.330820698062814,15.3268757757524,12.739281466599142,0.5328725973581746,0.58514849983122,73.0,0.9411663245524006,3898.745273946473,2868.2398122197487,0.9894151071730876,1.0661703404914917,-1.0310734463276836
18,10,5.780461910464291,10.080995859730944,5.715998380168282,15.788579049575029,4.988111130218956,0.8545927959678647,0.0186933269400245,55.6,0.7244638016789916,3317.2387993302045,1321.5181872888916,0.8418416571328634,0.49122932109958084,-0.7853107344632769
18,11,6.691201822074904,9.897553587040893,4.899363314319199,14.74958560417078,6.12679513461255,0.8711391497935891,0.010876668532871558,54.2,0.697206962656238,3227.8911395605915,1251.246700478751,0.8191672021082262,0.46510829220233924,-0.7655367231638419
18,12,6.066486032545684,12.603535947193787,4.190699117772473,2.0107843396954554,3.3213897411133435,0.8731452878364097,0.4247385047946494,54.8,0.6898334486684213,3115.8106508365368,1901.1872615768784,0.7907236591294178,0.7067015322002685,-0.7740112994350282
18,13,9.039085841137362,8.915614714262578,10.168206852352453,15.530589363244857,5.799430701670578,0.9737216551826214,0.4933638582705473,49.6,0.6562365861373892,2726.149012843106,1807.0774885976884,0.6918361750219336,0.6717194333278774,-0.7005649717514125
18,14,4.841805718353657,11.604882791292837,1.2242213026027144,11.122113673506739,10.336785762448839,0.3949345123692859,0.43133685717095205,78.2,0.9315178429387269,4391.632546594572,2586.3669582813827,1.1144989686272444,0.9613937191718823,-1.1045197740112995
18,15,0.884053285393376,13.146823871435572,12.088563554352156,18.595838571883423,0.8462245719901825,0.536678881171181,0.036405072397051375,61.4,0.7725428333972637,3753.1206258921775,1510.6167925187115,0.9524588003005852,0.5615202791517651,-0.8672316384180792
18,16,4.902643199493568,9.287934264545449,1.2255427540802692,15.895494431238342,3.879894029710493,0.9852296741096341,0.021051907451219987,48.2,0.6362776851631341,2885.2196399138506,1159.8391687900385,0.732204773243273,0.43113065938068906,-0.6807909604519775
18,17,6.078107662847065,12.491291755472279,4.7590373755784725,14.586868897201335,5.039040651438491,0.8006472874380728,0.027332684010554276,59.0,0.7885218068316661,3500.931375006544,1412.4944595360607,0.8884587599900944,0.5250466479301937,-0.8333333333333334
18,18,6.0470133262385275,11.600819502239545,1.2955942453395877,11.122113673506739,10.336785762448839,0.3949345123692859,0.43133685717095205,77.8,0.9312734917900876,4378.604726250933,2594.2042740386532,1.1111927966781123,0.9643069740447382,-1.0988700564971752
18,19,7.8990417659977945,8.914481690526161,9.954849598049556,18.18025439716659,7.7281829519809495,0.9748342699694097,0.8790384593345293,49.8,0.6406257022777833,2510.8414400152715,2274.447590257649,0.6371958868584053,0.8454483308556991,-0.7033898305084746
18,20,10.845296266942356,9.463145726351204,11.475676885925214,10.808587237413146,1.2464500427708316,0.7769652407015009,0.009330788240045323,60.4,0.7609191979352788,3656.7343712923735,1471.1239477840184,0.9279981059684459,0.5468401608651497,-0.8531073446327684
18,21,2.777037871333033,7.374698754275373,3.861893670130489,10.298606323394425,0.19889496768189474,0.4134844113725895,0.49693104389606063,76.8,0.9393793103448276,4194.759573174308,2787.173405208384,1.0645369730596494,1.0360366681264743,-1.0847457627118644
18,22,0.884053285393376,9.767398564778567,1.2452142075775785,7.193885613973078,0.29495987497314147,0.39769625602127984,0.5867985714381407,70.0,0.9296967418546366,3716.6199316392567,2748.6805511618704,0.9431957333960913,1.0217282622775576,-0.9887005649717514
18,23,6.885240750958621,7.079984715860553,10.542984008460355,19.36520764694197,11.131650575695835,0.9214226739403363,0.14414725819614008,52.6,0.7575732354882522,3088.6431167589226,1436.4513519069737,0.7838291413416932,0.533951805716302,-0.7429378531073447
18,24,18.68249339071096,8.9648267466773,1.5730995745049785,16.363102747739916,18.427863435503095,0.7272469758231065,0.29179363026006666,66.0,0.8781235392324713,3851.9749809194823,2087.6320298678897,0.9775458437982646,0.7760060168688104,-0.9322033898305085
18,25,6.296061475615644,10.449603477085835,6.3349190613042285,3.6071997932355804,3.9749886800420082,0.7952348253366668,0.906150621594485,53.8,0.6954740454740455,2644.91324030914,2521.1831859795725,0.6712203371201609,0.9371638746472166,-0.7598870056497175
18,26,2.777037871333033,9.490853280783881,5.644019567695386,9.908017667052631,0.19889496768189474,0.31255701864623947,0.0456674995340155,62.4,0.7772614434895138,3798.342566989043,1552.1890633226103,0.96393512628575,0.5769733531692042,-0.8813559322033898
18,27,2.860364143369887,7.332744810502872,0.7634088535566228,16.22083112455238,0.17734339899480478,0.3758596627525144,0.5244760834242599,75.2,0.9120650183150183,4121.300696034635,2895.4145178044323,1.0458947387788773,1.076271610609333,-1.0621468926553672
18,28,5.82225620494285,11.355262073309968,5.759805418195928,18.595838571883423,0.8462245719901825,0.536678881171181,0.10992161116345855,68.4,0.8577706000574217,4040.131965090116,1943.2462471650786,1.0252959145460536,0.7223355258413353,-0.9661016949152543
18,29,15.11582378342458,9.493562827774392,11.480995892090277,19.394325541155915,17.391129073396954,0.9329044903570007,0.48998762565058995,50.6,0.6778097316157017,2829.1046270105344,1802.9811172261775,0.7179640271558649,0.6701967469606718,-0.7146892655367232
18,30,5.894497102396358,9.294882983561497,1.2652320806645276,16.347381067828906,0.14802930758214572,0.9849005994157111,0.0006439035707069829,48.0,0.6420690071907669,2837.4810411364715,1101.456745142161,0.7200897753383696,0.40942898428567537,-0.6779661016949153
18,31,0.6489214590087307,9.788585024129281,6.837004681949114,14.374165192899822,0.4456654664318984,0.8572266569607586,0.5217811033371731,53.4,0.6993024453024453,2919.0503332433354,2032.7803761455937,0.7407902531129157,0.7556167850910244,-0.7542372881355932
18,32,0.8347419415894759,17.31349813713638,1.6989069251269038,7.774831166849228,0.36952029393863395,0.37121517149997096,0.7342234730279403,64.0,0.8175266439103022,3345.579069936819,2718.1280979335957,0.8490337894496214,1.0103714296576134,-0.903954802259887
18,33,7.715875198301052,12.210223023221763,16.904174302304064,3.643605744472819,1.394927355892582,0.7847552654815673,0.14188982817173287,62.0,0.8030278090757543,3627.0671218546113,1707.390632415118,0.9204692158462446,0.6346642439584627,-0.8757062146892656
18,34,4.927874622302356,13.154304876539095,18.981113021226015,17.680304645528953,0.46151581868065605,0.8126735262395302,0.4285626498381409,60.6,0.8061239045526355,3442.7191943195808,2093.973824287265,0.8736857992178022,0.7783633626830014,-0.8559322033898306
18,35,7.878546652646703,8.476898697848814,1.3513874361715388,16.25882583190138,2.769590131423923,0.9814867136192366,0.9470690284297704,47.2,0.6386090426641174,2219.587442278988,2297.2721904697796,0.5632820799445373,0.8539325976440177,-0.6666666666666667
18,36,7.281040499508098,12.194818232043863,11.871811927487725,19.33479462449665,17.383676579592645,0.9365075968976415,0.05139881989008033,51.2,0.6746809876556712,3065.1166772387155,1248.8493804684053,0.7778586526219404,0.464217170239382,-0.7231638418079097
18,37,6.066486032545684,4.292636828037045,3.965360683653914,2.1190130933510334,0.321980807087086,0.522350917971649,0.4660059876192896,69.0,0.915047873782051,3776.714424461551,2432.1780737082427,0.9584463832535252,0.904079259319195,-0.9745762711864407
18,38,7.426247384218898,7.329972018807926,17.10433874690796,3.643605744472819,17.817506726839238,0.5087085358478136,0.14199115853416827,64.4,0.8224541697685378,3968.863727356192,1755.5178810850218,1.0072096159753932,0.6525539074666195,-0.9096045197740115
18,39,16.015517696992454,4.19408619215891,16.791251498439713,3.013676995923237,8.389933950016044,0.8706232447594072,0.9099608543459907,52.6,0.638781814970604,2535.785367274063,2472.998400052432,0.6435261025375366,0.9192528236257571,-0.7429378531073447
18,40,0.8829196043125809,12.652992310225649,4.92899227174874,15.988510115580624,18.063793675554315,0.7147959104545731,0.3991217737176228,64.6,0.852577163904761,3687.0769809974763,2232.2481988754366,0.9356983875523455,0.8297621461486792,-0.9124293785310734
18,41,6.3550489095302645,19.144374288901908,1.1976664264457293,16.374413976027103,13.865065697175293,0.7360559168987983,0.5398374330745699,63.2,0.8184169795202794,3429.560952560827,2258.4500194410602,0.8703465292052301,0.8395017794369879,-0.8926553672316385
18,42,3.1515482965398793,7.302146048800116,0.6984208667457699,9.916307385182353,0.19889496768189474,0.37108303479781557,0.5012736815472516,77.0,0.9456139801445724,4158.021080615892,2810.723972124238,1.0552135582177078,1.0447907882807483,-1.0875706214689267
18,43,5.935538057899432,6.5042916681699126,5.715998380168282,18.682533120427856,6.802568872926743,0.8598200266471663,0.14782792777695875,54.4,0.7019046791656216,3262.4697143529334,1523.8243226106995,0.8279424777110425,0.566429728074144,-0.768361581920904
18,44,6.66317895015161,18.151126373089856,5.937404711135429,17.068664048420207,14.7584468221013,0.620580511881716,0.13993836184281605,66.8,0.8948351503792367,3948.7251610637636,1784.1019055245456,1.0020988943646003,0.6631790438096363,-0.943502824858757
18,45,4.927874622302356,11.788072380351844,5.229724702542726,17.680304645528953,3.254852361814013,0.547228558793293,0.4256987384728021,76.0,0.9307808942427481,4177.881324854859,2570.9214229455533,1.0602536478623155,0.9556523681182093,-1.073446327683616
18,46,18.042712370590205,14.11651811044068,11.352284835881308,7.884792785224477,11.705025841308352,0.9788137940103019,0.9518439728278457,49.2,0.6072942935060777,2368.5752598655386,2357.6788491537764,0.6010918846758082,0.876386713085372,-0.6949152542372882
18,47,10.206171788167453,9.463145726351204,11.475676885925214,10.808587237413146,1.2464500427708316,0.9743693239310277,0.009330788240045323,49.2,0.6549890054215937,2991.775143239713,1209.279795126922,0.759246197428527,0.4495085262491199,-0.6949152542372882
18,48,5.883925526351181,7.417158298138501,5.575036800875888,19.000882209326342,4.899087274588817,0.8545927959678647,0.0022130823007912304,56.8,0.7167504170837504,3366.1226298425545,1304.9365519418632,0.8542472894599145,0.48506566360883385,-0.8022598870056498
18,49,8.637713043382908,11.609852733176758,1.248238002843277,2.1190130933510334,0.0064643811083962,0.8476796051507758,0.4757871442295861,59.2,0.7580597139838267,3280.130497034447,2062.5221009338443,0.8324243927790415,0.7666722570599994,-0.8361581920903955
18,50,4.8139214124312435,9.887631088057054,0.20859418690310205,18.66475478994549,5.661348608603406,0.3718234011938625,0.8790384593345293,55.8,0.7302547019577118,2854.5893267622187,2547.77566492936,0.7244314789036328,0.9470487218680165,-0.788135593220339
18,51,1.024769355390898,10.383924072514285,2.291775115487588,3.6071997932355804,3.9749886800420082,0.4306811517869109,0.5978182947849352,72.2,0.9156736487125492,3941.7083627284765,2796.003522668704,1.0003181865242308,1.0393189631769582,-1.0197740112994351
18,52,7.878546652646703,8.468632876341042,1.3867495054385919,16.25882583190138,2.769590131423923,0.9667174063415598,0.9470690284297704,47.4,0.6267113150879473,2248.852363900428,2304.2319588143705,0.5707088681874068,0.8565196541914101,-0.6694915254237288
18,53,3.145782161436925,9.80849626863269,0.6984208667457699,14.616663890014049,0.19889496768189474,0.37108303479781557,0.5012736815472516,75.0,0.9495997558574318,4091.429572972012,2822.0785255424576,1.038314110050992,1.0490114563129178,-1.0593220338983051
18,54,15.11582378342458,12.059391522449705,11.631980946578352,19.33479462449665,17.520796005169327,0.9329044903570007,0.05139881989008033,52.0,0.6962146588858917,3102.252746490373,1228.8632511260644,0.7872829636135182,0.4567880082023556,-0.7344632768361582
18,55,0.9949318273479353,9.767577938371117,1.2452142075775785,7.193885613973078,0.039499142007972665,0.7872492351912618,0.6066393605592463,60.2,0.76991341991342,3269.373800230249,2459.8993129253518,0.8296945816286502,0.9143836846775747,-0.8502824858757063
18,56,6.1017239307718425,11.785770549665399,3.7326355083500826,17.840821779217187,4.779397757440539,0.5436377031013995,0.5064686961696052,72.0,0.9249317971375091,3911.3217104697615,2653.333267629415,0.9926067279167401,0.9862861610572751,-1.0169491525423728
18,57,4.927874622302356,13.190987665140963,1.6281383588601672,16.333104249795962,12.88146034890174,0.9799696188813871,0.9424703749514046,47.8,0.6489655783261921,2326.867781506779,2308.812385493149,0.5905074514105695,0.8582222716123469,-0.675141242937853
18,58,0.9551880110668445,12.703871308478279,2.209503861050512,7.824563809913241,0.36952029393863395,0.42358676511849935,0.593571240663302,73.6,0.9027139018692484,3924.4435006362837,2836.2691842195036,0.9959367473234121,1.0542863497611739,-1.03954802259887
18,59,17.779110142504667,9.9140603048914,5.907564270902572,3.6071997932355804,4.648258003011279,0.7951760101305146,0.8992463448194471,53.4,0.7315697892132487,2609.4662020104306,2495.1851604300637,0.6622246647350849,0.9274999952065449,-0.7542372881355932
18,60,6.10554398662318,9.918656829416268,1.15756521265377,10.859846098480215,9.672417683163678,0.5462085003510463,0.43156267975565504,71.0,0.9189100343984078,3984.3518241776314,2507.9822326613407,1.0111401515451048,0.9322568704162073,-1.0028248587570623
18,61,4.90572765574562,9.637037146263687,14.98568304949525,14.487972746800562,3.4930903809179608,0.8364075910465618,0.516777817113359,58.8,0.7428249358815255,3183.0478015572216,2211.696546921299,0.8077869571937665,0.8221227703655755,-0.8305084745762712
18,62,6.710680728753456,8.476898697848814,4.859851771773252,18.959557090563738,0.15488668107755488,0.8219483715945136,0.9146899887866822,52.8,0.6984138607388035,2609.811740118347,2489.1631934516245,0.66231235464557,0.9252615343371025,-0.7457627118644068
18,63,10.14331374960072,10.264568853266123,11.475676885925214,10.808587237413146,17.690741080074954,0.4971481944891405,0.009691560088445447,60.6,0.7896467146794343,3691.4334718384134,1373.7035097897503,0.936803968335242,0.510627435170224,-0.8559322033898306
18,64,0.7642079423922632,8.476898697848814,3.844286312219255,16.198899987385502,0.8267164542530043,0.8557253461504835,0.42567330131930753,57.2,0.7202052053637419,3238.5199849283863,1920.4925305095062,0.8218645673987925,0.7138776075979706,-0.8079096045197741
18,65,6.662961641702804,18.22108232388543,3.6576202916359453,16.732697136137784,4.870574934666332,0.5436377031013995,0.17578946562529457,67.8,0.901697503475215,3985.9477952540656,1962.7502166464262,1.01154517361828,0.7295854613921466,-0.9576271186440678
18,66,0.884053285393376,14.691543028184292,1.2452142075775785,14.927102524357949,0.29495987497314147,0.8619663091291041,0.5867985714381407,56.2,0.7362289725192039,2966.678017152855,2123.3977132978703,0.7528771032835714,0.7893006900401386,-0.7937853107344633
18,67,2.860364143369887,7.1558393816780725,0.810865000483241,16.22083112455238,0.17734339899480478,0.3585304041497751,0.5244760834242599,76.2,0.9099288986207592,4153.913095555573,2932.0177729986226,1.054171042692038,1.0898776225220137,-1.076271186440678
18,68,0.647161599858439,12.745510289925974,3.9710929578890095,16.946562405632378,3.283577009694691,0.35317901099490334,0.057967256742458756,63.4,0.8132293906810035,3830.522391664944,1599.2078375481367,0.9721016522943313,0.5944509791026947,-0.8954802259887006
18,69,7.7103870563658266,12.210223023221763,16.904174302304064,3.643605744472819,17.817506726839238,0.5049382224009624,0.14199115853416827,66.8,0.8684872588010016,3977.438301811616,1759.1254255538993,1.0093856528558918,0.6538948891022326,-0.943502824858757
18,70,6.022316058389455,4.188673285505183,3.0958919855360714,2.4710714735953725,1.5089848112059705,0.9053890532449274,0.8979743809687503,51.8,0.668686887479096,2512.2238629632816,2429.6594033678043,0.6375467151513959,0.9031430295091873,-0.731638418079096
18,71,4.482254462595896,3.1804095467048614,12.921564263352376,6.335337938334012,3.137729841267331,0.9705766676263584,0.9862407524254054,47.8,0.6076783827691689,2182.137593032096,2368.1792509585953,0.5537781385473292,0.8802898793826409,-0.675141242937853
18,72,15.965838131502545,19.013180641283405,11.698625913586962,11.122113673506739,10.336785762448839,0.3949345123692859,0.43133685717095205,76.2,0.9286289012168678,4266.638328575225,2608.384858426388,1.0827782074777368,0.9695781227194854,-1.076271186440678
18,73,19.25386092473327,16.739373536136135,11.352284835881308,18.829718187776923,11.705025841308352,0.9788137940103019,0.9448010193870284,49.2,0.6059263044499902,2392.644760561327,2325.2204500960606,0.6072001902811189,0.8643214100978956,-0.6949152542372882
18,74,6.022316058389455,6.783868389725825,3.970501282484597,2.4710714735953725,1.5089848112059705,0.7887986401788494,0.07518277030715492,61.8,0.7763598402323892,3624.107592215563,1563.020016431466,0.9197181528428294,0.5809993906416355,-0.8728813559322034
18,75,2.777037871333033,7.374698754275373,5.644019567695386,9.901784014555947,0.19889496768189474,0.4134844113725895,0.49693104389606063,78.0,0.9242580982236154,4312.045417975286,2851.409879749458,1.0943015199971264,1.0599143870123395,-1.1016949152542372
18,76,3.6721076843707494,11.604882791292837,1.2242213026027144,11.053176338781187,10.632958590229922,0.985466183137991,0.43133685717095205,48.0,0.6181307348739715,2670.0138635325284,1629.1998191417551,0.677590318760829,0.6055994755050705,-0.6779661016949153
18,77,7.867203861967462,14.880853344926365,3.4068206465338173,10.804862081731313,3.242581905790511,0.8713522112935947,0.4302155503992776,55.2,0.7674514792379974,3124.028732014493,1856.6973924987208,0.7928092259202982,0.6901639405172454,-0.7796610169491526
18,78,3.11371174792588,7.374698754275373,5.644019567695386,9.901784014555947,0.19889496768189474,0.40865131895125784,0.49693104389606063,78.2,0.9154663313163715,4342.107236086994,2855.103655892627,1.1019305429003605,1.0612874223322888,-1.1045197740112995
18,79,4.262785893497268,14.591207666899791,4.186631663581177,2.0107843396954554,3.3213897411133435,0.8731452878364097,0.4247385047946494,55.4,0.69714642148994,3188.415934598609,1950.4262114176588,0.8091492703369094,0.7250044327086331,-0.7824858757062148
19,0,4.482254462595896,4.193948683586738,13.031011787997286,6.335337938334012,0.8995844950154046,0.9765351040463354,0.9871536732248436,47.6,0.6053795321944563,2171.537258683642,2373.056171457477,0.5510880087213224,0.8821027082704802,-0.672316384180791
19,1,7.317303990102632,7.3791361185059365,9.651560534902966,10.804862081731313,0.16729026974282624,0.9990681094659368,0.8713841988764528,47.0,0.6023315940484759,2334.9544022792234,2184.3209063743934,0.5925596564652836,0.8119468095276011,-0.6638418079096046
19,2,4.841805718353657,11.604882791292837,1.2242213026027144,11.122113673506739,10.336785762448839,0.38907841384086084,0.43133685717095205,79.6,0.9326318621640052,4475.495331123302,2683.8320197283256,1.135781483926926,0.9976230321136378,-1.1242937853107344
19,3,7.867203861967462,7.3791361185059365,1.2652320806645276,10.804862081731313,0.14802930758214572,0.9991046247295744,0.0006439035707069829,47.6,0.6451951048374125,2786.8181404332167,1074.475768225811,0.707232654442582,0.3993997261939555,-0.672316384180791
19,4,6.0470133262385275,11.759005940867235,1.3137525923585314,11.122113673506739,12.705285197620396,0.3949345123692859,0.5825019222212744,75.4,0.8956630595423272,4139.582486197543,2994.335912246993,1.0505342517766167,1.1130422656798713,-1.0649717514124295
19,5,0.884053285393376,9.767398564778567,1.2452142075775785,7.193885613973078,0.29495987497314147,0.39769625602127984,0.5867985714381407,70.0,0.9296967418546366,3716.6199316392567,2748.6805511618704,0.9431957333960913,1.0217282622775576,-0.9887005649717514
19,6,10.206171788167453,9.463145726351204,11.475676885925214,10.808587237413146,1.2464500427708316,0.9743693239310277,0.009330788240045323,49.2,0.6549890054215937,2991.775143239713,1209.279795126922,0.759246197428527,0.4495085262491199,-0.6949152542372882
19,7,19.25386092473327,16.739373536136135,11.352284835881308,18.829718187776923,11.705025841308352,0.9788137940103019,0.9448010193870284,49.2,0.6059263044499902,2392.644760561327,2325.2204500960606,0.6072001902811189,0.8643214100978956,-0.6949152542372882
19,8,4.927874622302356,13.154304876539095,18.981113021226015,17.680304645528953,0.46151581868065605,0.8126735262395302,0.4285626498381409,60.6,0.8061239045526355,3442.7191943195808,2093.973824287265,0.8736857992178022,0.7783633626830014,-0.8559322033898306
19,9,5.926079681212036,9.342326804097585,1.2650736070046174,16.347381067828906,0.14802930758214572,0.9814272824224292,0.0006439035707069829,48.2,0.631217857533647,2830.5308763881026,1088.3317410676777,0.7183259776249536,0.4045502115960883,-0.6807909604519775
19,10,6.10554398662318,9.906020016240337,5.899934441073484,14.798605840176823,4.9971070168369565,0.3787435378378585,0.5056434453418749,78.8,0.9445576905197532,4253.2970337727365,2895.9099892855656,1.0793924826613344,1.0764557852363963,-1.112994350282486
19,11,6.022316058389455,4.188673285505183,3.0958919855360714,2.4710714735953725,0.9603788823035024,0.9053890532449274,0.8979743809687503,51.8,0.668686887479096,2510.2661989093467,2429.6594033678043,0.6370499034200227,0.9031430295091873,-0.731638418079096
19,12,5.029965448086042,10.014063759775624,5.985857804565658,15.788579049575029,0.215537865640544,0.850685532202827,0.0186933269400245,55.8,0.7291226962113039,3298.139454030402,1314.250534770008,0.8369946667682912,0.4885278191095379,-0.788135593220339
19,13,4.90572765574562,9.637037146263687,14.98568304949525,14.487972746800562,3.4930903809179608,0.8364075910465618,0.516777817113359,58.8,0.7428249358815255,3183.0478015572216,2211.696546921299,0.8077869571937665,0.8221227703655755,-0.8305084745762712
19,14,0.884053285393376,14.691543028184292,1.2452142075775785,14.927102524357949,0.29495987497314147,0.8619663091291041,0.5867985714381407,56.2,0.7362289725192039,2966.678017152855,2123.3977132978703,0.7528771032835714,0.7893006900401386,-0.7937853107344633
19,15,2.777037871333033,7.374698754275373,3.861893670130489,10.298606323394425,0.19889496768189474,0.4134844113725895,0.49693104389606063,76.8,0.9393793103448276,4194.759573174308,2787.173405208384,1.0645369730596494,1.0360366681264743,-1.0847457627118644
19,16,2.777037871333033,9.490853280783881,5.644019567695386,9.908017667052631,0.19889496768189474,0.31255701864623947,0.0456674995340155,62.4,0.7772614434895138,3798.342566989043,1552.1890633226103,0.96393512628575,0.5769733531692042,-0.8813559322033898
19,17,6.066486032545684,4.292636828037045,3.965360683653914,2.1190130933510334,0.321980807087086,0.522350917971649,0.4660059876192896,69.0,0.915047873782051,3776.714424461551,2432.1780737082427,0.9584463832535252,0.904079259319195,-0.9745762711864407
19,18,0.7936259631836617,12.526927790306313,10.910169757028466,10.82359109826671,10.314621944333647,0.5067714420333083,0.7230916753636772,66.0,0.8541382412160443,3510.491042939956,2741.7818323150505,0.8908847917537192,1.0191638987991158,-0.9322033898305085
19,19,7.878546652646703,8.626852861506501,1.3513874361715388,16.25882583190138,3.3404683530133665,0.9814867136192366,0.9451834692590214,47.4,0.6415075933887551,2221.2960495356638,2278.7300544244854,0.5637156865828774,0.8470401908736259,-0.6694915254237288
19,20,4.928738599493539,13.097362835456998,18.866200339741656,14.488537968127128,3.5229753659799607,0.8123847712245275,0.03617901702369386,59.6,0.7723737881836474,3555.912008265465,1484.1427389288685,0.9024116256753293,0.5516794525201074,-0.8418079096045198
19,21,4.927874622302356,13.190987665140963,1.6281383588601672,16.333104249795962,12.88146034890174,0.9799696188813871,0.9424703749514046,47.8,0.6489655783261921,2326.867781506779,2308.812385493149,0.5905074514105695,0.8582222716123469,-0.675141242937853
19,22,5.459177792396833,11.355262073309968,5.277152999454234,18.595838571883423,0.8540116901648808,0.5361760261281455,0.10992161116345855,68.4,0.8577706000574217,4038.786520910659,1943.2462471650786,1.024954470644625,0.7223355258413353,-0.9661016949152543
19,23,0.647161599858439,12.745510289925974,3.9710929578890095,16.946562405632378,3.283577009694691,0.35317901099490334,0.057967256742458756,63.4,0.8132293906810035,3830.522391664944,1599.2078375481367,0.9721016522943313,0.5944509791026947,-0.8954802259887006
19,24,0.8347419415894759,7.139336071701244,1.6989069251269038,7.774831166849228,0.36952029393863395,0.37121517149997096,0.1507083060871054,71.2,0.843584625800821,4181.370369118926,2013.6551017284905,1.0611390899371114,0.7485076165164848,-1.0056497175141244
19,25,3.6721076843707494,11.604882791292837,1.2242213026027144,11.053176338781187,10.632958590229922,0.985466183137991,0.43133685717095205,48.0,0.6181307348739715,2670.0138635325284,1629.1998191417551,0.677590318760829,0.6055994755050705,-0.6779661016949153
19,26,0.8347419415894759,17.31349813713638,1.6989069251269038,7.774831166849228,0.36952029393863395,0.37121517149997096,0.7342234730279403,64.0,0.8175266439103022,3345.579069936819,2718.1280979335957,0.8490337894496214,1.0103714296576134,-0.903954802259887
19,27,4.993374831409365,11.586238377527446,1.1502734703048232,11.122113673506739,9.679875666500745,0.38907841384086084,0.4313344185950079,78.4,0.9292861483310043,4433.753623665621,2685.691259179718,1.1251883640753118,0.9983141409778622,-1.1073446327683618
19,28,6.296061475615644,10.449603477085835,6.3349190613042285,3.6071997932355804,3.9749886800420082,0.7952348253366668,0.906150621594485,53.8,0.6954740454740455,2644.91324030914,2521.1831859795725,0.6712203371201609,0.9371638746472166,-0.7598870056497175
19,29,6.66317895015161,18.056823694589113,6.037778109061081,16.794438500655023,13.778377833001834,0.5987556428861855,0.1401166812864746,67.8,0.8911147066706608,4003.3804967421115,1850.3920754588798,1.0159692067364148,0.687820153924983,-0.9576271186440678
19,30,6.912954316495458,9.493562827774392,11.480995892090277,19.37748041478386,17.391129073396954,0.9329044903570007,0.48998762565058995,50.8,0.6837631097490251,2884.1733838335217,1748.2977628707304,0.7319392566477758,0.6498700747333437,-0.7175141242937852
19,31,7.878546652646703,8.476898697848814,4.091535677794721,16.25882583190138,0.8120429512777076,0.9814867136192366,0.42567330131930753,48.8,0.6620940584776202,2754.0280448275325,1655.540091375131,0.6989112552030072,0.6153905734795327,-0.6892655367231638
19,32,6.337062793447017,12.502404132068733,5.071186239261355,16.351985052899717,13.998078639425257,0.8006472874380728,0.027332684010554276,57.6,0.7652685068188724,3486.4174833530874,1388.2799331582191,0.8847754560918464,0.516045723487574,-0.8135593220338984
19,33,4.90572765574562,9.637037146263687,14.98568304949525,14.487972746800562,3.4930903809179608,0.8429197990507479,0.516777817113359,57.8,0.7282262126713113,3134.8332622470284,2171.0549014695334,0.7955511761342341,0.8070156245875837,-0.8163841807909604
19,34,7.281040499508098,12.194818232043863,11.871811927487725,19.33479462449665,17.383676579592645,0.9365075968976415,0.05139881989008033,51.2,0.6746809876556712,3065.1166772387155,1248.8493804684053,0.7778586526219404,0.464217170239382,-0.7231638418079097
19,35,6.520763149990415,7.3392178530948815,0.3898842818232864,16.25882583190138,0.8120429512777076,0.9814867136192366,0.42559367716808716,48.4,0.6311800462643836,2719.1668932589105,1690.2309258194932,0.6900642678796906,0.6282857081938285,-0.6836158192090396
19,36,7.867203861967462,14.880853344926365,3.4068206465338173,10.804862081731313,3.242581905790511,0.8713522112935947,0.4302155503992776,55.2,0.7674514792379974,3124.028732014493,1856.6973924987208,0.7928092259202982,0.6901639405172454,-0.7796610169491526
19,37,3.145782161436925,9.80849626863269,0.6984208667457699,14.616663890014049,0.19889496768189474,0.37108303479781557,0.5012736815472516,75.0,0.9495997558574318,4091.429572972012,2822.0785255424576,1.038314110050992,1.0490114563129178,-1.0593220338983051
19,38,6.106836172793367,18.99730908523648,2.330820698062814,15.3268757757524,12.739281466599142,0.5328725973581746,0.58514849983122,73.0,0.9411663245524006,3898.745273946473,2868.2398122197487,0.9894151071730876,1.0661703404914917,-1.0310734463276836
19,39,7.703476949339289,10.42746613342395,4.942662623150701,3.643605744472819,1.394927355892582,0.7847552654815673,0.21540636693814005,62.8,0.8203773054307616,3666.512086942722,1891.9366008764905,0.9304794734080541,0.7032629145412135,-0.8870056497175142
19,40,0.8400923126075033,8.90693131290622,10.521036207903476,18.217426208046966,17.265638898347625,0.5067714420333083,0.8637851992539478,58.0,0.7385191766949348,3066.105358917129,2625.8363754368274,0.7781095581107766,0.9760651290548148,-0.8192090395480226
19,41,7.715875198301052,12.210223023221763,16.904174302304064,3.643605744472819,1.394927355892582,0.7847552654815673,0.14188982817173287,62.0,0.8030278090757543,3627.0671218546113,1707.390632415118,0.9204692158462446,0.6346642439584627,-0.8757062146892656
19,42,6.66317895015161,18.151126373089856,5.937404711135429,17.068664048420207,14.7584468221013,0.620580511881716,0.13993836184281605,66.8,0.8948351503792367,3948.7251610637636,1784.1019055245456,1.0020988943646003,0.6631790438096363,-0.943502824858757
19,43,0.884053285393376,14.691543028184292,1.8673081125040492,7.824563809913241,0.36952029393863395,0.42358676511849935,0.5867985714381407,74.6,0.9378702345534755,4035.55068018699,2941.6772176793106,1.024133286014329,1.0934681916858235,-1.0536723163841808
19,44,18.68249339071096,19.01193731568629,1.56796484488914,16.363102747739916,12.36276813309966,0.5458030814421877,0.5834180329918948,71.8,0.9233053011462096,3877.0625745549287,2829.4968795357368,0.9839125188184062,1.051768976437004,-1.0141242937853108
19,45,6.662961641702804,18.22108232388543,3.6576202916359453,16.732697136137784,4.870574934666332,0.5436377031013995,0.17578946562529457,67.8,0.901697503475215,3985.9477952540656,1962.7502166464262,1.01154517361828,0.7295854613921466,-0.9576271186440678
19,46,6.1017239307718425,11.785770549665399,3.7326355083500826,17.840821779217187,4.779397757440539,0.5436377031013995,0.5064686961696052,72.0,0.9249317971375091,3911.3217104697615,2653.333267629415,0.9926067279167401,0.9862861610572751,-1.0169491525423728
19,47,18.042712370590205,14.11651811044068,11.352284835881308,7.884792785224477,11.705025841308352,0.9788137940103019,0.9518439728278457,49.2,0.6072942935060777,2368.5752598655386,2357.6788491537764,0.6010918846758082,0.876386713085372,-0.6949152542372882
19,48,10.14331374960072,10.264568853266123,11.475676885925214,10.808587237413146,17.690741080074954,0.4971481944891405,0.009691560088445447,60.6,0.7896467146794343,3691.4334718384134,1373.7035097897503,0.936803968335242,0.510627435170224,-0.8559322033898306
19,49,2.860364143369887,7.1558393816780725,0.810865000483241,16.22083112455238,0.17734339899480478,0.3585304041497751,0.5244760834242599,76.2,0.9099288986207592,4153.913095555573,2932.0177729986226,1.054171042692038,1.0898776225220137,-1.076271186440678
19,50,4.8139214124312435,9.887631088057054,0.20859418690310205,18.66475478994549,5.661348608603406,0.3718234011938625,0.8790384593345293,55.8,0.7302547019577118,2854.5893267622187,2547.77566492936,0.7244314789036328,0.9470487218680165,-0.788135593220339
19,51,3.1515482965398793,7.302146048800116,0.6984208667457699,9.916307385182353,0.19889496768189474,0.37108303479781557,0.5012736815472516,77.0,0.9456139801445724,4158.021080615892,2810.723972124238,1.0552135582177078,1.0447907882807483,-1.0875706214689267
19,52,5.883925526351181,7.417158298138501,5.575036800875888,19.000882209326342,4.899087274588817,0.8545927959678647,0.0022130823007912304,56.8,0.7167504170837504,3366.1226298425545,1304.9365519418632,0.8542472894599145,0.48506566360883385,-0.8022598870056498
19,53,6.782245261925718,9.287934264545449,1.2255427540802692,15.895494431238342,3.879894029710493,0.5744642816479293,0.021051907451219987,61.8,0.8024881888864133,3670.7679307211083,1441.5292860718537,0.9315595121980318,0.5358393545797192,-0.8728813559322034
19,54,15.11582378342458,12.059391522449705,11.631980946578352,19.33479462449665,17.520796005169327,0.9329044903570007,0.05139881989008033,52.0,0.6962146588858917,3102.252746490373,1228.8632511260644,0.7872829636135182,0.4567880082023556,-0.7344632768361582
19,55,0.6489214590087307,9.788585024129281,6.837004681949114,14.374165192899822,0.4456654664318984,0.8572266569607586,0.5217811033371731,53.4,0.6993024453024453,2919.0503332433354,2032.7803761455937,0.7407902531129157,0.7556167850910244,-0.7542372881355932
19,56,6.885240750958621,17.253962256476612,10.542984008460355,19.36520764694197,11.97502256669619,0.9214226739403363,0.8904832699030467,50.4,0.6689030008964236,2580.8922416329756,2415.6539095125545,0.6549732271358797,0.8979369647691379,-0.711864406779661
19,57,1.024769355390898,10.383924072514285,2.291775115487588,3.6071997932355804,3.9749886800420082,0.4306811517869109,0.5978182947849352,72.2,0.9156736487125492,3941.7083627284765,2796.003522668704,1.0003181865242308,1.0393189631769582,-1.0197740112994351
19,58,6.710680728753456,8.476898697848814,4.859851771773252,18.959557090563738,0.15488668107755488,0.8219483715945136,0.9146899887866822,52.8,0.6984138607388035,2609.811740118347,2489.1631934516245,0.66231235464557,0.9252615343371025,-0.7457627118644068
19,59,0.7642079423922632,8.476898697848814,3.844286312219255,16.198899987385502,0.8267164542530043,0.8557253461504835,0.42567330131930753,57.2,0.7202052053637419,3238.5199849283863,1920.4925305095062,0.8218645673987925,0.7138776075979706,-0.8079096045197741
19,60,4.927874622302356,11.788072380351844,5.229724702542726,17.680304645528953,3.254852361814013,0.547228558793293,0.4256987384728021,76.0,0.9307808942427481,4177.881324854859,2570.9214229455533,1.0602536478623155,0.9556523681182093,-1.073446327683616
19,61,7.878546652646703,8.476898697848814,1.3513874361715388,16.25882583190138,2.769590131423923,0.9814867136192366,0.9470690284297704,47.2,0.6386090426641174,2219.587442278988,2297.2721904697796,0.5632820799445373,0.8539325976440177,-0.6666666666666667
19,62,6.3550489095302645,19.144374288901908,1.1976664264457293,16.374413976027103,13.865065697175293,0.7360559168987983,0.5398374330745699,63.2,0.8184169795202794,3429.560952560827,2258.4500194410602,0.8703465292052301,0.8395017794369879,-0.8926553672316385
19,63,1.031239857539319,10.502547371754805,1.3154604911040884,11.122113673506739,10.336785762448839,0.4054957250856825,0.4335988607416217,72.8,0.9414371312962861,4131.71869092993,2538.4378193316616,1.04853859489452,0.9435776961964738,-1.0282485875706215
19,64,2.860364143369887,7.332744810502872,0.7634088535566228,16.22083112455238,0.17734339899480478,0.3758596627525144,0.5244760834242599,75.2,0.9120650183150183,4121.300696034635,2895.4145178044323,1.0458947387788773,1.076271610609333,-1.0621468926553672
19,65,10.845296266942356,9.556370136461505,1.7988442242004146,10.112092867692741,1.2464500427708316,0.7769652407015009,0.009330788240045323,60.4,0.7609191979352788,3652.476938597117,1471.1239477840184,0.9269176639465962,0.5468401608651497,-0.8531073446327684
19,66,5.622248017255832,19.130585940570214,1.0351786833466334,15.843820347206142,4.906029036750908,0.7360559168987983,0.5398374330745699,62.4,0.8240242101275099,3383.3783513113112,2248.486177972841,0.8586264089731719,0.8357980611476328,-0.8813559322033898
19,67,2.777037871333033,7.374698754275373,5.644019567695386,9.901784014555947,0.19889496768189474,0.4134844113725895,0.49693104389606063,78.0,0.9242580982236154,4312.045417975286,2851.409879749458,1.0943015199971264,1.0599143870123395,-1.1016949152542372
19,68,16.015517696992454,4.19408619215891,2.094816444762234,3.013676995923237,8.389933950016044,0.42100248636993,0.6086685441612922,68.2,0.8781007361709114,3575.1089665442523,2706.8160219756264,0.9072833880496836,1.0061665511727702,-0.9632768361581922
19,69,6.066486032545684,12.603535947193787,4.190699117772473,2.0107843396954554,3.6252755024257914,0.7863411622454716,0.4247385047946494,65.2,0.8453280459287861,3702.749559911649,2258.66167893641,0.9396757405868381,0.8395804566365945,-0.92090395480226
19,70,5.82225620494285,10.341732557234662,5.759805418195928,18.595838571883423,2.781833761724065,0.536678881171181,0.10240518601239063,66.4,0.8461462265115234,3927.420918621682,1811.4714600663542,0.9966923499925088,0.6733527423827544,-0.9378531073446329
19,71,4.841805718353657,11.604882791292837,1.2242213026027144,11.122113673506739,10.336785762448839,0.3949345123692859,0.43133685717095205,78.2,0.9315178429387269,4391.632546594572,2586.3669582813827,1.1144989686272444,0.9613937191718823,-1.1045197740112995
19,72,8.637713043382908,11.609852733176758,1.248238002843277,2.1190130933510334,0.0064643811083962,0.8476796051507758,0.4757871442295861,59.2,0.7580597139838267,3280.130497034447,2062.5221009338443,0.8324243927790415,0.7666722570599994,-0.8361581920903955
19,73,6.0470133262385275,11.600819502239545,1.2955942453395877,11.122113673506739,10.336785762448839,0.3949345123692859,0.43133685717095205,77.8,0.9312734917900876,4378.604726250933,2594.2042740386532,1.1111927966781123,0.9643069740447382,-1.0988700564971752
19,74,0.884053285393376,14.691543028184292,16.569394119876534,7.824563809913241,0.36952029393863395,0.8732008704230372,0.9079274752912387,52.4,0.6926730290632618,2569.335794062211,2456.0106067299084,0.6520404569730847,0.9129381907579925,-0.7401129943502825
19,75,3.11371174792588,7.374698754275373,5.644019567695386,9.901784014555947,0.19889496768189474,0.40865131895125784,0.49693104389606063,78.2,0.9154663313163715,4342.107236086994,2855.103655892627,1.1019305429003605,1.0612874223322888,-1.1045197740112995
19,76,6.691201822074904,8.983231306275998,5.965872686818346,14.278977187910932,6.12679513461255,0.8711391497935891,0.010876668532871558,54.4,0.6962252580600756,3225.2115123522017,1251.7046369100221,0.8184871721356887,0.4652785144545971,-0.768361581920904
19,77,4.472471145741045,2.557932327104171,2.1614605691800337,10.390845786566336,0.19889496768189474,0.9567744943001418,0.4974688895866504,50.0,0.6446802171969439,2796.3503164676504,1772.1700867332845,0.709651709371799,0.6587437970603359,-0.7062146892655368
19,78,0.9551880110668445,12.703871308478279,2.209503861050512,7.824563809913241,0.36952029393863395,0.42358676511849935,0.593571240663302,73.6,0.9027139018692484,3924.4435006362837,2836.2691842195036,0.9959367473234121,1.0542863497611739,-1.03954802259887
19,79,8.60613046456734,11.56240891264067,1.2483964765031872,2.1190130933510334,0.0064643811083962,0.8510675480013979,0.4757871442295861,58.6,0.7543417652658778,3278.219279104732,2053.9642536781876,0.8319393680441871,0.7634911691734267,-0.8276836158192091
20,0,0.884053285393376,14.691543028184292,1.8673081125040492,7.824563809913241,0.36952029393863395,0.42358676511849935,0.5867985714381407,74.6,0.9378702345534755,4035.55068018699,2941.6772176793106,1.024133286014329,1.0934681916858235,-1.0536723163841808
20,1,4.482254462595896,4.193948683586738,13.031011787997286,6.335337938334012,0.8995844950154046,0.9765351040463354,0.9871536732248436,47.6,0.6053795321944563,2171.537258683642,2373.056171457477,0.5510880087213224,0.8821027082704802,-0.672316384180791
20,2,7.867203861967462,7.3791361185059365,1.2652320806645276,10.804862081731313,0.14802930758214572,0.9991046247295744,0.0006439035707069829,47.6,0.6451951048374125,2786.8181404332167,1074.475768225811,0.707232654442582,0.3993997261939555,-0.672316384180791
20,3,4.841805718353657,11.604882791292837,1.2242213026027144,11.122113673506739,10.336785762448839,0.38907841384086084,0.43133685717095205,79.6,0.9326318621640052,4475.495331123302,2683.8320197283256,1.135781483926926,0.9976230321136378,-1.1242937853107344
20,4,7.317303990102632,7.3791361185059365,9.651560534902966,10.804862081731313,0.16729026974282624,0.9996480042650737,0.8713841988764528,47.0,0.6023315940484759,2334.9544022792234,2184.3209063743934,0.5925596564652836,0.8119468095276011,-0.6638418079096046
20,5,6.10554398662318,9.906020016240337,5.899934441073484,14.798605840176823,4.9971070168369565,0.3787435378378585,0.5056434453418749,78.8,0.9445576905197532,4253.2970337727365,2895.9099892855656,1.0793924826613344,1.0764557852363963,-1.112994350282486
20,6,6.066486032545684,4.292636828037045,3.965360683653914,2.1190130933510334,0.321980807087086,0.522350917971649,0.4660059876192896,69.0,0.915047873782051,3776.714424461551,2432.1780737082427,0.9584463832535252,0.904079259319195,-0.9745762711864407
20,7,6.912954316495458,9.493562827774392,11.480995892090277,19.37748041478386,17.391129073396954,0.9329044903570007,0.48998762565058995,50.8,0.6837631097490251,2884.1733838335217,1748.2977628707304,0.7319392566477758,0.6498700747333437,-0.7175141242937852
20,8,5.029965448086042,10.014063759775624,5.985857804565658,15.788579049575029,0.215537865640544,0.850685532202827,0.0186933269400245,55.8,0.7291226962113039,3298.139454030402,1314.250534770008,0.8369946667682912,0.4885278191095379,-0.788135593220339
20,9,0.884053285393376,14.691543028184292,1.2452142075775785,14.927102524357949,0.29495987497314147,0.8619663091291041,0.5867985714381407,56.2,0.7362289725192039,2966.678017152855,2123.3977132978703,0.7528771032835714,0.7893006900401386,-0.7937853107344633
20,10,6.022316058389455,4.188673285505183,3.0958919855360714,2.4710714735953725,0.9603788823035024,0.9053890532449274,0.8979743809687503,51.8,0.668686887479096,2510.2661989093467,2429.6594033678043,0.6370499034200227,0.9031430295091873,-0.731638418079096
20,11,10.166143020118238,12.194818232043863,11.514423119872545,19.262366356256884,17.383676579592645,0.9751429259170944,0.009433184472257994,49.6,0.683659328141574,3001.5020294299657,1162.4723676774265,0.7617146654781585,0.43210946127249306,-0.7005649717514125
20,12,5.926079681212036,9.342326804097585,1.2650736070046174,16.347381067828906,0.14802930758214572,0.9814272824224292,0.0006439035707069829,48.2,0.631217857533647,2830.5308763881026,1088.3317410676777,0.7183259776249536,0.4045502115960883,-0.6807909604519775
20,13,0.6489214590087307,9.788585024129281,6.837004681949114,14.374165192899822,0.4456654664318984,0.8572266569607586,0.5217811033371731,53.4,0.6993024453024453,2919.0503332433354,2032.7803761455937,0.7407902531129157,0.7556167850910244,-0.7542372881355932
20,14,0.884053285393376,14.691543028184292,16.569394119876534,7.824563809913241,0.36952029393863395,0.8732008704230372,0.9079274752912387,52.4,0.6926730290632618,2569.335794062211,2456.0106067299084,0.6520404569730847,0.9129381907579925,-0.7401129943502825
20,15,4.928738599493539,13.097362835456998,18.866200339741656,14.488537968127128,3.5229753659799607,0.8123847712245275,0.03617901702369386,59.6,0.7723737881836474,3555.912008265465,1484.1427389288685,0.9024116256753293,0.5516794525201074,-0.8418079096045198
20,16,6.066486032545684,12.603535947193787,4.190699117772473,2.0107843396954554,3.6252755024257914,0.7863411622454716,0.4247385047946494,65.2,0.8453280459287861,3702.749559911649,2258.66167893641,0.9396757405868381,0.8395804566365945,-0.92090395480226
20,17,0.884053285393376,9.767398564778567,1.2452142075775785,7.193885613973078,0.29495987497314147,0.39769625602127984,0.5867985714381407,70.0,0.9296967418546366,3716.6199316392567,2748.6805511618704,0.9431957333960913,1.0217282622775576,-0.9887005649717514
20,18,2.777037871333033,9.490853280783881,5.644019567695386,9.908017667052631,0.19889496768189474,0.31255701864623947,0.0456674995340155,62.4,0.7772614434895138,3798.342566989043,1552.1890633226103,0.96393512628575,0.5769733531692042,-0.8813559322033898
20,19,1.3847708553262856,11.257932364984075,1.4097627709486569,7.352692594863227,0.36952029393863395,0.37121517149997096,0.06316957862457162,64.2,0.8578252939656448,3872.619533781036,1659.7272924681624,0.9827849735815188,0.6169470226983339,-0.9067796610169492
20,20,6.0470133262385275,11.600819502239545,1.2955942453395877,11.122113673506739,10.336785762448839,0.3949345123692859,0.43133685717095205,77.8,0.9312734917900876,4378.604726250933,2594.2042740386532,1.1111927966781123,0.9643069740447382,-1.0988700564971752
20,21,4.90572765574562,9.637037146263687,14.98568304949525,14.487972746800562,3.4930903809179608,0.8364075910465618,0.516777817113359,58.8,0.7428249358815255,3183.0478015572216,2211.696546921299,0.8077869571937665,0.8221227703655755,-0.8305084745762712
20,22,0.647161599858439,12.745510289925974,3.9710929578890095,16.946562405632378,3.283577009694691,0.35317901099490334,0.057967256742458756,63.4,0.8132293906810035,3830.522391664944,1599.2078375481367,0.9721016522943313,0.5944509791026947,-0.8954802259887006
20,23,6.710680728753456,8.476898697848814,4.859851771773252,18.959557090563738,0.15488668107755488,0.8219483715945136,0.9146899887866822,52.8,0.6984138607388035,2609.811740118347,2489.1631934516245,0.66231235464557,0.9252615343371025,-0.7457627118644068
20,24,7.703476949339289,10.42746613342395,4.942662623150701,3.643605744472819,1.394927355892582,0.7847552654815673,0.21540636693814005,62.8,0.8203773054307616,3666.512086942722,1891.9366008764905,0.9304794734080541,0.7032629145412135,-0.8870056497175142
20,25,2.777037871333033,7.374698754275373,3.861893670130489,10.298606323394425,0.19889496768189474,0.4134844113725895,0.49693104389606063,76.8,0.9393793103448276,4194.759573174308,2787.173405208384,1.0645369730596494,1.0360366681264743,-1.0847457627118644
20,26,6.885240750958621,17.253962256476612,10.542984008460355,19.36520764694197,11.97502256669619,0.9214226739403363,0.8904832699030467,50.4,0.6689030008964236,2580.8922416329756,2415.6539095125545,0.6549732271358797,0.8979369647691379,-0.711864406779661
20,27,7.867203861967462,14.880853344926365,3.4068206465338173,10.804862081731313,3.242581905790511,0.8713522112935947,0.4302155503992776,55.2,0.7674514792379974,3124.028732014493,1856.6973924987208,0.7928092259202982,0.6901639405172454,-0.7796610169491526
20,28,7.281040499508098,12.194818232043863,11.871811927487725,19.33479462449665,17.383676579592645,0.9365075968976415,0.05139881989008033,51.2,0.6746809876556712,3065.1166772387155,1248.8493804684053,0.7778586526219404,0.464217170239382,-0.7231638418079097
20,29,4.472471145741045,2.557932327104171,2.1614605691800337,10.390845786566336,0.19889496768189474,0.9567744943001418,0.4974688895866504,50.0,0.6446802171969439,2796.3503164676504,1772.1700867332845,0.709651709371799,0.6587437970603359,-0.7062146892655368
20,30,4.90572765574562,9.637037146263687,14.98568304949525,14.487972746800562,3.4930903809179608,0.8429197990507479,0.516777817113359,57.8,0.7282262126713113,3134.8332622470284,2171.0549014695334,0.7955511761342341,0.8070156245875837,-0.8163841807909604
20,31,7.715875198301052,12.210223023221763,16.904174302304064,3.643605744472819,1.394927355892582,0.7847552654815673,0.14188982817173287,62.0,0.8030278090757543,3627.0671218546113,1707.390632415118,0.9204692158462446,0.6346642439584627,-0.8757062146892656
20,32,4.993374831409365,11.586238377527446,1.1502734703048232,11.122113673506739,9.679875666500745,0.38907841384086084,0.4313344185950079,78.4,0.9292861483310043,4433.753623665621,2685.691259179718,1.1251883640753118,0.9983141409778622,-1.1073446327683618
20,33,2.777037871333033,7.374698754275373,5.644019567695386,9.901784014555947,0.19889496768189474,0.4134844113725895,0.49693104389606063,78.0,0.9242580982236154,4312.045417975286,2851.409879749458,1.0943015199971264,1.0599143870123395,-1.1016949152542372
20,34,2.860364143369887,7.1558393816780725,0.810865000483241,16.22083112455238,0.17734339899480478,0.3585304041497751,0.5244760834242599,76.2,0.9099288986207592,4153.913095555573,2932.0177729986226,1.054171042692038,1.0898776225220137,-1.076271186440678
20,35,10.14331374960072,10.264568853266123,11.475676885925214,10.808587237413146,17.690741080074954,0.4971481944891405,0.009691560088445447,60.6,0.7896467146794343,3691.4334718384134,1373.7035097897503,0.936803968335242,0.510627435170224,-0.8559322033898306
20,36,7.317303990102632,12.444869218472437,5.301501833723923,10.846123776131398,14.40049798540062,0.9990681094659368,0.8097791274156286,47.2,0.6284090190167264,2428.3955430220803,2081.920167140641,0.616272946199877,0.7738828266798985,-0.6666666666666667
20,37,6.106836172793367,18.99730908523648,2.330820698062814,15.3268757757524,12.739281466599142,0.5328725973581746,0.58514849983122,73.0,0.9411663245524006,3898.745273946473,2868.2398122197487,0.9894151071730876,1.0661703404914917,-1.0310734463276836
20,38,3.145782161436925,9.80849626863269,0.6984208667457699,14.616663890014049,0.19889496768189474,0.37108303479781557,0.5012736815472516,75.0,0.9495997558574318,4091.429572972012,2822.0785255424576,1.038314110050992,1.0490114563129178,-1.0593220338983051
20,39,0.7936259631836617,12.526927790306313,10.910169757028466,10.82359109826671,10.314621944333647,0.5067714420333083,0.7230916753636772,66.0,0.8541382412160443,3510.491042939956,2741.7818323150505,0.8908847917537192,1.0191638987991158,-0.9322033898305085
20,40,6.296061475615644,10.449603477085835,6.3349190613042285,3.6071997932355804,3.9749886800420082,0.7952348253366668,0.906150621594485,53.8,0.6954740454740455,2644.91324030914,2521.1831859795725,0.6712203371201609,0.9371638746472166,-0.7598870056497175
20,41,6.149756665589153,11.88086572865228,3.7326355083500826,17.757556401671163,4.779397757440539,0.8533404148650516,0.5063355571824607,56.8,0.7326213034740167,3170.5445192556654,2059.5978590353584,0.8046139013696072,0.7655852698536627,-0.8022598870056498
20,42,5.82225620494285,10.341732557234662,5.759805418195928,18.595838571883423,2.781833761724065,0.536678881171181,0.10240518601239063,66.4,0.8461462265115234,3927.420918621682,1811.4714600663542,0.9966923499925088,0.6733527423827544,-0.9378531073446329
20,43,10.206171788167453,9.463145726351204,11.475676885925214,10.808587237413146,1.2464500427708316,0.9743693239310277,0.009330788240045323,49.2,0.6549890054215937,2991.775143239713,1209.279795126922,0.759246197428527,0.4495085262491199,-0.6949152542372882
20,44,0.8347419415894759,17.31349813713638,1.6989069251269038,7.774831166849228,0.36952029393863395,0.37121517149997096,0.7342234730279403,64.0,0.8175266439103022,3345.579069936819,2718.1280979335957,0.8490337894496214,1.0103714296576134,-0.903954802259887
20,45,0.8347419415894759,7.139336071701244,1.6989069251269038,7.774831166849228,0.36952029393863395,0.37121517149997096,0.1507083060871054,71.2,0.843584625800821,4181.370369118926,2013.6551017284905,1.0611390899371114,0.7485076165164848,-1.0056497175141244
20,46,6.337062793447017,12.502404132068733,5.071186239261355,16.351985052899717,13.998078639425257,0.8006472874380728,0.027332684010554276,57.6,0.7652685068188724,3486.4174833530874,1388.2799331582191,0.8847754560918464,0.516045723487574,-0.8135593220338984
20,47,19.27819190973088,16.826207435058656,2.7148673260521354,11.122113673506739,12.705285197620396,0.9797827191126018,0.9526222497728006,48.4,0.6160964940603705,2278.268439758106,2334.678810367798,0.5781740160240275,0.8678372329898474,-0.6836158192090396
20,48,6.624996607363861,7.302182658083059,0.3794209979744129,9.89933666192753,0.19889496768189474,0.3711809509065169,0.5012736815472516,73.8,0.9409201457137616,4043.179501840777,2695.628275409512,1.0260693118030941,1.0020078878995986,-1.0423728813559323
20,49,3.6721076843707494,11.604882791292837,1.2242213026027144,11.053176338781187,10.632958590229922,0.985466183137991,0.43133685717095205,48.0,0.6181307348739715,2670.0138635325284,1629.1998191417551,0.677590318760829,0.6055994755050705,-0.6779661016949153
20,50,6.3550489095302645,19.144374288901908,1.1976664264457293,16.374413976027103,13.865065697175293,0.7360559168987983,0.5398374330745699,63.2,0.8184169795202794,3429.560952560827,2258.4500194410602,0.8703465292052301,0.8395017794369879,-0.8926553672316385
20,51,5.820619821486974,10.539460989031747,1.3137525923585314,11.512648133779233,12.705285197620396,0.5443022918059205,0.10182909890171066,67.4,0.8759087604023058,4014.787546583236,1835.3562911119684,1.018864063067888,0.6822311138285425,-0.9519774011299437
20,52,6.106836172793367,18.935177126253446,2.5524858197747284,10.612209438685365,12.739281466599142,0.5337039270854638,0.41768324763554376,70.2,0.9367419231770888,4021.864877979937,2330.0006539092774,1.0206601328570994,0.8660982878559698,-0.9915254237288137
20,53,0.7642079423922632,8.476898697848814,3.844286312219255,16.198899987385502,0.8267164542530043,0.8557253461504835,0.42567330131930753,57.2,0.7202052053637419,3238.5199849283863,1920.4925305095062,0.8218645673987925,0.7138776075979706,-0.8079096045197741
20,54,6.520763149990415,7.3392178530948815,0.3898842818232864,16.25882583190138,0.8120429512777076,0.9814867136192366,0.42559367716808716,48.4,0.6311800462643836,2719.1668932589105,1690.2309258194932,0.6900642678796906,0.6282857081938285,-0.6836158192090396
20,55,15.11582378342458,12.059391522449705,11.631980946578352,19.33479462449665,17.520796005169327,0.9329044903570007,0.05139881989008033,52.0,0.6962146588858917,3102.252746490373,1228.8632511260644,0.7872829636135182,0.4567880082023556,-0.7344632768361582
20,56,6.296061475615644,10.423983970659172,6.278087837396255,3.6986416189902336,4.001423553799306,0.7952348253366668,0.8861497621928562,55.8,0.7052912061711304,2754.4461955202814,2546.0410670953092,0.6990173725775496,0.9464039442746413,-0.788135593220339
20,57,10.845296266942356,9.556370136461505,1.7988442242004146,10.112092867692741,1.2464500427708316,0.7769652407015009,0.009330788240045323,60.4,0.7609191979352788,3652.476938597117,1471.1239477840184,0.9269176639465962,0.5468401608651497,-0.8531073446327684
20,58,3.1515482965398793,7.302146048800116,0.6984208667457699,9.916307385182353,0.19889496768189474,0.37108303479781557,0.5012736815472516,77.0,0.9456139801445724,4158.021080615892,2810.723972124238,1.0552135582177078,1.0447907882807483,-1.0875706214689267
20,59,4.937667914614909,4.396616181065992,4.199975835131163,0.24131400333081565,0.31867143954182886,0.8075217054181806,0.4660059876192896,60.2,0.7744809515893853,3416.7600401179684,2087.2831278812346,0.8670979414502923,0.7758763244531603,-0.8502824858757063
20,60,2.5364607144457922,7.374698754275373,3.861893670130489,8.084487692102527,0.4030844780119883,0.4134844113725895,0.4868731190303977,74.6,0.9110243025325045,4069.847752560908,2728.0847278981996,1.0328371225448478,1.0140724673164188,-1.0536723163841808
20,61,7.8214922687722295,8.129454284749814,1.2652320806645276,10.804862081731313,0.14802930758214572,0.9990686417150673,0.892278507189723,47.4,0.6491242660824101,2253.101814077364,2235.6845190341737,0.5717872844230959,0.8310394809859093,-0.6694915254237288
20,62,4.994517598504416,14.691543028184292,0.30442141719191784,7.824563809913241,5.709890626930617,0.42358676511849935,0.8727881334984879,57.4,0.7196498653645583,3019.3724978793944,2657.2972307275254,0.7662497941448814,0.9877596291640919,-0.8107344632768362
20,63,4.934992172051757,11.586238377527446,1.1502734703048232,11.122113673506739,9.679875666500745,0.4796919976180237,0.4016095808399035,71.2,0.9446087390444553,4028.050163683291,2370.1663860022827,1.0222298212278622,0.8810285290719398,-1.0056497175141244
20,64,9.209467879528997,9.443673623843493,11.475676885925214,10.808587237413146,1.2464500427708316,0.9743693239310277,0.9498584407842132,49.2,0.6042438759196539,2353.949474955971,2379.6962965882567,0.597380184750067,0.8845709483532753,-0.6949152542372882
20,65,5.459177792396833,11.355262073309968,5.277152999454234,18.595838571883423,0.8540116901648808,0.5361760261281455,0.10992161116345855,68.4,0.8577706000574217,4038.786520910659,1943.2462471650786,1.024954470644625,0.7223355258413353,-0.9661016949152543
20,66,4.482254462595896,4.193948683586738,13.031011787997286,7.866113093178836,0.8995844950154046,0.9765351040463354,0.8956890736351478,49.4,0.6210534100342582,2379.3021150852014,2289.7351639852013,0.6038141226936948,0.8511309650681359,-0.6977401129943502
20,67,7.878546652646703,8.476898697848814,4.091535677794721,16.25882583190138,0.8120429512777076,0.9814867136192366,0.42567330131930753,48.8,0.6620940584776202,2754.0280448275325,1655.540091375131,0.6989112552030072,0.6153905734795327,-0.6892655367231638
20,68,18.68249339071096,19.01193731568629,1.56796484488914,16.363102747739916,12.36276813309966,0.5458030814421877,0.5834180329918948,71.8,0.9233053011462096,3877.0625745549287,2829.4968795357368,0.9839125188184062,1.051768976437004,-1.0141242937853108
20,69,4.890876854564464,9.93657903650876,15.99499874066281,15.731217363804156,0.215537865640544,0.7851478702110806,0.0186933269400245,59.4,0.7461710408868248,3539.1601199186575,1445.7410108833944,0.8981603678373864,0.537404919654594,-0.8389830508474576
20,70,4.915533694574736,13.18216870805858,0.6769296120639692,16.323256538960653,0.19889496768189474,0.37108303479781557,0.5012736815472516,73.6,0.949110668372773,3982.785975866727,2674.4447037256577,1.0107427739619363,0.9941336175060356,-1.03954802259887
20,71,7.867203861967462,14.880853344926365,3.3775381517357954,10.804862081731313,2.9381008056840647,0.8656000067579083,0.4302155503992776,55.8,0.7882165707141598,3099.510422672926,1978.209352151928,0.7865870226317172,0.7353318678451166,-0.788135593220339
20,72,6.1732277624839185,10.449603477085835,4.915051282094155,3.347068805602608,3.9749886800420082,0.7952348253366668,0.5770382238060342,61.2,0.7870157488965904,3334.490249772033,2316.2355883228297,0.8462196927541841,0.8609815941260153,-0.864406779661017
20,73,4.841805718353657,11.604882791292837,1.2242213026027144,11.122113673506739,10.336785762448839,0.3949345123692859,0.43133685717095205,78.2,0.9315178429387269,4391.632546594572,2586.3669582813827,1.1144989686272444,0.9613937191718823,-1.1045197740112995
20,74,5.883925526351181,7.343064962515791,5.599475983964391,2.986329391005663,4.837050687956884,0.8545927959678647,0.0022130823007912304,57.4,0.7133734666134235,3342.0047094934735,1263.5769338214864,0.8481266960201632,0.46969163597483565,-0.8107344632768362
20,75,18.789978546931234,19.01193731568629,1.56796484488914,16.623254374842187,12.36276813309966,0.5269542149385777,0.9125211358453884,54.0,0.7369354020168728,2728.4678788293677,2507.9362133113204,0.6924246517951275,0.9322397642921408,-0.7627118644067797
20,76,5.973712932476108,11.91427063900516,11.331125010971025,18.829718187776923,11.705025841308352,0.38947831974570235,0.5744304809291715,75.8,0.9327762863725233,4083.636767319913,2862.756617387751,1.0363364687593244,1.0641321497948468,-1.0706214689265536
20,77,4.927874622302356,11.788072380351844,5.229724702542726,17.680304645528953,3.254852361814013,0.547228558793293,0.4256987384728021,76.0,0.9307808942427481,4177.881324854859,2570.9214229455533,1.0602536478623155,0.9556523681182093,-1.073446327683616
20,78,3.11371174792588,7.374698754275373,5.644019567695386,9.901784014555947,0.19889496768189474,0.40865131895125784,0.49693104389606063,78.2,0.9154663313163715,4342.107236086994,2855.103655892627,1.1019305429003605,1.0612874223322888,-1.1045197740112995
20,79,4.927874622302356,13.190987665140963,1.6281383588601672,16.333104249795962,12.88146034890174,0.9799696188813871,0.9424703749514046,47.8,0.6489655783261921,2326.867781506779,2308.812385493149,0.5905074514105695,0.8582222716123469,-0.675141242937853
